"id","portail","module","route","type","libelle","source","composants","actions","permissions","politique_registre","defauts","responsable","exigence_design","methode","revue_statique","statut","test_ui","preuve_ui","baseline","version_source"
"ACT-00f9f19098c0","admin | dgmg | owner | sonasp","mining_sites","/artisan-sites","ACTION_JSX","Page précédente","src/pages/artisanal-sites/ArtisanalSitesOverview.tsx:709","src/pages/artisanal-sites/ArtisanalSitesOverview.tsx","{() => setPage((value) => Math.max(1, value - 1))}","src/pages/artisanal-sites/ArtisanalSitesOverview.tsx:142 canManageMiningRegistry(user)","Hérite du contexte route candidat; conditions internes à relire; serveur non testé","NON_INSPECTE_EN_UI","Lot sites artisanaux","Master §§7–14 et annexe A : champs/actions existants, erreurs explicites, contexte autorisé, responsive, persistance et audit indépendants","AST_JSX","DETECTION_AUTOMATIQUE_NON_REVUE; imports candidats ≠ visibilité prouvée","À INVENTORIER","NON EXÉCUTÉ","","83f8c74e","83f8c74ea83c81a2734ef9e086c2edd211573ebe"
"ACT-01b289f2161c","admin | dgmg | owner","artisan-minier","/artisan-minier/comptoirs/:id | /artisan-minier/comptoirs/:id/modifier | /artisan-minier/comptoirs/nouveau","ACTION_JSX","button","src/pages/collector/ComptoirForm.tsx:210","src/pages/collector/ComptoirForm.tsx","{() => onRemove(d)}","src/pages/collector/ComptoirForm.tsx:938 canManageMiningRegistry(user)","Hérite du contexte route candidat; conditions internes à relire; serveur non testé","NON_INSPECTE_EN_UI","Lot artisans et affiliations","Master §§7–14 et annexe A : champs/actions existants, erreurs explicites, contexte autorisé, responsive, persistance et audit indépendants","AST_JSX","DETECTION_AUTOMATIQUE_NON_REVUE; imports candidats ≠ visibilité prouvée","À INVENTORIER","NON EXÉCUTÉ","","83f8c74e","83f8c74ea83c81a2734ef9e086c2edd211573ebe"
"ACT-02341978b860","admin | collector | comptoir | dgi | owner | sonasp","artisan_gold_market","/artisan-minier/ventes-or","ACTION_JSX","{isComptoir ? 'Nouvel achat' : 'Nouvelle vente'}","src/pages/artisan-minier/VentesOr.tsx:329","src/pages/artisan-minier/VentesOr.tsx","{() => navigate('/artisan-minier/ventes-or/nouvelle')}","src/pages/artisan-minier/VentesOr.tsx:133 isComptoirScopedUser(user) | src/pages/artisan-minier/VentesOr.tsx:134 isCollectorScopedUser(user)","Hérite du contexte route candidat; conditions internes à relire; serveur non testé","NON_INSPECTE_EN_UI","Lot marché artisanal et paiements","Master §§7–14 et annexe A : champs/actions existants, erreurs explicites, contexte autorisé, responsive, persistance et audit indépendants","AST_JSX","DETECTION_AUTOMATIQUE_NON_REVUE; imports candidats ≠ visibilité prouvée","À INVENTORIER","NON EXÉCUTÉ","","83f8c74e","83f8c74ea83c81a2734ef9e086c2edd211573ebe"
"ACT-035110c8310b","admin | owner | sonasp","public-et-alias","/sonasp/cessions-comptoirs","ACTION_JSX","Actualiser","src/pages/comptoir/SonaspComptoirSalesInboxPage.tsx:189","src/pages/comptoir/SonaspComptoirSalesInboxPage.tsx","{() => void load()}","src/pages/comptoir/SonaspComptoirSalesInboxPage.tsx:76 hasCapability(user, CAPABILITIES.SONASP_APPROVE) | src/pages/comptoir/SonaspComptoirSalesInboxPage.tsx:77 hasCapability(user, CAPABILITIES.FINANCE_EXECUTE)","Hérite du contexte route candidat; conditions internes à relire; serveur non testé","NON_INSPECTE_EN_UI","Lot public-et-alias","Master §§7–14 et annexe A : champs/actions existants, erreurs explicites, contexte autorisé, responsive, persistance et audit indépendants","AST_JSX","DETECTION_AUTOMATIQUE_NON_REVUE; imports candidats ≠ visibilité prouvée","À INVENTORIER","NON EXÉCUTÉ","","83f8c74e","83f8c74ea83c81a2734ef9e086c2edd211573ebe"
"ACT-056527320985","admin | collector | comptoir | dgmg | owner | sonasp","artisan_gold_market","/collecte/ventes | /collecte/ventes/nouvelle","ACTION_JSX","Annuler","src/pages/collector/CollectionSalesPage.tsx:544","src/pages/collector/CollectionSalesPage.tsx","{() => setDecision(undefined)}","src/pages/collector/CollectionSalesPage.tsx:250 isCollectorScopedUser(user)","Hérite du contexte route candidat; conditions internes à relire; serveur non testé","NON_INSPECTE_EN_UI","Lot marché artisanal et paiements","Master §§7–14 et annexe A : champs/actions existants, erreurs explicites, contexte autorisé, responsive, persistance et audit indépendants","AST_JSX","DETECTION_AUTOMATIQUE_NON_REVUE; imports candidats ≠ visibilité prouvée","À INVENTORIER","NON EXÉCUTÉ","","83f8c74e","83f8c74ea83c81a2734ef9e086c2edd211573ebe"
"ACT-05c0ede7f20a","admin | dgmg | owner","artisan-minier","/artisan-minier/comptoirs/:id | /artisan-minier/comptoirs/:id/modifier | /artisan-minier/comptoirs/nouveau","ACTION_JSX","Annuaire officiel DGI","src/pages/collector/ComptoirForm.tsx:636","src/pages/collector/ComptoirForm.tsx","","src/pages/collector/ComptoirForm.tsx:938 canManageMiningRegistry(user)","Hérite du contexte route candidat; conditions internes à relire; serveur non testé","NON_INSPECTE_EN_UI","Lot artisans et affiliations","Master §§7–14 et annexe A : champs/actions existants, erreurs explicites, contexte autorisé, responsive, persistance et audit indépendants","AST_JSX","DETECTION_AUTOMATIQUE_NON_REVUE; imports candidats ≠ visibilité prouvée","À INVENTORIER","NON EXÉCUTÉ","","83f8c74e","83f8c74ea83c81a2734ef9e086c2edd211573ebe"
"ACT-05ef1a1835e3","comptoir | owner","portal-comptoir","/portail-comptoir","ACTION_JSX","Link","src/pages/comptoir/ComptoirPortalPage.tsx:218","src/pages/comptoir/ComptoirPortalPage.tsx","","","Hérite du contexte route candidat; conditions internes à relire; serveur non testé","NON_INSPECTE_EN_UI","Lot portal-comptoir","Master §§7–14 et annexe A : champs/actions existants, erreurs explicites, contexte autorisé, responsive, persistance et audit indépendants","AST_JSX","DETECTION_AUTOMATIQUE_NON_REVUE; imports candidats ≠ visibilité prouvée","À INVENTORIER","NON EXÉCUTÉ","","83f8c74e","83f8c74ea83c81a2734ef9e086c2edd211573ebe"
"ACT-064774d4a0bb","admin | collector | comptoir | dgmg | owner | sonasp","artisan-minier","/artisan-minier/liste","ACTION_JSX","button","src/pages/artisan-minier/ArtisanMinierListe.tsx:579","src/pages/artisan-minier/ArtisanMinierListe.tsx","{() => setOpenMenu((current) => (current === artisan.id ? null : artisan.id))}","src/pages/artisan-minier/ArtisanMinierListe.tsx:164 isComptoirScopedUser(user) | src/pages/artisan-minier/ArtisanMinierListe.tsx:165 isCollectorScopedUser(user) | src/pages/artisan-minier/ArtisanMinierListe.tsx:303 canManageMiningRegistry(user) | src/pages/artisan-minier/ArtisanMinierListe.tsx:353 canManageMiningRegistry(user)","Hérite du contexte route candidat; conditions internes à relire; serveur non testé","NON_INSPECTE_EN_UI","Lot artisans et affiliations","Master §§7–14 et annexe A : champs/actions existants, erreurs explicites, contexte autorisé, responsive, persistance et audit indépendants","AST_JSX","DETECTION_AUTOMATIQUE_NON_REVUE; imports candidats ≠ visibilité prouvée","À INVENTORIER","NON EXÉCUTÉ","","83f8c74e","83f8c74ea83c81a2734ef9e086c2edd211573ebe"
"ACT-066c02797d1b","admin | collector | comptoir | dgmg | owner | sonasp","artisan_gold_market","/collecte/ventes | /collecte/ventes/nouvelle","ACTION_JSX","Paiement","src/pages/collector/CollectionSalesPage.tsx:398","src/pages/collector/CollectionSalesPage.tsx","","src/pages/collector/CollectionSalesPage.tsx:250 isCollectorScopedUser(user)","Hérite du contexte route candidat; conditions internes à relire; serveur non testé","NON_INSPECTE_EN_UI","Lot marché artisanal et paiements","Master §§7–14 et annexe A : champs/actions existants, erreurs explicites, contexte autorisé, responsive, persistance et audit indépendants","AST_JSX","DETECTION_AUTOMATIQUE_NON_REVUE; imports candidats ≠ visibilité prouvée","À INVENTORIER","NON EXÉCUTÉ","","83f8c74e","83f8c74ea83c81a2734ef9e086c2edd211573ebe"
"ACT-06851222095c","admin | comptoir | owner | sonasp","artisan_gold_market","/artisan-minier/rapports/quantites","ACTION_JSX","Centre de rapports","src/pages/artisan-minier/RapportQuantites.tsx:121","src/pages/artisan-minier/RapportQuantites.tsx","{() => navigate('/artisan-minier/rapports')}","","Hérite du contexte route candidat; conditions internes à relire; serveur non testé","NON_INSPECTE_EN_UI","Lot marché artisanal et paiements","Master §§7–14 et annexe A : champs/actions existants, erreurs explicites, contexte autorisé, responsive, persistance et audit indépendants","AST_JSX","DETECTION_AUTOMATIQUE_NON_REVUE; imports candidats ≠ visibilité prouvée","À INVENTORIER","NON EXÉCUTÉ","","83f8c74e","83f8c74ea83c81a2734ef9e086c2edd211573ebe"
"ACT-0693e668d14a","comptoir | owner","portal-comptoir","/portail-comptoir","ACTION_JSX","Actualiser","src/pages/comptoir/ComptoirPortalPage.tsx:106","src/pages/comptoir/ComptoirPortalPage.tsx","{() => void load()}","","Hérite du contexte route candidat; conditions internes à relire; serveur non testé","NON_INSPECTE_EN_UI","Lot portal-comptoir","Master §§7–14 et annexe A : champs/actions existants, erreurs explicites, contexte autorisé, responsive, persistance et audit indépendants","AST_JSX","DETECTION_AUTOMATIQUE_NON_REVUE; imports candidats ≠ visibilité prouvée","À INVENTORIER","NON EXÉCUTÉ","","83f8c74e","83f8c74ea83c81a2734ef9e086c2edd211573ebe"
"ACT-072c160ccc0d","admin | owner | sonasp","artisan-minier","/artisan-minier","ACTION_JSX","Liste","src/pages/artisan-minier/ArtisanMinierDashboard.tsx:375","src/pages/artisan-minier/ArtisanMinierDashboard.tsx","{() => setTerritoryTab('list')}","","Hérite du contexte route candidat; conditions internes à relire; serveur non testé","NON_INSPECTE_EN_UI","Lot artisans et affiliations","Master §§7–14 et annexe A : champs/actions existants, erreurs explicites, contexte autorisé, responsive, persistance et audit indépendants","AST_JSX","DETECTION_AUTOMATIQUE_NON_REVUE; imports candidats ≠ visibilité prouvée","À INVENTORIER","NON EXÉCUTÉ","","83f8c74e","83f8c74ea83c81a2734ef9e086c2edd211573ebe"
"ACT-07314094bc89","CONSOMMATEUR_NON_RESOLU","TRANSVERSE_OU_ORPHELIN_A_QUALIFIER","","ACTION_JSX","Validation des cartes","src/pages/artisan-minier/CarteExpirations.tsx:183","src/pages/artisan-minier/CarteExpirations.tsx","{() => navigate('/artisan-minier/cartes/validation')}","","Aucune association statique résolue; conserver dans le périmètre de qualification","NON_INSPECTE_EN_UI","Lot partagé : propriétaire à affecter par orchestrateur","Master §§7–14 et annexe A : champs/actions existants, erreurs explicites, contexte autorisé, responsive, persistance et audit indépendants","AST_JSX","DETECTION_AUTOMATIQUE_NON_REVUE; imports candidats ≠ visibilité prouvée","À INVENTORIER","NON EXÉCUTÉ","","83f8c74e","83f8c74ea83c81a2734ef9e086c2edd211573ebe"
"ACT-08cfce966818","admin | collector | comptoir | owner | sonasp","artisan_gold_market","/artisan-minier/paiements/historique/:paiementId","ACTION_JSX","Voir la fiche artisan","src/pages/artisan-minier/PaiementDetails.tsx:561","src/pages/artisan-minier/PaiementDetails.tsx","{() => navigate(`/artisan-minier/${dossier.artisan_id}`)}","src/pages/artisan-minier/PaiementDetails.tsx:181 isCollectorScopedUser(user) | src/pages/artisan-minier/PaiementDetails.tsx:183 hasSensitiveCapability(user, CAPABILITIES.COLLECTOR_PAYMENTS_EXECUTE) | src/pages/artisan-minier/PaiementDetails.tsx:184 hasSensitiveCapability(user, CAPABILITIES.COMPTOIR_PAYMENTS_EXECUTE) | src/pages/artisan-minier/PaiementDetails.tsx:184 hasSensitiveCapability(user, CAPABILITIES.FINANCE_EXECUTE) | src/pages/artisan-minier/PaiementDetails.tsx:185 hasSensitiveCapability(user, CAPABILITIES.COMPTOIR_PAYMENTS_RECONCILE) | src/pages/artisan-minier/PaiementDetails.tsx:186 hasSensitiveCapability(user, CAPABILITIES.FINANCE_RECONCILE)","Hérite du contexte route candidat; conditions internes à relire; serveur non testé","NON_INSPECTE_EN_UI","Lot marché artisanal et paiements","Master §§7–14 et annexe A : champs/actions existants, erreurs explicites, contexte autorisé, responsive, persistance et audit indépendants","AST_JSX","DETECTION_AUTOMATIQUE_NON_REVUE; imports candidats ≠ visibilité prouvée","À INVENTORIER","NON EXÉCUTÉ","","83f8c74e","83f8c74ea83c81a2734ef9e086c2edd211573ebe"
"ACT-08d2c90bd224","admin | dgmg | owner","artisan-minier","/artisan-minier/comptoirs/:id | /artisan-minier/comptoirs/:id/modifier | /artisan-minier/comptoirs/nouveau","ACTION_JSX","Fermer le lien du document","src/pages/collector/ComptoirForm.tsx:248","src/pages/collector/ComptoirForm.tsx","{() => setPreview(null)}","src/pages/collector/ComptoirForm.tsx:938 canManageMiningRegistry(user)","Hérite du contexte route candidat; conditions internes à relire; serveur non testé","NON_INSPECTE_EN_UI","Lot artisans et affiliations","Master §§7–14 et annexe A : champs/actions existants, erreurs explicites, contexte autorisé, responsive, persistance et audit indépendants","AST_JSX","DETECTION_AUTOMATIQUE_NON_REVUE; imports candidats ≠ visibilité prouvée","À INVENTORIER","NON EXÉCUTÉ","","83f8c74e","83f8c74ea83c81a2734ef9e086c2edd211573ebe"
"ACT-08f48d117d2d","admin | collector | comptoir | dgmg | owner | sonasp","artisan-minier","/artisan-minier/:id | /artisan-minier/cartes/expirations | /artisan-minier/cartes/suivi | /artisan-minier/cartes/validation","ACTION_JSX","{item.label}","src/components/artisan/AffiliationDossier.tsx:548","src/components/artisan/AffiliationDossier.tsx","{() => setTab(item.id)}","src/components/artisan/AffiliationDossier.tsx:74 hasSensitiveCapability( user, CAPABILITIES.ARTISAN_CARDS_MANAGE, ) | src/components/artisan/AffiliationDossier.tsx:78 hasSensitiveCapability( user, CAPABILITIES.ARTISAN_MEMBERSHIP_MANAGE, ) | src/components/artisan/AffiliationDossier.tsx:82 hasSensitiveCapability( user, CAPABILITIES.ARTISAN_MEMBERSHIP_CONFIRM, ) | src/components/artisan/AffiliationDossier.tsx:86 hasSensitiveCapability( user, CAPABILITIES.ARTISAN_CARDS_ACTIVATE, )","Hérite du contexte route candidat; conditions internes à relire; serveur non testé","NON_INSPECTE_EN_UI","Lot artisans et affiliations","Master §§7–14 et annexe A : champs/actions existants, erreurs explicites, contexte autorisé, responsive, persistance et audit indépendants","AST_JSX","DETECTION_AUTOMATIQUE_NON_REVUE; imports candidats ≠ visibilité prouvée","À INVENTORIER","NON EXÉCUTÉ","","83f8c74e","83f8c74ea83c81a2734ef9e086c2edd211573ebe"
"ACT-098a05a0835e","CONSOMMATEUR_NON_RESOLU","TRANSVERSE_OU_ORPHELIN_A_QUALIFIER","","ACTION_JSX","Suivi des cartes","src/pages/artisan-minier/CarteValidation.tsx:178","src/pages/artisan-minier/CarteValidation.tsx","{() => navigate('/artisan-minier/cartes/suivi')}","src/pages/artisan-minier/CarteValidation.tsx:64 hasSensitiveCapability(user, CAPABILITIES.ARTISAN_CARDS_MANAGE)","Aucune association statique résolue; conserver dans le périmètre de qualification","NON_INSPECTE_EN_UI","Lot partagé : propriétaire à affecter par orchestrateur","Master §§7–14 et annexe A : champs/actions existants, erreurs explicites, contexte autorisé, responsive, persistance et audit indépendants","AST_JSX","DETECTION_AUTOMATIQUE_NON_REVUE; imports candidats ≠ visibilité prouvée","À INVENTORIER","NON EXÉCUTÉ","","83f8c74e","83f8c74ea83c81a2734ef9e086c2edd211573ebe"
"ACT-09be8306c1cc","admin | dgmg | owner","artisan-minier","/artisan-minier/collecteurs/:id/modifier | /artisan-minier/collecteurs/nouveau","ACTION_JSX","Retour à la liste","src/pages/collector/CollectorForm.tsx:872","src/pages/collector/CollectorForm.tsx","","src/pages/collector/CollectorForm.tsx:829 canManageMiningRegistry(user)","Hérite du contexte route candidat; conditions internes à relire; serveur non testé","NON_INSPECTE_EN_UI","Lot artisans et affiliations","Master §§7–14 et annexe A : champs/actions existants, erreurs explicites, contexte autorisé, responsive, persistance et audit indépendants","AST_JSX","DETECTION_AUTOMATIQUE_NON_REVUE; imports candidats ≠ visibilité prouvée","À INVENTORIER","NON EXÉCUTÉ","","83f8c74e","83f8c74ea83c81a2734ef9e086c2edd211573ebe"
"ACT-0a07ef0475fe","admin | owner | sonasp","artisan-minier","/artisan-minier/:artisanId/infractions/:infractionId/modifier | /artisan-minier/:artisanId/infractions/nouvelle","ACTION_JSX","Annuler","src/pages/artisan-minier/InfractionForm.tsx:567","src/pages/artisan-minier/InfractionForm.tsx","{() => navigate(retour)}","","Hérite du contexte route candidat; conditions internes à relire; serveur non testé","NON_INSPECTE_EN_UI","Lot artisans et affiliations","Master §§7–14 et annexe A : champs/actions existants, erreurs explicites, contexte autorisé, responsive, persistance et audit indépendants","AST_JSX","DETECTION_AUTOMATIQUE_NON_REVUE; imports candidats ≠ visibilité prouvée","À INVENTORIER","NON EXÉCUTÉ","","83f8c74e","83f8c74ea83c81a2734ef9e086c2edd211573ebe"
"ACT-0bc4ddec0570","admin | collector | comptoir | dgmg | owner | sonasp","artisan_gold_market","/collecte/ventes | /collecte/ventes/nouvelle","ACTION_JSX","Relancer les notifications","src/pages/collector/CollectionSalesPage.tsx:412","src/pages/collector/CollectionSalesPage.tsx","{async () => { setBusy(true); setError(""""); try { await collectorService.dispatchNotifications(s.id); await load(); } catch (e) { setError( e instanceof Error ? e.message : ""Envoi indisponible."", ); } finally { setBusy(false); } }}","src/pages/collector/CollectionSalesPage.tsx:250 isCollectorScopedUser(user)","Hérite du contexte route candidat; conditions internes à relire; serveur non testé","NON_INSPECTE_EN_UI","Lot marché artisanal et paiements","Master §§7–14 et annexe A : champs/actions existants, erreurs explicites, contexte autorisé, responsive, persistance et audit indépendants","AST_JSX","DETECTION_AUTOMATIQUE_NON_REVUE; imports candidats ≠ visibilité prouvée","À INVENTORIER","NON EXÉCUTÉ","","83f8c74e","83f8c74ea83c81a2734ef9e086c2edd211573ebe"
"ACT-0be752f31c3b","admin | collector | comptoir | dgmg | owner | sonasp","artisan-minier","/artisan-minier/:id","ACTION_JSX","Nouvelle vente","src/pages/artisan-minier/ArtisanMinierDetails.tsx:387","src/pages/artisan-minier/ArtisanMinierDetails.tsx","{() => navigate('/artisan-minier/ventes-or/nouvelle')}","src/pages/artisan-minier/ArtisanMinierDetails.tsx:114 isCollectorScopedUser(user)","Hérite du contexte route candidat; conditions internes à relire; serveur non testé","NON_INSPECTE_EN_UI","Lot artisans et affiliations","Master §§7–14 et annexe A : champs/actions existants, erreurs explicites, contexte autorisé, responsive, persistance et audit indépendants","AST_JSX","DETECTION_AUTOMATIQUE_NON_REVUE; imports candidats ≠ visibilité prouvée","À INVENTORIER","NON EXÉCUTÉ","","83f8c74e","83f8c74ea83c81a2734ef9e086c2edd211573ebe"
"ACT-0c72b605db0e","admin | owner | sonasp","artisan-minier","/artisan-minier","ACTION_JSX","Appliquer","src/pages/artisan-minier/ArtisanMinierDashboard.tsx:340","src/pages/artisan-minier/ArtisanMinierDashboard.tsx","{() => setFiltresOuverts(false)}","","Hérite du contexte route candidat; conditions internes à relire; serveur non testé","NON_INSPECTE_EN_UI","Lot artisans et affiliations","Master §§7–14 et annexe A : champs/actions existants, erreurs explicites, contexte autorisé, responsive, persistance et audit indépendants","AST_JSX","DETECTION_AUTOMATIQUE_NON_REVUE; imports candidats ≠ visibilité prouvée","À INVENTORIER","NON EXÉCUTÉ","","83f8c74e","83f8c74ea83c81a2734ef9e086c2edd211573ebe"
"ACT-124ca749066a","admin | owner | sonasp","artisan-minier","/artisan-minier/cartes/expirations | /artisan-minier/cartes/suivi | /artisan-minier/cartes/validation","ACTION_JSX","Actualiser","src/pages/artisan-minier/AffiliationsCartes.tsx:394","src/pages/artisan-minier/AffiliationsCartes.tsx","{() => void load()}","src/pages/artisan-minier/AffiliationsCartes.tsx:121 hasSensitiveCapability( user, CAPABILITIES.PLATFORM_SETTINGS_MANAGE, ) | src/pages/artisan-minier/AffiliationsCartes.tsx:125 hasSensitiveCapability( user, CAPABILITIES.ARTISAN_MEMBERSHIP_MANAGE, ) | src/pages/artisan-minier/AffiliationsCartes.tsx:131 hasSensitiveCapability(user, CAPABILITIES.ARTISAN_CARDS_MANAGE)","Hérite du contexte route candidat; conditions internes à relire; serveur non testé","NON_INSPECTE_EN_UI","Lot artisans et affiliations","Master §§7–14 et annexe A : champs/actions existants, erreurs explicites, contexte autorisé, responsive, persistance et audit indépendants","AST_JSX","DETECTION_AUTOMATIQUE_NON_REVUE; imports candidats ≠ visibilité prouvée","À INVENTORIER","NON EXÉCUTÉ","","83f8c74e","83f8c74ea83c81a2734ef9e086c2edd211573ebe"
"ACT-12b5eda03ecd","admin | collector | comptoir | dgmg | owner | sonasp","artisan-minier","/artisan-minier/:id | /artisan-minier/cartes/expirations | /artisan-minier/cartes/suivi | /artisan-minier/cartes/validation","ACTION_JSX","Enregistrer la décision","src/components/artisan/AffiliationDossier.tsx:820","src/components/artisan/AffiliationDossier.tsx","","src/components/artisan/AffiliationDossier.tsx:74 hasSensitiveCapability( user, CAPABILITIES.ARTISAN_CARDS_MANAGE, ) | src/components/artisan/AffiliationDossier.tsx:78 hasSensitiveCapability( user, CAPABILITIES.ARTISAN_MEMBERSHIP_MANAGE, ) | src/components/artisan/AffiliationDossier.tsx:82 hasSensitiveCapability( user, CAPABILITIES.ARTISAN_MEMBERSHIP_CONFIRM, ) | src/components/artisan/AffiliationDossier.tsx:86 hasSensitiveCapability( user, CAPABILITIES.ARTISAN_CARDS_ACTIVATE, )","Hérite du contexte route candidat; conditions internes à relire; serveur non testé","NON_INSPECTE_EN_UI","Lot artisans et affiliations","Master §§7–14 et annexe A : champs/actions existants, erreurs explicites, contexte autorisé, responsive, persistance et audit indépendants","AST_JSX","DETECTION_AUTOMATIQUE_NON_REVUE; imports candidats ≠ visibilité prouvée","À INVENTORIER","NON EXÉCUTÉ","","83f8c74e","83f8c74ea83c81a2734ef9e086c2edd211573ebe"
"ACT-142b602a1f3e","comptoir | owner","portal-comptoir","/portail-comptoir","ACTION_JSX","Link","src/pages/comptoir/ComptoirPortalPage.tsx:222","src/pages/comptoir/ComptoirPortalPage.tsx","","","Hérite du contexte route candidat; conditions internes à relire; serveur non testé","NON_INSPECTE_EN_UI","Lot portal-comptoir","Master §§7–14 et annexe A : champs/actions existants, erreurs explicites, contexte autorisé, responsive, persistance et audit indépendants","AST_JSX","DETECTION_AUTOMATIQUE_NON_REVUE; imports candidats ≠ visibilité prouvée","À INVENTORIER","NON EXÉCUTÉ","","83f8c74e","83f8c74ea83c81a2734ef9e086c2edd211573ebe"
"ACT-143237d1d45c","admin | collector | comptoir | owner | sonasp","artisan_gold_market","/artisan-minier/paiements/historique/:paiementId","ACTION_JSX","{artisanPaymentSaleReference(dossier)}","src/pages/artisan-minier/PaiementDetails.tsx:312","src/pages/artisan-minier/PaiementDetails.tsx","{() => navigate(`/artisan-minier/ventes-or/${dossier.vente_or_id}`)}","src/pages/artisan-minier/PaiementDetails.tsx:181 isCollectorScopedUser(user) | src/pages/artisan-minier/PaiementDetails.tsx:183 hasSensitiveCapability(user, CAPABILITIES.COLLECTOR_PAYMENTS_EXECUTE) | src/pages/artisan-minier/PaiementDetails.tsx:184 hasSensitiveCapability(user, CAPABILITIES.COMPTOIR_PAYMENTS_EXECUTE) | src/pages/artisan-minier/PaiementDetails.tsx:184 hasSensitiveCapability(user, CAPABILITIES.FINANCE_EXECUTE) | src/pages/artisan-minier/PaiementDetails.tsx:185 hasSensitiveCapability(user, CAPABILITIES.COMPTOIR_PAYMENTS_RECONCILE) | src/pages/artisan-minier/PaiementDetails.tsx:186 hasSensitiveCapability(user, CAPABILITIES.FINANCE_RECONCILE)","Hérite du contexte route candidat; conditions internes à relire; serveur non testé","NON_INSPECTE_EN_UI","Lot marché artisanal et paiements","Master §§7–14 et annexe A : champs/actions existants, erreurs explicites, contexte autorisé, responsive, persistance et audit indépendants","AST_JSX","DETECTION_AUTOMATIQUE_NON_REVUE; imports candidats ≠ visibilité prouvée","À INVENTORIER","NON EXÉCUTÉ","","83f8c74e","83f8c74ea83c81a2734ef9e086c2edd211573ebe"
"ACT-161288d7c90b","admin | collector | comptoir | dgi | owner | sonasp","artisan_gold_market","/artisan-minier/ventes-or/:id","ACTION_JSX","Ouvrir la fiche artisan","src/pages/artisan-minier/VenteOrDetails.tsx:413","src/pages/artisan-minier/VenteOrDetails.tsx","{() => navigate(`/artisan-minier/${artisan.id}`)}","src/pages/artisan-minier/VenteOrDetails.tsx:115 isCollectorScopedUser(user)","Hérite du contexte route candidat; conditions internes à relire; serveur non testé","NON_INSPECTE_EN_UI","Lot marché artisanal et paiements","Master §§7–14 et annexe A : champs/actions existants, erreurs explicites, contexte autorisé, responsive, persistance et audit indépendants","AST_JSX","DETECTION_AUTOMATIQUE_NON_REVUE; imports candidats ≠ visibilité prouvée","À INVENTORIER","NON EXÉCUTÉ","","83f8c74e","83f8c74ea83c81a2734ef9e086c2edd211573ebe"
"ACT-16b8435a463f","admin | owner | sonasp","artisan-minier","/artisan-minier/cartes/expirations | /artisan-minier/cartes/suivi | /artisan-minier/cartes/validation","ACTION_JSX","Réessayer","src/pages/artisan-minier/AffiliationsCartes.tsx:1124","src/pages/artisan-minier/AffiliationsCartes.tsx","{() => setAttempt((value) => value + 1)}","src/pages/artisan-minier/AffiliationsCartes.tsx:121 hasSensitiveCapability( user, CAPABILITIES.PLATFORM_SETTINGS_MANAGE, ) | src/pages/artisan-minier/AffiliationsCartes.tsx:125 hasSensitiveCapability( user, CAPABILITIES.ARTISAN_MEMBERSHIP_MANAGE, ) | src/pages/artisan-minier/AffiliationsCartes.tsx:131 hasSensitiveCapability(user, CAPABILITIES.ARTISAN_CARDS_MANAGE)","Hérite du contexte route candidat; conditions internes à relire; serveur non testé","NON_INSPECTE_EN_UI","Lot artisans et affiliations","Master §§7–14 et annexe A : champs/actions existants, erreurs explicites, contexte autorisé, responsive, persistance et audit indépendants","AST_JSX","DETECTION_AUTOMATIQUE_NON_REVUE; imports candidats ≠ visibilité prouvée","À INVENTORIER","NON EXÉCUTÉ","","83f8c74e","83f8c74ea83c81a2734ef9e086c2edd211573ebe"
"ACT-1772a20e7720","admin | comptoir | owner | sonasp","artisan_gold_market","/artisan-minier/rapports","ACTION_JSX","Taxes et royalties","src/pages/artisan-minier/CentreRapportsAnalyse.tsx:121","src/pages/artisan-minier/CentreRapportsAnalyse.tsx","{() => navigate('/artisan-minier/rapports/taxes')}","","Hérite du contexte route candidat; conditions internes à relire; serveur non testé","NON_INSPECTE_EN_UI","Lot marché artisanal et paiements","Master §§7–14 et annexe A : champs/actions existants, erreurs explicites, contexte autorisé, responsive, persistance et audit indépendants","AST_JSX","DETECTION_AUTOMATIQUE_NON_REVUE; imports candidats ≠ visibilité prouvée","À INVENTORIER","NON EXÉCUTÉ","","83f8c74e","83f8c74ea83c81a2734ef9e086c2edd211573ebe"
"ACT-192c125a97f5","admin | dgmg | owner","artisan-minier","/artisan-minier/comptoirs/:id | /artisan-minier/comptoirs/:id/modifier | /artisan-minier/comptoirs/nouveau","ACTION_JSX","Joindre","src/pages/collector/ComptoirForm.tsx:184","src/pages/collector/ComptoirForm.tsx","{() => input.current?.click()}","src/pages/collector/ComptoirForm.tsx:938 canManageMiningRegistry(user)","Hérite du contexte route candidat; conditions internes à relire; serveur non testé","NON_INSPECTE_EN_UI","Lot artisans et affiliations","Master §§7–14 et annexe A : champs/actions existants, erreurs explicites, contexte autorisé, responsive, persistance et audit indépendants","AST_JSX","DETECTION_AUTOMATIQUE_NON_REVUE; imports candidats ≠ visibilité prouvée","À INVENTORIER","NON EXÉCUTÉ","","83f8c74e","83f8c74ea83c81a2734ef9e086c2edd211573ebe"
"ACT-1a3dcd28125c","admin | dgmg | owner | sonasp","mining_sites","/artisan-sites","ACTION_JSX","Voir tous les sites","src/pages/artisanal-sites/ArtisanalSitesOverview.tsx:485","src/pages/artisanal-sites/ArtisanalSitesOverview.tsx","{() => { setScope('all'); setPage(1); }}","src/pages/artisanal-sites/ArtisanalSitesOverview.tsx:142 canManageMiningRegistry(user)","Hérite du contexte route candidat; conditions internes à relire; serveur non testé","NON_INSPECTE_EN_UI","Lot sites artisanaux","Master §§7–14 et annexe A : champs/actions existants, erreurs explicites, contexte autorisé, responsive, persistance et audit indépendants","AST_JSX","DETECTION_AUTOMATIQUE_NON_REVUE; imports candidats ≠ visibilité prouvée","À INVENTORIER","NON EXÉCUTÉ","","83f8c74e","83f8c74ea83c81a2734ef9e086c2edd211573ebe"
"ACT-1a8391b066b2","admin | collector | comptoir | dgmg | owner | sonasp","artisan-minier","/artisan-minier/collecteurs | /artisan-minier/collecteurs/:id","ACTION_JSX","Affecter les sites de collecte","src/pages/collector/CollectorDetails.tsx:444","src/pages/collector/CollectorDetails.tsx","","","Hérite du contexte route candidat; conditions internes à relire; serveur non testé","NON_INSPECTE_EN_UI","Lot artisans et affiliations","Master §§7–14 et annexe A : champs/actions existants, erreurs explicites, contexte autorisé, responsive, persistance et audit indépendants","AST_JSX","DETECTION_AUTOMATIQUE_NON_REVUE; imports candidats ≠ visibilité prouvée","À INVENTORIER","NON EXÉCUTÉ","","83f8c74e","83f8c74ea83c81a2734ef9e086c2edd211573ebe"
"ACT-1c0b73c3f8b4","admin | collector | comptoir | dgi | owner | sonasp","artisan_gold_market","/artisan-minier/ventes-or","ACTION_JSX","button","src/pages/artisan-minier/VentesOr.tsx:268","src/pages/artisan-minier/VentesOr.tsx","{(event) => { event.stopPropagation(); navigate(`/artisan-minier/ventes-or/${sale.id}/modifier`); }}","src/pages/artisan-minier/VentesOr.tsx:133 isComptoirScopedUser(user) | src/pages/artisan-minier/VentesOr.tsx:134 isCollectorScopedUser(user)","Hérite du contexte route candidat; conditions internes à relire; serveur non testé","NON_INSPECTE_EN_UI","Lot marché artisanal et paiements","Master §§7–14 et annexe A : champs/actions existants, erreurs explicites, contexte autorisé, responsive, persistance et audit indépendants","AST_JSX","DETECTION_AUTOMATIQUE_NON_REVUE; imports candidats ≠ visibilité prouvée","À INVENTORIER","NON EXÉCUTÉ","","83f8c74e","83f8c74ea83c81a2734ef9e086c2edd211573ebe"
"ACT-1cbc3b98eb1b","admin | collector | comptoir | dgmg | owner | sonasp","artisan-minier","/artisan-minier/:id | /artisan-minier/cartes/expirations | /artisan-minier/cartes/suivi | /artisan-minier/cartes/validation","ACTION_JSX","Consulter le dossier du titulaire","src/components/artisan/AffiliationDossier.tsx:578","src/components/artisan/AffiliationDossier.tsx","","src/components/artisan/AffiliationDossier.tsx:74 hasSensitiveCapability( user, CAPABILITIES.ARTISAN_CARDS_MANAGE, ) | src/components/artisan/AffiliationDossier.tsx:78 hasSensitiveCapability( user, CAPABILITIES.ARTISAN_MEMBERSHIP_MANAGE, ) | src/components/artisan/AffiliationDossier.tsx:82 hasSensitiveCapability( user, CAPABILITIES.ARTISAN_MEMBERSHIP_CONFIRM, ) | src/components/artisan/AffiliationDossier.tsx:86 hasSensitiveCapability( user, CAPABILITIES.ARTISAN_CARDS_ACTIVATE, )","Hérite du contexte route candidat; conditions internes à relire; serveur non testé","NON_INSPECTE_EN_UI","Lot artisans et affiliations","Master §§7–14 et annexe A : champs/actions existants, erreurs explicites, contexte autorisé, responsive, persistance et audit indépendants","AST_JSX","DETECTION_AUTOMATIQUE_NON_REVUE; imports candidats ≠ visibilité prouvée","À INVENTORIER","NON EXÉCUTÉ","","83f8c74e","83f8c74ea83c81a2734ef9e086c2edd211573ebe"
"ACT-1e228dc17567","admin | dgmg | owner | sonasp","mining_sites","/artisan-sites","ACTION_JSX","Dernière page","src/pages/artisanal-sites/ArtisanalSitesOverview.tsx:714","src/pages/artisanal-sites/ArtisanalSitesOverview.tsx","{() => setPage(pageCount)}","src/pages/artisanal-sites/ArtisanalSitesOverview.tsx:142 canManageMiningRegistry(user)","Hérite du contexte route candidat; conditions internes à relire; serveur non testé","NON_INSPECTE_EN_UI","Lot sites artisanaux","Master §§7–14 et annexe A : champs/actions existants, erreurs explicites, contexte autorisé, responsive, persistance et audit indépendants","AST_JSX","DETECTION_AUTOMATIQUE_NON_REVUE; imports candidats ≠ visibilité prouvée","À INVENTORIER","NON EXÉCUTÉ","","83f8c74e","83f8c74ea83c81a2734ef9e086c2edd211573ebe"
"ACT-1e4e9d7ef972","admin | comptoir | owner | sonasp","artisan_gold_market","/artisan-minier/ventes-or/:id/modifier | /artisan-minier/ventes-or/nouvelle","ACTION_JSX","{karat} K","src/pages/artisan-minier/VenteOrForm.tsx:714","src/pages/artisan-minier/VenteOrForm.tsx","{() => handleKarat(karat)}","src/pages/artisan-minier/VenteOrForm.tsx:199 isComptoirScopedUser(user)","Hérite du contexte route candidat; conditions internes à relire; serveur non testé","NON_INSPECTE_EN_UI","Lot marché artisanal et paiements","Master §§7–14 et annexe A : champs/actions existants, erreurs explicites, contexte autorisé, responsive, persistance et audit indépendants","AST_JSX","DETECTION_AUTOMATIQUE_NON_REVUE; imports candidats ≠ visibilité prouvée","À INVENTORIER","NON EXÉCUTÉ","","83f8c74e","83f8c74ea83c81a2734ef9e086c2edd211573ebe"
"ACT-211a1dda3f3b","collector | owner","portal-collector","/portail-collecteur","ACTION_JSX","Enregistrer une vente","src/pages/collector/CollectorPortalPage.tsx:98","src/pages/collector/CollectorPortalPage.tsx","","","Hérite du contexte route candidat; conditions internes à relire; serveur non testé","NON_INSPECTE_EN_UI","Lot portal-collector","Master §§7–14 et annexe A : champs/actions existants, erreurs explicites, contexte autorisé, responsive, persistance et audit indépendants","AST_JSX","DETECTION_AUTOMATIQUE_NON_REVUE; imports candidats ≠ visibilité prouvée","À INVENTORIER","NON EXÉCUTÉ","","83f8c74e","83f8c74ea83c81a2734ef9e086c2edd211573ebe"
"ACT-22a6008d7202","admin | collector | comptoir | owner | sonasp","artisan_gold_market","/artisan-minier/paiements/historique","ACTION_JSX","Ventes à régler","src/pages/artisan-minier/PaiementsHistorique.tsx:291","src/pages/artisan-minier/PaiementsHistorique.tsx","{() => navigate('/artisan-minier/paiements')}","src/pages/artisan-minier/PaiementsHistorique.tsx:128 isCollectorScopedUser(user)","Hérite du contexte route candidat; conditions internes à relire; serveur non testé","NON_INSPECTE_EN_UI","Lot marché artisanal et paiements","Master §§7–14 et annexe A : champs/actions existants, erreurs explicites, contexte autorisé, responsive, persistance et audit indépendants","AST_JSX","DETECTION_AUTOMATIQUE_NON_REVUE; imports candidats ≠ visibilité prouvée","À INVENTORIER","NON EXÉCUTÉ","","83f8c74e","83f8c74ea83c81a2734ef9e086c2edd211573ebe"
"ACT-2534850da75f","admin | collector | comptoir | dgmg | owner | sonasp","artisan-minier","/artisan-minier/collecteurs | /artisan-minier/collecteurs/:id","ACTION_JSX","Autoriser le paiement","src/pages/collector/CollectorsPage.tsx:267","src/pages/collector/CollectorsPage.tsx","{() => void authorize(false)}","src/pages/collector/CollectorsPage.tsx:237 isCollectorScopedUser(user) | src/pages/collector/CollectorsPage.tsx:237 isComptoirScopedUser(user) | src/pages/collector/CollectorsPage.tsx:48 canManageMiningRegistry(user) | src/pages/collector/CollectorsPage.tsx:50 hasSensitiveCapability(user, CAPABILITIES.COMPTOIR_PAYMENTS_EXECUTE) | src/pages/collector/CollectorsPage.tsx:51 hasSensitiveCapability(user, CAPABILITIES.FINANCE_EXECUTE)","Hérite du contexte route candidat; conditions internes à relire; serveur non testé","NON_INSPECTE_EN_UI","Lot artisans et affiliations","Master §§7–14 et annexe A : champs/actions existants, erreurs explicites, contexte autorisé, responsive, persistance et audit indépendants","AST_JSX","DETECTION_AUTOMATIQUE_NON_REVUE; imports candidats ≠ visibilité prouvée","À INVENTORIER","NON EXÉCUTÉ","","83f8c74e","83f8c74ea83c81a2734ef9e086c2edd211573ebe"
"ACT-257abfc8a323","admin | owner | sonasp","artisan-minier","/artisan-minier/cartes/expirations | /artisan-minier/cartes/suivi | /artisan-minier/cartes/validation","ACTION_JSX","Enregistrer ce barème","src/pages/artisan-minier/AffiliationsCartes.tsx:1320","src/pages/artisan-minier/AffiliationsCartes.tsx","","src/pages/artisan-minier/AffiliationsCartes.tsx:121 hasSensitiveCapability( user, CAPABILITIES.PLATFORM_SETTINGS_MANAGE, ) | src/pages/artisan-minier/AffiliationsCartes.tsx:125 hasSensitiveCapability( user, CAPABILITIES.ARTISAN_MEMBERSHIP_MANAGE, ) | src/pages/artisan-minier/AffiliationsCartes.tsx:131 hasSensitiveCapability(user, CAPABILITIES.ARTISAN_CARDS_MANAGE)","Hérite du contexte route candidat; conditions internes à relire; serveur non testé","NON_INSPECTE_EN_UI","Lot artisans et affiliations","Master §§7–14 et annexe A : champs/actions existants, erreurs explicites, contexte autorisé, responsive, persistance et audit indépendants","AST_JSX","DETECTION_AUTOMATIQUE_NON_REVUE; imports candidats ≠ visibilité prouvée","À INVENTORIER","NON EXÉCUTÉ","","83f8c74e","83f8c74ea83c81a2734ef9e086c2edd211573ebe"
"ACT-258370087e0b","admin | comptoir | owner | sonasp","artisan_gold_market","/artisan-minier/rapports/chiffre-affaires","ACTION_JSX","Centre de rapports","src/pages/artisan-minier/RapportChiffreAffaires.tsx:127","src/pages/artisan-minier/RapportChiffreAffaires.tsx","{() => navigate('/artisan-minier/rapports')}","","Hérite du contexte route candidat; conditions internes à relire; serveur non testé","NON_INSPECTE_EN_UI","Lot marché artisanal et paiements","Master §§7–14 et annexe A : champs/actions existants, erreurs explicites, contexte autorisé, responsive, persistance et audit indépendants","AST_JSX","DETECTION_AUTOMATIQUE_NON_REVUE; imports candidats ≠ visibilité prouvée","À INVENTORIER","NON EXÉCUTÉ","","83f8c74e","83f8c74ea83c81a2734ef9e086c2edd211573ebe"
"ACT-26009c6896a3","admin | comptoir | owner | sonasp","artisan_gold_market","/artisan-minier/ventes-or/:id/modifier | /artisan-minier/ventes-or/nouvelle","ACTION_JSX","{saving ? <Loader2 className=""sn-spin"" aria-hidden=""true"" /> : <Save aria-hidden=""true"" />} {saving ? 'Enregistrement…' : titreAction}","src/pages/artisan-minier/VenteOrForm.tsx:816","src/pages/artisan-minier/VenteOrForm.tsx","","src/pages/artisan-minier/VenteOrForm.tsx:199 isComptoirScopedUser(user)","Hérite du contexte route candidat; conditions internes à relire; serveur non testé","NON_INSPECTE_EN_UI","Lot marché artisanal et paiements","Master §§7–14 et annexe A : champs/actions existants, erreurs explicites, contexte autorisé, responsive, persistance et audit indépendants","AST_JSX","DETECTION_AUTOMATIQUE_NON_REVUE; imports candidats ≠ visibilité prouvée","À INVENTORIER","NON EXÉCUTÉ","","83f8c74e","83f8c74ea83c81a2734ef9e086c2edd211573ebe"
"ACT-265de9f320b5","admin | dgmg | owner | sonasp","mining_sites","/artisan-sites","ACTION_JSX","Réinitialiser","src/pages/artisanal-sites/ArtisanalSitesOverview.tsx:374","src/pages/artisanal-sites/ArtisanalSitesOverview.tsx","{resetFilters}","src/pages/artisanal-sites/ArtisanalSitesOverview.tsx:142 canManageMiningRegistry(user)","Hérite du contexte route candidat; conditions internes à relire; serveur non testé","NON_INSPECTE_EN_UI","Lot sites artisanaux","Master §§7–14 et annexe A : champs/actions existants, erreurs explicites, contexte autorisé, responsive, persistance et audit indépendants","AST_JSX","DETECTION_AUTOMATIQUE_NON_REVUE; imports candidats ≠ visibilité prouvée","À INVENTORIER","NON EXÉCUTÉ","","83f8c74e","83f8c74ea83c81a2734ef9e086c2edd211573ebe"
"ACT-26b0bca7f63e","admin | owner | sonasp","artisan-minier","/artisan-minier/cartes/expirations | /artisan-minier/cartes/suivi | /artisan-minier/cartes/validation","ACTION_JSX","Page précédente","src/pages/artisan-minier/AffiliationsCartes.tsx:906","src/pages/artisan-minier/AffiliationsCartes.tsx","{() => setPage(currentPage - 1)}","src/pages/artisan-minier/AffiliationsCartes.tsx:121 hasSensitiveCapability( user, CAPABILITIES.PLATFORM_SETTINGS_MANAGE, ) | src/pages/artisan-minier/AffiliationsCartes.tsx:125 hasSensitiveCapability( user, CAPABILITIES.ARTISAN_MEMBERSHIP_MANAGE, ) | src/pages/artisan-minier/AffiliationsCartes.tsx:131 hasSensitiveCapability(user, CAPABILITIES.ARTISAN_CARDS_MANAGE)","Hérite du contexte route candidat; conditions internes à relire; serveur non testé","NON_INSPECTE_EN_UI","Lot artisans et affiliations","Master §§7–14 et annexe A : champs/actions existants, erreurs explicites, contexte autorisé, responsive, persistance et audit indépendants","AST_JSX","DETECTION_AUTOMATIQUE_NON_REVUE; imports candidats ≠ visibilité prouvée","À INVENTORIER","NON EXÉCUTÉ","","83f8c74e","83f8c74ea83c81a2734ef9e086c2edd211573ebe"
"ACT-274050646c73","admin | dgmg | owner","artisan-minier","/artisan-minier/comptoirs/:id | /artisan-minier/comptoirs/:id/modifier | /artisan-minier/comptoirs/nouveau","ACTION_JSX","Modifier le dossier","src/pages/collector/ComptoirForm.tsx:982","src/pages/collector/ComptoirForm.tsx","","src/pages/collector/ComptoirForm.tsx:938 canManageMiningRegistry(user)","Hérite du contexte route candidat; conditions internes à relire; serveur non testé","NON_INSPECTE_EN_UI","Lot artisans et affiliations","Master §§7–14 et annexe A : champs/actions existants, erreurs explicites, contexte autorisé, responsive, persistance et audit indépendants","AST_JSX","DETECTION_AUTOMATIQUE_NON_REVUE; imports candidats ≠ visibilité prouvée","À INVENTORIER","NON EXÉCUTÉ","","83f8c74e","83f8c74ea83c81a2734ef9e086c2edd211573ebe"
"ACT-2b67e334d819","admin | collector | comptoir | dgmg | owner | sonasp","artisan-minier","/artisan-minier/:id","ACTION_JSX","Signaler une infraction","src/pages/artisan-minier/ArtisanMinierDetails.tsx:310","src/pages/artisan-minier/ArtisanMinierDetails.tsx","{() => navigate(`/artisan-minier/${artisan.id}/infractions/nouvelle`)}","src/pages/artisan-minier/ArtisanMinierDetails.tsx:114 isCollectorScopedUser(user)","Hérite du contexte route candidat; conditions internes à relire; serveur non testé","NON_INSPECTE_EN_UI","Lot artisans et affiliations","Master §§7–14 et annexe A : champs/actions existants, erreurs explicites, contexte autorisé, responsive, persistance et audit indépendants","AST_JSX","DETECTION_AUTOMATIQUE_NON_REVUE; imports candidats ≠ visibilité prouvée","À INVENTORIER","NON EXÉCUTÉ","","83f8c74e","83f8c74ea83c81a2734ef9e086c2edd211573ebe"
"ACT-2b6ba4d6a7cd","admin | collector | comptoir | dgi | owner | sonasp","artisan_gold_market","/artisan-minier/ventes-or/:id","ACTION_JSX","Ouvrir le paiement","src/pages/artisan-minier/VenteOrDetails.tsx:282","src/pages/artisan-minier/VenteOrDetails.tsx","{() => navigate(`/artisan-minier/paiements/${vente.id}/nouveau`)}","src/pages/artisan-minier/VenteOrDetails.tsx:115 isCollectorScopedUser(user)","Hérite du contexte route candidat; conditions internes à relire; serveur non testé","NON_INSPECTE_EN_UI","Lot marché artisanal et paiements","Master §§7–14 et annexe A : champs/actions existants, erreurs explicites, contexte autorisé, responsive, persistance et audit indépendants","AST_JSX","DETECTION_AUTOMATIQUE_NON_REVUE; imports candidats ≠ visibilité prouvée","À INVENTORIER","NON EXÉCUTÉ","","83f8c74e","83f8c74ea83c81a2734ef9e086c2edd211573ebe"
"ACT-2cf640161993","admin | collector | comptoir | dgmg | owner | sonasp","artisan-minier","/artisan-minier/:id | /artisan-minier/cartes/expirations | /artisan-minier/cartes/suivi | /artisan-minier/cartes/validation","ACTION_JSX","Imprimer","src/components/artisan/AffiliationDigitalCard.tsx:276","src/components/artisan/AffiliationDigitalCard.tsx","{async () => { const popup = window.open("""", ""_blank""); if (!popup) { setDownloadError( ""Autorisez l’ouverture du PDF pour l’imprimer."", ); return; } popup.opener = null; try { popup.location.href = await affiliationService.signedFile( card.pdf_path!, ); } catch { popup.close(); setDownloadError( ""Le PDF n’a pas pu être ouvert pour impression."", ); } }}","","Hérite du contexte route candidat; conditions internes à relire; serveur non testé","NON_INSPECTE_EN_UI","Lot artisans et affiliations","Master §§7–14 et annexe A : champs/actions existants, erreurs explicites, contexte autorisé, responsive, persistance et audit indépendants","AST_JSX","DETECTION_AUTOMATIQUE_NON_REVUE; imports candidats ≠ visibilité prouvée","À INVENTORIER","NON EXÉCUTÉ","","83f8c74e","83f8c74ea83c81a2734ef9e086c2edd211573ebe"
"ACT-2cfa8539eafa","admin | owner | sonasp","artisan-minier","/artisan-minier/cartes/expirations | /artisan-minier/cartes/suivi | /artisan-minier/cartes/validation","ACTION_JSX","Voir le titulaire","src/pages/artisan-minier/AffiliationsCartes.tsx:853","src/pages/artisan-minier/AffiliationsCartes.tsx","","src/pages/artisan-minier/AffiliationsCartes.tsx:121 hasSensitiveCapability( user, CAPABILITIES.PLATFORM_SETTINGS_MANAGE, ) | src/pages/artisan-minier/AffiliationsCartes.tsx:125 hasSensitiveCapability( user, CAPABILITIES.ARTISAN_MEMBERSHIP_MANAGE, ) | src/pages/artisan-minier/AffiliationsCartes.tsx:131 hasSensitiveCapability(user, CAPABILITIES.ARTISAN_CARDS_MANAGE)","Hérite du contexte route candidat; conditions internes à relire; serveur non testé","NON_INSPECTE_EN_UI","Lot artisans et affiliations","Master §§7–14 et annexe A : champs/actions existants, erreurs explicites, contexte autorisé, responsive, persistance et audit indépendants","AST_JSX","DETECTION_AUTOMATIQUE_NON_REVUE; imports candidats ≠ visibilité prouvée","À INVENTORIER","NON EXÉCUTÉ","","83f8c74e","83f8c74ea83c81a2734ef9e086c2edd211573ebe"
"ACT-2d0a651aa4a1","admin | comptoir | owner | sonasp","artisan_gold_market","/artisan-minier/ventes-or/:id/modifier | /artisan-minier/ventes-or/nouvelle","ACTION_JSX","button","src/pages/artisan-minier/VenteOrForm.tsx:661","src/pages/artisan-minier/VenteOrForm.tsx","{() => handleKarat(karat)}","src/pages/artisan-minier/VenteOrForm.tsx:199 isComptoirScopedUser(user)","Hérite du contexte route candidat; conditions internes à relire; serveur non testé","NON_INSPECTE_EN_UI","Lot marché artisanal et paiements","Master §§7–14 et annexe A : champs/actions existants, erreurs explicites, contexte autorisé, responsive, persistance et audit indépendants","AST_JSX","DETECTION_AUTOMATIQUE_NON_REVUE; imports candidats ≠ visibilité prouvée","À INVENTORIER","NON EXÉCUTÉ","","83f8c74e","83f8c74ea83c81a2734ef9e086c2edd211573ebe"
"ACT-2dba6a0b3b8b","admin | dgmg | owner | sonasp","mining_sites","/artisan-sites","ACTION_JSX","button","src/pages/artisanal-sites/ArtisanalSitesOverview.tsx:311","src/pages/artisanal-sites/ArtisanalSitesOverview.tsx","{() => setDatePanelOpen((open) => !open)}","src/pages/artisanal-sites/ArtisanalSitesOverview.tsx:142 canManageMiningRegistry(user)","Hérite du contexte route candidat; conditions internes à relire; serveur non testé","NON_INSPECTE_EN_UI","Lot sites artisanaux","Master §§7–14 et annexe A : champs/actions existants, erreurs explicites, contexte autorisé, responsive, persistance et audit indépendants","AST_JSX","DETECTION_AUTOMATIQUE_NON_REVUE; imports candidats ≠ visibilité prouvée","À INVENTORIER","NON EXÉCUTÉ","","83f8c74e","83f8c74ea83c81a2734ef9e086c2edd211573ebe"
"ACT-2e0be5dd4606","admin | dgmg | owner","artisan-minier","/artisan-minier/comptoirs/:id | /artisan-minier/comptoirs/:id/modifier | /artisan-minier/comptoirs/nouveau","ACTION_JSX","{busy ? <Loader2 className=""sn-spin"" /> : <Save />} {busy ? ""Enregistrement…"" : ""Enregistrer le dossier""}","src/pages/collector/ComptoirForm.tsx:779","src/pages/collector/ComptoirForm.tsx","","src/pages/collector/ComptoirForm.tsx:938 canManageMiningRegistry(user)","Hérite du contexte route candidat; conditions internes à relire; serveur non testé","NON_INSPECTE_EN_UI","Lot artisans et affiliations","Master §§7–14 et annexe A : champs/actions existants, erreurs explicites, contexte autorisé, responsive, persistance et audit indépendants","AST_JSX","DETECTION_AUTOMATIQUE_NON_REVUE; imports candidats ≠ visibilité prouvée","À INVENTORIER","NON EXÉCUTÉ","","83f8c74e","83f8c74ea83c81a2734ef9e086c2edd211573ebe"
"ACT-2e26b2347e99","admin | comptoir | owner | sonasp","artisan_gold_market","/artisan-minier/paiements","ACTION_JSX","Tous","src/pages/artisan-minier/PaiementsVentesDashboard.tsx:375","src/pages/artisan-minier/PaiementsVentesDashboard.tsx","{() => setStatut('tous')}","src/pages/artisan-minier/PaiementsVentesDashboard.tsx:100 hasSensitiveCapability( user, isComptoir ? CAPABILITIES.COMPTOIR_PAYMENTS_EXECUTE : CAPABILITIES.FINANCE_EXECUTE, ) | src/pages/artisan-minier/PaiementsVentesDashboard.tsx:95 isComptoirScopedUser(user) | src/pages/artisan-minier/PaiementsVentesDashboard.tsx:96 hasSensitiveCapability( user, isComptoir ? CAPABILITIES.COMPTOIR_INVOICES_ISSUE : CAPABILITIES.SONASP_PREPARE, )","Hérite du contexte route candidat; conditions internes à relire; serveur non testé","NON_INSPECTE_EN_UI","Lot marché artisanal et paiements","Master §§7–14 et annexe A : champs/actions existants, erreurs explicites, contexte autorisé, responsive, persistance et audit indépendants","AST_JSX","DETECTION_AUTOMATIQUE_NON_REVUE; imports candidats ≠ visibilité prouvée","À INVENTORIER","NON EXÉCUTÉ","","83f8c74e","83f8c74ea83c81a2734ef9e086c2edd211573ebe"
"ACT-2ea16e404772","admin | collector | comptoir | dgmg | owner | sonasp","artisan-minier","/artisan-minier/:id | /artisan-minier/cartes/expirations | /artisan-minier/cartes/suivi | /artisan-minier/cartes/validation","ACTION_JSX","{presentation === ""detail"" ? side === ""pdf"" ? ""Télécharger PDF"" : ""Télécharger PNG"" : side === ""pdf"" }","src/components/artisan/AffiliationDigitalCard.tsx:257","src/components/artisan/AffiliationDigitalCard.tsx","{() => void download(side, path)}","","Hérite du contexte route candidat; conditions internes à relire; serveur non testé","NON_INSPECTE_EN_UI","Lot artisans et affiliations","Master §§7–14 et annexe A : champs/actions existants, erreurs explicites, contexte autorisé, responsive, persistance et audit indépendants","AST_JSX","DETECTION_AUTOMATIQUE_NON_REVUE; imports candidats ≠ visibilité prouvée","À INVENTORIER","NON EXÉCUTÉ","","83f8c74e","83f8c74ea83c81a2734ef9e086c2edd211573ebe"
"ACT-2ed369b40f01","admin | collector | comptoir | dgi | owner | sonasp","artisan_gold_market","/artisan-minier/ventes-or","ACTION_JSX","div","src/pages/artisan-minier/VentesOr.tsx:380","src/pages/artisan-minier/VentesOr.tsx","{() => setFiltresOuverts(false)}","src/pages/artisan-minier/VentesOr.tsx:133 isComptoirScopedUser(user) | src/pages/artisan-minier/VentesOr.tsx:134 isCollectorScopedUser(user)","Hérite du contexte route candidat; conditions internes à relire; serveur non testé","NON_INSPECTE_EN_UI","Lot marché artisanal et paiements","Master §§7–14 et annexe A : champs/actions existants, erreurs explicites, contexte autorisé, responsive, persistance et audit indépendants","AST_JSX","DETECTION_AUTOMATIQUE_NON_REVUE; imports candidats ≠ visibilité prouvée","À INVENTORIER","NON EXÉCUTÉ","","83f8c74e","83f8c74ea83c81a2734ef9e086c2edd211573ebe"
"ACT-2ef48f623c7a","admin | collector | comptoir | dgmg | owner | sonasp","artisan-minier","/artisan-minier/:id/edit | /artisan-minier/liste","ACTION_JSX","Rejeter","src/components/artisan/ArtisanMinierForm.tsx:881","src/components/artisan/ArtisanMinierForm.tsx","{() => void handleReviewMoyen(moyen, false) }","src/components/artisan/ArtisanMinierForm.tsx:434 canManageMiningRegistry(user) | src/components/artisan/ArtisanMinierForm.tsx:95 hasSensitiveCapability( user, CAPABILITIES.ARTISAN_PAYMENT_METHODS_MANAGE, )","Hérite du contexte route candidat; conditions internes à relire; serveur non testé","NON_INSPECTE_EN_UI","Lot artisans et affiliations","Master §§7–14 et annexe A : champs/actions existants, erreurs explicites, contexte autorisé, responsive, persistance et audit indépendants","AST_JSX","DETECTION_AUTOMATIQUE_NON_REVUE; imports candidats ≠ visibilité prouvée","À INVENTORIER","NON EXÉCUTÉ","","83f8c74e","83f8c74ea83c81a2734ef9e086c2edd211573ebe"
"ACT-2f36d2f41b53","admin | collector | comptoir | owner | sonasp","artisan_gold_market","/artisan-minier/paiements/:venteId/nouveau","ACTION_JSX","Facture PDF","src/pages/artisan-minier/PaiementForm.tsx:489","src/pages/artisan-minier/PaiementForm.tsx","{() => void telechargerFacture()}","src/pages/artisan-minier/PaiementForm.tsx:242 isCollectorScopedUser(user) | src/pages/artisan-minier/PaiementForm.tsx:243 hasSensitiveCapability(user, CAPABILITIES.COLLECTOR_PAYMENTS_EXECUTE) | src/pages/artisan-minier/PaiementForm.tsx:244 hasSensitiveCapability(user, CAPABILITIES.COMPTOIR_PAYMENTS_EXECUTE) | src/pages/artisan-minier/PaiementForm.tsx:244 hasSensitiveCapability(user, CAPABILITIES.FINANCE_EXECUTE)","Hérite du contexte route candidat; conditions internes à relire; serveur non testé","NON_INSPECTE_EN_UI","Lot marché artisanal et paiements","Master §§7–14 et annexe A : champs/actions existants, erreurs explicites, contexte autorisé, responsive, persistance et audit indépendants","AST_JSX","DETECTION_AUTOMATIQUE_NON_REVUE; imports candidats ≠ visibilité prouvée","À INVENTORIER","NON EXÉCUTÉ","","83f8c74e","83f8c74ea83c81a2734ef9e086c2edd211573ebe"
"ACT-2f69022fe5af","admin | owner | sonasp","artisan-minier","/artisan-minier/cartes/expirations | /artisan-minier/cartes/suivi | /artisan-minier/cartes/validation","ACTION_JSX","Réinitialiser les filtres","src/pages/artisan-minier/AffiliationsCartes.tsx:872","src/pages/artisan-minier/AffiliationsCartes.tsx","{resetFilters}","src/pages/artisan-minier/AffiliationsCartes.tsx:121 hasSensitiveCapability( user, CAPABILITIES.PLATFORM_SETTINGS_MANAGE, ) | src/pages/artisan-minier/AffiliationsCartes.tsx:125 hasSensitiveCapability( user, CAPABILITIES.ARTISAN_MEMBERSHIP_MANAGE, ) | src/pages/artisan-minier/AffiliationsCartes.tsx:131 hasSensitiveCapability(user, CAPABILITIES.ARTISAN_CARDS_MANAGE)","Hérite du contexte route candidat; conditions internes à relire; serveur non testé","NON_INSPECTE_EN_UI","Lot artisans et affiliations","Master §§7–14 et annexe A : champs/actions existants, erreurs explicites, contexte autorisé, responsive, persistance et audit indépendants","AST_JSX","DETECTION_AUTOMATIQUE_NON_REVUE; imports candidats ≠ visibilité prouvée","À INVENTORIER","NON EXÉCUTÉ","","83f8c74e","83f8c74ea83c81a2734ef9e086c2edd211573ebe"
"ACT-2f85d548d992","admin | dgmg | owner","artisan-minier","/artisan-minier/comptoirs/:id | /artisan-minier/comptoirs/:id/modifier | /artisan-minier/comptoirs/nouveau","ACTION_JSX","Retour à la liste","src/pages/collector/ComptoirForm.tsx:978","src/pages/collector/ComptoirForm.tsx","","src/pages/collector/ComptoirForm.tsx:938 canManageMiningRegistry(user)","Hérite du contexte route candidat; conditions internes à relire; serveur non testé","NON_INSPECTE_EN_UI","Lot artisans et affiliations","Master §§7–14 et annexe A : champs/actions existants, erreurs explicites, contexte autorisé, responsive, persistance et audit indépendants","AST_JSX","DETECTION_AUTOMATIQUE_NON_REVUE; imports candidats ≠ visibilité prouvée","À INVENTORIER","NON EXÉCUTÉ","","83f8c74e","83f8c74ea83c81a2734ef9e086c2edd211573ebe"
"ACT-3062839d30dd","admin | dgmg | owner | sonasp","mining_sites","/artisan-sites","ACTION_JSX","button","src/pages/artisanal-sites/ArtisanalSitesOverview.tsx:510","src/pages/artisanal-sites/ArtisanalSitesOverview.tsx","{() => { setScope('watch'); setPage(1); }}","src/pages/artisanal-sites/ArtisanalSitesOverview.tsx:142 canManageMiningRegistry(user)","Hérite du contexte route candidat; conditions internes à relire; serveur non testé","NON_INSPECTE_EN_UI","Lot sites artisanaux","Master §§7–14 et annexe A : champs/actions existants, erreurs explicites, contexte autorisé, responsive, persistance et audit indépendants","AST_JSX","DETECTION_AUTOMATIQUE_NON_REVUE; imports candidats ≠ visibilité prouvée","À INVENTORIER","NON EXÉCUTÉ","","83f8c74e","83f8c74ea83c81a2734ef9e086c2edd211573ebe"
"ACT-307a1e769bef","admin | collector | comptoir | owner | sonasp","artisan_gold_market","/artisan-minier/paiements/historique/:paiementId","ACTION_JSX","a","src/pages/artisan-minier/PaiementDetails.tsx:369","src/pages/artisan-minier/PaiementDetails.tsx","","src/pages/artisan-minier/PaiementDetails.tsx:181 isCollectorScopedUser(user) | src/pages/artisan-minier/PaiementDetails.tsx:183 hasSensitiveCapability(user, CAPABILITIES.COLLECTOR_PAYMENTS_EXECUTE) | src/pages/artisan-minier/PaiementDetails.tsx:184 hasSensitiveCapability(user, CAPABILITIES.COMPTOIR_PAYMENTS_EXECUTE) | src/pages/artisan-minier/PaiementDetails.tsx:184 hasSensitiveCapability(user, CAPABILITIES.FINANCE_EXECUTE) | src/pages/artisan-minier/PaiementDetails.tsx:185 hasSensitiveCapability(user, CAPABILITIES.COMPTOIR_PAYMENTS_RECONCILE) | src/pages/artisan-minier/PaiementDetails.tsx:186 hasSensitiveCapability(user, CAPABILITIES.FINANCE_RECONCILE)","Hérite du contexte route candidat; conditions internes à relire; serveur non testé","NON_INSPECTE_EN_UI","Lot marché artisanal et paiements","Master §§7–14 et annexe A : champs/actions existants, erreurs explicites, contexte autorisé, responsive, persistance et audit indépendants","AST_JSX","DETECTION_AUTOMATIQUE_NON_REVUE; imports candidats ≠ visibilité prouvée","À INVENTORIER","NON EXÉCUTÉ","","83f8c74e","83f8c74ea83c81a2734ef9e086c2edd211573ebe"
"ACT-30f7cb0f2697","admin | collector | comptoir | dgi | owner | sonasp","artisan_gold_market","/artisan-minier/ventes-or/:id","ACTION_JSX","Retour au registre","src/pages/artisan-minier/VenteOrDetails.tsx:211","src/pages/artisan-minier/VenteOrDetails.tsx","{() => navigate('/artisan-minier/ventes-or')}","src/pages/artisan-minier/VenteOrDetails.tsx:115 isCollectorScopedUser(user)","Hérite du contexte route candidat; conditions internes à relire; serveur non testé","NON_INSPECTE_EN_UI","Lot marché artisanal et paiements","Master §§7–14 et annexe A : champs/actions existants, erreurs explicites, contexte autorisé, responsive, persistance et audit indépendants","AST_JSX","DETECTION_AUTOMATIQUE_NON_REVUE; imports candidats ≠ visibilité prouvée","À INVENTORIER","NON EXÉCUTÉ","","83f8c74e","83f8c74ea83c81a2734ef9e086c2edd211573ebe"
"ACT-322ee15a12a2","admin | dgmg | owner","artisan-minier","/artisan-minier/comptoirs","ACTION_JSX","Link","src/pages/collector/ComptoirsPage.tsx:141","src/pages/collector/ComptoirsPage.tsx","{(e) => e.stopPropagation()}","","Hérite du contexte route candidat; conditions internes à relire; serveur non testé","NON_INSPECTE_EN_UI","Lot artisans et affiliations","Master §§7–14 et annexe A : champs/actions existants, erreurs explicites, contexte autorisé, responsive, persistance et audit indépendants","AST_JSX","DETECTION_AUTOMATIQUE_NON_REVUE; imports candidats ≠ visibilité prouvée","À INVENTORIER","NON EXÉCUTÉ","","83f8c74e","83f8c74ea83c81a2734ef9e086c2edd211573ebe"
"ACT-327cf14e9d22","comptoir | owner","portal-comptoir","/portail-comptoir/ventes-sonasp","ACTION_JSX","Fermer","src/pages/comptoir/ComptoirSonaspSalesPage.tsx:127","src/pages/comptoir/ComptoirSonaspSalesPage.tsx","{() => setDialogOpen(false)}","","Hérite du contexte route candidat; conditions internes à relire; serveur non testé","NON_INSPECTE_EN_UI","Lot portal-comptoir","Master §§7–14 et annexe A : champs/actions existants, erreurs explicites, contexte autorisé, responsive, persistance et audit indépendants","AST_JSX","DETECTION_AUTOMATIQUE_NON_REVUE; imports candidats ≠ visibilité prouvée","À INVENTORIER","NON EXÉCUTÉ","","83f8c74e","83f8c74ea83c81a2734ef9e086c2edd211573ebe"
"ACT-337079538a6d","admin | owner | sonasp","artisan-minier","/artisan-minier","ACTION_JSX","Réinitialiser","src/pages/artisan-minier/ArtisanMinierDashboard.tsx:337","src/pages/artisan-minier/ArtisanMinierDashboard.tsx","{resetFilters}","","Hérite du contexte route candidat; conditions internes à relire; serveur non testé","NON_INSPECTE_EN_UI","Lot artisans et affiliations","Master §§7–14 et annexe A : champs/actions existants, erreurs explicites, contexte autorisé, responsive, persistance et audit indépendants","AST_JSX","DETECTION_AUTOMATIQUE_NON_REVUE; imports candidats ≠ visibilité prouvée","À INVENTORIER","NON EXÉCUTÉ","","83f8c74e","83f8c74ea83c81a2734ef9e086c2edd211573ebe"
"ACT-351df22a6404","admin | collector | comptoir | dgmg | owner | sonasp","artisan-minier","/artisan-minier/collecteurs | /artisan-minier/collecteurs/:id","ACTION_JSX","Modifier le dossier","src/pages/collector/CollectorDetails.tsx:314","src/pages/collector/CollectorDetails.tsx","","","Hérite du contexte route candidat; conditions internes à relire; serveur non testé","NON_INSPECTE_EN_UI","Lot artisans et affiliations","Master §§7–14 et annexe A : champs/actions existants, erreurs explicites, contexte autorisé, responsive, persistance et audit indépendants","AST_JSX","DETECTION_AUTOMATIQUE_NON_REVUE; imports candidats ≠ visibilité prouvée","À INVENTORIER","NON EXÉCUTÉ","","83f8c74e","83f8c74ea83c81a2734ef9e086c2edd211573ebe"
"ACT-36b5b3265240","admin | comptoir | owner | sonasp","artisan_gold_market","/artisan-minier/ventes-or/:id/modifier | /artisan-minier/ventes-or/nouvelle","ACTION_JSX","Actualiser le cours de l’or","src/pages/artisan-minier/VenteOrForm.tsx:897","src/pages/artisan-minier/VenteOrForm.tsx","{() => void handleRefreshCours()}","src/pages/artisan-minier/VenteOrForm.tsx:199 isComptoirScopedUser(user)","Hérite du contexte route candidat; conditions internes à relire; serveur non testé","NON_INSPECTE_EN_UI","Lot marché artisanal et paiements","Master §§7–14 et annexe A : champs/actions existants, erreurs explicites, contexte autorisé, responsive, persistance et audit indépendants","AST_JSX","DETECTION_AUTOMATIQUE_NON_REVUE; imports candidats ≠ visibilité prouvée","À INVENTORIER","NON EXÉCUTÉ","","83f8c74e","83f8c74ea83c81a2734ef9e086c2edd211573ebe"
"ACT-39488f51329b","admin | collector | comptoir | dgi | owner | sonasp","artisan_gold_market","/artisan-minier/ventes-or","ACTION_JSX","{isComptoir ? 'Nouvel achat' : 'Nouvelle vente'}","src/pages/artisan-minier/VentesOr.tsx:494","src/pages/artisan-minier/VentesOr.tsx","{() => navigate('/artisan-minier/ventes-or/nouvelle')}","src/pages/artisan-minier/VentesOr.tsx:133 isComptoirScopedUser(user) | src/pages/artisan-minier/VentesOr.tsx:134 isCollectorScopedUser(user)","Hérite du contexte route candidat; conditions internes à relire; serveur non testé","NON_INSPECTE_EN_UI","Lot marché artisanal et paiements","Master §§7–14 et annexe A : champs/actions existants, erreurs explicites, contexte autorisé, responsive, persistance et audit indépendants","AST_JSX","DETECTION_AUTOMATIQUE_NON_REVUE; imports candidats ≠ visibilité prouvée","À INVENTORIER","NON EXÉCUTÉ","","83f8c74e","83f8c74ea83c81a2734ef9e086c2edd211573ebe"
"ACT-3a6fa59b19dd","admin | collector | comptoir | dgmg | owner | sonasp","artisan-minier","/artisan-minier/:id/edit | /artisan-minier/liste","ACTION_JSX","button","src/components/artisan/ArtisanDossierFields.tsx:506","src/components/artisan/ArtisanDossierFields.tsx","{() => { p.onParent(parent); p.setQuery(""""); }}","","Hérite du contexte route candidat; conditions internes à relire; serveur non testé","NON_INSPECTE_EN_UI","Lot artisans et affiliations","Master §§7–14 et annexe A : champs/actions existants, erreurs explicites, contexte autorisé, responsive, persistance et audit indépendants","AST_JSX","DETECTION_AUTOMATIQUE_NON_REVUE; imports candidats ≠ visibilité prouvée","À INVENTORIER","NON EXÉCUTÉ","","83f8c74e","83f8c74ea83c81a2734ef9e086c2edd211573ebe"
"ACT-3b474d4aa3f3","admin | collector | comptoir | dgmg | owner | sonasp","artisan-minier","/artisan-minier/:id | /artisan-minier/cartes/expirations | /artisan-minier/cartes/suivi | /artisan-minier/cartes/validation","ACTION_JSX","Voir tout l’historique","src/components/artisan/AffiliationDossier.tsx:692","src/components/artisan/AffiliationDossier.tsx","{() => setTab(""historique"")}","src/components/artisan/AffiliationDossier.tsx:74 hasSensitiveCapability( user, CAPABILITIES.ARTISAN_CARDS_MANAGE, ) | src/components/artisan/AffiliationDossier.tsx:78 hasSensitiveCapability( user, CAPABILITIES.ARTISAN_MEMBERSHIP_MANAGE, ) | src/components/artisan/AffiliationDossier.tsx:82 hasSensitiveCapability( user, CAPABILITIES.ARTISAN_MEMBERSHIP_CONFIRM, ) | src/components/artisan/AffiliationDossier.tsx:86 hasSensitiveCapability( user, CAPABILITIES.ARTISAN_CARDS_ACTIVATE, )","Hérite du contexte route candidat; conditions internes à relire; serveur non testé","NON_INSPECTE_EN_UI","Lot artisans et affiliations","Master §§7–14 et annexe A : champs/actions existants, erreurs explicites, contexte autorisé, responsive, persistance et audit indépendants","AST_JSX","DETECTION_AUTOMATIQUE_NON_REVUE; imports candidats ≠ visibilité prouvée","À INVENTORIER","NON EXÉCUTÉ","","83f8c74e","83f8c74ea83c81a2734ef9e086c2edd211573ebe"
"ACT-3baf8476c0c9","collector | owner","portal-collector","/portail-collecteur","ACTION_JSX","Documents","src/pages/collector/CollectorPortalPage.tsx:126","src/pages/collector/CollectorPortalPage.tsx","","","Hérite du contexte route candidat; conditions internes à relire; serveur non testé","NON_INSPECTE_EN_UI","Lot portal-collector","Master §§7–14 et annexe A : champs/actions existants, erreurs explicites, contexte autorisé, responsive, persistance et audit indépendants","AST_JSX","DETECTION_AUTOMATIQUE_NON_REVUE; imports candidats ≠ visibilité prouvée","À INVENTORIER","NON EXÉCUTÉ","","83f8c74e","83f8c74ea83c81a2734ef9e086c2edd211573ebe"
"ACT-3caac0c026fa","admin | collector | comptoir | owner | sonasp","artisan_gold_market","/artisan-minier/paiements/historique","ACTION_JSX","{ARTISAN_PAYMENT_STATUS_SHORT_LABELS[key]}","src/pages/artisan-minier/PaiementsHistorique.tsx:390","src/pages/artisan-minier/PaiementsHistorique.tsx","{() => setFilters((current) => ({ ...current, statut: key }))}","src/pages/artisan-minier/PaiementsHistorique.tsx:128 isCollectorScopedUser(user)","Hérite du contexte route candidat; conditions internes à relire; serveur non testé","NON_INSPECTE_EN_UI","Lot marché artisanal et paiements","Master §§7–14 et annexe A : champs/actions existants, erreurs explicites, contexte autorisé, responsive, persistance et audit indépendants","AST_JSX","DETECTION_AUTOMATIQUE_NON_REVUE; imports candidats ≠ visibilité prouvée","À INVENTORIER","NON EXÉCUTÉ","","83f8c74e","83f8c74ea83c81a2734ef9e086c2edd211573ebe"
"ACT-3ce4d366c26f","admin | collector | comptoir | dgmg | owner | sonasp","artisan-minier","/artisan-minier/:id/edit | /artisan-minier/liste","ACTION_JSX","Annuler le remplacement","src/components/artisan/ArtisanDocuments.tsx:105","src/components/artisan/ArtisanDocuments.tsx","{() => setReplaces(undefined)}","","Hérite du contexte route candidat; conditions internes à relire; serveur non testé","NON_INSPECTE_EN_UI","Lot artisans et affiliations","Master §§7–14 et annexe A : champs/actions existants, erreurs explicites, contexte autorisé, responsive, persistance et audit indépendants","AST_JSX","DETECTION_AUTOMATIQUE_NON_REVUE; imports candidats ≠ visibilité prouvée","À INVENTORIER","NON EXÉCUTÉ","","83f8c74e","83f8c74ea83c81a2734ef9e086c2edd211573ebe"
"ACT-3cfb267b3f14","admin | collector | comptoir | dgi | owner | sonasp","artisan_gold_market","/artisan-minier/ventes-or/:id","ACTION_JSX","Modifier","src/pages/artisan-minier/VenteOrDetails.tsx:257","src/pages/artisan-minier/VenteOrDetails.tsx","{() => navigate(`/artisan-minier/ventes-or/${vente.id}/modifier`)}","src/pages/artisan-minier/VenteOrDetails.tsx:115 isCollectorScopedUser(user)","Hérite du contexte route candidat; conditions internes à relire; serveur non testé","NON_INSPECTE_EN_UI","Lot marché artisanal et paiements","Master §§7–14 et annexe A : champs/actions existants, erreurs explicites, contexte autorisé, responsive, persistance et audit indépendants","AST_JSX","DETECTION_AUTOMATIQUE_NON_REVUE; imports candidats ≠ visibilité prouvée","À INVENTORIER","NON EXÉCUTÉ","","83f8c74e","83f8c74ea83c81a2734ef9e086c2edd211573ebe"
"ACT-3dbe59b96c94","admin | collector | comptoir | dgmg | owner | sonasp","artisan-minier","/artisan-minier/liste","ACTION_JSX","Réinitialiser","src/pages/artisan-minier/ArtisanMinierListe.tsx:469","src/pages/artisan-minier/ArtisanMinierListe.tsx","{resetFilters}","src/pages/artisan-minier/ArtisanMinierListe.tsx:164 isComptoirScopedUser(user) | src/pages/artisan-minier/ArtisanMinierListe.tsx:165 isCollectorScopedUser(user) | src/pages/artisan-minier/ArtisanMinierListe.tsx:303 canManageMiningRegistry(user) | src/pages/artisan-minier/ArtisanMinierListe.tsx:353 canManageMiningRegistry(user)","Hérite du contexte route candidat; conditions internes à relire; serveur non testé","NON_INSPECTE_EN_UI","Lot artisans et affiliations","Master §§7–14 et annexe A : champs/actions existants, erreurs explicites, contexte autorisé, responsive, persistance et audit indépendants","AST_JSX","DETECTION_AUTOMATIQUE_NON_REVUE; imports candidats ≠ visibilité prouvée","À INVENTORIER","NON EXÉCUTÉ","","83f8c74e","83f8c74ea83c81a2734ef9e086c2edd211573ebe"
"ACT-3ddbc675bbfc","admin | collector | comptoir | dgmg | owner | sonasp","artisan-minier","/artisan-minier/:id/edit | /artisan-minier/liste","ACTION_JSX","{verifyingMoyenId === moyen.id && ( <Loader2 className=""sn-spin"" aria-hidden=""true"" /> )} Vérifier","src/components/artisan/ArtisanMinierForm.tsx:862","src/components/artisan/ArtisanMinierForm.tsx","{() => void handleReviewMoyen(moyen, true) }","src/components/artisan/ArtisanMinierForm.tsx:434 canManageMiningRegistry(user) | src/components/artisan/ArtisanMinierForm.tsx:95 hasSensitiveCapability( user, CAPABILITIES.ARTISAN_PAYMENT_METHODS_MANAGE, )","Hérite du contexte route candidat; conditions internes à relire; serveur non testé","NON_INSPECTE_EN_UI","Lot artisans et affiliations","Master §§7–14 et annexe A : champs/actions existants, erreurs explicites, contexte autorisé, responsive, persistance et audit indépendants","AST_JSX","DETECTION_AUTOMATIQUE_NON_REVUE; imports candidats ≠ visibilité prouvée","À INVENTORIER","NON EXÉCUTÉ","","83f8c74e","83f8c74ea83c81a2734ef9e086c2edd211573ebe"
"ACT-3ef030137faf","admin | owner | sonasp","artisan-minier","/artisan-minier","ACTION_JSX","Filtres {filtresActifs > 0 && <em>{filtresActifs}</em>}","src/pages/artisan-minier/ArtisanMinierDashboard.tsx:246","src/pages/artisan-minier/ArtisanMinierDashboard.tsx","{() => setFiltresOuverts(true)}","","Hérite du contexte route candidat; conditions internes à relire; serveur non testé","NON_INSPECTE_EN_UI","Lot artisans et affiliations","Master §§7–14 et annexe A : champs/actions existants, erreurs explicites, contexte autorisé, responsive, persistance et audit indépendants","AST_JSX","DETECTION_AUTOMATIQUE_NON_REVUE; imports candidats ≠ visibilité prouvée","À INVENTORIER","NON EXÉCUTÉ","","83f8c74e","83f8c74ea83c81a2734ef9e086c2edd211573ebe"
"ACT-3f42a3b3dfe6","admin | collector | comptoir | dgmg | owner | sonasp","artisan-minier","/artisan-minier/liste","ACTION_JSX","Appliquer","src/pages/artisan-minier/ArtisanMinierListe.tsx:472","src/pages/artisan-minier/ArtisanMinierListe.tsx","{() => setApplied(draft)}","src/pages/artisan-minier/ArtisanMinierListe.tsx:164 isComptoirScopedUser(user) | src/pages/artisan-minier/ArtisanMinierListe.tsx:165 isCollectorScopedUser(user) | src/pages/artisan-minier/ArtisanMinierListe.tsx:303 canManageMiningRegistry(user) | src/pages/artisan-minier/ArtisanMinierListe.tsx:353 canManageMiningRegistry(user)","Hérite du contexte route candidat; conditions internes à relire; serveur non testé","NON_INSPECTE_EN_UI","Lot artisans et affiliations","Master §§7–14 et annexe A : champs/actions existants, erreurs explicites, contexte autorisé, responsive, persistance et audit indépendants","AST_JSX","DETECTION_AUTOMATIQUE_NON_REVUE; imports candidats ≠ visibilité prouvée","À INVENTORIER","NON EXÉCUTÉ","","83f8c74e","83f8c74ea83c81a2734ef9e086c2edd211573ebe"
"ACT-3fdd608f0889","admin | collector | comptoir | dgmg | owner | sonasp","artisan-minier","/artisan-minier/collecteurs | /artisan-minier/collecteurs/:id","ACTION_JSX","{record.account_user_id ? ""Gérer le compte utilisateur"" : ""Associer un compte utilisateur""}","src/pages/collector/CollectorDetails.tsx:436","src/pages/collector/CollectorDetails.tsx","","","Hérite du contexte route candidat; conditions internes à relire; serveur non testé","NON_INSPECTE_EN_UI","Lot artisans et affiliations","Master §§7–14 et annexe A : champs/actions existants, erreurs explicites, contexte autorisé, responsive, persistance et audit indépendants","AST_JSX","DETECTION_AUTOMATIQUE_NON_REVUE; imports candidats ≠ visibilité prouvée","À INVENTORIER","NON EXÉCUTÉ","","83f8c74e","83f8c74ea83c81a2734ef9e086c2edd211573ebe"
"ACT-4017bde5950b","admin | collector | comptoir | dgmg | owner | sonasp","artisan-minier","/artisan-minier/liste","ACTION_JSX","Affichage en tableau","src/pages/artisan-minier/ArtisanMinierListe.tsx:509","src/pages/artisan-minier/ArtisanMinierListe.tsx","{() => setView('list')}","src/pages/artisan-minier/ArtisanMinierListe.tsx:164 isComptoirScopedUser(user) | src/pages/artisan-minier/ArtisanMinierListe.tsx:165 isCollectorScopedUser(user) | src/pages/artisan-minier/ArtisanMinierListe.tsx:303 canManageMiningRegistry(user) | src/pages/artisan-minier/ArtisanMinierListe.tsx:353 canManageMiningRegistry(user)","Hérite du contexte route candidat; conditions internes à relire; serveur non testé","NON_INSPECTE_EN_UI","Lot artisans et affiliations","Master §§7–14 et annexe A : champs/actions existants, erreurs explicites, contexte autorisé, responsive, persistance et audit indépendants","AST_JSX","DETECTION_AUTOMATIQUE_NON_REVUE; imports candidats ≠ visibilité prouvée","À INVENTORIER","NON EXÉCUTÉ","","83f8c74e","83f8c74ea83c81a2734ef9e086c2edd211573ebe"
"ACT-42d63ae6e68a","admin | dgmg | owner | sonasp","mining_sites","/artisan-sites","ACTION_JSX","Carte","src/pages/artisanal-sites/ArtisanalSitesOverview.tsx:445","src/pages/artisanal-sites/ArtisanalSitesOverview.tsx","{() => setMapTab('map')}","src/pages/artisanal-sites/ArtisanalSitesOverview.tsx:142 canManageMiningRegistry(user)","Hérite du contexte route candidat; conditions internes à relire; serveur non testé","NON_INSPECTE_EN_UI","Lot sites artisanaux","Master §§7–14 et annexe A : champs/actions existants, erreurs explicites, contexte autorisé, responsive, persistance et audit indépendants","AST_JSX","DETECTION_AUTOMATIQUE_NON_REVUE; imports candidats ≠ visibilité prouvée","À INVENTORIER","NON EXÉCUTÉ","","83f8c74e","83f8c74ea83c81a2734ef9e086c2edd211573ebe"
"ACT-459c0563d280","admin | dgmg | owner | sonasp","mining_sites","/artisan-sites","ACTION_JSX","Voir les {integer.format(insights.length)} sites","src/pages/artisanal-sites/ArtisanalSitesOverview.tsx:717","src/pages/artisanal-sites/ArtisanalSitesOverview.tsx","{() => { setScope('all'); setPageSize(50); setPage(1); }}","src/pages/artisanal-sites/ArtisanalSitesOverview.tsx:142 canManageMiningRegistry(user)","Hérite du contexte route candidat; conditions internes à relire; serveur non testé","NON_INSPECTE_EN_UI","Lot sites artisanaux","Master §§7–14 et annexe A : champs/actions existants, erreurs explicites, contexte autorisé, responsive, persistance et audit indépendants","AST_JSX","DETECTION_AUTOMATIQUE_NON_REVUE; imports candidats ≠ visibilité prouvée","À INVENTORIER","NON EXÉCUTÉ","","83f8c74e","83f8c74ea83c81a2734ef9e086c2edd211573ebe"
"ACT-45ab26457a23","admin | collector | comptoir | dgmg | owner | sonasp","artisan-minier","/artisan-minier/:id | /artisan-minier/cartes/expirations | /artisan-minier/cartes/suivi | /artisan-minier/cartes/validation","ACTION_JSX","{face === ""recto"" ? ""Voir le verso"" : ""Voir le recto""}","src/components/artisan/AffiliationDigitalCard.tsx:222","src/components/artisan/AffiliationDigitalCard.tsx","{switchFace}","","Hérite du contexte route candidat; conditions internes à relire; serveur non testé","NON_INSPECTE_EN_UI","Lot artisans et affiliations","Master §§7–14 et annexe A : champs/actions existants, erreurs explicites, contexte autorisé, responsive, persistance et audit indépendants","AST_JSX","DETECTION_AUTOMATIQUE_NON_REVUE; imports candidats ≠ visibilité prouvée","À INVENTORIER","NON EXÉCUTÉ","","83f8c74e","83f8c74ea83c81a2734ef9e086c2edd211573ebe"
"ACT-488cc46c69c7","admin | collector | comptoir | dgi | owner | sonasp","artisan_gold_market","/artisan-minier/ventes-or","ACTION_JSX","Toutes","src/pages/artisan-minier/VentesOr.tsx:459","src/pages/artisan-minier/VentesOr.tsx","{() => setFilters((current) => ({ ...current, statut: 'all' }))}","src/pages/artisan-minier/VentesOr.tsx:133 isComptoirScopedUser(user) | src/pages/artisan-minier/VentesOr.tsx:134 isCollectorScopedUser(user)","Hérite du contexte route candidat; conditions internes à relire; serveur non testé","NON_INSPECTE_EN_UI","Lot marché artisanal et paiements","Master §§7–14 et annexe A : champs/actions existants, erreurs explicites, contexte autorisé, responsive, persistance et audit indépendants","AST_JSX","DETECTION_AUTOMATIQUE_NON_REVUE; imports candidats ≠ visibilité prouvée","À INVENTORIER","NON EXÉCUTÉ","","83f8c74e","83f8c74ea83c81a2734ef9e086c2edd211573ebe"
"ACT-48bea2b2207c","admin | collector | comptoir | owner | sonasp","artisan_gold_market","/artisan-minier/paiements/historique/:paiementId","ACTION_JSX","Voir la vente","src/pages/artisan-minier/PaiementDetails.tsx:391","src/pages/artisan-minier/PaiementDetails.tsx","{() => navigate(`/artisan-minier/ventes-or/${dossier.vente_or_id}`)}","src/pages/artisan-minier/PaiementDetails.tsx:181 isCollectorScopedUser(user) | src/pages/artisan-minier/PaiementDetails.tsx:183 hasSensitiveCapability(user, CAPABILITIES.COLLECTOR_PAYMENTS_EXECUTE) | src/pages/artisan-minier/PaiementDetails.tsx:184 hasSensitiveCapability(user, CAPABILITIES.COMPTOIR_PAYMENTS_EXECUTE) | src/pages/artisan-minier/PaiementDetails.tsx:184 hasSensitiveCapability(user, CAPABILITIES.FINANCE_EXECUTE) | src/pages/artisan-minier/PaiementDetails.tsx:185 hasSensitiveCapability(user, CAPABILITIES.COMPTOIR_PAYMENTS_RECONCILE) | src/pages/artisan-minier/PaiementDetails.tsx:186 hasSensitiveCapability(user, CAPABILITIES.FINANCE_RECONCILE)","Hérite du contexte route candidat; conditions internes à relire; serveur non testé","NON_INSPECTE_EN_UI","Lot marché artisanal et paiements","Master §§7–14 et annexe A : champs/actions existants, erreurs explicites, contexte autorisé, responsive, persistance et audit indépendants","AST_JSX","DETECTION_AUTOMATIQUE_NON_REVUE; imports candidats ≠ visibilité prouvée","À INVENTORIER","NON EXÉCUTÉ","","83f8c74e","83f8c74ea83c81a2734ef9e086c2edd211573ebe"
"ACT-491d2cacd885","admin | collector | comptoir | owner | sonasp","artisan_gold_market","/artisan-minier/paiements/historique/:paiementId","ACTION_JSX","Actualiser","src/pages/artisan-minier/PaiementDetails.tsx:479","src/pages/artisan-minier/PaiementDetails.tsx","{() => void loadDossier()}","src/pages/artisan-minier/PaiementDetails.tsx:181 isCollectorScopedUser(user) | src/pages/artisan-minier/PaiementDetails.tsx:183 hasSensitiveCapability(user, CAPABILITIES.COLLECTOR_PAYMENTS_EXECUTE) | src/pages/artisan-minier/PaiementDetails.tsx:184 hasSensitiveCapability(user, CAPABILITIES.COMPTOIR_PAYMENTS_EXECUTE) | src/pages/artisan-minier/PaiementDetails.tsx:184 hasSensitiveCapability(user, CAPABILITIES.FINANCE_EXECUTE) | src/pages/artisan-minier/PaiementDetails.tsx:185 hasSensitiveCapability(user, CAPABILITIES.COMPTOIR_PAYMENTS_RECONCILE) | src/pages/artisan-minier/PaiementDetails.tsx:186 hasSensitiveCapability(user, CAPABILITIES.FINANCE_RECONCILE)","Hérite du contexte route candidat; conditions internes à relire; serveur non testé","NON_INSPECTE_EN_UI","Lot marché artisanal et paiements","Master §§7–14 et annexe A : champs/actions existants, erreurs explicites, contexte autorisé, responsive, persistance et audit indépendants","AST_JSX","DETECTION_AUTOMATIQUE_NON_REVUE; imports candidats ≠ visibilité prouvée","À INVENTORIER","NON EXÉCUTÉ","","83f8c74e","83f8c74ea83c81a2734ef9e086c2edd211573ebe"
"ACT-4a4c70ec5cfb","admin | collector | comptoir | dgi | owner | sonasp","artisan_gold_market","/artisan-minier/rapports/taxes","ACTION_JSX","{isCollector ? 'Espace collecteur' : 'Centre de rapports'}","src/pages/artisan-minier/RapportTaxesRoyalties.tsx:132","src/pages/artisan-minier/RapportTaxesRoyalties.tsx","{() => navigate(isCollector ? '/portail-collecteur' : '/artisan-minier/rapports')}","src/pages/artisan-minier/RapportTaxesRoyalties.tsx:78 isCollectorScopedUser(user)","Hérite du contexte route candidat; conditions internes à relire; serveur non testé","NON_INSPECTE_EN_UI","Lot marché artisanal et paiements","Master §§7–14 et annexe A : champs/actions existants, erreurs explicites, contexte autorisé, responsive, persistance et audit indépendants","AST_JSX","DETECTION_AUTOMATIQUE_NON_REVUE; imports candidats ≠ visibilité prouvée","À INVENTORIER","NON EXÉCUTÉ","","83f8c74e","83f8c74ea83c81a2734ef9e086c2edd211573ebe"
"ACT-4a798b40793a","admin | comptoir | owner | sonasp","artisan_gold_market","/artisan-minier/ventes-or/:id/modifier | /artisan-minier/ventes-or/nouvelle","ACTION_JSX","Annuler","src/pages/artisan-minier/VenteOrForm.tsx:809","src/pages/artisan-minier/VenteOrForm.tsx","{() => navigate('/artisan-minier/ventes-or')}","src/pages/artisan-minier/VenteOrForm.tsx:199 isComptoirScopedUser(user)","Hérite du contexte route candidat; conditions internes à relire; serveur non testé","NON_INSPECTE_EN_UI","Lot marché artisanal et paiements","Master §§7–14 et annexe A : champs/actions existants, erreurs explicites, contexte autorisé, responsive, persistance et audit indépendants","AST_JSX","DETECTION_AUTOMATIQUE_NON_REVUE; imports candidats ≠ visibilité prouvée","À INVENTORIER","NON EXÉCUTÉ","","83f8c74e","83f8c74ea83c81a2734ef9e086c2edd211573ebe"
"ACT-4b2d339322ed","admin | collector | comptoir | dgmg | owner | sonasp","artisan-minier","/artisan-minier/:id","ACTION_JSX","button","src/components/artisan/ArtisanDossierSummary.tsx:221","src/components/artisan/ArtisanDossierSummary.tsx","{async () => { try { window.open( await artisanDocumentService.url(doc), ""_blank"", ""noopener,noreferrer"", ); } catch { setError( ""Cette pièce n’est pas accessible pour le moment."", ); } }}","","Hérite du contexte route candidat; conditions internes à relire; serveur non testé","NON_INSPECTE_EN_UI","Lot artisans et affiliations","Master §§7–14 et annexe A : champs/actions existants, erreurs explicites, contexte autorisé, responsive, persistance et audit indépendants","AST_JSX","DETECTION_AUTOMATIQUE_NON_REVUE; imports candidats ≠ visibilité prouvée","À INVENTORIER","NON EXÉCUTÉ","","83f8c74e","83f8c74ea83c81a2734ef9e086c2edd211573ebe"
"ACT-4b7a8da23a34","admin | dgmg | owner | sonasp","mining_sites","/artisan-sites/:siteId","ACTION_JSX","Modifier la fiche","src/pages/artisanal-sites/ArtisanalSiteDetails.tsx:64","src/pages/artisanal-sites/ArtisanalSiteDetails.tsx","","src/pages/artisanal-sites/ArtisanalSiteDetails.tsx:64 canManageMiningRegistry(user)","Hérite du contexte route candidat; conditions internes à relire; serveur non testé","NON_INSPECTE_EN_UI","Lot sites artisanaux","Master §§7–14 et annexe A : champs/actions existants, erreurs explicites, contexte autorisé, responsive, persistance et audit indépendants","AST_JSX","DETECTION_AUTOMATIQUE_NON_REVUE; imports candidats ≠ visibilité prouvée","À INVENTORIER","NON EXÉCUTÉ","","83f8c74e","83f8c74ea83c81a2734ef9e086c2edd211573ebe"
"ACT-4ca5f7569354","admin | dgmg | owner | sonasp","mining_sites","/artisan-sites","ACTION_JSX","button","src/pages/artisanal-sites/ArtisanalSitesOverview.tsx:581","src/pages/artisanal-sites/ArtisanalSitesOverview.tsx","{() => { setStatus(item); setPage(1); }}","src/pages/artisanal-sites/ArtisanalSitesOverview.tsx:142 canManageMiningRegistry(user)","Hérite du contexte route candidat; conditions internes à relire; serveur non testé","NON_INSPECTE_EN_UI","Lot sites artisanaux","Master §§7–14 et annexe A : champs/actions existants, erreurs explicites, contexte autorisé, responsive, persistance et audit indépendants","AST_JSX","DETECTION_AUTOMATIQUE_NON_REVUE; imports candidats ≠ visibilité prouvée","À INVENTORIER","NON EXÉCUTÉ","","83f8c74e","83f8c74ea83c81a2734ef9e086c2edd211573ebe"
"ACT-4cd6d3bdb01e","admin | dgmg | owner | sonasp","artisan-minier","/artisan-minier/:id/edit","ACTION_JSX","Retour à la liste","src/pages/artisan-minier/ArtisanMinierEdit.tsx:74","src/pages/artisan-minier/ArtisanMinierEdit.tsx","{() => navigate('/artisan-minier/liste')}","","Hérite du contexte route candidat; conditions internes à relire; serveur non testé","NON_INSPECTE_EN_UI","Lot artisans et affiliations","Master §§7–14 et annexe A : champs/actions existants, erreurs explicites, contexte autorisé, responsive, persistance et audit indépendants","AST_JSX","DETECTION_AUTOMATIQUE_NON_REVUE; imports candidats ≠ visibilité prouvée","À INVENTORIER","NON EXÉCUTÉ","","83f8c74e","83f8c74ea83c81a2734ef9e086c2edd211573ebe"
"ACT-4cda5abba3d2","admin | collector | comptoir | dgmg | owner | sonasp","artisan-minier","/artisan-minier/liste","ACTION_JSX","Voir le dossier","src/pages/artisan-minier/ArtisanMinierListe.tsx:575","src/pages/artisan-minier/ArtisanMinierListe.tsx","{() => navigate(`/artisan-minier/${artisan.id}`)}","src/pages/artisan-minier/ArtisanMinierListe.tsx:164 isComptoirScopedUser(user) | src/pages/artisan-minier/ArtisanMinierListe.tsx:165 isCollectorScopedUser(user) | src/pages/artisan-minier/ArtisanMinierListe.tsx:303 canManageMiningRegistry(user) | src/pages/artisan-minier/ArtisanMinierListe.tsx:353 canManageMiningRegistry(user)","Hérite du contexte route candidat; conditions internes à relire; serveur non testé","NON_INSPECTE_EN_UI","Lot artisans et affiliations","Master §§7–14 et annexe A : champs/actions existants, erreurs explicites, contexte autorisé, responsive, persistance et audit indépendants","AST_JSX","DETECTION_AUTOMATIQUE_NON_REVUE; imports candidats ≠ visibilité prouvée","À INVENTORIER","NON EXÉCUTÉ","","83f8c74e","83f8c74ea83c81a2734ef9e086c2edd211573ebe"
"ACT-4eaaf3f4adcd","admin | owner | sonasp","public-et-alias","/sonasp/cessions-comptoirs","ACTION_JSX","Annuler","src/pages/comptoir/SonaspComptoirSalesInboxPage.tsx:247","src/pages/comptoir/SonaspComptoirSalesInboxPage.tsx","{() => setDecision(null)}","src/pages/comptoir/SonaspComptoirSalesInboxPage.tsx:76 hasCapability(user, CAPABILITIES.SONASP_APPROVE) | src/pages/comptoir/SonaspComptoirSalesInboxPage.tsx:77 hasCapability(user, CAPABILITIES.FINANCE_EXECUTE)","Hérite du contexte route candidat; conditions internes à relire; serveur non testé","NON_INSPECTE_EN_UI","Lot public-et-alias","Master §§7–14 et annexe A : champs/actions existants, erreurs explicites, contexte autorisé, responsive, persistance et audit indépendants","AST_JSX","DETECTION_AUTOMATIQUE_NON_REVUE; imports candidats ≠ visibilité prouvée","À INVENTORIER","NON EXÉCUTÉ","","83f8c74e","83f8c74ea83c81a2734ef9e086c2edd211573ebe"
"ACT-4fb13a429ef0","admin | dgmg | owner | sonasp","mining_sites","/artisan-sites/:siteId","ACTION_JSX","Tous les sites artisanaux","src/pages/artisanal-sites/ArtisanalSiteDetails.tsx:56","src/pages/artisanal-sites/ArtisanalSiteDetails.tsx","","src/pages/artisanal-sites/ArtisanalSiteDetails.tsx:64 canManageMiningRegistry(user)","Hérite du contexte route candidat; conditions internes à relire; serveur non testé","NON_INSPECTE_EN_UI","Lot sites artisanaux","Master §§7–14 et annexe A : champs/actions existants, erreurs explicites, contexte autorisé, responsive, persistance et audit indépendants","AST_JSX","DETECTION_AUTOMATIQUE_NON_REVUE; imports candidats ≠ visibilité prouvée","À INVENTORIER","NON EXÉCUTÉ","","83f8c74e","83f8c74ea83c81a2734ef9e086c2edd211573ebe"
"ACT-4fbc7065af14","admin | collector | comptoir | dgmg | owner | sonasp","artisan_gold_market","/collecte/ventes | /collecte/ventes/nouvelle","ACTION_JSX","Établir la facture","src/pages/collector/CollectionSalesPage.tsx:390","src/pages/collector/CollectionSalesPage.tsx","","src/pages/collector/CollectionSalesPage.tsx:250 isCollectorScopedUser(user)","Hérite du contexte route candidat; conditions internes à relire; serveur non testé","NON_INSPECTE_EN_UI","Lot marché artisanal et paiements","Master §§7–14 et annexe A : champs/actions existants, erreurs explicites, contexte autorisé, responsive, persistance et audit indépendants","AST_JSX","DETECTION_AUTOMATIQUE_NON_REVUE; imports candidats ≠ visibilité prouvée","À INVENTORIER","NON EXÉCUTÉ","","83f8c74e","83f8c74ea83c81a2734ef9e086c2edd211573ebe"
"ACT-4fd32c3eadcb","collector | owner","portal-collector","/portail-collecteur/stock","ACTION_JSX","Actualiser","src/pages/collector/CollectorStockPage.tsx:35","src/pages/collector/CollectorStockPage.tsx","{() => void load()}","","Hérite du contexte route candidat; conditions internes à relire; serveur non testé","NON_INSPECTE_EN_UI","Lot portal-collector","Master §§7–14 et annexe A : champs/actions existants, erreurs explicites, contexte autorisé, responsive, persistance et audit indépendants","AST_JSX","DETECTION_AUTOMATIQUE_NON_REVUE; imports candidats ≠ visibilité prouvée","À INVENTORIER","NON EXÉCUTÉ","","83f8c74e","83f8c74ea83c81a2734ef9e086c2edd211573ebe"
"ACT-5003bc351971","admin | dgmg | owner","artisan-minier","/artisan-minier/comptoirs","ACTION_JSX","Link","src/pages/collector/ComptoirsPage.tsx:149","src/pages/collector/ComptoirsPage.tsx","{(e) => e.stopPropagation()}","","Hérite du contexte route candidat; conditions internes à relire; serveur non testé","NON_INSPECTE_EN_UI","Lot artisans et affiliations","Master §§7–14 et annexe A : champs/actions existants, erreurs explicites, contexte autorisé, responsive, persistance et audit indépendants","AST_JSX","DETECTION_AUTOMATIQUE_NON_REVUE; imports candidats ≠ visibilité prouvée","À INVENTORIER","NON EXÉCUTÉ","","83f8c74e","83f8c74ea83c81a2734ef9e086c2edd211573ebe"
"ACT-507d27f5f849","CONSOMMATEUR_NON_RESOLU","TRANSVERSE_OU_ORPHELIN_A_QUALIFIER","","ACTION_JSX","Actualiser","src/pages/artisan-minier/CarteSuivi.tsx:141","src/pages/artisan-minier/CarteSuivi.tsx","{() => void loadData()}","","Aucune association statique résolue; conserver dans le périmètre de qualification","NON_INSPECTE_EN_UI","Lot partagé : propriétaire à affecter par orchestrateur","Master §§7–14 et annexe A : champs/actions existants, erreurs explicites, contexte autorisé, responsive, persistance et audit indépendants","AST_JSX","DETECTION_AUTOMATIQUE_NON_REVUE; imports candidats ≠ visibilité prouvée","À INVENTORIER","NON EXÉCUTÉ","","83f8c74e","83f8c74ea83c81a2734ef9e086c2edd211573ebe"
"ACT-5180da371f90","admin | comptoir | owner | sonasp","artisan_gold_market","/artisan-minier/paiements","ACTION_JSX","{STATUT_LABELS[key]}","src/pages/artisan-minier/PaiementsVentesDashboard.tsx:379","src/pages/artisan-minier/PaiementsVentesDashboard.tsx","{() => setStatut(key)}","src/pages/artisan-minier/PaiementsVentesDashboard.tsx:100 hasSensitiveCapability( user, isComptoir ? CAPABILITIES.COMPTOIR_PAYMENTS_EXECUTE : CAPABILITIES.FINANCE_EXECUTE, ) | src/pages/artisan-minier/PaiementsVentesDashboard.tsx:95 isComptoirScopedUser(user) | src/pages/artisan-minier/PaiementsVentesDashboard.tsx:96 hasSensitiveCapability( user, isComptoir ? CAPABILITIES.COMPTOIR_INVOICES_ISSUE : CAPABILITIES.SONASP_PREPARE, )","Hérite du contexte route candidat; conditions internes à relire; serveur non testé","NON_INSPECTE_EN_UI","Lot marché artisanal et paiements","Master §§7–14 et annexe A : champs/actions existants, erreurs explicites, contexte autorisé, responsive, persistance et audit indépendants","AST_JSX","DETECTION_AUTOMATIQUE_NON_REVUE; imports candidats ≠ visibilité prouvée","À INVENTORIER","NON EXÉCUTÉ","","83f8c74e","83f8c74ea83c81a2734ef9e086c2edd211573ebe"
"ACT-51c10b799514","admin | collector | comptoir | dgmg | owner | sonasp","artisan-minier","/artisan-minier/collecteurs | /artisan-minier/collecteurs/:id","ACTION_JSX","Révoquer","src/pages/collector/CollectorsPage.tsx:275","src/pages/collector/CollectorsPage.tsx","{() => void authorize(true)}","src/pages/collector/CollectorsPage.tsx:237 isCollectorScopedUser(user) | src/pages/collector/CollectorsPage.tsx:237 isComptoirScopedUser(user) | src/pages/collector/CollectorsPage.tsx:48 canManageMiningRegistry(user) | src/pages/collector/CollectorsPage.tsx:50 hasSensitiveCapability(user, CAPABILITIES.COMPTOIR_PAYMENTS_EXECUTE) | src/pages/collector/CollectorsPage.tsx:51 hasSensitiveCapability(user, CAPABILITIES.FINANCE_EXECUTE)","Hérite du contexte route candidat; conditions internes à relire; serveur non testé","NON_INSPECTE_EN_UI","Lot artisans et affiliations","Master §§7–14 et annexe A : champs/actions existants, erreurs explicites, contexte autorisé, responsive, persistance et audit indépendants","AST_JSX","DETECTION_AUTOMATIQUE_NON_REVUE; imports candidats ≠ visibilité prouvée","À INVENTORIER","NON EXÉCUTÉ","","83f8c74e","83f8c74ea83c81a2734ef9e086c2edd211573ebe"
"ACT-52100b302c85","admin | collector | comptoir | dgi | owner | sonasp","artisan_gold_market","/artisan-minier/ventes-or","ACTION_JSX","Appliquer","src/pages/artisan-minier/VentesOr.tsx:449","src/pages/artisan-minier/VentesOr.tsx","{() => setFiltresOuverts(false)}","src/pages/artisan-minier/VentesOr.tsx:133 isComptoirScopedUser(user) | src/pages/artisan-minier/VentesOr.tsx:134 isCollectorScopedUser(user)","Hérite du contexte route candidat; conditions internes à relire; serveur non testé","NON_INSPECTE_EN_UI","Lot marché artisanal et paiements","Master §§7–14 et annexe A : champs/actions existants, erreurs explicites, contexte autorisé, responsive, persistance et audit indépendants","AST_JSX","DETECTION_AUTOMATIQUE_NON_REVUE; imports candidats ≠ visibilité prouvée","À INVENTORIER","NON EXÉCUTÉ","","83f8c74e","83f8c74ea83c81a2734ef9e086c2edd211573ebe"
"ACT-548e5e07993f","collector | owner","portal-collector","/portail-collecteur","ACTION_JSX","{sale.numero_recu || sale.id.slice(0, 8)}","src/pages/collector/CollectorPortalPage.tsx:83","src/pages/collector/CollectorPortalPage.tsx","","","Hérite du contexte route candidat; conditions internes à relire; serveur non testé","NON_INSPECTE_EN_UI","Lot portal-collector","Master §§7–14 et annexe A : champs/actions existants, erreurs explicites, contexte autorisé, responsive, persistance et audit indépendants","AST_JSX","DETECTION_AUTOMATIQUE_NON_REVUE; imports candidats ≠ visibilité prouvée","À INVENTORIER","NON EXÉCUTÉ","","83f8c74e","83f8c74ea83c81a2734ef9e086c2edd211573ebe"
"ACT-550210bf5ff3","admin | collector | comptoir | owner | sonasp","artisan_gold_market","/artisan-minier/paiements/historique/:paiementId","ACTION_JSX","Réessayer","src/pages/artisan-minier/PaiementDetails.tsx:284","src/pages/artisan-minier/PaiementDetails.tsx","{() => void loadDossier()}","src/pages/artisan-minier/PaiementDetails.tsx:181 isCollectorScopedUser(user) | src/pages/artisan-minier/PaiementDetails.tsx:183 hasSensitiveCapability(user, CAPABILITIES.COLLECTOR_PAYMENTS_EXECUTE) | src/pages/artisan-minier/PaiementDetails.tsx:184 hasSensitiveCapability(user, CAPABILITIES.COMPTOIR_PAYMENTS_EXECUTE) | src/pages/artisan-minier/PaiementDetails.tsx:184 hasSensitiveCapability(user, CAPABILITIES.FINANCE_EXECUTE) | src/pages/artisan-minier/PaiementDetails.tsx:185 hasSensitiveCapability(user, CAPABILITIES.COMPTOIR_PAYMENTS_RECONCILE) | src/pages/artisan-minier/PaiementDetails.tsx:186 hasSensitiveCapability(user, CAPABILITIES.FINANCE_RECONCILE)","Hérite du contexte route candidat; conditions internes à relire; serveur non testé","NON_INSPECTE_EN_UI","Lot marché artisanal et paiements","Master §§7–14 et annexe A : champs/actions existants, erreurs explicites, contexte autorisé, responsive, persistance et audit indépendants","AST_JSX","DETECTION_AUTOMATIQUE_NON_REVUE; imports candidats ≠ visibilité prouvée","À INVENTORIER","NON EXÉCUTÉ","","83f8c74e","83f8c74ea83c81a2734ef9e086c2edd211573ebe"
"ACT-556ca258ebf0","admin | collector | comptoir | dgmg | owner | sonasp","artisan-minier","/artisan-minier/:id/edit | /artisan-minier/liste","ACTION_JSX","Ajouter un moyen de paiement","src/components/artisan/ArtisanMinierForm.tsx:905","src/components/artisan/ArtisanMinierForm.tsx","{ajouterMoyen}","src/components/artisan/ArtisanMinierForm.tsx:434 canManageMiningRegistry(user) | src/components/artisan/ArtisanMinierForm.tsx:95 hasSensitiveCapability( user, CAPABILITIES.ARTISAN_PAYMENT_METHODS_MANAGE, )","Hérite du contexte route candidat; conditions internes à relire; serveur non testé","NON_INSPECTE_EN_UI","Lot artisans et affiliations","Master §§7–14 et annexe A : champs/actions existants, erreurs explicites, contexte autorisé, responsive, persistance et audit indépendants","AST_JSX","DETECTION_AUTOMATIQUE_NON_REVUE; imports candidats ≠ visibilité prouvée","À INVENTORIER","NON EXÉCUTÉ","","83f8c74e","83f8c74ea83c81a2734ef9e086c2edd211573ebe"
"ACT-57f1b687bc16","admin | collector | comptoir | dgmg | owner | sonasp","artisan_gold_market","/collecte/ventes | /collecte/ventes/nouvelle","ACTION_JSX","Refuser","src/pages/collector/CollectionSalesPage.tsx:377","src/pages/collector/CollectionSalesPage.tsx","{() => { setDecision({ sale: s, value: ""rejected"" }); setReason(""""); }}","src/pages/collector/CollectionSalesPage.tsx:250 isCollectorScopedUser(user)","Hérite du contexte route candidat; conditions internes à relire; serveur non testé","NON_INSPECTE_EN_UI","Lot marché artisanal et paiements","Master §§7–14 et annexe A : champs/actions existants, erreurs explicites, contexte autorisé, responsive, persistance et audit indépendants","AST_JSX","DETECTION_AUTOMATIQUE_NON_REVUE; imports candidats ≠ visibilité prouvée","À INVENTORIER","NON EXÉCUTÉ","","83f8c74e","83f8c74ea83c81a2734ef9e086c2edd211573ebe"
"ACT-5870ef34d122","admin | collector | comptoir | dgmg | owner | sonasp","artisan-minier","/artisan-minier/:id | /artisan-minier/cartes/expirations | /artisan-minier/cartes/suivi | /artisan-minier/cartes/validation","ACTION_JSX","Vérifier le statut de la carte","src/components/artisan/AffiliationDigitalCard.tsx:324","src/components/artisan/AffiliationDigitalCard.tsx","","","Hérite du contexte route candidat; conditions internes à relire; serveur non testé","NON_INSPECTE_EN_UI","Lot artisans et affiliations","Master §§7–14 et annexe A : champs/actions existants, erreurs explicites, contexte autorisé, responsive, persistance et audit indépendants","AST_JSX","DETECTION_AUTOMATIQUE_NON_REVUE; imports candidats ≠ visibilité prouvée","À INVENTORIER","NON EXÉCUTÉ","","83f8c74e","83f8c74ea83c81a2734ef9e086c2edd211573ebe"
"ACT-58fb5389404a","admin | collector | comptoir | dgmg | owner | sonasp","artisan-minier","/artisan-minier/:id","ACTION_JSX","{item.label} {item.id === 'transactions' && ventes.length > 0 && <span className=""sn-count"">{ventes.length}</span>} {item.id === 'infractions' && infractions.length > 0 && <span className=""sn-count"">{infractions.lengt}","src/pages/artisan-minier/ArtisanMinierDetails.tsx:350","src/pages/artisan-minier/ArtisanMinierDetails.tsx","{() => setOnglet(item.id)}","src/pages/artisan-minier/ArtisanMinierDetails.tsx:114 isCollectorScopedUser(user)","Hérite du contexte route candidat; conditions internes à relire; serveur non testé","NON_INSPECTE_EN_UI","Lot artisans et affiliations","Master §§7–14 et annexe A : champs/actions existants, erreurs explicites, contexte autorisé, responsive, persistance et audit indépendants","AST_JSX","DETECTION_AUTOMATIQUE_NON_REVUE; imports candidats ≠ visibilité prouvée","À INVENTORIER","NON EXÉCUTÉ","","83f8c74e","83f8c74ea83c81a2734ef9e086c2edd211573ebe"
"ACT-5a5622b47fe6","admin | collector | comptoir | dgmg | owner | sonasp","artisan-minier","/artisan-minier/:id | /artisan-minier/cartes/expirations | /artisan-minier/cartes/suivi | /artisan-minier/cartes/validation","ACTION_JSX","Confirmer la révision","src/components/artisan/AffiliationPaymentPanel.tsx:240","src/components/artisan/AffiliationPaymentPanel.tsx","","","Hérite du contexte route candidat; conditions internes à relire; serveur non testé","NON_INSPECTE_EN_UI","Lot artisans et affiliations","Master §§7–14 et annexe A : champs/actions existants, erreurs explicites, contexte autorisé, responsive, persistance et audit indépendants","AST_JSX","DETECTION_AUTOMATIQUE_NON_REVUE; imports candidats ≠ visibilité prouvée","À INVENTORIER","NON EXÉCUTÉ","","83f8c74e","83f8c74ea83c81a2734ef9e086c2edd211573ebe"
"ACT-5c1fa3829dfe","admin | owner | sonasp","artisan-minier","/artisan-minier/cartes/expirations | /artisan-minier/cartes/suivi | /artisan-minier/cartes/validation","ACTION_JSX","Consulter la liste des artisans","src/pages/artisan-minier/AffiliationsCartes.tsx:1162","src/pages/artisan-minier/AffiliationsCartes.tsx","{onClose}","src/pages/artisan-minier/AffiliationsCartes.tsx:121 hasSensitiveCapability( user, CAPABILITIES.PLATFORM_SETTINGS_MANAGE, ) | src/pages/artisan-minier/AffiliationsCartes.tsx:125 hasSensitiveCapability( user, CAPABILITIES.ARTISAN_MEMBERSHIP_MANAGE, ) | src/pages/artisan-minier/AffiliationsCartes.tsx:131 hasSensitiveCapability(user, CAPABILITIES.ARTISAN_CARDS_MANAGE)","Hérite du contexte route candidat; conditions internes à relire; serveur non testé","NON_INSPECTE_EN_UI","Lot artisans et affiliations","Master §§7–14 et annexe A : champs/actions existants, erreurs explicites, contexte autorisé, responsive, persistance et audit indépendants","AST_JSX","DETECTION_AUTOMATIQUE_NON_REVUE; imports candidats ≠ visibilité prouvée","À INVENTORIER","NON EXÉCUTÉ","","83f8c74e","83f8c74ea83c81a2734ef9e086c2edd211573ebe"
"ACT-5c8369e59e41","public","public-et-alias","/verifier-carte/:reference","ACTION_JSX","Vérifier à nouveau","src/pages/public/VerifyAffiliation.tsx:113","src/pages/public/VerifyAffiliation.tsx","{() => setRetry((v) => v + 1)}","","Hérite du contexte route candidat; conditions internes à relire; serveur non testé","NON_INSPECTE_EN_UI","Lot public-et-alias","Master §§7–14 et annexe A : champs/actions existants, erreurs explicites, contexte autorisé, responsive, persistance et audit indépendants","AST_JSX","DETECTION_AUTOMATIQUE_NON_REVUE; imports candidats ≠ visibilité prouvée","À INVENTORIER","NON EXÉCUTÉ","","83f8c74e","83f8c74ea83c81a2734ef9e086c2edd211573ebe"
"ACT-5d9833eb928e","admin | collector | comptoir | dgmg | owner | sonasp","artisan-minier","/artisan-minier/:id/edit | /artisan-minier/liste","ACTION_JSX","{generating ? <Loader2 className=""sn-spin"" /> : <Eye />} {"" ""} Générer l’aperçu","src/components/artisan/ArtisanMinierForm.tsx:938","src/components/artisan/ArtisanMinierForm.tsx","{handlePreview}","src/components/artisan/ArtisanMinierForm.tsx:434 canManageMiningRegistry(user) | src/components/artisan/ArtisanMinierForm.tsx:95 hasSensitiveCapability( user, CAPABILITIES.ARTISAN_PAYMENT_METHODS_MANAGE, )","Hérite du contexte route candidat; conditions internes à relire; serveur non testé","NON_INSPECTE_EN_UI","Lot artisans et affiliations","Master §§7–14 et annexe A : champs/actions existants, erreurs explicites, contexte autorisé, responsive, persistance et audit indépendants","AST_JSX","DETECTION_AUTOMATIQUE_NON_REVUE; imports candidats ≠ visibilité prouvée","À INVENTORIER","NON EXÉCUTÉ","","83f8c74e","83f8c74ea83c81a2734ef9e086c2edd211573ebe"
"ACT-5e592b824f1e","admin | comptoir | owner | sonasp","artisan_gold_market","/artisan-minier/paiements","ACTION_JSX","Actualiser","src/pages/artisan-minier/PaiementsVentesDashboard.tsx:322","src/pages/artisan-minier/PaiementsVentesDashboard.tsx","{() => void chargerDonnees()}","src/pages/artisan-minier/PaiementsVentesDashboard.tsx:100 hasSensitiveCapability( user, isComptoir ? CAPABILITIES.COMPTOIR_PAYMENTS_EXECUTE : CAPABILITIES.FINANCE_EXECUTE, ) | src/pages/artisan-minier/PaiementsVentesDashboard.tsx:95 isComptoirScopedUser(user) | src/pages/artisan-minier/PaiementsVentesDashboard.tsx:96 hasSensitiveCapability( user, isComptoir ? CAPABILITIES.COMPTOIR_INVOICES_ISSUE : CAPABILITIES.SONASP_PREPARE, )","Hérite du contexte route candidat; conditions internes à relire; serveur non testé","NON_INSPECTE_EN_UI","Lot marché artisanal et paiements","Master §§7–14 et annexe A : champs/actions existants, erreurs explicites, contexte autorisé, responsive, persistance et audit indépendants","AST_JSX","DETECTION_AUTOMATIQUE_NON_REVUE; imports candidats ≠ visibilité prouvée","À INVENTORIER","NON EXÉCUTÉ","","83f8c74e","83f8c74ea83c81a2734ef9e086c2edd211573ebe"
"ACT-5ea2fa7ec0c6","admin | owner | sonasp","public-et-alias","/sonasp/cessions-comptoirs","ACTION_JSX","Payer","src/pages/comptoir/SonaspComptoirSalesInboxPage.tsx:225","src/pages/comptoir/SonaspComptoirSalesInboxPage.tsx","{() => openDecision(sale, 'paid')}","src/pages/comptoir/SonaspComptoirSalesInboxPage.tsx:76 hasCapability(user, CAPABILITIES.SONASP_APPROVE) | src/pages/comptoir/SonaspComptoirSalesInboxPage.tsx:77 hasCapability(user, CAPABILITIES.FINANCE_EXECUTE)","Hérite du contexte route candidat; conditions internes à relire; serveur non testé","NON_INSPECTE_EN_UI","Lot public-et-alias","Master §§7–14 et annexe A : champs/actions existants, erreurs explicites, contexte autorisé, responsive, persistance et audit indépendants","AST_JSX","DETECTION_AUTOMATIQUE_NON_REVUE; imports candidats ≠ visibilité prouvée","À INVENTORIER","NON EXÉCUTÉ","","83f8c74e","83f8c74ea83c81a2734ef9e086c2edd211573ebe"
"ACT-5ee64d9b092e","admin | collector | comptoir | dgmg | owner | sonasp","artisan-minier","/artisan-minier/liste","ACTION_JSX","{chip.label}","src/pages/artisan-minier/ArtisanMinierListe.tsx:482","src/pages/artisan-minier/ArtisanMinierListe.tsx","{() => removeChip(chip.key)}","src/pages/artisan-minier/ArtisanMinierListe.tsx:164 isComptoirScopedUser(user) | src/pages/artisan-minier/ArtisanMinierListe.tsx:165 isCollectorScopedUser(user) | src/pages/artisan-minier/ArtisanMinierListe.tsx:303 canManageMiningRegistry(user) | src/pages/artisan-minier/ArtisanMinierListe.tsx:353 canManageMiningRegistry(user)","Hérite du contexte route candidat; conditions internes à relire; serveur non testé","NON_INSPECTE_EN_UI","Lot artisans et affiliations","Master §§7–14 et annexe A : champs/actions existants, erreurs explicites, contexte autorisé, responsive, persistance et audit indépendants","AST_JSX","DETECTION_AUTOMATIQUE_NON_REVUE; imports candidats ≠ visibilité prouvée","À INVENTORIER","NON EXÉCUTÉ","","83f8c74e","83f8c74ea83c81a2734ef9e086c2edd211573ebe"
"ACT-6039b4e6fa07","admin | comptoir | owner | sonasp","artisan_gold_market","/artisan-minier/rapports","ACTION_JSX","Quantités","src/pages/artisan-minier/CentreRapportsAnalyse.tsx:118","src/pages/artisan-minier/CentreRapportsAnalyse.tsx","{() => navigate('/artisan-minier/rapports/quantites')}","","Hérite du contexte route candidat; conditions internes à relire; serveur non testé","NON_INSPECTE_EN_UI","Lot marché artisanal et paiements","Master §§7–14 et annexe A : champs/actions existants, erreurs explicites, contexte autorisé, responsive, persistance et audit indépendants","AST_JSX","DETECTION_AUTOMATIQUE_NON_REVUE; imports candidats ≠ visibilité prouvée","À INVENTORIER","NON EXÉCUTÉ","","83f8c74e","83f8c74ea83c81a2734ef9e086c2edd211573ebe"
"ACT-60a9864b250d","admin | collector | comptoir | dgmg | owner | sonasp","artisan-minier","/artisan-minier/:id | /artisan-minier/cartes/expirations | /artisan-minier/cartes/suivi | /artisan-minier/cartes/validation","ACTION_JSX","{card.statut_effectif === ""active"" ? ""Carte active"" : ""Activer la carte""}","src/components/artisan/AffiliationDossier.tsx:500","src/components/artisan/AffiliationDossier.tsx","{() => void run(async () => { await affiliationService.activate(card.id); try { await affiliationService.render(card.id); } catch { throw new Error( ""L’activation est enregistrée. La génération de la carte définitive a échoué : utilisez « Générer les deux faces » pour la reprendre."", ); } }, ""Activation enregistrée et carte définitive générée."") }","src/components/artisan/AffiliationDossier.tsx:74 hasSensitiveCapability( user, CAPABILITIES.ARTISAN_CARDS_MANAGE, ) | src/components/artisan/AffiliationDossier.tsx:78 hasSensitiveCapability( user, CAPABILITIES.ARTISAN_MEMBERSHIP_MANAGE, ) | src/components/artisan/AffiliationDossier.tsx:82 hasSensitiveCapability( user, CAPABILITIES.ARTISAN_MEMBERSHIP_CONFIRM, ) | src/components/artisan/AffiliationDossier.tsx:86 hasSensitiveCapability( user, CAPABILITIES.ARTISAN_CARDS_ACTIVATE, )","Hérite du contexte route candidat; conditions internes à relire; serveur non testé","NON_INSPECTE_EN_UI","Lot artisans et affiliations","Master §§7–14 et annexe A : champs/actions existants, erreurs explicites, contexte autorisé, responsive, persistance et audit indépendants","AST_JSX","DETECTION_AUTOMATIQUE_NON_REVUE; imports candidats ≠ visibilité prouvée","À INVENTORIER","NON EXÉCUTÉ","","83f8c74e","83f8c74ea83c81a2734ef9e086c2edd211573ebe"
"ACT-6377b59bba59","admin | collector | comptoir | dgmg | owner | sonasp","artisan-minier","/artisan-minier/collecteurs | /artisan-minier/collecteurs/:id","ACTION_JSX","Réessayer","src/pages/collector/CollectorDetails.tsx:108","src/pages/collector/CollectorDetails.tsx","{() => setAttempt((v) => v + 1)}","","Hérite du contexte route candidat; conditions internes à relire; serveur non testé","NON_INSPECTE_EN_UI","Lot artisans et affiliations","Master §§7–14 et annexe A : champs/actions existants, erreurs explicites, contexte autorisé, responsive, persistance et audit indépendants","AST_JSX","DETECTION_AUTOMATIQUE_NON_REVUE; imports candidats ≠ visibilité prouvée","À INVENTORIER","NON EXÉCUTÉ","","83f8c74e","83f8c74ea83c81a2734ef9e086c2edd211573ebe"
"ACT-6401968deb9b","admin | owner | sonasp","artisan-minier","/artisan-minier","ACTION_JSX","Voir tous les sites","src/pages/artisan-minier/ArtisanMinierDashboard.tsx:427","src/pages/artisan-minier/ArtisanMinierDashboard.tsx","","","Hérite du contexte route candidat; conditions internes à relire; serveur non testé","NON_INSPECTE_EN_UI","Lot artisans et affiliations","Master §§7–14 et annexe A : champs/actions existants, erreurs explicites, contexte autorisé, responsive, persistance et audit indépendants","AST_JSX","DETECTION_AUTOMATIQUE_NON_REVUE; imports candidats ≠ visibilité prouvée","À INVENTORIER","NON EXÉCUTÉ","","83f8c74e","83f8c74ea83c81a2734ef9e086c2edd211573ebe"
"ACT-64ef4da54802","admin | owner | sonasp","public-et-alias","/sonasp/cessions-comptoirs","ACTION_JSX","Accepter","src/pages/comptoir/SonaspComptoirSalesInboxPage.tsx:222","src/pages/comptoir/SonaspComptoirSalesInboxPage.tsx","{() => openDecision(sale, 'accepted')}","src/pages/comptoir/SonaspComptoirSalesInboxPage.tsx:76 hasCapability(user, CAPABILITIES.SONASP_APPROVE) | src/pages/comptoir/SonaspComptoirSalesInboxPage.tsx:77 hasCapability(user, CAPABILITIES.FINANCE_EXECUTE)","Hérite du contexte route candidat; conditions internes à relire; serveur non testé","NON_INSPECTE_EN_UI","Lot public-et-alias","Master §§7–14 et annexe A : champs/actions existants, erreurs explicites, contexte autorisé, responsive, persistance et audit indépendants","AST_JSX","DETECTION_AUTOMATIQUE_NON_REVUE; imports candidats ≠ visibilité prouvée","À INVENTORIER","NON EXÉCUTÉ","","83f8c74e","83f8c74ea83c81a2734ef9e086c2edd211573ebe"
"ACT-6592fbd4c891","admin | dgmg | owner","mining_sites","/artisan-sites/:siteId/modifier | /artisan-sites/nouveau","ACTION_JSX","button","src/pages/artisanal-sites/ArtisanalSiteForm.tsx:658","src/pages/artisanal-sites/ArtisanalSiteForm.tsx","{() => removePhoto(index)}","src/pages/artisanal-sites/ArtisanalSiteForm.tsx:358 canManageMiningRegistry(user) | src/pages/artisanal-sites/ArtisanalSiteForm.tsx:395 canManageMiningRegistry(user)","Hérite du contexte route candidat; conditions internes à relire; serveur non testé","NON_INSPECTE_EN_UI","Lot sites artisanaux","Master §§7–14 et annexe A : champs/actions existants, erreurs explicites, contexte autorisé, responsive, persistance et audit indépendants","AST_JSX","DETECTION_AUTOMATIQUE_NON_REVUE; imports candidats ≠ visibilité prouvée","À INVENTORIER","NON EXÉCUTÉ","","83f8c74e","83f8c74ea83c81a2734ef9e086c2edd211573ebe"
"ACT-65a92580337a","admin | collector | comptoir | dgmg | owner | sonasp","artisan-minier","/artisan-minier/:id | /artisan-minier/cartes/expirations | /artisan-minier/cartes/suivi | /artisan-minier/cartes/validation","ACTION_JSX","Réessayer le chargement des droits","src/components/artisan/AffiliationDossier.tsx:414","src/components/artisan/AffiliationDossier.tsx","{() => void loadDetails()}","src/components/artisan/AffiliationDossier.tsx:74 hasSensitiveCapability( user, CAPABILITIES.ARTISAN_CARDS_MANAGE, ) | src/components/artisan/AffiliationDossier.tsx:78 hasSensitiveCapability( user, CAPABILITIES.ARTISAN_MEMBERSHIP_MANAGE, ) | src/components/artisan/AffiliationDossier.tsx:82 hasSensitiveCapability( user, CAPABILITIES.ARTISAN_MEMBERSHIP_CONFIRM, ) | src/components/artisan/AffiliationDossier.tsx:86 hasSensitiveCapability( user, CAPABILITIES.ARTISAN_CARDS_ACTIVATE, )","Hérite du contexte route candidat; conditions internes à relire; serveur non testé","NON_INSPECTE_EN_UI","Lot artisans et affiliations","Master §§7–14 et annexe A : champs/actions existants, erreurs explicites, contexte autorisé, responsive, persistance et audit indépendants","AST_JSX","DETECTION_AUTOMATIQUE_NON_REVUE; imports candidats ≠ visibilité prouvée","À INVENTORIER","NON EXÉCUTÉ","","83f8c74e","83f8c74ea83c81a2734ef9e086c2edd211573ebe"
"ACT-6907e3f83f1e","admin | dgmg | owner","artisan-minier","/artisan-minier/collecteurs/:id/modifier | /artisan-minier/collecteurs/nouveau","ACTION_JSX","{busy ? ""Enregistrement…"" : ""Enregistrer le collecteur""}","src/pages/collector/CollectorForm.tsx:808","src/pages/collector/CollectorForm.tsx","","src/pages/collector/CollectorForm.tsx:829 canManageMiningRegistry(user)","Hérite du contexte route candidat; conditions internes à relire; serveur non testé","NON_INSPECTE_EN_UI","Lot artisans et affiliations","Master §§7–14 et annexe A : champs/actions existants, erreurs explicites, contexte autorisé, responsive, persistance et audit indépendants","AST_JSX","DETECTION_AUTOMATIQUE_NON_REVUE; imports candidats ≠ visibilité prouvée","À INVENTORIER","NON EXÉCUTÉ","","83f8c74e","83f8c74ea83c81a2734ef9e086c2edd211573ebe"
"ACT-69e46bc2a90d","admin | collector | comptoir | dgmg | owner | sonasp","artisan-minier","/artisan-minier/collecteurs | /artisan-minier/collecteurs/:id","ACTION_JSX","Collecteurs","src/pages/collector/CollectorDetails.tsx:250","src/pages/collector/CollectorDetails.tsx","","","Hérite du contexte route candidat; conditions internes à relire; serveur non testé","NON_INSPECTE_EN_UI","Lot artisans et affiliations","Master §§7–14 et annexe A : champs/actions existants, erreurs explicites, contexte autorisé, responsive, persistance et audit indépendants","AST_JSX","DETECTION_AUTOMATIQUE_NON_REVUE; imports candidats ≠ visibilité prouvée","À INVENTORIER","NON EXÉCUTÉ","","83f8c74e","83f8c74ea83c81a2734ef9e086c2edd211573ebe"
"ACT-69f73846cdd9","comptoir | owner","portal-comptoir","/portail-comptoir/ventes-sonasp","ACTION_JSX","{saving ? 'Enregistrement…' : 'Soumettre'}","src/pages/comptoir/ComptoirSonaspSalesPage.tsx:127","src/pages/comptoir/ComptoirSonaspSalesPage.tsx","","","Hérite du contexte route candidat; conditions internes à relire; serveur non testé","NON_INSPECTE_EN_UI","Lot portal-comptoir","Master §§7–14 et annexe A : champs/actions existants, erreurs explicites, contexte autorisé, responsive, persistance et audit indépendants","AST_JSX","DETECTION_AUTOMATIQUE_NON_REVUE; imports candidats ≠ visibilité prouvée","À INVENTORIER","NON EXÉCUTÉ","","83f8c74e","83f8c74ea83c81a2734ef9e086c2edd211573ebe"
"ACT-6aef2a5ae7d6","admin | owner | sonasp","artisan-minier","/artisan-minier/cartes/expirations | /artisan-minier/cartes/suivi | /artisan-minier/cartes/validation","ACTION_JSX","Désélectionner","src/pages/artisan-minier/AffiliationsCartes.tsx:688","src/pages/artisan-minier/AffiliationsCartes.tsx","{() => { setSelected(new Set()); setCopyStatus(""""); }}","src/pages/artisan-minier/AffiliationsCartes.tsx:121 hasSensitiveCapability( user, CAPABILITIES.PLATFORM_SETTINGS_MANAGE, ) | src/pages/artisan-minier/AffiliationsCartes.tsx:125 hasSensitiveCapability( user, CAPABILITIES.ARTISAN_MEMBERSHIP_MANAGE, ) | src/pages/artisan-minier/AffiliationsCartes.tsx:131 hasSensitiveCapability(user, CAPABILITIES.ARTISAN_CARDS_MANAGE)","Hérite du contexte route candidat; conditions internes à relire; serveur non testé","NON_INSPECTE_EN_UI","Lot artisans et affiliations","Master §§7–14 et annexe A : champs/actions existants, erreurs explicites, contexte autorisé, responsive, persistance et audit indépendants","AST_JSX","DETECTION_AUTOMATIQUE_NON_REVUE; imports candidats ≠ visibilité prouvée","À INVENTORIER","NON EXÉCUTÉ","","83f8c74e","83f8c74ea83c81a2734ef9e086c2edd211573ebe"
"ACT-6c06d28958f4","admin | collector | comptoir | dgmg | owner | sonasp","artisan-minier","/artisan-minier/:id | /artisan-minier/cartes/expirations | /artisan-minier/cartes/suivi | /artisan-minier/cartes/validation","ACTION_JSX","Enregistrer le paiement","src/components/artisan/AffiliationPaymentPanel.tsx:584","src/components/artisan/AffiliationPaymentPanel.tsx","","","Hérite du contexte route candidat; conditions internes à relire; serveur non testé","NON_INSPECTE_EN_UI","Lot artisans et affiliations","Master §§7–14 et annexe A : champs/actions existants, erreurs explicites, contexte autorisé, responsive, persistance et audit indépendants","AST_JSX","DETECTION_AUTOMATIQUE_NON_REVUE; imports candidats ≠ visibilité prouvée","À INVENTORIER","NON EXÉCUTÉ","","83f8c74e","83f8c74ea83c81a2734ef9e086c2edd211573ebe"
"ACT-6c3b97bc6496","admin | dgmg | owner | sonasp","mining_sites","/artisan-sites/:siteId","ACTION_JSX","Actualiser","src/pages/artisanal-sites/ArtisanalSiteDetails.tsx:63","src/pages/artisanal-sites/ArtisanalSiteDetails.tsx","{refresh}","src/pages/artisanal-sites/ArtisanalSiteDetails.tsx:64 canManageMiningRegistry(user)","Hérite du contexte route candidat; conditions internes à relire; serveur non testé","NON_INSPECTE_EN_UI","Lot sites artisanaux","Master §§7–14 et annexe A : champs/actions existants, erreurs explicites, contexte autorisé, responsive, persistance et audit indépendants","AST_JSX","DETECTION_AUTOMATIQUE_NON_REVUE; imports candidats ≠ visibilité prouvée","À INVENTORIER","NON EXÉCUTÉ","","83f8c74e","83f8c74ea83c81a2734ef9e086c2edd211573ebe"
"ACT-6c7c3207ac31","admin | dgmg | owner | sonasp","mining_sites","/artisan-sites","ACTION_JSX","Première page","src/pages/artisanal-sites/ArtisanalSitesOverview.tsx:708","src/pages/artisanal-sites/ArtisanalSitesOverview.tsx","{() => setPage(1)}","src/pages/artisanal-sites/ArtisanalSitesOverview.tsx:142 canManageMiningRegistry(user)","Hérite du contexte route candidat; conditions internes à relire; serveur non testé","NON_INSPECTE_EN_UI","Lot sites artisanaux","Master §§7–14 et annexe A : champs/actions existants, erreurs explicites, contexte autorisé, responsive, persistance et audit indépendants","AST_JSX","DETECTION_AUTOMATIQUE_NON_REVUE; imports candidats ≠ visibilité prouvée","À INVENTORIER","NON EXÉCUTÉ","","83f8c74e","83f8c74ea83c81a2734ef9e086c2edd211573ebe"
"ACT-6cf1857335c7","admin | collector | comptoir | dgmg | owner | sonasp","artisan-minier","/artisan-minier/:id | /artisan-minier/cartes/expirations | /artisan-minier/cartes/suivi | /artisan-minier/cartes/validation","ACTION_JSX","Enregistrer un paiement","src/components/artisan/AffiliationPaymentPanel.tsx:95","src/components/artisan/AffiliationPaymentPanel.tsx","{() => setPayment(!payment)}","","Hérite du contexte route candidat; conditions internes à relire; serveur non testé","NON_INSPECTE_EN_UI","Lot artisans et affiliations","Master §§7–14 et annexe A : champs/actions existants, erreurs explicites, contexte autorisé, responsive, persistance et audit indépendants","AST_JSX","DETECTION_AUTOMATIQUE_NON_REVUE; imports candidats ≠ visibilité prouvée","À INVENTORIER","NON EXÉCUTÉ","","83f8c74e","83f8c74ea83c81a2734ef9e086c2edd211573ebe"
"ACT-6d34c3bc8208","admin | owner | sonasp","public-et-alias","/sonasp/cessions-comptoirs","ACTION_JSX","Fermer","src/pages/comptoir/SonaspComptoirSalesInboxPage.tsx:242","src/pages/comptoir/SonaspComptoirSalesInboxPage.tsx","{() => setDecision(null)}","src/pages/comptoir/SonaspComptoirSalesInboxPage.tsx:76 hasCapability(user, CAPABILITIES.SONASP_APPROVE) | src/pages/comptoir/SonaspComptoirSalesInboxPage.tsx:77 hasCapability(user, CAPABILITIES.FINANCE_EXECUTE)","Hérite du contexte route candidat; conditions internes à relire; serveur non testé","NON_INSPECTE_EN_UI","Lot public-et-alias","Master §§7–14 et annexe A : champs/actions existants, erreurs explicites, contexte autorisé, responsive, persistance et audit indépendants","AST_JSX","DETECTION_AUTOMATIQUE_NON_REVUE; imports candidats ≠ visibilité prouvée","À INVENTORIER","NON EXÉCUTÉ","","83f8c74e","83f8c74ea83c81a2734ef9e086c2edd211573ebe"
"ACT-6d9c6798104c","admin | collector | comptoir | dgmg | owner | sonasp","artisan-minier","/artisan-minier/liste","ACTION_JSX","Précédent","src/pages/artisan-minier/ArtisanMinierListe.tsx:657","src/pages/artisan-minier/ArtisanMinierListe.tsx","{() => setPage((courante) => Math.max(1, courante - 1))}","src/pages/artisan-minier/ArtisanMinierListe.tsx:164 isComptoirScopedUser(user) | src/pages/artisan-minier/ArtisanMinierListe.tsx:165 isCollectorScopedUser(user) | src/pages/artisan-minier/ArtisanMinierListe.tsx:303 canManageMiningRegistry(user) | src/pages/artisan-minier/ArtisanMinierListe.tsx:353 canManageMiningRegistry(user)","Hérite du contexte route candidat; conditions internes à relire; serveur non testé","NON_INSPECTE_EN_UI","Lot artisans et affiliations","Master §§7–14 et annexe A : champs/actions existants, erreurs explicites, contexte autorisé, responsive, persistance et audit indépendants","AST_JSX","DETECTION_AUTOMATIQUE_NON_REVUE; imports candidats ≠ visibilité prouvée","À INVENTORIER","NON EXÉCUTÉ","","83f8c74e","83f8c74ea83c81a2734ef9e086c2edd211573ebe"
"ACT-6e7252a9b847","comptoir | owner","portal-comptoir","/portail-comptoir/ventes-sonasp","ACTION_JSX","Nouvelle cession","src/pages/comptoir/ComptoirSonaspSalesPage.tsx:106","src/pages/comptoir/ComptoirSonaspSalesPage.tsx","{() => { setError(null); setDialogOpen(true); }}","","Hérite du contexte route candidat; conditions internes à relire; serveur non testé","NON_INSPECTE_EN_UI","Lot portal-comptoir","Master §§7–14 et annexe A : champs/actions existants, erreurs explicites, contexte autorisé, responsive, persistance et audit indépendants","AST_JSX","DETECTION_AUTOMATIQUE_NON_REVUE; imports candidats ≠ visibilité prouvée","À INVENTORIER","NON EXÉCUTÉ","","83f8c74e","83f8c74ea83c81a2734ef9e086c2edd211573ebe"
"ACT-6f24683ad368","collector | owner","portal-collector","/portail-collecteur","ACTION_JSX","Stock du comptoir","src/pages/collector/CollectorPortalPage.tsx:123","src/pages/collector/CollectorPortalPage.tsx","","","Hérite du contexte route candidat; conditions internes à relire; serveur non testé","NON_INSPECTE_EN_UI","Lot portal-collector","Master §§7–14 et annexe A : champs/actions existants, erreurs explicites, contexte autorisé, responsive, persistance et audit indépendants","AST_JSX","DETECTION_AUTOMATIQUE_NON_REVUE; imports candidats ≠ visibilité prouvée","À INVENTORIER","NON EXÉCUTÉ","","83f8c74e","83f8c74ea83c81a2734ef9e086c2edd211573ebe"
"ACT-6f57590c0d1d","admin | dgmg | owner","artisan-minier","/artisan-minier/comptoirs","ACTION_JSX","Actualiser","src/pages/collector/ComptoirsPage.tsx:171","src/pages/collector/ComptoirsPage.tsx","{() => void load()}","","Hérite du contexte route candidat; conditions internes à relire; serveur non testé","NON_INSPECTE_EN_UI","Lot artisans et affiliations","Master §§7–14 et annexe A : champs/actions existants, erreurs explicites, contexte autorisé, responsive, persistance et audit indépendants","AST_JSX","DETECTION_AUTOMATIQUE_NON_REVUE; imports candidats ≠ visibilité prouvée","À INVENTORIER","NON EXÉCUTÉ","","83f8c74e","83f8c74ea83c81a2734ef9e086c2edd211573ebe"
"ACT-6fbbf35ea6d7","admin | comptoir | owner | sonasp","artisan_gold_market","/artisan-minier/rapports/quantites","ACTION_JSX","Exporter en Excel","src/pages/artisan-minier/RapportQuantites.tsx:124","src/pages/artisan-minier/RapportQuantites.tsx","{() => void exporter()}","","Hérite du contexte route candidat; conditions internes à relire; serveur non testé","NON_INSPECTE_EN_UI","Lot marché artisanal et paiements","Master §§7–14 et annexe A : champs/actions existants, erreurs explicites, contexte autorisé, responsive, persistance et audit indépendants","AST_JSX","DETECTION_AUTOMATIQUE_NON_REVUE; imports candidats ≠ visibilité prouvée","À INVENTORIER","NON EXÉCUTÉ","","83f8c74e","83f8c74ea83c81a2734ef9e086c2edd211573ebe"
"ACT-6ff40aa99c94","admin | collector | comptoir | owner | sonasp","artisan_gold_market","/artisan-minier/paiements/historique/:paiementId","ACTION_JSX","{label}","src/pages/artisan-minier/PaiementDetails.tsx:501","src/pages/artisan-minier/PaiementDetails.tsx","{() => setActiveTab(id)}","src/pages/artisan-minier/PaiementDetails.tsx:181 isCollectorScopedUser(user) | src/pages/artisan-minier/PaiementDetails.tsx:183 hasSensitiveCapability(user, CAPABILITIES.COLLECTOR_PAYMENTS_EXECUTE) | src/pages/artisan-minier/PaiementDetails.tsx:184 hasSensitiveCapability(user, CAPABILITIES.COMPTOIR_PAYMENTS_EXECUTE) | src/pages/artisan-minier/PaiementDetails.tsx:184 hasSensitiveCapability(user, CAPABILITIES.FINANCE_EXECUTE) | src/pages/artisan-minier/PaiementDetails.tsx:185 hasSensitiveCapability(user, CAPABILITIES.COMPTOIR_PAYMENTS_RECONCILE) | src/pages/artisan-minier/PaiementDetails.tsx:186 hasSensitiveCapability(user, CAPABILITIES.FINANCE_RECONCILE)","Hérite du contexte route candidat; conditions internes à relire; serveur non testé","NON_INSPECTE_EN_UI","Lot marché artisanal et paiements","Master §§7–14 et annexe A : champs/actions existants, erreurs explicites, contexte autorisé, responsive, persistance et audit indépendants","AST_JSX","DETECTION_AUTOMATIQUE_NON_REVUE; imports candidats ≠ visibilité prouvée","À INVENTORIER","NON EXÉCUTÉ","","83f8c74e","83f8c74ea83c81a2734ef9e086c2edd211573ebe"
"ACT-7055174272a9","admin | owner | sonasp","artisan-minier","/artisan-minier/:artisanId/infractions/:infractionId","ACTION_JSX","Ouvrir","src/pages/artisan-minier/InfractionDetails.tsx:290","src/pages/artisan-minier/InfractionDetails.tsx","","","Hérite du contexte route candidat; conditions internes à relire; serveur non testé","NON_INSPECTE_EN_UI","Lot artisans et affiliations","Master §§7–14 et annexe A : champs/actions existants, erreurs explicites, contexte autorisé, responsive, persistance et audit indépendants","AST_JSX","DETECTION_AUTOMATIQUE_NON_REVUE; imports candidats ≠ visibilité prouvée","À INVENTORIER","NON EXÉCUTÉ","","83f8c74e","83f8c74ea83c81a2734ef9e086c2edd211573ebe"
"ACT-70a6ac4b2934","collector | owner","portal-collector","/portail-collecteur","ACTION_JSX","Taxes","src/pages/collector/CollectorPortalPage.tsx:125","src/pages/collector/CollectorPortalPage.tsx","","","Hérite du contexte route candidat; conditions internes à relire; serveur non testé","NON_INSPECTE_EN_UI","Lot portal-collector","Master §§7–14 et annexe A : champs/actions existants, erreurs explicites, contexte autorisé, responsive, persistance et audit indépendants","AST_JSX","DETECTION_AUTOMATIQUE_NON_REVUE; imports candidats ≠ visibilité prouvée","À INVENTORIER","NON EXÉCUTÉ","","83f8c74e","83f8c74ea83c81a2734ef9e086c2edd211573ebe"
"ACT-7295dd548795","admin | collector | comptoir | dgmg | owner | sonasp","artisan-minier","/artisan-minier/:id | /artisan-minier/cartes/expirations | /artisan-minier/cartes/suivi | /artisan-minier/cartes/validation","ACTION_JSX","Régénérer","src/components/artisan/AffiliationDigitalCard.tsx:306","src/components/artisan/AffiliationDigitalCard.tsx","{onRetry}","","Hérite du contexte route candidat; conditions internes à relire; serveur non testé","NON_INSPECTE_EN_UI","Lot artisans et affiliations","Master §§7–14 et annexe A : champs/actions existants, erreurs explicites, contexte autorisé, responsive, persistance et audit indépendants","AST_JSX","DETECTION_AUTOMATIQUE_NON_REVUE; imports candidats ≠ visibilité prouvée","À INVENTORIER","NON EXÉCUTÉ","","83f8c74e","83f8c74ea83c81a2734ef9e086c2edd211573ebe"
"ACT-73d554e03a98","admin | owner | sonasp","artisan-minier","/artisan-minier/cartes/expirations | /artisan-minier/cartes/suivi | /artisan-minier/cartes/validation","ACTION_JSX","Consulter","src/pages/artisan-minier/AffiliationsCartes.tsx:832","src/pages/artisan-minier/AffiliationsCartes.tsx","{() => openDossier(card.artisan_id, card.id) }","src/pages/artisan-minier/AffiliationsCartes.tsx:121 hasSensitiveCapability( user, CAPABILITIES.PLATFORM_SETTINGS_MANAGE, ) | src/pages/artisan-minier/AffiliationsCartes.tsx:125 hasSensitiveCapability( user, CAPABILITIES.ARTISAN_MEMBERSHIP_MANAGE, ) | src/pages/artisan-minier/AffiliationsCartes.tsx:131 hasSensitiveCapability(user, CAPABILITIES.ARTISAN_CARDS_MANAGE)","Hérite du contexte route candidat; conditions internes à relire; serveur non testé","NON_INSPECTE_EN_UI","Lot artisans et affiliations","Master §§7–14 et annexe A : champs/actions existants, erreurs explicites, contexte autorisé, responsive, persistance et audit indépendants","AST_JSX","DETECTION_AUTOMATIQUE_NON_REVUE; imports candidats ≠ visibilité prouvée","À INVENTORIER","NON EXÉCUTÉ","","83f8c74e","83f8c74ea83c81a2734ef9e086c2edd211573ebe"
"ACT-742e5c7d8edb","admin | collector | comptoir | dgmg | owner | sonasp","artisan-minier","/artisan-minier/liste","ACTION_JSX","{isCollector ? 'Collecteur' : isComptoir ? 'Comptoir' : 'Artisans miniers'}","src/pages/artisan-minier/ArtisanMinierListe.tsx:339","src/pages/artisan-minier/ArtisanMinierListe.tsx","","src/pages/artisan-minier/ArtisanMinierListe.tsx:164 isComptoirScopedUser(user) | src/pages/artisan-minier/ArtisanMinierListe.tsx:165 isCollectorScopedUser(user) | src/pages/artisan-minier/ArtisanMinierListe.tsx:303 canManageMiningRegistry(user) | src/pages/artisan-minier/ArtisanMinierListe.tsx:353 canManageMiningRegistry(user)","Hérite du contexte route candidat; conditions internes à relire; serveur non testé","NON_INSPECTE_EN_UI","Lot artisans et affiliations","Master §§7–14 et annexe A : champs/actions existants, erreurs explicites, contexte autorisé, responsive, persistance et audit indépendants","AST_JSX","DETECTION_AUTOMATIQUE_NON_REVUE; imports candidats ≠ visibilité prouvée","À INVENTORIER","NON EXÉCUTÉ","","83f8c74e","83f8c74ea83c81a2734ef9e086c2edd211573ebe"
"ACT-74a4112a1b04","admin | owner | sonasp","public-et-alias","/sonasp/cessions-comptoirs","ACTION_JSX","Historique ( {events.length} ) {expanded ? <ChevronUp aria-hidden=""true"" /> : <ChevronDown aria-hidden=""true"" />}","src/pages/comptoir/SonaspComptoirSalesInboxPage.tsx:228","src/pages/comptoir/SonaspComptoirSalesInboxPage.tsx","{() => setExpandedSaleId(expanded ? null : sale.id)}","src/pages/comptoir/SonaspComptoirSalesInboxPage.tsx:76 hasCapability(user, CAPABILITIES.SONASP_APPROVE) | src/pages/comptoir/SonaspComptoirSalesInboxPage.tsx:77 hasCapability(user, CAPABILITIES.FINANCE_EXECUTE)","Hérite du contexte route candidat; conditions internes à relire; serveur non testé","NON_INSPECTE_EN_UI","Lot public-et-alias","Master §§7–14 et annexe A : champs/actions existants, erreurs explicites, contexte autorisé, responsive, persistance et audit indépendants","AST_JSX","DETECTION_AUTOMATIQUE_NON_REVUE; imports candidats ≠ visibilité prouvée","À INVENTORIER","NON EXÉCUTÉ","","83f8c74e","83f8c74ea83c81a2734ef9e086c2edd211573ebe"
"ACT-74b3d4c2bdb0","admin | collector | comptoir | dgi | owner | sonasp","artisan_gold_market","/artisan-minier/ventes-or","ACTION_JSX","Filtres {filtresActifs > 0 && <em>{filtresActifs}</em>}","src/pages/artisan-minier/VentesOr.tsx:318","src/pages/artisan-minier/VentesOr.tsx","{() => setFiltresOuverts(true)}","src/pages/artisan-minier/VentesOr.tsx:133 isComptoirScopedUser(user) | src/pages/artisan-minier/VentesOr.tsx:134 isCollectorScopedUser(user)","Hérite du contexte route candidat; conditions internes à relire; serveur non testé","NON_INSPECTE_EN_UI","Lot marché artisanal et paiements","Master §§7–14 et annexe A : champs/actions existants, erreurs explicites, contexte autorisé, responsive, persistance et audit indépendants","AST_JSX","DETECTION_AUTOMATIQUE_NON_REVUE; imports candidats ≠ visibilité prouvée","À INVENTORIER","NON EXÉCUTÉ","","83f8c74e","83f8c74ea83c81a2734ef9e086c2edd211573ebe"
"ACT-760e3f2251c5","admin | collector | comptoir | dgmg | owner | sonasp","artisan-minier","/artisan-minier/liste","ACTION_JSX","Suivi de la carte","src/pages/artisan-minier/ArtisanMinierListe.tsx:591","src/pages/artisan-minier/ArtisanMinierListe.tsx","{() => navigate('/artisan-minier/cartes/suivi')}","src/pages/artisan-minier/ArtisanMinierListe.tsx:164 isComptoirScopedUser(user) | src/pages/artisan-minier/ArtisanMinierListe.tsx:165 isCollectorScopedUser(user) | src/pages/artisan-minier/ArtisanMinierListe.tsx:303 canManageMiningRegistry(user) | src/pages/artisan-minier/ArtisanMinierListe.tsx:353 canManageMiningRegistry(user)","Hérite du contexte route candidat; conditions internes à relire; serveur non testé","NON_INSPECTE_EN_UI","Lot artisans et affiliations","Master §§7–14 et annexe A : champs/actions existants, erreurs explicites, contexte autorisé, responsive, persistance et audit indépendants","AST_JSX","DETECTION_AUTOMATIQUE_NON_REVUE; imports candidats ≠ visibilité prouvée","À INVENTORIER","NON EXÉCUTÉ","","83f8c74e","83f8c74ea83c81a2734ef9e086c2edd211573ebe"
"ACT-76a8e5fc6458","collector | owner","portal-collector","/portail-collecteur","ACTION_JSX","Orpailleurs assignés","src/pages/collector/CollectorPortalPage.tsx:121","src/pages/collector/CollectorPortalPage.tsx","","","Hérite du contexte route candidat; conditions internes à relire; serveur non testé","NON_INSPECTE_EN_UI","Lot portal-collector","Master §§7–14 et annexe A : champs/actions existants, erreurs explicites, contexte autorisé, responsive, persistance et audit indépendants","AST_JSX","DETECTION_AUTOMATIQUE_NON_REVUE; imports candidats ≠ visibilité prouvée","À INVENTORIER","NON EXÉCUTÉ","","83f8c74e","83f8c74ea83c81a2734ef9e086c2edd211573ebe"
"ACT-78326bd7aab5","admin | collector | comptoir | dgmg | owner | sonasp","artisan-minier","/artisan-minier/:id | /artisan-minier/cartes/expirations | /artisan-minier/cartes/suivi | /artisan-minier/cartes/validation","ACTION_JSX","Confirmer le paiement","src/components/artisan/AffiliationPaymentPanel.tsx:183","src/components/artisan/AffiliationPaymentPanel.tsx","{() => onConfirm(receipt.id)}","","Hérite du contexte route candidat; conditions internes à relire; serveur non testé","NON_INSPECTE_EN_UI","Lot artisans et affiliations","Master §§7–14 et annexe A : champs/actions existants, erreurs explicites, contexte autorisé, responsive, persistance et audit indépendants","AST_JSX","DETECTION_AUTOMATIQUE_NON_REVUE; imports candidats ≠ visibilité prouvée","À INVENTORIER","NON EXÉCUTÉ","","83f8c74e","83f8c74ea83c81a2734ef9e086c2edd211573ebe"
"ACT-7886bdf9a738","admin | collector | comptoir | dgmg | owner | sonasp","artisan-minier","/artisan-minier/:id/edit | /artisan-minier/liste","ACTION_JSX","{label}","src/components/artisan/ArtisanMinierForm.tsx:1085","src/components/artisan/ArtisanMinierForm.tsx","{(e) => { e.preventDefault(); document.getElementById(id)?.scrollIntoView({ behavior: ""smooth"", block: ""start"", }); }}","src/components/artisan/ArtisanMinierForm.tsx:434 canManageMiningRegistry(user) | src/components/artisan/ArtisanMinierForm.tsx:95 hasSensitiveCapability( user, CAPABILITIES.ARTISAN_PAYMENT_METHODS_MANAGE, )","Hérite du contexte route candidat; conditions internes à relire; serveur non testé","NON_INSPECTE_EN_UI","Lot artisans et affiliations","Master §§7–14 et annexe A : champs/actions existants, erreurs explicites, contexte autorisé, responsive, persistance et audit indépendants","AST_JSX","DETECTION_AUTOMATIQUE_NON_REVUE; imports candidats ≠ visibilité prouvée","À INVENTORIER","NON EXÉCUTÉ","","83f8c74e","83f8c74ea83c81a2734ef9e086c2edd211573ebe"
"ACT-79f79093f559","admin | collector | comptoir | dgmg | owner | sonasp","artisan-minier","/artisan-minier/liste","ACTION_JSX","Nouvel artisan","src/pages/artisan-minier/ArtisanMinierListe.tsx:354","src/pages/artisan-minier/ArtisanMinierListe.tsx","{() => setShowForm(true)}","src/pages/artisan-minier/ArtisanMinierListe.tsx:164 isComptoirScopedUser(user) | src/pages/artisan-minier/ArtisanMinierListe.tsx:165 isCollectorScopedUser(user) | src/pages/artisan-minier/ArtisanMinierListe.tsx:303 canManageMiningRegistry(user) | src/pages/artisan-minier/ArtisanMinierListe.tsx:353 canManageMiningRegistry(user)","Hérite du contexte route candidat; conditions internes à relire; serveur non testé","NON_INSPECTE_EN_UI","Lot artisans et affiliations","Master §§7–14 et annexe A : champs/actions existants, erreurs explicites, contexte autorisé, responsive, persistance et audit indépendants","AST_JSX","DETECTION_AUTOMATIQUE_NON_REVUE; imports candidats ≠ visibilité prouvée","À INVENTORIER","NON EXÉCUTÉ","","83f8c74e","83f8c74ea83c81a2734ef9e086c2edd211573ebe"
"ACT-7a08e3bca1d4","admin | owner | sonasp","artisan-minier","/artisan-minier/cartes/expirations | /artisan-minier/cartes/suivi | /artisan-minier/cartes/validation","ACTION_JSX","button","src/pages/artisan-minier/AffiliationsCartes.tsx:1134","src/pages/artisan-minier/AffiliationsCartes.tsx","{() => onSelect(artisan.id)}","src/pages/artisan-minier/AffiliationsCartes.tsx:121 hasSensitiveCapability( user, CAPABILITIES.PLATFORM_SETTINGS_MANAGE, ) | src/pages/artisan-minier/AffiliationsCartes.tsx:125 hasSensitiveCapability( user, CAPABILITIES.ARTISAN_MEMBERSHIP_MANAGE, ) | src/pages/artisan-minier/AffiliationsCartes.tsx:131 hasSensitiveCapability(user, CAPABILITIES.ARTISAN_CARDS_MANAGE)","Hérite du contexte route candidat; conditions internes à relire; serveur non testé","NON_INSPECTE_EN_UI","Lot artisans et affiliations","Master §§7–14 et annexe A : champs/actions existants, erreurs explicites, contexte autorisé, responsive, persistance et audit indépendants","AST_JSX","DETECTION_AUTOMATIQUE_NON_REVUE; imports candidats ≠ visibilité prouvée","À INVENTORIER","NON EXÉCUTÉ","","83f8c74e","83f8c74ea83c81a2734ef9e086c2edd211573ebe"
"ACT-7a302fb9d684","admin | collector | comptoir | dgi | owner | sonasp","artisan_gold_market","/artisan-minier/ventes-or","ACTION_JSX","Actualiser","src/pages/artisan-minier/VentesOr.tsx:326","src/pages/artisan-minier/VentesOr.tsx","{() => void loadSales()}","src/pages/artisan-minier/VentesOr.tsx:133 isComptoirScopedUser(user) | src/pages/artisan-minier/VentesOr.tsx:134 isCollectorScopedUser(user)","Hérite du contexte route candidat; conditions internes à relire; serveur non testé","NON_INSPECTE_EN_UI","Lot marché artisanal et paiements","Master §§7–14 et annexe A : champs/actions existants, erreurs explicites, contexte autorisé, responsive, persistance et audit indépendants","AST_JSX","DETECTION_AUTOMATIQUE_NON_REVUE; imports candidats ≠ visibilité prouvée","À INVENTORIER","NON EXÉCUTÉ","","83f8c74e","83f8c74ea83c81a2734ef9e086c2edd211573ebe"
"ACT-7a85a5fbd1e6","admin | dgmg | owner","artisan-minier","/artisan-minier/comptoirs/:id | /artisan-minier/comptoirs/:id/modifier | /artisan-minier/comptoirs/nouveau","ACTION_JSX","Ouvrir {preview.name} dans un nouvel onglet","src/pages/collector/ComptoirForm.tsx:245","src/pages/collector/ComptoirForm.tsx","","src/pages/collector/ComptoirForm.tsx:938 canManageMiningRegistry(user)","Hérite du contexte route candidat; conditions internes à relire; serveur non testé","NON_INSPECTE_EN_UI","Lot artisans et affiliations","Master §§7–14 et annexe A : champs/actions existants, erreurs explicites, contexte autorisé, responsive, persistance et audit indépendants","AST_JSX","DETECTION_AUTOMATIQUE_NON_REVUE; imports candidats ≠ visibilité prouvée","À INVENTORIER","NON EXÉCUTÉ","","83f8c74e","83f8c74ea83c81a2734ef9e086c2edd211573ebe"
"ACT-7b76a2749207","admin | dgmg | owner | sonasp","mining_sites","/artisan-sites/:siteId","ACTION_JSX","Réessayer","src/pages/artisanal-sites/ArtisanalSiteDetails.tsx:47","src/pages/artisanal-sites/ArtisanalSiteDetails.tsx","{refresh}","src/pages/artisanal-sites/ArtisanalSiteDetails.tsx:64 canManageMiningRegistry(user)","Hérite du contexte route candidat; conditions internes à relire; serveur non testé","NON_INSPECTE_EN_UI","Lot sites artisanaux","Master §§7–14 et annexe A : champs/actions existants, erreurs explicites, contexte autorisé, responsive, persistance et audit indépendants","AST_JSX","DETECTION_AUTOMATIQUE_NON_REVUE; imports candidats ≠ visibilité prouvée","À INVENTORIER","NON EXÉCUTÉ","","83f8c74e","83f8c74ea83c81a2734ef9e086c2edd211573ebe"
"ACT-7c3f68f72055","admin | collector | comptoir | owner | sonasp","artisan_gold_market","/artisan-minier/paiements/:venteId/nouveau","ACTION_JSX","{submitting ? <Loader2 className=""sn-spin"" aria-hidden=""true"" /> : <Save aria-hidden=""true"" />} {submitting ? 'Enregistrement…' : 'Enregistrer le paiement'}","src/pages/artisan-minier/PaiementForm.tsx:617","src/pages/artisan-minier/PaiementForm.tsx","","src/pages/artisan-minier/PaiementForm.tsx:242 isCollectorScopedUser(user) | src/pages/artisan-minier/PaiementForm.tsx:243 hasSensitiveCapability(user, CAPABILITIES.COLLECTOR_PAYMENTS_EXECUTE) | src/pages/artisan-minier/PaiementForm.tsx:244 hasSensitiveCapability(user, CAPABILITIES.COMPTOIR_PAYMENTS_EXECUTE) | src/pages/artisan-minier/PaiementForm.tsx:244 hasSensitiveCapability(user, CAPABILITIES.FINANCE_EXECUTE)","Hérite du contexte route candidat; conditions internes à relire; serveur non testé","NON_INSPECTE_EN_UI","Lot marché artisanal et paiements","Master §§7–14 et annexe A : champs/actions existants, erreurs explicites, contexte autorisé, responsive, persistance et audit indépendants","AST_JSX","DETECTION_AUTOMATIQUE_NON_REVUE; imports candidats ≠ visibilité prouvée","À INVENTORIER","NON EXÉCUTÉ","","83f8c74e","83f8c74ea83c81a2734ef9e086c2edd211573ebe"
"ACT-7d386a473683","admin | collector | comptoir | dgmg | owner | sonasp","artisan-minier | artisan_gold_market","/artisan-minier/:id/edit | /artisan-minier/collecteurs/:id/modifier | /artisan-minier/collecteurs/nouveau | /artisan-minier/comptoirs/:id | /artisan-minier/comptoirs/:id/modifier | /artisan-minier/comptoirs/nouveau | /artisan-minier/liste | /collecte/ventes | /collecte/ventes/nouvelle","ACTION_JSX","{value === option.value && ( <Check className=""w-4 h-4 text-blue-600"" aria-hidden=""true"" /> )}","src/components/ui/ComboBox.tsx:321","src/components/ui/ComboBox.tsx","{() => handleSelect(option.value)}","","Hérite du contexte route candidat; conditions internes à relire; serveur non testé","NON_INSPECTE_EN_UI","Lot partagé : propriétaire à affecter par orchestrateur","Master §§7–14 et annexe A : champs/actions existants, erreurs explicites, contexte autorisé, responsive, persistance et audit indépendants","AST_JSX","DETECTION_AUTOMATIQUE_NON_REVUE; imports candidats ≠ visibilité prouvée","À INVENTORIER","NON EXÉCUTÉ","","83f8c74e","83f8c74ea83c81a2734ef9e086c2edd211573ebe"
"ACT-7df36ba8bb75","admin | owner | sonasp","artisan-minier","/artisan-minier/:artisanId/infractions/:infractionId","ACTION_JSX","Télécharger","src/pages/artisan-minier/InfractionDetails.tsx:293","src/pages/artisan-minier/InfractionDetails.tsx","","","Hérite du contexte route candidat; conditions internes à relire; serveur non testé","NON_INSPECTE_EN_UI","Lot artisans et affiliations","Master §§7–14 et annexe A : champs/actions existants, erreurs explicites, contexte autorisé, responsive, persistance et audit indépendants","AST_JSX","DETECTION_AUTOMATIQUE_NON_REVUE; imports candidats ≠ visibilité prouvée","À INVENTORIER","NON EXÉCUTÉ","","83f8c74e","83f8c74ea83c81a2734ef9e086c2edd211573ebe"
"ACT-7effd6485259","admin | dgmg | owner","artisan-minier","/artisan-minier/comptoirs","ACTION_JSX","Nouveau comptoir","src/pages/collector/ComptoirsPage.tsx:179","src/pages/collector/ComptoirsPage.tsx","","","Hérite du contexte route candidat; conditions internes à relire; serveur non testé","NON_INSPECTE_EN_UI","Lot artisans et affiliations","Master §§7–14 et annexe A : champs/actions existants, erreurs explicites, contexte autorisé, responsive, persistance et audit indépendants","AST_JSX","DETECTION_AUTOMATIQUE_NON_REVUE; imports candidats ≠ visibilité prouvée","À INVENTORIER","NON EXÉCUTÉ","","83f8c74e","83f8c74ea83c81a2734ef9e086c2edd211573ebe"
"ACT-7f09586442a3","admin | owner | sonasp","artisan-minier","/artisan-minier","ACTION_JSX","div","src/pages/artisan-minier/ArtisanMinierDashboard.tsx:267","src/pages/artisan-minier/ArtisanMinierDashboard.tsx","{() => setFiltresOuverts(false)}","","Hérite du contexte route candidat; conditions internes à relire; serveur non testé","NON_INSPECTE_EN_UI","Lot artisans et affiliations","Master §§7–14 et annexe A : champs/actions existants, erreurs explicites, contexte autorisé, responsive, persistance et audit indépendants","AST_JSX","DETECTION_AUTOMATIQUE_NON_REVUE; imports candidats ≠ visibilité prouvée","À INVENTORIER","NON EXÉCUTÉ","","83f8c74e","83f8c74ea83c81a2734ef9e086c2edd211573ebe"
"ACT-8116a72c2721","admin | dgmg | owner","mining_sites","/artisan-sites/:siteId/modifier | /artisan-sites/nouveau","ACTION_JSX","{saving ? <Loader2 className=""is-spinning"" aria-hidden=""true"" /> : <Save aria-hidden=""true"" />} {saving ? 'Enregistrement…' : 'Enregistrer le site'}","src/pages/artisanal-sites/ArtisanalSiteForm.tsx:725","src/pages/artisanal-sites/ArtisanalSiteForm.tsx","","src/pages/artisanal-sites/ArtisanalSiteForm.tsx:358 canManageMiningRegistry(user) | src/pages/artisanal-sites/ArtisanalSiteForm.tsx:395 canManageMiningRegistry(user)","Hérite du contexte route candidat; conditions internes à relire; serveur non testé","NON_INSPECTE_EN_UI","Lot sites artisanaux","Master §§7–14 et annexe A : champs/actions existants, erreurs explicites, contexte autorisé, responsive, persistance et audit indépendants","AST_JSX","DETECTION_AUTOMATIQUE_NON_REVUE; imports candidats ≠ visibilité prouvée","À INVENTORIER","NON EXÉCUTÉ","","83f8c74e","83f8c74ea83c81a2734ef9e086c2edd211573ebe"
"ACT-81d6d4fb460a","admin | collector | comptoir | dgmg | owner | sonasp","artisan-minier","/artisan-minier/:id/edit | /artisan-minier/liste","ACTION_JSX","Annuler","src/components/artisan/ArtisanMinierForm.tsx:982","src/components/artisan/ArtisanMinierForm.tsx","{cancel}","src/components/artisan/ArtisanMinierForm.tsx:434 canManageMiningRegistry(user) | src/components/artisan/ArtisanMinierForm.tsx:95 hasSensitiveCapability( user, CAPABILITIES.ARTISAN_PAYMENT_METHODS_MANAGE, )","Hérite du contexte route candidat; conditions internes à relire; serveur non testé","NON_INSPECTE_EN_UI","Lot artisans et affiliations","Master §§7–14 et annexe A : champs/actions existants, erreurs explicites, contexte autorisé, responsive, persistance et audit indépendants","AST_JSX","DETECTION_AUTOMATIQUE_NON_REVUE; imports candidats ≠ visibilité prouvée","À INVENTORIER","NON EXÉCUTÉ","","83f8c74e","83f8c74ea83c81a2734ef9e086c2edd211573ebe"
"ACT-8436cc5cb2c0","admin | collector | comptoir | dgmg | owner | sonasp","artisan-minier","/artisan-minier/collecteurs | /artisan-minier/collecteurs/:id","ACTION_JSX","Artisans miniers","src/pages/collector/CollectorDetails.tsx:248","src/pages/collector/CollectorDetails.tsx","","","Hérite du contexte route candidat; conditions internes à relire; serveur non testé","NON_INSPECTE_EN_UI","Lot artisans et affiliations","Master §§7–14 et annexe A : champs/actions existants, erreurs explicites, contexte autorisé, responsive, persistance et audit indépendants","AST_JSX","DETECTION_AUTOMATIQUE_NON_REVUE; imports candidats ≠ visibilité prouvée","À INVENTORIER","NON EXÉCUTÉ","","83f8c74e","83f8c74ea83c81a2734ef9e086c2edd211573ebe"
"ACT-851cfc986d4d","admin | collector | comptoir | dgmg | owner | sonasp","artisan-minier","/artisan-minier/:id | /artisan-minier/cartes/expirations | /artisan-minier/cartes/suivi | /artisan-minier/cartes/validation","ACTION_JSX","Valider la carte","src/components/artisan/AffiliationDossier.tsx:622","src/components/artisan/AffiliationDossier.tsx","{() => void run( () => carteProfessionnelleService.valider(card.id), ""Carte validée. Vous pouvez maintenant confirmer son activation."", ) }","src/components/artisan/AffiliationDossier.tsx:74 hasSensitiveCapability( user, CAPABILITIES.ARTISAN_CARDS_MANAGE, ) | src/components/artisan/AffiliationDossier.tsx:78 hasSensitiveCapability( user, CAPABILITIES.ARTISAN_MEMBERSHIP_MANAGE, ) | src/components/artisan/AffiliationDossier.tsx:82 hasSensitiveCapability( user, CAPABILITIES.ARTISAN_MEMBERSHIP_CONFIRM, ) | src/components/artisan/AffiliationDossier.tsx:86 hasSensitiveCapability( user, CAPABILITIES.ARTISAN_CARDS_ACTIVATE, )","Hérite du contexte route candidat; conditions internes à relire; serveur non testé","NON_INSPECTE_EN_UI","Lot artisans et affiliations","Master §§7–14 et annexe A : champs/actions existants, erreurs explicites, contexte autorisé, responsive, persistance et audit indépendants","AST_JSX","DETECTION_AUTOMATIQUE_NON_REVUE; imports candidats ≠ visibilité prouvée","À INVENTORIER","NON EXÉCUTÉ","","83f8c74e","83f8c74ea83c81a2734ef9e086c2edd211573ebe"
"ACT-858529106e14","admin | dgmg | owner","artisan-minier","/artisan-minier/collecteurs/:id/modifier | /artisan-minier/collecteurs/nouveau","ACTION_JSX","Ajouter","src/pages/collector/CollectorForm.tsx:545","src/pages/collector/CollectorForm.tsx","{() => { set(""site_ids"", [...new Set([...values.site_ids, site])]); setSite(""""); }}","src/pages/collector/CollectorForm.tsx:829 canManageMiningRegistry(user)","Hérite du contexte route candidat; conditions internes à relire; serveur non testé","NON_INSPECTE_EN_UI","Lot artisans et affiliations","Master §§7–14 et annexe A : champs/actions existants, erreurs explicites, contexte autorisé, responsive, persistance et audit indépendants","AST_JSX","DETECTION_AUTOMATIQUE_NON_REVUE; imports candidats ≠ visibilité prouvée","À INVENTORIER","NON EXÉCUTÉ","","83f8c74e","83f8c74ea83c81a2734ef9e086c2edd211573ebe"
"ACT-87e3cabef325","admin | dgmg | owner | sonasp","mining_sites","/artisan-sites","ACTION_JSX","Actualiser","src/pages/artisanal-sites/ArtisanalSitesOverview.tsx:300","src/pages/artisanal-sites/ArtisanalSitesOverview.tsx","{refresh}","src/pages/artisanal-sites/ArtisanalSitesOverview.tsx:142 canManageMiningRegistry(user)","Hérite du contexte route candidat; conditions internes à relire; serveur non testé","NON_INSPECTE_EN_UI","Lot sites artisanaux","Master §§7–14 et annexe A : champs/actions existants, erreurs explicites, contexte autorisé, responsive, persistance et audit indépendants","AST_JSX","DETECTION_AUTOMATIQUE_NON_REVUE; imports candidats ≠ visibilité prouvée","À INVENTORIER","NON EXÉCUTÉ","","83f8c74e","83f8c74ea83c81a2734ef9e086c2edd211573ebe"
"ACT-882aa4a7670a","admin | dgmg | owner | sonasp","mining_sites","/artisan-sites","ACTION_JSX","Link","src/pages/artisanal-sites/ArtisanalSitesOverview.tsx:654","src/pages/artisanal-sites/ArtisanalSitesOverview.tsx","","src/pages/artisanal-sites/ArtisanalSitesOverview.tsx:142 canManageMiningRegistry(user)","Hérite du contexte route candidat; conditions internes à relire; serveur non testé","NON_INSPECTE_EN_UI","Lot sites artisanaux","Master §§7–14 et annexe A : champs/actions existants, erreurs explicites, contexte autorisé, responsive, persistance et audit indépendants","AST_JSX","DETECTION_AUTOMATIQUE_NON_REVUE; imports candidats ≠ visibilité prouvée","À INVENTORIER","NON EXÉCUTÉ","","83f8c74e","83f8c74ea83c81a2734ef9e086c2edd211573ebe"
"ACT-88385504c519","admin | collector | comptoir | dgmg | owner | sonasp","artisan-minier","/artisan-minier/liste","ACTION_JSX","{activeChips.length > 0 && <em>{activeChips.length}</em>}","src/pages/artisan-minier/ArtisanMinierListe.tsx:363","src/pages/artisan-minier/ArtisanMinierListe.tsx","{() => setFiltresDeplies((ouvert) => !ouvert)}","src/pages/artisan-minier/ArtisanMinierListe.tsx:164 isComptoirScopedUser(user) | src/pages/artisan-minier/ArtisanMinierListe.tsx:165 isCollectorScopedUser(user) | src/pages/artisan-minier/ArtisanMinierListe.tsx:303 canManageMiningRegistry(user) | src/pages/artisan-minier/ArtisanMinierListe.tsx:353 canManageMiningRegistry(user)","Hérite du contexte route candidat; conditions internes à relire; serveur non testé","NON_INSPECTE_EN_UI","Lot artisans et affiliations","Master §§7–14 et annexe A : champs/actions existants, erreurs explicites, contexte autorisé, responsive, persistance et audit indépendants","AST_JSX","DETECTION_AUTOMATIQUE_NON_REVUE; imports candidats ≠ visibilité prouvée","À INVENTORIER","NON EXÉCUTÉ","","83f8c74e","83f8c74ea83c81a2734ef9e086c2edd211573ebe"
"ACT-88c06694548d","admin | collector | comptoir | dgmg | owner | sonasp","artisan-minier","/artisan-minier/:id | /artisan-minier/cartes/expirations | /artisan-minier/cartes/suivi | /artisan-minier/cartes/validation","ACTION_JSX","Configurer les droits","src/components/artisan/AffiliationPaymentPanel.tsx:82","src/components/artisan/AffiliationPaymentPanel.tsx","{() => setConfigure(!configure)}","","Hérite du contexte route candidat; conditions internes à relire; serveur non testé","NON_INSPECTE_EN_UI","Lot artisans et affiliations","Master §§7–14 et annexe A : champs/actions existants, erreurs explicites, contexte autorisé, responsive, persistance et audit indépendants","AST_JSX","DETECTION_AUTOMATIQUE_NON_REVUE; imports candidats ≠ visibilité prouvée","À INVENTORIER","NON EXÉCUTÉ","","83f8c74e","83f8c74ea83c81a2734ef9e086c2edd211573ebe"
"ACT-89379306c1a1","admin | comptoir | owner | sonasp","artisan_gold_market","/artisan-minier/ventes-or/:id/facture","ACTION_JSX","Retour à la vente","src/pages/artisan-minier/FactureVente.tsx:135","src/pages/artisan-minier/FactureVente.tsx","{() => navigate(`/artisan-minier/ventes-or/${id}`)}","src/pages/artisan-minier/FactureVente.tsx:42 isComptoirScopedUser(user)","Hérite du contexte route candidat; conditions internes à relire; serveur non testé","NON_INSPECTE_EN_UI","Lot marché artisanal et paiements","Master §§7–14 et annexe A : champs/actions existants, erreurs explicites, contexte autorisé, responsive, persistance et audit indépendants","AST_JSX","DETECTION_AUTOMATIQUE_NON_REVUE; imports candidats ≠ visibilité prouvée","À INVENTORIER","NON EXÉCUTÉ","","83f8c74e","83f8c74ea83c81a2734ef9e086c2edd211573ebe"
"ACT-8976b4e3f500","admin | dgmg | owner","artisan-minier","/artisan-minier/comptoirs/:id | /artisan-minier/comptoirs/:id/modifier | /artisan-minier/comptoirs/nouveau","ACTION_JSX","button","src/pages/collector/ComptoirForm.tsx:227","src/pages/collector/ComptoirForm.tsx","{() => onUnstage(d.id)}","src/pages/collector/ComptoirForm.tsx:938 canManageMiningRegistry(user)","Hérite du contexte route candidat; conditions internes à relire; serveur non testé","NON_INSPECTE_EN_UI","Lot artisans et affiliations","Master §§7–14 et annexe A : champs/actions existants, erreurs explicites, contexte autorisé, responsive, persistance et audit indépendants","AST_JSX","DETECTION_AUTOMATIQUE_NON_REVUE; imports candidats ≠ visibilité prouvée","À INVENTORIER","NON EXÉCUTÉ","","83f8c74e","83f8c74ea83c81a2734ef9e086c2edd211573ebe"
"ACT-8bdf185e8afa","admin | collector | comptoir | dgmg | owner | sonasp","artisan-minier","/artisan-minier/:id/edit | /artisan-minier/liste","ACTION_JSX","Réessayer","src/components/artisan/ArtisanMinierForm.tsx:627","src/components/artisan/ArtisanMinierForm.tsx","{async () => { try { if (savedRecord.current?.id) { setSavedDocs( await artisanDocumentService.list( savedRecord.current.id, ), ); setDocumentError(""""); } } catch { setDocumentError( ""Les documents restent indisponibles. Réessayez."", ); } }}","src/components/artisan/ArtisanMinierForm.tsx:434 canManageMiningRegistry(user) | src/components/artisan/ArtisanMinierForm.tsx:95 hasSensitiveCapability( user, CAPABILITIES.ARTISAN_PAYMENT_METHODS_MANAGE, )","Hérite du contexte route candidat; conditions internes à relire; serveur non testé","NON_INSPECTE_EN_UI","Lot artisans et affiliations","Master §§7–14 et annexe A : champs/actions existants, erreurs explicites, contexte autorisé, responsive, persistance et audit indépendants","AST_JSX","DETECTION_AUTOMATIQUE_NON_REVUE; imports candidats ≠ visibilité prouvée","À INVENTORIER","NON EXÉCUTÉ","","83f8c74e","83f8c74ea83c81a2734ef9e086c2edd211573ebe"
"ACT-8c62e8a2f899","admin | collector | comptoir | owner | sonasp","artisan_gold_market","/artisan-minier/paiements/:venteId/nouveau","ACTION_JSX","Corriger sur la fiche de l’artisan","src/pages/artisan-minier/PaiementForm.tsx:587","src/pages/artisan-minier/PaiementForm.tsx","{() => navigate(`/artisan-minier/${vente.artisan_id}/edit`)}","src/pages/artisan-minier/PaiementForm.tsx:242 isCollectorScopedUser(user) | src/pages/artisan-minier/PaiementForm.tsx:243 hasSensitiveCapability(user, CAPABILITIES.COLLECTOR_PAYMENTS_EXECUTE) | src/pages/artisan-minier/PaiementForm.tsx:244 hasSensitiveCapability(user, CAPABILITIES.COMPTOIR_PAYMENTS_EXECUTE) | src/pages/artisan-minier/PaiementForm.tsx:244 hasSensitiveCapability(user, CAPABILITIES.FINANCE_EXECUTE)","Hérite du contexte route candidat; conditions internes à relire; serveur non testé","NON_INSPECTE_EN_UI","Lot marché artisanal et paiements","Master §§7–14 et annexe A : champs/actions existants, erreurs explicites, contexte autorisé, responsive, persistance et audit indépendants","AST_JSX","DETECTION_AUTOMATIQUE_NON_REVUE; imports candidats ≠ visibilité prouvée","À INVENTORIER","NON EXÉCUTÉ","","83f8c74e","83f8c74ea83c81a2734ef9e086c2edd211573ebe"
"ACT-8d3b92dc0c6f","admin | collector | comptoir | dgmg | owner | sonasp","artisan-minier","/artisan-minier/:id","ACTION_JSX","Retour à la liste","src/pages/artisan-minier/ArtisanMinierDetails.tsx:269","src/pages/artisan-minier/ArtisanMinierDetails.tsx","{() => navigate('/artisan-minier/liste')}","src/pages/artisan-minier/ArtisanMinierDetails.tsx:114 isCollectorScopedUser(user)","Hérite du contexte route candidat; conditions internes à relire; serveur non testé","NON_INSPECTE_EN_UI","Lot artisans et affiliations","Master §§7–14 et annexe A : champs/actions existants, erreurs explicites, contexte autorisé, responsive, persistance et audit indépendants","AST_JSX","DETECTION_AUTOMATIQUE_NON_REVUE; imports candidats ≠ visibilité prouvée","À INVENTORIER","NON EXÉCUTÉ","","83f8c74e","83f8c74ea83c81a2734ef9e086c2edd211573ebe"
"ACT-8d91802dc472","admin | collector | comptoir | dgi | owner | sonasp","artisan_gold_market","/artisan-minier/ventes-or/:id","ACTION_JSX","Registre","src/pages/artisan-minier/VenteOrDetails.tsx:243","src/pages/artisan-minier/VenteOrDetails.tsx","{() => navigate('/artisan-minier/ventes-or')}","src/pages/artisan-minier/VenteOrDetails.tsx:115 isCollectorScopedUser(user)","Hérite du contexte route candidat; conditions internes à relire; serveur non testé","NON_INSPECTE_EN_UI","Lot marché artisanal et paiements","Master §§7–14 et annexe A : champs/actions existants, erreurs explicites, contexte autorisé, responsive, persistance et audit indépendants","AST_JSX","DETECTION_AUTOMATIQUE_NON_REVUE; imports candidats ≠ visibilité prouvée","À INVENTORIER","NON EXÉCUTÉ","","83f8c74e","83f8c74ea83c81a2734ef9e086c2edd211573ebe"
"ACT-8e2e4b03739f","admin | dgmg | owner","artisan-minier","/artisan-minier/collecteurs/:id/modifier | /artisan-minier/collecteurs/nouveau","ACTION_JSX","button","src/pages/collector/CollectorForm.tsx:265","src/pages/collector/CollectorForm.tsx","{() => setPending((old) => old.filter((d) => d.id !== p.id)) }","src/pages/collector/CollectorForm.tsx:829 canManageMiningRegistry(user)","Hérite du contexte route candidat; conditions internes à relire; serveur non testé","NON_INSPECTE_EN_UI","Lot artisans et affiliations","Master §§7–14 et annexe A : champs/actions existants, erreurs explicites, contexte autorisé, responsive, persistance et audit indépendants","AST_JSX","DETECTION_AUTOMATIQUE_NON_REVUE; imports candidats ≠ visibilité prouvée","À INVENTORIER","NON EXÉCUTÉ","","83f8c74e","83f8c74ea83c81a2734ef9e086c2edd211573ebe"
"ACT-8e94a1933cc8","admin | collector | comptoir | dgmg | owner | sonasp","artisan-minier","/artisan-minier/:id | /artisan-minier/cartes/expirations | /artisan-minier/cartes/suivi | /artisan-minier/cartes/validation","ACTION_JSX","Actualiser","src/components/artisan/AffiliationDossier.tsx:344","src/components/artisan/AffiliationDossier.tsx","{() => void run(async () => undefined, ""Statut actualisé."")}","src/components/artisan/AffiliationDossier.tsx:74 hasSensitiveCapability( user, CAPABILITIES.ARTISAN_CARDS_MANAGE, ) | src/components/artisan/AffiliationDossier.tsx:78 hasSensitiveCapability( user, CAPABILITIES.ARTISAN_MEMBERSHIP_MANAGE, ) | src/components/artisan/AffiliationDossier.tsx:82 hasSensitiveCapability( user, CAPABILITIES.ARTISAN_MEMBERSHIP_CONFIRM, ) | src/components/artisan/AffiliationDossier.tsx:86 hasSensitiveCapability( user, CAPABILITIES.ARTISAN_CARDS_ACTIVATE, )","Hérite du contexte route candidat; conditions internes à relire; serveur non testé","NON_INSPECTE_EN_UI","Lot artisans et affiliations","Master §§7–14 et annexe A : champs/actions existants, erreurs explicites, contexte autorisé, responsive, persistance et audit indépendants","AST_JSX","DETECTION_AUTOMATIQUE_NON_REVUE; imports candidats ≠ visibilité prouvée","À INVENTORIER","NON EXÉCUTÉ","","83f8c74e","83f8c74ea83c81a2734ef9e086c2edd211573ebe"
"ACT-8f46ecc780c9","admin | collector | comptoir | dgmg | owner | sonasp","artisan-minier","/artisan-minier/liste","ACTION_JSX","Modifier","src/pages/artisan-minier/ArtisanMinierListe.tsx:590","src/pages/artisan-minier/ArtisanMinierListe.tsx","{() => navigate(`/artisan-minier/${artisan.id}/edit`)}","src/pages/artisan-minier/ArtisanMinierListe.tsx:164 isComptoirScopedUser(user) | src/pages/artisan-minier/ArtisanMinierListe.tsx:165 isCollectorScopedUser(user) | src/pages/artisan-minier/ArtisanMinierListe.tsx:303 canManageMiningRegistry(user) | src/pages/artisan-minier/ArtisanMinierListe.tsx:353 canManageMiningRegistry(user)","Hérite du contexte route candidat; conditions internes à relire; serveur non testé","NON_INSPECTE_EN_UI","Lot artisans et affiliations","Master §§7–14 et annexe A : champs/actions existants, erreurs explicites, contexte autorisé, responsive, persistance et audit indépendants","AST_JSX","DETECTION_AUTOMATIQUE_NON_REVUE; imports candidats ≠ visibilité prouvée","À INVENTORIER","NON EXÉCUTÉ","","83f8c74e","83f8c74ea83c81a2734ef9e086c2edd211573ebe"
"ACT-8fc6a292af96","admin | collector | comptoir | dgmg | owner | sonasp","artisan-minier","/artisan-minier/:id","ACTION_JSX","Signaler une infraction","src/pages/artisan-minier/ArtisanMinierDetails.tsx:426","src/pages/artisan-minier/ArtisanMinierDetails.tsx","{() => navigate(`/artisan-minier/${artisan.id}/infractions/nouvelle`)}","src/pages/artisan-minier/ArtisanMinierDetails.tsx:114 isCollectorScopedUser(user)","Hérite du contexte route candidat; conditions internes à relire; serveur non testé","NON_INSPECTE_EN_UI","Lot artisans et affiliations","Master §§7–14 et annexe A : champs/actions existants, erreurs explicites, contexte autorisé, responsive, persistance et audit indépendants","AST_JSX","DETECTION_AUTOMATIQUE_NON_REVUE; imports candidats ≠ visibilité prouvée","À INVENTORIER","NON EXÉCUTÉ","","83f8c74e","83f8c74ea83c81a2734ef9e086c2edd211573ebe"
"ACT-90ae94c01f91","admin | collector | comptoir | dgmg | owner | sonasp","artisan_gold_market","/collecte/ventes | /collecte/ventes/nouvelle","ACTION_JSX","Retour aux ventes","src/pages/collector/CollectionSalesPage.tsx:473","src/pages/collector/CollectionSalesPage.tsx","","src/pages/collector/CollectionSalesPage.tsx:250 isCollectorScopedUser(user)","Hérite du contexte route candidat; conditions internes à relire; serveur non testé","NON_INSPECTE_EN_UI","Lot marché artisanal et paiements","Master §§7–14 et annexe A : champs/actions existants, erreurs explicites, contexte autorisé, responsive, persistance et audit indépendants","AST_JSX","DETECTION_AUTOMATIQUE_NON_REVUE; imports candidats ≠ visibilité prouvée","À INVENTORIER","NON EXÉCUTÉ","","83f8c74e","83f8c74ea83c81a2734ef9e086c2edd211573ebe"
"ACT-90d61d436b8f","comptoir | owner","portal-comptoir","/portail-comptoir/stock","ACTION_JSX","Actualiser","src/pages/comptoir/ComptoirStockPage.tsx:55","src/pages/comptoir/ComptoirStockPage.tsx","{() => void load()}","","Hérite du contexte route candidat; conditions internes à relire; serveur non testé","NON_INSPECTE_EN_UI","Lot portal-comptoir","Master §§7–14 et annexe A : champs/actions existants, erreurs explicites, contexte autorisé, responsive, persistance et audit indépendants","AST_JSX","DETECTION_AUTOMATIQUE_NON_REVUE; imports candidats ≠ visibilité prouvée","À INVENTORIER","NON EXÉCUTÉ","","83f8c74e","83f8c74ea83c81a2734ef9e086c2edd211573ebe"
"ACT-92da7165f738","admin | dgmg | owner","mining_sites","/artisan-sites/:siteId/modifier | /artisan-sites/nouveau","ACTION_JSX","button","src/pages/artisanal-sites/ArtisanalSiteForm.tsx:756","src/pages/artisanal-sites/ArtisanalSiteForm.tsx","{() => navigate(`/artisan-sites/${site.id}`)}","src/pages/artisanal-sites/ArtisanalSiteForm.tsx:358 canManageMiningRegistry(user) | src/pages/artisanal-sites/ArtisanalSiteForm.tsx:395 canManageMiningRegistry(user)","Hérite du contexte route candidat; conditions internes à relire; serveur non testé","NON_INSPECTE_EN_UI","Lot sites artisanaux","Master §§7–14 et annexe A : champs/actions existants, erreurs explicites, contexte autorisé, responsive, persistance et audit indépendants","AST_JSX","DETECTION_AUTOMATIQUE_NON_REVUE; imports candidats ≠ visibilité prouvée","À INVENTORIER","NON EXÉCUTÉ","","83f8c74e","83f8c74ea83c81a2734ef9e086c2edd211573ebe"
"ACT-9488e9d675e3","admin | dgmg | owner","artisan-minier","/artisan-minier/collecteurs/:id/modifier | /artisan-minier/collecteurs/nouveau","ACTION_JSX","Annuler","src/pages/collector/CollectorForm.tsx:798","src/pages/collector/CollectorForm.tsx","{() => { if (!dirty || confirmArtisanLeave()) onCancel(); }}","src/pages/collector/CollectorForm.tsx:829 canManageMiningRegistry(user)","Hérite du contexte route candidat; conditions internes à relire; serveur non testé","NON_INSPECTE_EN_UI","Lot artisans et affiliations","Master §§7–14 et annexe A : champs/actions existants, erreurs explicites, contexte autorisé, responsive, persistance et audit indépendants","AST_JSX","DETECTION_AUTOMATIQUE_NON_REVUE; imports candidats ≠ visibilité prouvée","À INVENTORIER","NON EXÉCUTÉ","","83f8c74e","83f8c74ea83c81a2734ef9e086c2edd211573ebe"
"ACT-958c2b75c56f","admin | owner | sonasp","artisan-minier","/artisan-minier","ACTION_JSX","Nouvel artisan","src/pages/artisan-minier/ArtisanMinierDashboard.tsx:255","src/pages/artisan-minier/ArtisanMinierDashboard.tsx","{() => navigate('/artisan-minier/liste')}","","Hérite du contexte route candidat; conditions internes à relire; serveur non testé","NON_INSPECTE_EN_UI","Lot artisans et affiliations","Master §§7–14 et annexe A : champs/actions existants, erreurs explicites, contexte autorisé, responsive, persistance et audit indépendants","AST_JSX","DETECTION_AUTOMATIQUE_NON_REVUE; imports candidats ≠ visibilité prouvée","À INVENTORIER","NON EXÉCUTÉ","","83f8c74e","83f8c74ea83c81a2734ef9e086c2edd211573ebe"
"ACT-95b477376952","admin | collector | comptoir | dgmg | owner | sonasp","artisan_gold_market","/collecte/ventes | /collecte/ventes/nouvelle","ACTION_JSX","Approuver","src/pages/collector/CollectionSalesPage.tsx:367","src/pages/collector/CollectionSalesPage.tsx","{() => { setDecision({ sale: s, value: ""approved"" }); setReason(""""); }}","src/pages/collector/CollectionSalesPage.tsx:250 isCollectorScopedUser(user)","Hérite du contexte route candidat; conditions internes à relire; serveur non testé","NON_INSPECTE_EN_UI","Lot marché artisanal et paiements","Master §§7–14 et annexe A : champs/actions existants, erreurs explicites, contexte autorisé, responsive, persistance et audit indépendants","AST_JSX","DETECTION_AUTOMATIQUE_NON_REVUE; imports candidats ≠ visibilité prouvée","À INVENTORIER","NON EXÉCUTÉ","","83f8c74e","83f8c74ea83c81a2734ef9e086c2edd211573ebe"
"ACT-963fa19fae83","admin | collector | comptoir | dgmg | owner | sonasp","artisan-minier","/artisan-minier/:id | /artisan-minier/cartes/expirations | /artisan-minier/cartes/suivi | /artisan-minier/cartes/validation","ACTION_JSX","Réessayer","src/components/artisan/AffiliationDossier.tsx:237","src/components/artisan/AffiliationDossier.tsx","{() => void load()}","src/components/artisan/AffiliationDossier.tsx:74 hasSensitiveCapability( user, CAPABILITIES.ARTISAN_CARDS_MANAGE, ) | src/components/artisan/AffiliationDossier.tsx:78 hasSensitiveCapability( user, CAPABILITIES.ARTISAN_MEMBERSHIP_MANAGE, ) | src/components/artisan/AffiliationDossier.tsx:82 hasSensitiveCapability( user, CAPABILITIES.ARTISAN_MEMBERSHIP_CONFIRM, ) | src/components/artisan/AffiliationDossier.tsx:86 hasSensitiveCapability( user, CAPABILITIES.ARTISAN_CARDS_ACTIVATE, )","Hérite du contexte route candidat; conditions internes à relire; serveur non testé","NON_INSPECTE_EN_UI","Lot artisans et affiliations","Master §§7–14 et annexe A : champs/actions existants, erreurs explicites, contexte autorisé, responsive, persistance et audit indépendants","AST_JSX","DETECTION_AUTOMATIQUE_NON_REVUE; imports candidats ≠ visibilité prouvée","À INVENTORIER","NON EXÉCUTÉ","","83f8c74e","83f8c74ea83c81a2734ef9e086c2edd211573ebe"
"ACT-97f976ad6c19","admin | comptoir | owner | sonasp","artisan_gold_market","/artisan-minier/rapports/chiffre-affaires","ACTION_JSX","Exporter en Excel","src/pages/artisan-minier/RapportChiffreAffaires.tsx:130","src/pages/artisan-minier/RapportChiffreAffaires.tsx","{() => void exporter()}","","Hérite du contexte route candidat; conditions internes à relire; serveur non testé","NON_INSPECTE_EN_UI","Lot marché artisanal et paiements","Master §§7–14 et annexe A : champs/actions existants, erreurs explicites, contexte autorisé, responsive, persistance et audit indépendants","AST_JSX","DETECTION_AUTOMATIQUE_NON_REVUE; imports candidats ≠ visibilité prouvée","À INVENTORIER","NON EXÉCUTÉ","","83f8c74e","83f8c74ea83c81a2734ef9e086c2edd211573ebe"
"ACT-984efc4a7c8a","admin | collector | comptoir | dgmg | owner | sonasp","artisan-minier","/artisan-minier/:id/edit | /artisan-minier/liste","ACTION_JSX","button","src/components/artisan/ArtisanDocuments.tsx:217","src/components/artisan/ArtisanDocuments.tsx","{() => { setType(doc.type_document); setTitle(doc.titre || doc.nom_fichier); setReplaces(doc.id); document.getElementById(inputId)?.focus(); }}","","Hérite du contexte route candidat; conditions internes à relire; serveur non testé","NON_INSPECTE_EN_UI","Lot artisans et affiliations","Master §§7–14 et annexe A : champs/actions existants, erreurs explicites, contexte autorisé, responsive, persistance et audit indépendants","AST_JSX","DETECTION_AUTOMATIQUE_NON_REVUE; imports candidats ≠ visibilité prouvée","À INVENTORIER","NON EXÉCUTÉ","","83f8c74e","83f8c74ea83c81a2734ef9e086c2edd211573ebe"
"ACT-98600eeec956","admin | collector | comptoir | dgi | owner | sonasp","artisan_gold_market","/artisan-minier/ventes-or/:id","ACTION_JSX","Facture (spécimen)","src/pages/artisan-minier/VenteOrDetails.tsx:249","src/pages/artisan-minier/VenteOrDetails.tsx","{() => navigate(`/artisan-minier/ventes-or/${vente.id}/facture`)}","src/pages/artisan-minier/VenteOrDetails.tsx:115 isCollectorScopedUser(user)","Hérite du contexte route candidat; conditions internes à relire; serveur non testé","NON_INSPECTE_EN_UI","Lot marché artisanal et paiements","Master §§7–14 et annexe A : champs/actions existants, erreurs explicites, contexte autorisé, responsive, persistance et audit indépendants","AST_JSX","DETECTION_AUTOMATIQUE_NON_REVUE; imports candidats ≠ visibilité prouvée","À INVENTORIER","NON EXÉCUTÉ","","83f8c74e","83f8c74ea83c81a2734ef9e086c2edd211573ebe"
"ACT-986feb879982","admin | owner | sonasp","artisan-minier","/artisan-minier/:artisanId/infractions/:infractionId/modifier | /artisan-minier/:artisanId/infractions/nouvelle","ACTION_JSX","Retirer cette pièce du dossier","src/pages/artisan-minier/InfractionForm.tsx:537","src/pages/artisan-minier/InfractionForm.tsx","{() => removeStored(url)}","","Hérite du contexte route candidat; conditions internes à relire; serveur non testé","NON_INSPECTE_EN_UI","Lot artisans et affiliations","Master §§7–14 et annexe A : champs/actions existants, erreurs explicites, contexte autorisé, responsive, persistance et audit indépendants","AST_JSX","DETECTION_AUTOMATIQUE_NON_REVUE; imports candidats ≠ visibilité prouvée","À INVENTORIER","NON EXÉCUTÉ","","83f8c74e","83f8c74ea83c81a2734ef9e086c2edd211573ebe"
"ACT-98d09bba6d41","admin | owner | sonasp","artisan-minier","/artisan-minier/:artisanId/infractions/:infractionId","ACTION_JSX","Ouvrir le dossier complet","src/pages/artisan-minier/InfractionDetails.tsx:351","src/pages/artisan-minier/InfractionDetails.tsx","{() => navigate(retour)}","","Hérite du contexte route candidat; conditions internes à relire; serveur non testé","NON_INSPECTE_EN_UI","Lot artisans et affiliations","Master §§7–14 et annexe A : champs/actions existants, erreurs explicites, contexte autorisé, responsive, persistance et audit indépendants","AST_JSX","DETECTION_AUTOMATIQUE_NON_REVUE; imports candidats ≠ visibilité prouvée","À INVENTORIER","NON EXÉCUTÉ","","83f8c74e","83f8c74ea83c81a2734ef9e086c2edd211573ebe"
"ACT-99f772fd6bb3","admin | owner | sonasp","artisan-minier","/artisan-minier/:artisanId/infractions/:infractionId/modifier | /artisan-minier/:artisanId/infractions/nouvelle","ACTION_JSX","{saving || uploading ? ( <> <Loader2 className=""sn-spin"" aria-hidden=""true"" /> {uploading ? 'Envoi de}","src/pages/artisan-minier/InfractionForm.tsx:570","src/pages/artisan-minier/InfractionForm.tsx","","","Hérite du contexte route candidat; conditions internes à relire; serveur non testé","NON_INSPECTE_EN_UI","Lot artisans et affiliations","Master §§7–14 et annexe A : champs/actions existants, erreurs explicites, contexte autorisé, responsive, persistance et audit indépendants","AST_JSX","DETECTION_AUTOMATIQUE_NON_REVUE; imports candidats ≠ visibilité prouvée","À INVENTORIER","NON EXÉCUTÉ","","83f8c74e","83f8c74ea83c81a2734ef9e086c2edd211573ebe"
"ACT-9dfd5b052f04","admin | collector | comptoir | owner | sonasp","artisan_gold_market","/artisan-minier/paiements/historique/:paiementId","ACTION_JSX","Retour au registre","src/pages/artisan-minier/PaiementDetails.tsx:281","src/pages/artisan-minier/PaiementDetails.tsx","{() => navigate('/artisan-minier/paiements/historique')}","src/pages/artisan-minier/PaiementDetails.tsx:181 isCollectorScopedUser(user) | src/pages/artisan-minier/PaiementDetails.tsx:183 hasSensitiveCapability(user, CAPABILITIES.COLLECTOR_PAYMENTS_EXECUTE) | src/pages/artisan-minier/PaiementDetails.tsx:184 hasSensitiveCapability(user, CAPABILITIES.COMPTOIR_PAYMENTS_EXECUTE) | src/pages/artisan-minier/PaiementDetails.tsx:184 hasSensitiveCapability(user, CAPABILITIES.FINANCE_EXECUTE) | src/pages/artisan-minier/PaiementDetails.tsx:185 hasSensitiveCapability(user, CAPABILITIES.COMPTOIR_PAYMENTS_RECONCILE) | src/pages/artisan-minier/PaiementDetails.tsx:186 hasSensitiveCapability(user, CAPABILITIES.FINANCE_RECONCILE)","Hérite du contexte route candidat; conditions internes à relire; serveur non testé","NON_INSPECTE_EN_UI","Lot marché artisanal et paiements","Master §§7–14 et annexe A : champs/actions existants, erreurs explicites, contexte autorisé, responsive, persistance et audit indépendants","AST_JSX","DETECTION_AUTOMATIQUE_NON_REVUE; imports candidats ≠ visibilité prouvée","À INVENTORIER","NON EXÉCUTÉ","","83f8c74e","83f8c74ea83c81a2734ef9e086c2edd211573ebe"
"ACT-9f2a8f8909ba","admin | owner | sonasp","artisan-minier","/artisan-minier/:artisanId/infractions/:infractionId/modifier | /artisan-minier/:artisanId/infractions/nouvelle","ACTION_JSX","Retour au dossier","src/pages/artisan-minier/InfractionForm.tsx:365","src/pages/artisan-minier/InfractionForm.tsx","{() => navigate(retour)}","","Hérite du contexte route candidat; conditions internes à relire; serveur non testé","NON_INSPECTE_EN_UI","Lot artisans et affiliations","Master §§7–14 et annexe A : champs/actions existants, erreurs explicites, contexte autorisé, responsive, persistance et audit indépendants","AST_JSX","DETECTION_AUTOMATIQUE_NON_REVUE; imports candidats ≠ visibilité prouvée","À INVENTORIER","NON EXÉCUTÉ","","83f8c74e","83f8c74ea83c81a2734ef9e086c2edd211573ebe"
"ACT-9ff2993f3403","admin | dgmg | owner","artisan-minier","/artisan-minier/collecteurs/:id/modifier | /artisan-minier/collecteurs/nouveau","ACTION_JSX","{s} {req.some((r) => r.section === i + 1) && req .filter((r) => r.section === i + 1) .every((r) => r.fill}","src/pages/collector/CollectorForm.tsx:738","src/pages/collector/CollectorForm.tsx","","src/pages/collector/CollectorForm.tsx:829 canManageMiningRegistry(user)","Hérite du contexte route candidat; conditions internes à relire; serveur non testé","NON_INSPECTE_EN_UI","Lot artisans et affiliations","Master §§7–14 et annexe A : champs/actions existants, erreurs explicites, contexte autorisé, responsive, persistance et audit indépendants","AST_JSX","DETECTION_AUTOMATIQUE_NON_REVUE; imports candidats ≠ visibilité prouvée","À INVENTORIER","NON EXÉCUTÉ","","83f8c74e","83f8c74ea83c81a2734ef9e086c2edd211573ebe"
"ACT-a08ab28b27a3","admin | collector | comptoir | dgmg | owner | sonasp","artisan-minier","/artisan-minier/collecteurs | /artisan-minier/collecteurs/:id","ACTION_JSX","Consulter les ventes de collecte","src/pages/collector/CollectorDetails.tsx:453","src/pages/collector/CollectorDetails.tsx","","","Hérite du contexte route candidat; conditions internes à relire; serveur non testé","NON_INSPECTE_EN_UI","Lot artisans et affiliations","Master §§7–14 et annexe A : champs/actions existants, erreurs explicites, contexte autorisé, responsive, persistance et audit indépendants","AST_JSX","DETECTION_AUTOMATIQUE_NON_REVUE; imports candidats ≠ visibilité prouvée","À INVENTORIER","NON EXÉCUTÉ","","83f8c74e","83f8c74ea83c81a2734ef9e086c2edd211573ebe"
"ACT-a18b823271f4","admin | dgmg | owner | sonasp","mining_sites","/artisan-sites","ACTION_JSX","Page suivante","src/pages/artisanal-sites/ArtisanalSitesOverview.tsx:713","src/pages/artisanal-sites/ArtisanalSitesOverview.tsx","{() => setPage((value) => Math.min(pageCount, value + 1))}","src/pages/artisanal-sites/ArtisanalSitesOverview.tsx:142 canManageMiningRegistry(user)","Hérite du contexte route candidat; conditions internes à relire; serveur non testé","NON_INSPECTE_EN_UI","Lot sites artisanaux","Master §§7–14 et annexe A : champs/actions existants, erreurs explicites, contexte autorisé, responsive, persistance et audit indépendants","AST_JSX","DETECTION_AUTOMATIQUE_NON_REVUE; imports candidats ≠ visibilité prouvée","À INVENTORIER","NON EXÉCUTÉ","","83f8c74e","83f8c74ea83c81a2734ef9e086c2edd211573ebe"
"ACT-a32aaff8a9ee","admin | collector | comptoir | dgmg | owner | sonasp","artisan_gold_market","/collecte/ventes | /collecte/ventes/nouvelle","ACTION_JSX","Enregistrer une vente","src/pages/collector/CollectionSalesPage.tsx:464","src/pages/collector/CollectionSalesPage.tsx","","src/pages/collector/CollectionSalesPage.tsx:250 isCollectorScopedUser(user)","Hérite du contexte route candidat; conditions internes à relire; serveur non testé","NON_INSPECTE_EN_UI","Lot marché artisanal et paiements","Master §§7–14 et annexe A : champs/actions existants, erreurs explicites, contexte autorisé, responsive, persistance et audit indépendants","AST_JSX","DETECTION_AUTOMATIQUE_NON_REVUE; imports candidats ≠ visibilité prouvée","À INVENTORIER","NON EXÉCUTÉ","","83f8c74e","83f8c74ea83c81a2734ef9e086c2edd211573ebe"
"ACT-a3fb6de9a9e1","admin | dgmg | owner | sonasp","mining_sites","/artisan-sites","ACTION_JSX","{value}","src/pages/artisanal-sites/ArtisanalSitesOverview.tsx:711","src/pages/artisanal-sites/ArtisanalSitesOverview.tsx","{() => setPage(value)}","src/pages/artisanal-sites/ArtisanalSitesOverview.tsx:142 canManageMiningRegistry(user)","Hérite du contexte route candidat; conditions internes à relire; serveur non testé","NON_INSPECTE_EN_UI","Lot sites artisanaux","Master §§7–14 et annexe A : champs/actions existants, erreurs explicites, contexte autorisé, responsive, persistance et audit indépendants","AST_JSX","DETECTION_AUTOMATIQUE_NON_REVUE; imports candidats ≠ visibilité prouvée","À INVENTORIER","NON EXÉCUTÉ","","83f8c74e","83f8c74ea83c81a2734ef9e086c2edd211573ebe"
"ACT-a4240faa7b32","admin | collector | comptoir | dgmg | owner | sonasp","artisan-minier","/artisan-minier/:id | /artisan-minier/cartes/expirations | /artisan-minier/cartes/suivi | /artisan-minier/cartes/validation","ACTION_JSX","{imageError ? ""Recharger les fichiers"" : ""Générer les deux faces""}","src/components/artisan/AffiliationDigitalCard.tsx:201","src/components/artisan/AffiliationDigitalCard.tsx","{ imageError ? () => setReloadImages((v) => v + 1) : onRetry }","","Hérite du contexte route candidat; conditions internes à relire; serveur non testé","NON_INSPECTE_EN_UI","Lot artisans et affiliations","Master §§7–14 et annexe A : champs/actions existants, erreurs explicites, contexte autorisé, responsive, persistance et audit indépendants","AST_JSX","DETECTION_AUTOMATIQUE_NON_REVUE; imports candidats ≠ visibilité prouvée","À INVENTORIER","NON EXÉCUTÉ","","83f8c74e","83f8c74ea83c81a2734ef9e086c2edd211573ebe"
"ACT-a4c3dd2e5baf","admin | collector | comptoir | dgmg | owner | sonasp","artisan-minier","/artisan-minier/:id | /artisan-minier/cartes/expirations | /artisan-minier/cartes/suivi | /artisan-minier/cartes/validation","ACTION_JSX","Renouveler pour une nouvelle période","src/components/artisan/AffiliationDossier.tsx:703","src/components/artisan/AffiliationDossier.tsx","{() => void run(async () => { await carteProfessionnelleService.renouveler(artisanId); setSelected(""""); onCardChange?.(""""); }, ""Nouvelle période à préparer. L’ancienne émission est conservée."") }","src/components/artisan/AffiliationDossier.tsx:74 hasSensitiveCapability( user, CAPABILITIES.ARTISAN_CARDS_MANAGE, ) | src/components/artisan/AffiliationDossier.tsx:78 hasSensitiveCapability( user, CAPABILITIES.ARTISAN_MEMBERSHIP_MANAGE, ) | src/components/artisan/AffiliationDossier.tsx:82 hasSensitiveCapability( user, CAPABILITIES.ARTISAN_MEMBERSHIP_CONFIRM, ) | src/components/artisan/AffiliationDossier.tsx:86 hasSensitiveCapability( user, CAPABILITIES.ARTISAN_CARDS_ACTIVATE, )","Hérite du contexte route candidat; conditions internes à relire; serveur non testé","NON_INSPECTE_EN_UI","Lot artisans et affiliations","Master §§7–14 et annexe A : champs/actions existants, erreurs explicites, contexte autorisé, responsive, persistance et audit indépendants","AST_JSX","DETECTION_AUTOMATIQUE_NON_REVUE; imports candidats ≠ visibilité prouvée","À INVENTORIER","NON EXÉCUTÉ","","83f8c74e","83f8c74ea83c81a2734ef9e086c2edd211573ebe"
"ACT-a53bc923cbf2","admin | owner | sonasp","artisan-minier","/artisan-minier/cartes/expirations | /artisan-minier/cartes/suivi | /artisan-minier/cartes/validation","ACTION_JSX","Voir la liste des artisans","src/pages/artisan-minier/AffiliationsCartes.tsx:524","src/pages/artisan-minier/AffiliationsCartes.tsx","","src/pages/artisan-minier/AffiliationsCartes.tsx:121 hasSensitiveCapability( user, CAPABILITIES.PLATFORM_SETTINGS_MANAGE, ) | src/pages/artisan-minier/AffiliationsCartes.tsx:125 hasSensitiveCapability( user, CAPABILITIES.ARTISAN_MEMBERSHIP_MANAGE, ) | src/pages/artisan-minier/AffiliationsCartes.tsx:131 hasSensitiveCapability(user, CAPABILITIES.ARTISAN_CARDS_MANAGE)","Hérite du contexte route candidat; conditions internes à relire; serveur non testé","NON_INSPECTE_EN_UI","Lot artisans et affiliations","Master §§7–14 et annexe A : champs/actions existants, erreurs explicites, contexte autorisé, responsive, persistance et audit indépendants","AST_JSX","DETECTION_AUTOMATIQUE_NON_REVUE; imports candidats ≠ visibilité prouvée","À INVENTORIER","NON EXÉCUTÉ","","83f8c74e","83f8c74ea83c81a2734ef9e086c2edd211573ebe"
"ACT-a5cf6031cfe4","collector | owner","portal-collector","/portail-collecteur/documents","ACTION_JSX","Actualiser","src/pages/collector/CollectorDocumentsPage.tsx:67","src/pages/collector/CollectorDocumentsPage.tsx","{() => void load()}","","Hérite du contexte route candidat; conditions internes à relire; serveur non testé","NON_INSPECTE_EN_UI","Lot portal-collector","Master §§7–14 et annexe A : champs/actions existants, erreurs explicites, contexte autorisé, responsive, persistance et audit indépendants","AST_JSX","DETECTION_AUTOMATIQUE_NON_REVUE; imports candidats ≠ visibilité prouvée","À INVENTORIER","NON EXÉCUTÉ","","83f8c74e","83f8c74ea83c81a2734ef9e086c2edd211573ebe"
"ACT-a703e1ed77ca","admin | comptoir | owner | sonasp","artisan_gold_market","/artisan-minier/ventes-or/:id/facture","ACTION_JSX","Imprimer le spécimen","src/pages/artisan-minier/FactureVente.tsx:142","src/pages/artisan-minier/FactureVente.tsx","{() => window.print()}","src/pages/artisan-minier/FactureVente.tsx:42 isComptoirScopedUser(user)","Hérite du contexte route candidat; conditions internes à relire; serveur non testé","NON_INSPECTE_EN_UI","Lot marché artisanal et paiements","Master §§7–14 et annexe A : champs/actions existants, erreurs explicites, contexte autorisé, responsive, persistance et audit indépendants","AST_JSX","DETECTION_AUTOMATIQUE_NON_REVUE; imports candidats ≠ visibilité prouvée","À INVENTORIER","NON EXÉCUTÉ","","83f8c74e","83f8c74ea83c81a2734ef9e086c2edd211573ebe"
"ACT-a8dc2031ee3f","admin | collector | comptoir | dgmg | owner | sonasp","artisan-minier","/artisan-minier/:id/edit | /artisan-minier/liste","ACTION_JSX","{field.label}","src/components/artisan/ArtisanMinierForm.tsx:1050","src/components/artisan/ArtisanMinierForm.tsx","{() => { setSubmitted(true); focusField(field.key); }}","src/components/artisan/ArtisanMinierForm.tsx:434 canManageMiningRegistry(user) | src/components/artisan/ArtisanMinierForm.tsx:95 hasSensitiveCapability( user, CAPABILITIES.ARTISAN_PAYMENT_METHODS_MANAGE, )","Hérite du contexte route candidat; conditions internes à relire; serveur non testé","NON_INSPECTE_EN_UI","Lot artisans et affiliations","Master §§7–14 et annexe A : champs/actions existants, erreurs explicites, contexte autorisé, responsive, persistance et audit indépendants","AST_JSX","DETECTION_AUTOMATIQUE_NON_REVUE; imports candidats ≠ visibilité prouvée","À INVENTORIER","NON EXÉCUTÉ","","83f8c74e","83f8c74ea83c81a2734ef9e086c2edd211573ebe"
"ACT-a8dd45b45b02","admin | dgmg | owner | sonasp","mining_sites","/artisan-sites/:siteId","ACTION_JSX","Consulter","src/pages/artisanal-sites/ArtisanalSiteDetails.tsx:95","src/pages/artisanal-sites/ArtisanalSiteDetails.tsx","","src/pages/artisanal-sites/ArtisanalSiteDetails.tsx:64 canManageMiningRegistry(user)","Hérite du contexte route candidat; conditions internes à relire; serveur non testé","NON_INSPECTE_EN_UI","Lot sites artisanaux","Master §§7–14 et annexe A : champs/actions existants, erreurs explicites, contexte autorisé, responsive, persistance et audit indépendants","AST_JSX","DETECTION_AUTOMATIQUE_NON_REVUE; imports candidats ≠ visibilité prouvée","À INVENTORIER","NON EXÉCUTÉ","","83f8c74e","83f8c74ea83c81a2734ef9e086c2edd211573ebe"
"ACT-a8f5b7d2a172","admin | owner | sonasp","artisan-minier","/artisan-minier/cartes/expirations | /artisan-minier/cartes/suivi | /artisan-minier/cartes/validation","ACTION_JSX","Réessayer","src/pages/artisan-minier/AffiliationsCartes.tsx:464","src/pages/artisan-minier/AffiliationsCartes.tsx","{() => void load()}","src/pages/artisan-minier/AffiliationsCartes.tsx:121 hasSensitiveCapability( user, CAPABILITIES.PLATFORM_SETTINGS_MANAGE, ) | src/pages/artisan-minier/AffiliationsCartes.tsx:125 hasSensitiveCapability( user, CAPABILITIES.ARTISAN_MEMBERSHIP_MANAGE, ) | src/pages/artisan-minier/AffiliationsCartes.tsx:131 hasSensitiveCapability(user, CAPABILITIES.ARTISAN_CARDS_MANAGE)","Hérite du contexte route candidat; conditions internes à relire; serveur non testé","NON_INSPECTE_EN_UI","Lot artisans et affiliations","Master §§7–14 et annexe A : champs/actions existants, erreurs explicites, contexte autorisé, responsive, persistance et audit indépendants","AST_JSX","DETECTION_AUTOMATIQUE_NON_REVUE; imports candidats ≠ visibilité prouvée","À INVENTORIER","NON EXÉCUTÉ","","83f8c74e","83f8c74ea83c81a2734ef9e086c2edd211573ebe"
"ACT-a8fc578746c0","collector | owner","portal-collector","/portail-collecteur","ACTION_JSX","Paiements","src/pages/collector/CollectorPortalPage.tsx:124","src/pages/collector/CollectorPortalPage.tsx","","","Hérite du contexte route candidat; conditions internes à relire; serveur non testé","NON_INSPECTE_EN_UI","Lot portal-collector","Master §§7–14 et annexe A : champs/actions existants, erreurs explicites, contexte autorisé, responsive, persistance et audit indépendants","AST_JSX","DETECTION_AUTOMATIQUE_NON_REVUE; imports candidats ≠ visibilité prouvée","À INVENTORIER","NON EXÉCUTÉ","","83f8c74e","83f8c74ea83c81a2734ef9e086c2edd211573ebe"
"ACT-a93d294c2fc6","admin | collector | comptoir | owner | sonasp","artisan_gold_market","/artisan-minier/paiements/:venteId/nouveau","ACTION_JSX","Annuler","src/pages/artisan-minier/PaiementForm.tsx:614","src/pages/artisan-minier/PaiementForm.tsx","{() => navigate('/artisan-minier/paiements')}","src/pages/artisan-minier/PaiementForm.tsx:242 isCollectorScopedUser(user) | src/pages/artisan-minier/PaiementForm.tsx:243 hasSensitiveCapability(user, CAPABILITIES.COLLECTOR_PAYMENTS_EXECUTE) | src/pages/artisan-minier/PaiementForm.tsx:244 hasSensitiveCapability(user, CAPABILITIES.COMPTOIR_PAYMENTS_EXECUTE) | src/pages/artisan-minier/PaiementForm.tsx:244 hasSensitiveCapability(user, CAPABILITIES.FINANCE_EXECUTE)","Hérite du contexte route candidat; conditions internes à relire; serveur non testé","NON_INSPECTE_EN_UI","Lot marché artisanal et paiements","Master §§7–14 et annexe A : champs/actions existants, erreurs explicites, contexte autorisé, responsive, persistance et audit indépendants","AST_JSX","DETECTION_AUTOMATIQUE_NON_REVUE; imports candidats ≠ visibilité prouvée","À INVENTORIER","NON EXÉCUTÉ","","83f8c74e","83f8c74ea83c81a2734ef9e086c2edd211573ebe"
"ACT-a94883448444","admin | collector | comptoir | dgmg | owner | sonasp","artisan-minier","/artisan-minier/:id","ACTION_JSX","Modifier le dossier","src/pages/artisan-minier/ArtisanMinierDetails.tsx:317","src/pages/artisan-minier/ArtisanMinierDetails.tsx","{() => navigate(`/artisan-minier/${artisan.id}/edit`)}","src/pages/artisan-minier/ArtisanMinierDetails.tsx:114 isCollectorScopedUser(user)","Hérite du contexte route candidat; conditions internes à relire; serveur non testé","NON_INSPECTE_EN_UI","Lot artisans et affiliations","Master §§7–14 et annexe A : champs/actions existants, erreurs explicites, contexte autorisé, responsive, persistance et audit indépendants","AST_JSX","DETECTION_AUTOMATIQUE_NON_REVUE; imports candidats ≠ visibilité prouvée","À INVENTORIER","NON EXÉCUTÉ","","83f8c74e","83f8c74ea83c81a2734ef9e086c2edd211573ebe"
"ACT-aa4bf5c93f97","CONSOMMATEUR_NON_RESOLU","TRANSVERSE_OU_ORPHELIN_A_QUALIFIER","","ACTION_JSX","Actualiser","src/pages/artisan-minier/CarteExpirations.tsx:180","src/pages/artisan-minier/CarteExpirations.tsx","{() => void loadData()}","","Aucune association statique résolue; conserver dans le périmètre de qualification","NON_INSPECTE_EN_UI","Lot partagé : propriétaire à affecter par orchestrateur","Master §§7–14 et annexe A : champs/actions existants, erreurs explicites, contexte autorisé, responsive, persistance et audit indépendants","AST_JSX","DETECTION_AUTOMATIQUE_NON_REVUE; imports candidats ≠ visibilité prouvée","À INVENTORIER","NON EXÉCUTÉ","","83f8c74e","83f8c74ea83c81a2734ef9e086c2edd211573ebe"
"ACT-aaea3bdc7e7b","admin | owner | sonasp","artisan-minier","/artisan-minier/cartes/expirations | /artisan-minier/cartes/suivi | /artisan-minier/cartes/validation","ACTION_JSX","button","src/pages/artisan-minier/AffiliationsCartes.tsx:970","src/pages/artisan-minier/AffiliationsCartes.tsx","{() => applyTask(key as ""identity"" | ""inactive"" | ""expired"") }","src/pages/artisan-minier/AffiliationsCartes.tsx:121 hasSensitiveCapability( user, CAPABILITIES.PLATFORM_SETTINGS_MANAGE, ) | src/pages/artisan-minier/AffiliationsCartes.tsx:125 hasSensitiveCapability( user, CAPABILITIES.ARTISAN_MEMBERSHIP_MANAGE, ) | src/pages/artisan-minier/AffiliationsCartes.tsx:131 hasSensitiveCapability(user, CAPABILITIES.ARTISAN_CARDS_MANAGE)","Hérite du contexte route candidat; conditions internes à relire; serveur non testé","NON_INSPECTE_EN_UI","Lot artisans et affiliations","Master §§7–14 et annexe A : champs/actions existants, erreurs explicites, contexte autorisé, responsive, persistance et audit indépendants","AST_JSX","DETECTION_AUTOMATIQUE_NON_REVUE; imports candidats ≠ visibilité prouvée","À INVENTORIER","NON EXÉCUTÉ","","83f8c74e","83f8c74ea83c81a2734ef9e086c2edd211573ebe"
"ACT-aba7d188ddbb","admin | collector | comptoir | dgmg | owner | sonasp","artisan-minier","/artisan-minier/collecteurs | /artisan-minier/collecteurs/:id","ACTION_JSX","Actualiser","src/pages/collector/CollectorDetails.tsx:305","src/pages/collector/CollectorDetails.tsx","{onRefresh}","","Hérite du contexte route candidat; conditions internes à relire; serveur non testé","NON_INSPECTE_EN_UI","Lot artisans et affiliations","Master §§7–14 et annexe A : champs/actions existants, erreurs explicites, contexte autorisé, responsive, persistance et audit indépendants","AST_JSX","DETECTION_AUTOMATIQUE_NON_REVUE; imports candidats ≠ visibilité prouvée","À INVENTORIER","NON EXÉCUTÉ","","83f8c74e","83f8c74ea83c81a2734ef9e086c2edd211573ebe"
"ACT-aba88405d794","comptoir | owner","portal-comptoir","/portail-comptoir","ACTION_JSX","Voir le registre","src/pages/comptoir/ComptoirPortalPage.tsx:185","src/pages/comptoir/ComptoirPortalPage.tsx","","","Hérite du contexte route candidat; conditions internes à relire; serveur non testé","NON_INSPECTE_EN_UI","Lot portal-comptoir","Master §§7–14 et annexe A : champs/actions existants, erreurs explicites, contexte autorisé, responsive, persistance et audit indépendants","AST_JSX","DETECTION_AUTOMATIQUE_NON_REVUE; imports candidats ≠ visibilité prouvée","À INVENTORIER","NON EXÉCUTÉ","","83f8c74e","83f8c74ea83c81a2734ef9e086c2edd211573ebe"
"ACT-acd18ac7f541","admin | collector | comptoir | dgmg | owner | sonasp","artisan-minier","/artisan-minier/:id/edit | /artisan-minier/liste","ACTION_JSX","button","src/components/artisan/ArtisanDocuments.tsx:200","src/components/artisan/ArtisanDocuments.tsx","{async () => { try { const url = await artisanDocumentService.url(doc); window.open(url, '_blank', 'noopener,noreferrer'); } catch { setError('L’ouverture de la pièce a échoué. Réessayez.'); } }}","","Hérite du contexte route candidat; conditions internes à relire; serveur non testé","NON_INSPECTE_EN_UI","Lot artisans et affiliations","Master §§7–14 et annexe A : champs/actions existants, erreurs explicites, contexte autorisé, responsive, persistance et audit indépendants","AST_JSX","DETECTION_AUTOMATIQUE_NON_REVUE; imports candidats ≠ visibilité prouvée","À INVENTORIER","NON EXÉCUTÉ","","83f8c74e","83f8c74ea83c81a2734ef9e086c2edd211573ebe"
"ACT-ade73abcada7","admin | collector | comptoir | dgmg | owner | sonasp","artisan-minier","/artisan-minier/liste","ACTION_JSX","Retour à la liste","src/pages/artisan-minier/ArtisanMinierListe.tsx:317","src/pages/artisan-minier/ArtisanMinierListe.tsx","{() => { if(document.dispatchEvent(new Event('sonasp:artisan-before-leave',{cancelable:true}))) setShowForm(false); }}","src/pages/artisan-minier/ArtisanMinierListe.tsx:164 isComptoirScopedUser(user) | src/pages/artisan-minier/ArtisanMinierListe.tsx:165 isCollectorScopedUser(user) | src/pages/artisan-minier/ArtisanMinierListe.tsx:303 canManageMiningRegistry(user) | src/pages/artisan-minier/ArtisanMinierListe.tsx:353 canManageMiningRegistry(user)","Hérite du contexte route candidat; conditions internes à relire; serveur non testé","NON_INSPECTE_EN_UI","Lot artisans et affiliations","Master §§7–14 et annexe A : champs/actions existants, erreurs explicites, contexte autorisé, responsive, persistance et audit indépendants","AST_JSX","DETECTION_AUTOMATIQUE_NON_REVUE; imports candidats ≠ visibilité prouvée","À INVENTORIER","NON EXÉCUTÉ","","83f8c74e","83f8c74ea83c81a2734ef9e086c2edd211573ebe"
"ACT-adfc3a7dad91","CONSOMMATEUR_NON_RESOLU","TRANSVERSE_OU_ORPHELIN_A_QUALIFIER","","ACTION_JSX","Traiter les expirations","src/pages/artisan-minier/CarteSuivi.tsx:169","src/pages/artisan-minier/CarteSuivi.tsx","{() => navigate('/artisan-minier/cartes/expirations')}","","Aucune association statique résolue; conserver dans le périmètre de qualification","NON_INSPECTE_EN_UI","Lot partagé : propriétaire à affecter par orchestrateur","Master §§7–14 et annexe A : champs/actions existants, erreurs explicites, contexte autorisé, responsive, persistance et audit indépendants","AST_JSX","DETECTION_AUTOMATIQUE_NON_REVUE; imports candidats ≠ visibilité prouvée","À INVENTORIER","NON EXÉCUTÉ","","83f8c74e","83f8c74ea83c81a2734ef9e086c2edd211573ebe"
"ACT-ae548452a3bb","admin | owner | sonasp","artisan-minier","/artisan-minier/cartes/expirations | /artisan-minier/cartes/suivi | /artisan-minier/cartes/validation","ACTION_JSX","Page suivante","src/pages/artisan-minier/AffiliationsCartes.tsx:917","src/pages/artisan-minier/AffiliationsCartes.tsx","{() => setPage(currentPage + 1)}","src/pages/artisan-minier/AffiliationsCartes.tsx:121 hasSensitiveCapability( user, CAPABILITIES.PLATFORM_SETTINGS_MANAGE, ) | src/pages/artisan-minier/AffiliationsCartes.tsx:125 hasSensitiveCapability( user, CAPABILITIES.ARTISAN_MEMBERSHIP_MANAGE, ) | src/pages/artisan-minier/AffiliationsCartes.tsx:131 hasSensitiveCapability(user, CAPABILITIES.ARTISAN_CARDS_MANAGE)","Hérite du contexte route candidat; conditions internes à relire; serveur non testé","NON_INSPECTE_EN_UI","Lot artisans et affiliations","Master §§7–14 et annexe A : champs/actions existants, erreurs explicites, contexte autorisé, responsive, persistance et audit indépendants","AST_JSX","DETECTION_AUTOMATIQUE_NON_REVUE; imports candidats ≠ visibilité prouvée","À INVENTORIER","NON EXÉCUTÉ","","83f8c74e","83f8c74ea83c81a2734ef9e086c2edd211573ebe"
"ACT-aec1661e5eda","admin | collector | comptoir | owner | sonasp","artisan_gold_market","/artisan-minier/paiements/historique/:paiementId","ACTION_JSX","Paiements","src/pages/artisan-minier/PaiementDetails.tsx:470","src/pages/artisan-minier/PaiementDetails.tsx","{() => navigate('/artisan-minier/paiements/historique')}","src/pages/artisan-minier/PaiementDetails.tsx:181 isCollectorScopedUser(user) | src/pages/artisan-minier/PaiementDetails.tsx:183 hasSensitiveCapability(user, CAPABILITIES.COLLECTOR_PAYMENTS_EXECUTE) | src/pages/artisan-minier/PaiementDetails.tsx:184 hasSensitiveCapability(user, CAPABILITIES.COMPTOIR_PAYMENTS_EXECUTE) | src/pages/artisan-minier/PaiementDetails.tsx:184 hasSensitiveCapability(user, CAPABILITIES.FINANCE_EXECUTE) | src/pages/artisan-minier/PaiementDetails.tsx:185 hasSensitiveCapability(user, CAPABILITIES.COMPTOIR_PAYMENTS_RECONCILE) | src/pages/artisan-minier/PaiementDetails.tsx:186 hasSensitiveCapability(user, CAPABILITIES.FINANCE_RECONCILE)","Hérite du contexte route candidat; conditions internes à relire; serveur non testé","NON_INSPECTE_EN_UI","Lot marché artisanal et paiements","Master §§7–14 et annexe A : champs/actions existants, erreurs explicites, contexte autorisé, responsive, persistance et audit indépendants","AST_JSX","DETECTION_AUTOMATIQUE_NON_REVUE; imports candidats ≠ visibilité prouvée","À INVENTORIER","NON EXÉCUTÉ","","83f8c74e","83f8c74ea83c81a2734ef9e086c2edd211573ebe"
"ACT-af781d11398c","admin | owner | sonasp","artisan-minier","/artisan-minier/:artisanId/infractions/:infractionId","ACTION_JSX","{cloture ? 'Modifier le constat' : 'Instruire et clôturer'}","src/pages/artisan-minier/InfractionDetails.tsx:197","src/pages/artisan-minier/InfractionDetails.tsx","{() => navigate(modifier)}","","Hérite du contexte route candidat; conditions internes à relire; serveur non testé","NON_INSPECTE_EN_UI","Lot artisans et affiliations","Master §§7–14 et annexe A : champs/actions existants, erreurs explicites, contexte autorisé, responsive, persistance et audit indépendants","AST_JSX","DETECTION_AUTOMATIQUE_NON_REVUE; imports candidats ≠ visibilité prouvée","À INVENTORIER","NON EXÉCUTÉ","","83f8c74e","83f8c74ea83c81a2734ef9e086c2edd211573ebe"
"ACT-afa03fdec311","admin | collector | comptoir | dgmg | owner | sonasp","artisan-minier","/artisan-minier/collecteurs | /artisan-minier/collecteurs/:id","ACTION_JSX","{configure ? ""Fermer la configuration"" : ""Configurer la délégation""}","src/pages/collector/CollectorDetails.tsx:489","src/pages/collector/CollectorDetails.tsx","{() => setConfigure((v) => !v)}","","Hérite du contexte route candidat; conditions internes à relire; serveur non testé","NON_INSPECTE_EN_UI","Lot artisans et affiliations","Master §§7–14 et annexe A : champs/actions existants, erreurs explicites, contexte autorisé, responsive, persistance et audit indépendants","AST_JSX","DETECTION_AUTOMATIQUE_NON_REVUE; imports candidats ≠ visibilité prouvée","À INVENTORIER","NON EXÉCUTÉ","","83f8c74e","83f8c74ea83c81a2734ef9e086c2edd211573ebe"
"ACT-afa34e4eb9b4","admin | collector | comptoir | dgi | owner | sonasp","artisan_gold_market","/artisan-minier/ventes-or/:id","ACTION_JSX","{updating ? <Loader2 className=""sn-spin"" aria-hidden=""true"" /> : <BadgeCheck aria-hidden=""true"" />} Approuver la vente","src/pages/artisan-minier/VenteOrDetails.tsx:266","src/pages/artisan-minier/VenteOrDetails.tsx","{() => void changerStatut('validee', 'Approuver')}","src/pages/artisan-minier/VenteOrDetails.tsx:115 isCollectorScopedUser(user)","Hérite du contexte route candidat; conditions internes à relire; serveur non testé","NON_INSPECTE_EN_UI","Lot marché artisanal et paiements","Master §§7–14 et annexe A : champs/actions existants, erreurs explicites, contexte autorisé, responsive, persistance et audit indépendants","AST_JSX","DETECTION_AUTOMATIQUE_NON_REVUE; imports candidats ≠ visibilité prouvée","À INVENTORIER","NON EXÉCUTÉ","","83f8c74e","83f8c74ea83c81a2734ef9e086c2edd211573ebe"
"ACT-b1c960b52bdc","admin | dgmg | owner | sonasp","mining_sites","/artisan-sites","ACTION_JSX","Appliquer","src/pages/artisanal-sites/ArtisanalSitesOverview.tsx:325","src/pages/artisanal-sites/ArtisanalSitesOverview.tsx","{() => setDatePanelOpen(false)}","src/pages/artisanal-sites/ArtisanalSitesOverview.tsx:142 canManageMiningRegistry(user)","Hérite du contexte route candidat; conditions internes à relire; serveur non testé","NON_INSPECTE_EN_UI","Lot sites artisanaux","Master §§7–14 et annexe A : champs/actions existants, erreurs explicites, contexte autorisé, responsive, persistance et audit indépendants","AST_JSX","DETECTION_AUTOMATIQUE_NON_REVUE; imports candidats ≠ visibilité prouvée","À INVENTORIER","NON EXÉCUTÉ","","83f8c74e","83f8c74ea83c81a2734ef9e086c2edd211573ebe"
"ACT-b2618cb621d0","admin | collector | comptoir | dgi | owner | sonasp","artisan_gold_market","/artisan-minier/ventes-or","ACTION_JSX","button","src/pages/artisan-minier/VentesOr.tsx:255","src/pages/artisan-minier/VentesOr.tsx","{(event) => { event.stopPropagation(); navigate(`/artisan-minier/ventes-or/${sale.id}`); }}","src/pages/artisan-minier/VentesOr.tsx:133 isComptoirScopedUser(user) | src/pages/artisan-minier/VentesOr.tsx:134 isCollectorScopedUser(user)","Hérite du contexte route candidat; conditions internes à relire; serveur non testé","NON_INSPECTE_EN_UI","Lot marché artisanal et paiements","Master §§7–14 et annexe A : champs/actions existants, erreurs explicites, contexte autorisé, responsive, persistance et audit indépendants","AST_JSX","DETECTION_AUTOMATIQUE_NON_REVUE; imports candidats ≠ visibilité prouvée","À INVENTORIER","NON EXÉCUTÉ","","83f8c74e","83f8c74ea83c81a2734ef9e086c2edd211573ebe"
"ACT-b2862829c11c","admin | collector | comptoir | dgi | owner | sonasp","artisan_gold_market","/artisan-minier/ventes-or","ACTION_JSX","Réessayer","src/pages/artisan-minier/VentesOr.tsx:355","src/pages/artisan-minier/VentesOr.tsx","{() => void loadSales()}","src/pages/artisan-minier/VentesOr.tsx:133 isComptoirScopedUser(user) | src/pages/artisan-minier/VentesOr.tsx:134 isCollectorScopedUser(user)","Hérite du contexte route candidat; conditions internes à relire; serveur non testé","NON_INSPECTE_EN_UI","Lot marché artisanal et paiements","Master §§7–14 et annexe A : champs/actions existants, erreurs explicites, contexte autorisé, responsive, persistance et audit indépendants","AST_JSX","DETECTION_AUTOMATIQUE_NON_REVUE; imports candidats ≠ visibilité prouvée","À INVENTORIER","NON EXÉCUTÉ","","83f8c74e","83f8c74ea83c81a2734ef9e086c2edd211573ebe"
"ACT-b3483aab8d21","admin | collector | comptoir | dgi | owner | sonasp","artisan_gold_market","/artisan-minier/ventes-or","ACTION_JSX","Fermer les filtres","src/pages/artisan-minier/VentesOr.tsx:386","src/pages/artisan-minier/VentesOr.tsx","{() => setFiltresOuverts(false)}","src/pages/artisan-minier/VentesOr.tsx:133 isComptoirScopedUser(user) | src/pages/artisan-minier/VentesOr.tsx:134 isCollectorScopedUser(user)","Hérite du contexte route candidat; conditions internes à relire; serveur non testé","NON_INSPECTE_EN_UI","Lot marché artisanal et paiements","Master §§7–14 et annexe A : champs/actions existants, erreurs explicites, contexte autorisé, responsive, persistance et audit indépendants","AST_JSX","DETECTION_AUTOMATIQUE_NON_REVUE; imports candidats ≠ visibilité prouvée","À INVENTORIER","NON EXÉCUTÉ","","83f8c74e","83f8c74ea83c81a2734ef9e086c2edd211573ebe"
"ACT-b3d3d6639d4a","admin | collector | comptoir | dgmg | owner | sonasp","artisan-minier","/artisan-minier/collecteurs | /artisan-minier/collecteurs/:id","ACTION_JSX","Actualiser","src/pages/collector/CollectorsPage.tsx:191","src/pages/collector/CollectorsPage.tsx","{() => void load()}","src/pages/collector/CollectorsPage.tsx:237 isCollectorScopedUser(user) | src/pages/collector/CollectorsPage.tsx:237 isComptoirScopedUser(user) | src/pages/collector/CollectorsPage.tsx:48 canManageMiningRegistry(user) | src/pages/collector/CollectorsPage.tsx:50 hasSensitiveCapability(user, CAPABILITIES.COMPTOIR_PAYMENTS_EXECUTE) | src/pages/collector/CollectorsPage.tsx:51 hasSensitiveCapability(user, CAPABILITIES.FINANCE_EXECUTE)","Hérite du contexte route candidat; conditions internes à relire; serveur non testé","NON_INSPECTE_EN_UI","Lot artisans et affiliations","Master §§7–14 et annexe A : champs/actions existants, erreurs explicites, contexte autorisé, responsive, persistance et audit indépendants","AST_JSX","DETECTION_AUTOMATIQUE_NON_REVUE; imports candidats ≠ visibilité prouvée","À INVENTORIER","NON EXÉCUTÉ","","83f8c74e","83f8c74ea83c81a2734ef9e086c2edd211573ebe"
"ACT-b51aedc35f8d","admin | dgmg | owner","artisan-minier","/artisan-minier/comptoirs/:id | /artisan-minier/comptoirs/:id/modifier | /artisan-minier/comptoirs/nouveau","ACTION_JSX","Annuler","src/pages/collector/ComptoirForm.tsx:771","src/pages/collector/ComptoirForm.tsx","{leave}","src/pages/collector/ComptoirForm.tsx:938 canManageMiningRegistry(user)","Hérite du contexte route candidat; conditions internes à relire; serveur non testé","NON_INSPECTE_EN_UI","Lot artisans et affiliations","Master §§7–14 et annexe A : champs/actions existants, erreurs explicites, contexte autorisé, responsive, persistance et audit indépendants","AST_JSX","DETECTION_AUTOMATIQUE_NON_REVUE; imports candidats ≠ visibilité prouvée","À INVENTORIER","NON EXÉCUTÉ","","83f8c74e","83f8c74ea83c81a2734ef9e086c2edd211573ebe"
"ACT-b63ccc18b703","admin | collector | comptoir | dgmg | owner | sonasp","artisan-minier","/artisan-minier/:id | /artisan-minier/cartes/expirations | /artisan-minier/cartes/suivi | /artisan-minier/cartes/validation","ACTION_JSX","CardRevision","src/components/artisan/AffiliationDossier.tsx:653","src/components/artisan/AffiliationDossier.tsx","{(state, reason, id) => run( async () => { if (state === ""correction"") { await affiliationService.correct(id, card.id, reason); changeCard(id); } else await carteProfessionnelleService.transitionner( card.id, card.statut as CarteProfessionnelleStatut, state as CarteProfessionnelleStatut, reason, ); }, state === ""correction"" ? ""Version corrigée créée ; son contrôle reste nécessaire."" : ""Décision enregistrée dans l’historique."", ) }","src/components/artisan/AffiliationDossier.tsx:74 hasSensitiveCapability( user, CAPABILITIES.ARTISAN_CARDS_MANAGE, ) | src/components/artisan/AffiliationDossier.tsx:78 hasSensitiveCapability( user, CAPABILITIES.ARTISAN_MEMBERSHIP_MANAGE, ) | src/components/artisan/AffiliationDossier.tsx:82 hasSensitiveCapability( user, CAPABILITIES.ARTISAN_MEMBERSHIP_CONFIRM, ) | src/components/artisan/AffiliationDossier.tsx:86 hasSensitiveCapability( user, CAPABILITIES.ARTISAN_CARDS_ACTIVATE, )","Hérite du contexte route candidat; conditions internes à relire; serveur non testé","NON_INSPECTE_EN_UI","Lot artisans et affiliations","Master §§7–14 et annexe A : champs/actions existants, erreurs explicites, contexte autorisé, responsive, persistance et audit indépendants","AST_JSX","DETECTION_AUTOMATIQUE_NON_REVUE; imports candidats ≠ visibilité prouvée","À INVENTORIER","NON EXÉCUTÉ","","83f8c74e","83f8c74ea83c81a2734ef9e086c2edd211573ebe"
"ACT-b7c1e049f532","admin | collector | comptoir | owner | sonasp","artisan_gold_market","/artisan-minier/paiements/historique/:paiementId","ACTION_JSX","{transitioning ? <Loader2 className=""sn-spin"" aria-hidden=""true"" /> : <ShieldCheck aria-hidden=""true""} {statusStep.actionLabel}","src/pages/artisan-minier/PaiementDetails.tsx:525","src/pages/artisan-minier/PaiementDetails.tsx","{() => void submitNextStep()}","src/pages/artisan-minier/PaiementDetails.tsx:181 isCollectorScopedUser(user) | src/pages/artisan-minier/PaiementDetails.tsx:183 hasSensitiveCapability(user, CAPABILITIES.COLLECTOR_PAYMENTS_EXECUTE) | src/pages/artisan-minier/PaiementDetails.tsx:184 hasSensitiveCapability(user, CAPABILITIES.COMPTOIR_PAYMENTS_EXECUTE) | src/pages/artisan-minier/PaiementDetails.tsx:184 hasSensitiveCapability(user, CAPABILITIES.FINANCE_EXECUTE) | src/pages/artisan-minier/PaiementDetails.tsx:185 hasSensitiveCapability(user, CAPABILITIES.COMPTOIR_PAYMENTS_RECONCILE) | src/pages/artisan-minier/PaiementDetails.tsx:186 hasSensitiveCapability(user, CAPABILITIES.FINANCE_RECONCILE)","Hérite du contexte route candidat; conditions internes à relire; serveur non testé","NON_INSPECTE_EN_UI","Lot marché artisanal et paiements","Master §§7–14 et annexe A : champs/actions existants, erreurs explicites, contexte autorisé, responsive, persistance et audit indépendants","AST_JSX","DETECTION_AUTOMATIQUE_NON_REVUE; imports candidats ≠ visibilité prouvée","À INVENTORIER","NON EXÉCUTÉ","","83f8c74e","83f8c74ea83c81a2734ef9e086c2edd211573ebe"
"ACT-b7fc49c926ff","admin | collector | comptoir | dgmg | owner | sonasp","artisan_gold_market","/collecte/ventes | /collecte/ventes/nouvelle","ACTION_JSX","{busy ? ""Enregistrement…"" : ""Soumettre à approbation""}","src/pages/collector/CollectionSalesPage.tsx:233","src/pages/collector/CollectionSalesPage.tsx","","src/pages/collector/CollectionSalesPage.tsx:250 isCollectorScopedUser(user)","Hérite du contexte route candidat; conditions internes à relire; serveur non testé","NON_INSPECTE_EN_UI","Lot marché artisanal et paiements","Master §§7–14 et annexe A : champs/actions existants, erreurs explicites, contexte autorisé, responsive, persistance et audit indépendants","AST_JSX","DETECTION_AUTOMATIQUE_NON_REVUE; imports candidats ≠ visibilité prouvée","À INVENTORIER","NON EXÉCUTÉ","","83f8c74e","83f8c74ea83c81a2734ef9e086c2edd211573ebe"
"ACT-b86cff1b5bbc","admin | dgmg | owner | sonasp","mining_sites","/artisan-sites","ACTION_JSX","Enregistrer un site","src/pages/artisanal-sites/ArtisanalSitesOverview.tsx:303","src/pages/artisanal-sites/ArtisanalSitesOverview.tsx","{() => navigate('/artisan-sites/nouveau')}","src/pages/artisanal-sites/ArtisanalSitesOverview.tsx:142 canManageMiningRegistry(user)","Hérite du contexte route candidat; conditions internes à relire; serveur non testé","NON_INSPECTE_EN_UI","Lot sites artisanaux","Master §§7–14 et annexe A : champs/actions existants, erreurs explicites, contexte autorisé, responsive, persistance et audit indépendants","AST_JSX","DETECTION_AUTOMATIQUE_NON_REVUE; imports candidats ≠ visibilité prouvée","À INVENTORIER","NON EXÉCUTÉ","","83f8c74e","83f8c74ea83c81a2734ef9e086c2edd211573ebe"
"ACT-b8d820ed4202","admin | collector | comptoir | dgmg | owner | sonasp","artisan-minier","/artisan-minier/:id","ACTION_JSX","Liste","src/pages/artisan-minier/ArtisanMinierDetails.tsx:307","src/pages/artisan-minier/ArtisanMinierDetails.tsx","{() => navigate('/artisan-minier/liste')}","src/pages/artisan-minier/ArtisanMinierDetails.tsx:114 isCollectorScopedUser(user)","Hérite du contexte route candidat; conditions internes à relire; serveur non testé","NON_INSPECTE_EN_UI","Lot artisans et affiliations","Master §§7–14 et annexe A : champs/actions existants, erreurs explicites, contexte autorisé, responsive, persistance et audit indépendants","AST_JSX","DETECTION_AUTOMATIQUE_NON_REVUE; imports candidats ≠ visibilité prouvée","À INVENTORIER","NON EXÉCUTÉ","","83f8c74e","83f8c74ea83c81a2734ef9e086c2edd211573ebe"
"ACT-b8e29c725f8d","admin | collector | comptoir | dgmg | owner | sonasp","artisan-minier","/artisan-minier/:id/edit | /artisan-minier/liste","ACTION_JSX","button","src/components/artisan/ArtisanDocuments.tsx:231","src/components/artisan/ArtisanDocuments.tsx","{async () => { try { await onRemoveSaved(doc); } catch { setError('La pièce n’a pas été retirée. Réessayez.'); } }}","","Hérite du contexte route candidat; conditions internes à relire; serveur non testé","NON_INSPECTE_EN_UI","Lot artisans et affiliations","Master §§7–14 et annexe A : champs/actions existants, erreurs explicites, contexte autorisé, responsive, persistance et audit indépendants","AST_JSX","DETECTION_AUTOMATIQUE_NON_REVUE; imports candidats ≠ visibilité prouvée","À INVENTORIER","NON EXÉCUTÉ","","83f8c74e","83f8c74ea83c81a2734ef9e086c2edd211573ebe"
"ACT-b9fa5efcc1cf","admin | dgmg | owner","mining_sites","/artisan-sites/:siteId/modifier | /artisan-sites/nouveau","ACTION_JSX","Consulter le document enregistré","src/pages/artisanal-sites/ArtisanalSiteForm.tsx:531","src/pages/artisanal-sites/ArtisanalSiteForm.tsx","","src/pages/artisanal-sites/ArtisanalSiteForm.tsx:358 canManageMiningRegistry(user) | src/pages/artisanal-sites/ArtisanalSiteForm.tsx:395 canManageMiningRegistry(user)","Hérite du contexte route candidat; conditions internes à relire; serveur non testé","NON_INSPECTE_EN_UI","Lot sites artisanaux","Master §§7–14 et annexe A : champs/actions existants, erreurs explicites, contexte autorisé, responsive, persistance et audit indépendants","AST_JSX","DETECTION_AUTOMATIQUE_NON_REVUE; imports candidats ≠ visibilité prouvée","À INVENTORIER","NON EXÉCUTÉ","","83f8c74e","83f8c74ea83c81a2734ef9e086c2edd211573ebe"
"ACT-bac761ea46ae","admin | collector | comptoir | dgmg | owner | sonasp","artisan-minier","/artisan-minier/:id/edit | /artisan-minier/liste","ACTION_JSX","Changer d’exploitant","src/components/artisan/ArtisanDossierFields.tsx:533","src/components/artisan/ArtisanDossierFields.tsx","{() => p.onParent(null)}","","Hérite du contexte route candidat; conditions internes à relire; serveur non testé","NON_INSPECTE_EN_UI","Lot artisans et affiliations","Master §§7–14 et annexe A : champs/actions existants, erreurs explicites, contexte autorisé, responsive, persistance et audit indépendants","AST_JSX","DETECTION_AUTOMATIQUE_NON_REVUE; imports candidats ≠ visibilité prouvée","À INVENTORIER","NON EXÉCUTÉ","","83f8c74e","83f8c74ea83c81a2734ef9e086c2edd211573ebe"
"ACT-bb2ea46ca5f6","admin | collector | comptoir | owner | sonasp","artisan_gold_market","/artisan-minier/paiements/:venteId/nouveau","ACTION_JSX","Ouvrir la fiche de l’artisan","src/pages/artisan-minier/PaiementForm.tsx:512","src/pages/artisan-minier/PaiementForm.tsx","{() => navigate(`/artisan-minier/${vente.artisan_id}/edit`)}","src/pages/artisan-minier/PaiementForm.tsx:242 isCollectorScopedUser(user) | src/pages/artisan-minier/PaiementForm.tsx:243 hasSensitiveCapability(user, CAPABILITIES.COLLECTOR_PAYMENTS_EXECUTE) | src/pages/artisan-minier/PaiementForm.tsx:244 hasSensitiveCapability(user, CAPABILITIES.COMPTOIR_PAYMENTS_EXECUTE) | src/pages/artisan-minier/PaiementForm.tsx:244 hasSensitiveCapability(user, CAPABILITIES.FINANCE_EXECUTE)","Hérite du contexte route candidat; conditions internes à relire; serveur non testé","NON_INSPECTE_EN_UI","Lot marché artisanal et paiements","Master §§7–14 et annexe A : champs/actions existants, erreurs explicites, contexte autorisé, responsive, persistance et audit indépendants","AST_JSX","DETECTION_AUTOMATIQUE_NON_REVUE; imports candidats ≠ visibilité prouvée","À INVENTORIER","NON EXÉCUTÉ","","83f8c74e","83f8c74ea83c81a2734ef9e086c2edd211573ebe"
"ACT-bbdac68ebc67","admin | collector | comptoir | dgmg | owner | sonasp","artisan-minier","/artisan-minier/:id | /artisan-minier/cartes/expirations | /artisan-minier/cartes/suivi | /artisan-minier/cartes/validation","ACTION_JSX","Verso","src/components/artisan/AffiliationDigitalCard.tsx:129","src/components/artisan/AffiliationDigitalCard.tsx","{() => setFace(""verso"")}","","Hérite du contexte route candidat; conditions internes à relire; serveur non testé","NON_INSPECTE_EN_UI","Lot artisans et affiliations","Master §§7–14 et annexe A : champs/actions existants, erreurs explicites, contexte autorisé, responsive, persistance et audit indépendants","AST_JSX","DETECTION_AUTOMATIQUE_NON_REVUE; imports candidats ≠ visibilité prouvée","À INVENTORIER","NON EXÉCUTÉ","","83f8c74e","83f8c74ea83c81a2734ef9e086c2edd211573ebe"
"ACT-bca3b4aba734","admin | collector | comptoir | owner | sonasp","artisan_gold_market","/artisan-minier/paiements/historique/:paiementId","ACTION_JSX","Retour au registre","src/pages/artisan-minier/PaiementDetails.tsx:476","src/pages/artisan-minier/PaiementDetails.tsx","{() => navigate('/artisan-minier/paiements/historique')}","src/pages/artisan-minier/PaiementDetails.tsx:181 isCollectorScopedUser(user) | src/pages/artisan-minier/PaiementDetails.tsx:183 hasSensitiveCapability(user, CAPABILITIES.COLLECTOR_PAYMENTS_EXECUTE) | src/pages/artisan-minier/PaiementDetails.tsx:184 hasSensitiveCapability(user, CAPABILITIES.COMPTOIR_PAYMENTS_EXECUTE) | src/pages/artisan-minier/PaiementDetails.tsx:184 hasSensitiveCapability(user, CAPABILITIES.FINANCE_EXECUTE) | src/pages/artisan-minier/PaiementDetails.tsx:185 hasSensitiveCapability(user, CAPABILITIES.COMPTOIR_PAYMENTS_RECONCILE) | src/pages/artisan-minier/PaiementDetails.tsx:186 hasSensitiveCapability(user, CAPABILITIES.FINANCE_RECONCILE)","Hérite du contexte route candidat; conditions internes à relire; serveur non testé","NON_INSPECTE_EN_UI","Lot marché artisanal et paiements","Master §§7–14 et annexe A : champs/actions existants, erreurs explicites, contexte autorisé, responsive, persistance et audit indépendants","AST_JSX","DETECTION_AUTOMATIQUE_NON_REVUE; imports candidats ≠ visibilité prouvée","À INVENTORIER","NON EXÉCUTÉ","","83f8c74e","83f8c74ea83c81a2734ef9e086c2edd211573ebe"
"ACT-bca8aa374e86","CONSOMMATEUR_NON_RESOLU","TRANSVERSE_OU_ORPHELIN_A_QUALIFIER","","ACTION_JSX","{item.label}","src/pages/artisan-minier/CarteExpirations.tsx:213","src/pages/artisan-minier/CarteExpirations.tsx","{() => setHorizon(item.key)}","","Aucune association statique résolue; conserver dans le périmètre de qualification","NON_INSPECTE_EN_UI","Lot partagé : propriétaire à affecter par orchestrateur","Master §§7–14 et annexe A : champs/actions existants, erreurs explicites, contexte autorisé, responsive, persistance et audit indépendants","AST_JSX","DETECTION_AUTOMATIQUE_NON_REVUE; imports candidats ≠ visibilité prouvée","À INVENTORIER","NON EXÉCUTÉ","","83f8c74e","83f8c74ea83c81a2734ef9e086c2edd211573ebe"
"ACT-bd67283895fe","admin | owner | sonasp","artisan-minier","/artisan-minier","ACTION_JSX","Fermer les filtres","src/pages/artisan-minier/ArtisanMinierDashboard.tsx:282","src/pages/artisan-minier/ArtisanMinierDashboard.tsx","{() => setFiltresOuverts(false)}","","Hérite du contexte route candidat; conditions internes à relire; serveur non testé","NON_INSPECTE_EN_UI","Lot artisans et affiliations","Master §§7–14 et annexe A : champs/actions existants, erreurs explicites, contexte autorisé, responsive, persistance et audit indépendants","AST_JSX","DETECTION_AUTOMATIQUE_NON_REVUE; imports candidats ≠ visibilité prouvée","À INVENTORIER","NON EXÉCUTÉ","","83f8c74e","83f8c74ea83c81a2734ef9e086c2edd211573ebe"
"ACT-be5707672942","admin | dgmg | owner","artisan-minier","/artisan-minier/comptoirs/:id | /artisan-minier/comptoirs/:id/modifier | /artisan-minier/comptoirs/nouveau","ACTION_JSX","{d.file_name}","src/pages/collector/ComptoirForm.tsx:201","src/pages/collector/ComptoirForm.tsx","{() => void open(d)}","src/pages/collector/ComptoirForm.tsx:938 canManageMiningRegistry(user)","Hérite du contexte route candidat; conditions internes à relire; serveur non testé","NON_INSPECTE_EN_UI","Lot artisans et affiliations","Master §§7–14 et annexe A : champs/actions existants, erreurs explicites, contexte autorisé, responsive, persistance et audit indépendants","AST_JSX","DETECTION_AUTOMATIQUE_NON_REVUE; imports candidats ≠ visibilité prouvée","À INVENTORIER","NON EXÉCUTÉ","","83f8c74e","83f8c74ea83c81a2734ef9e086c2edd211573ebe"
"ACT-c018afc8cf53","admin | collector | comptoir | dgmg | owner | sonasp","artisan-minier","/artisan-minier/:id/edit | /artisan-minier/liste","ACTION_JSX","button","src/components/artisan/ArtisanMinierForm.tsx:721","src/components/artisan/ArtisanMinierForm.tsx","{() => retirerMoyen(index)}","src/components/artisan/ArtisanMinierForm.tsx:434 canManageMiningRegistry(user) | src/components/artisan/ArtisanMinierForm.tsx:95 hasSensitiveCapability( user, CAPABILITIES.ARTISAN_PAYMENT_METHODS_MANAGE, )","Hérite du contexte route candidat; conditions internes à relire; serveur non testé","NON_INSPECTE_EN_UI","Lot artisans et affiliations","Master §§7–14 et annexe A : champs/actions existants, erreurs explicites, contexte autorisé, responsive, persistance et audit indépendants","AST_JSX","DETECTION_AUTOMATIQUE_NON_REVUE; imports candidats ≠ visibilité prouvée","À INVENTORIER","NON EXÉCUTÉ","","83f8c74e","83f8c74ea83c81a2734ef9e086c2edd211573ebe"
"ACT-c0c8dff76af2","admin | collector | comptoir | owner | sonasp","artisan_gold_market","/artisan-minier/paiements/historique/:paiementId","ACTION_JSX","Marché d’or artisanal","src/pages/artisan-minier/PaiementDetails.tsx:468","src/pages/artisan-minier/PaiementDetails.tsx","{() => navigate('/artisan-minier/ventes-or')}","src/pages/artisan-minier/PaiementDetails.tsx:181 isCollectorScopedUser(user) | src/pages/artisan-minier/PaiementDetails.tsx:183 hasSensitiveCapability(user, CAPABILITIES.COLLECTOR_PAYMENTS_EXECUTE) | src/pages/artisan-minier/PaiementDetails.tsx:184 hasSensitiveCapability(user, CAPABILITIES.COMPTOIR_PAYMENTS_EXECUTE) | src/pages/artisan-minier/PaiementDetails.tsx:184 hasSensitiveCapability(user, CAPABILITIES.FINANCE_EXECUTE) | src/pages/artisan-minier/PaiementDetails.tsx:185 hasSensitiveCapability(user, CAPABILITIES.COMPTOIR_PAYMENTS_RECONCILE) | src/pages/artisan-minier/PaiementDetails.tsx:186 hasSensitiveCapability(user, CAPABILITIES.FINANCE_RECONCILE)","Hérite du contexte route candidat; conditions internes à relire; serveur non testé","NON_INSPECTE_EN_UI","Lot marché artisanal et paiements","Master §§7–14 et annexe A : champs/actions existants, erreurs explicites, contexte autorisé, responsive, persistance et audit indépendants","AST_JSX","DETECTION_AUTOMATIQUE_NON_REVUE; imports candidats ≠ visibilité prouvée","À INVENTORIER","NON EXÉCUTÉ","","83f8c74e","83f8c74ea83c81a2734ef9e086c2edd211573ebe"
"ACT-c13d47e38ad0","admin | collector | comptoir | dgmg | owner | sonasp","artisan_gold_market","/collecte/ventes | /collecte/ventes/nouvelle","ACTION_JSX","Actualiser","src/pages/collector/CollectionSalesPage.tsx:454","src/pages/collector/CollectionSalesPage.tsx","{() => void load()}","src/pages/collector/CollectionSalesPage.tsx:250 isCollectorScopedUser(user)","Hérite du contexte route candidat; conditions internes à relire; serveur non testé","NON_INSPECTE_EN_UI","Lot marché artisanal et paiements","Master §§7–14 et annexe A : champs/actions existants, erreurs explicites, contexte autorisé, responsive, persistance et audit indépendants","AST_JSX","DETECTION_AUTOMATIQUE_NON_REVUE; imports candidats ≠ visibilité prouvée","À INVENTORIER","NON EXÉCUTÉ","","83f8c74e","83f8c74ea83c81a2734ef9e086c2edd211573ebe"
"ACT-c13f87bdbf36","admin | collector | comptoir | dgmg | owner | sonasp","artisan-minier","/artisan-minier/:id | /artisan-minier/cartes/expirations | /artisan-minier/cartes/suivi | /artisan-minier/cartes/validation","ACTION_JSX","Demander une correction","src/components/artisan/AffiliationDossier.tsx:613","src/components/artisan/AffiliationDossier.tsx","{() => setTab(""decision"")}","src/components/artisan/AffiliationDossier.tsx:74 hasSensitiveCapability( user, CAPABILITIES.ARTISAN_CARDS_MANAGE, ) | src/components/artisan/AffiliationDossier.tsx:78 hasSensitiveCapability( user, CAPABILITIES.ARTISAN_MEMBERSHIP_MANAGE, ) | src/components/artisan/AffiliationDossier.tsx:82 hasSensitiveCapability( user, CAPABILITIES.ARTISAN_MEMBERSHIP_CONFIRM, ) | src/components/artisan/AffiliationDossier.tsx:86 hasSensitiveCapability( user, CAPABILITIES.ARTISAN_CARDS_ACTIVATE, )","Hérite du contexte route candidat; conditions internes à relire; serveur non testé","NON_INSPECTE_EN_UI","Lot artisans et affiliations","Master §§7–14 et annexe A : champs/actions existants, erreurs explicites, contexte autorisé, responsive, persistance et audit indépendants","AST_JSX","DETECTION_AUTOMATIQUE_NON_REVUE; imports candidats ≠ visibilité prouvée","À INVENTORIER","NON EXÉCUTÉ","","83f8c74e","83f8c74ea83c81a2734ef9e086c2edd211573ebe"
"ACT-c2f947329d56","admin | dgmg | owner | sonasp","mining_sites","/artisan-sites/:siteId","ACTION_JSX","{item.label}","src/pages/artisanal-sites/ArtisanalSiteDetails.tsx:76","src/pages/artisanal-sites/ArtisanalSiteDetails.tsx","{() => setTab(item.id)}","src/pages/artisanal-sites/ArtisanalSiteDetails.tsx:64 canManageMiningRegistry(user)","Hérite du contexte route candidat; conditions internes à relire; serveur non testé","NON_INSPECTE_EN_UI","Lot sites artisanaux","Master §§7–14 et annexe A : champs/actions existants, erreurs explicites, contexte autorisé, responsive, persistance et audit indépendants","AST_JSX","DETECTION_AUTOMATIQUE_NON_REVUE; imports candidats ≠ visibilité prouvée","À INVENTORIER","NON EXÉCUTÉ","","83f8c74e","83f8c74ea83c81a2734ef9e086c2edd211573ebe"
"ACT-c3c13117b89e","admin | owner | sonasp","artisan-minier","/artisan-minier/cartes/expirations | /artisan-minier/cartes/suivi | /artisan-minier/cartes/validation","ACTION_JSX","Ouvrir le dossier","src/pages/artisan-minier/AffiliationsCartes.tsx:846","src/pages/artisan-minier/AffiliationsCartes.tsx","{() => openDossier(card.artisan_id, card.id) }","src/pages/artisan-minier/AffiliationsCartes.tsx:121 hasSensitiveCapability( user, CAPABILITIES.PLATFORM_SETTINGS_MANAGE, ) | src/pages/artisan-minier/AffiliationsCartes.tsx:125 hasSensitiveCapability( user, CAPABILITIES.ARTISAN_MEMBERSHIP_MANAGE, ) | src/pages/artisan-minier/AffiliationsCartes.tsx:131 hasSensitiveCapability(user, CAPABILITIES.ARTISAN_CARDS_MANAGE)","Hérite du contexte route candidat; conditions internes à relire; serveur non testé","NON_INSPECTE_EN_UI","Lot artisans et affiliations","Master §§7–14 et annexe A : champs/actions existants, erreurs explicites, contexte autorisé, responsive, persistance et audit indépendants","AST_JSX","DETECTION_AUTOMATIQUE_NON_REVUE; imports candidats ≠ visibilité prouvée","À INVENTORIER","NON EXÉCUTÉ","","83f8c74e","83f8c74ea83c81a2734ef9e086c2edd211573ebe"
"ACT-c414c139b37c","admin | dgmg | owner","mining_sites","/artisan-sites/:siteId/modifier | /artisan-sites/nouveau","ACTION_JSX","Annuler le remplacement","src/pages/artisanal-sites/ArtisanalSiteForm.tsx:530","src/pages/artisanal-sites/ArtisanalSiteForm.tsx","{() => setAeaFile(null)}","src/pages/artisanal-sites/ArtisanalSiteForm.tsx:358 canManageMiningRegistry(user) | src/pages/artisanal-sites/ArtisanalSiteForm.tsx:395 canManageMiningRegistry(user)","Hérite du contexte route candidat; conditions internes à relire; serveur non testé","NON_INSPECTE_EN_UI","Lot sites artisanaux","Master §§7–14 et annexe A : champs/actions existants, erreurs explicites, contexte autorisé, responsive, persistance et audit indépendants","AST_JSX","DETECTION_AUTOMATIQUE_NON_REVUE; imports candidats ≠ visibilité prouvée","À INVENTORIER","NON EXÉCUTÉ","","83f8c74e","83f8c74ea83c81a2734ef9e086c2edd211573ebe"
"ACT-c534a8d6b367","admin | dgmg | owner | sonasp","mining_sites","/artisan-sites/:siteId","ACTION_JSX","Retour aux sites","src/pages/artisanal-sites/ArtisanalSiteDetails.tsx:45","src/pages/artisanal-sites/ArtisanalSiteDetails.tsx","","src/pages/artisanal-sites/ArtisanalSiteDetails.tsx:64 canManageMiningRegistry(user)","Hérite du contexte route candidat; conditions internes à relire; serveur non testé","NON_INSPECTE_EN_UI","Lot sites artisanaux","Master §§7–14 et annexe A : champs/actions existants, erreurs explicites, contexte autorisé, responsive, persistance et audit indépendants","AST_JSX","DETECTION_AUTOMATIQUE_NON_REVUE; imports candidats ≠ visibilité prouvée","À INVENTORIER","NON EXÉCUTÉ","","83f8c74e","83f8c74ea83c81a2734ef9e086c2edd211573ebe"
"ACT-c609c442bc61","admin | dgmg | owner","artisan-minier","/artisan-minier/collecteurs/:id/modifier | /artisan-minier/collecteurs/nouveau","ACTION_JSX","button","src/pages/collector/CollectorForm.tsx:576","src/pages/collector/CollectorForm.tsx","{() => set( ""site_ids"", values.site_ids.filter((x) => x !== id), ) }","src/pages/collector/CollectorForm.tsx:829 canManageMiningRegistry(user)","Hérite du contexte route candidat; conditions internes à relire; serveur non testé","NON_INSPECTE_EN_UI","Lot artisans et affiliations","Master §§7–14 et annexe A : champs/actions existants, erreurs explicites, contexte autorisé, responsive, persistance et audit indépendants","AST_JSX","DETECTION_AUTOMATIQUE_NON_REVUE; imports candidats ≠ visibilité prouvée","À INVENTORIER","NON EXÉCUTÉ","","83f8c74e","83f8c74ea83c81a2734ef9e086c2edd211573ebe"
"ACT-c6697d7337d3","admin | dgmg | owner | sonasp","mining_sites","/artisan-sites","ACTION_JSX","button","src/pages/artisanal-sites/ArtisanalSitesOverview.tsx:515","src/pages/artisanal-sites/ArtisanalSitesOverview.tsx","{() => { setScope('watch'); setPage(1); }}","src/pages/artisanal-sites/ArtisanalSitesOverview.tsx:142 canManageMiningRegistry(user)","Hérite du contexte route candidat; conditions internes à relire; serveur non testé","NON_INSPECTE_EN_UI","Lot sites artisanaux","Master §§7–14 et annexe A : champs/actions existants, erreurs explicites, contexte autorisé, responsive, persistance et audit indépendants","AST_JSX","DETECTION_AUTOMATIQUE_NON_REVUE; imports candidats ≠ visibilité prouvée","À INVENTORIER","NON EXÉCUTÉ","","83f8c74e","83f8c74ea83c81a2734ef9e086c2edd211573ebe"
"ACT-c674642a0510","admin | owner | sonasp","public-et-alias","/sonasp/cessions-comptoirs","ACTION_JSX","{saving ? 'Enregistrement…' : 'Confirmer'}","src/pages/comptoir/SonaspComptoirSalesInboxPage.tsx:247","src/pages/comptoir/SonaspComptoirSalesInboxPage.tsx","","src/pages/comptoir/SonaspComptoirSalesInboxPage.tsx:76 hasCapability(user, CAPABILITIES.SONASP_APPROVE) | src/pages/comptoir/SonaspComptoirSalesInboxPage.tsx:77 hasCapability(user, CAPABILITIES.FINANCE_EXECUTE)","Hérite du contexte route candidat; conditions internes à relire; serveur non testé","NON_INSPECTE_EN_UI","Lot public-et-alias","Master §§7–14 et annexe A : champs/actions existants, erreurs explicites, contexte autorisé, responsive, persistance et audit indépendants","AST_JSX","DETECTION_AUTOMATIQUE_NON_REVUE; imports candidats ≠ visibilité prouvée","À INVENTORIER","NON EXÉCUTÉ","","83f8c74e","83f8c74ea83c81a2734ef9e086c2edd211573ebe"
"ACT-c7f602a615b8","admin | collector | comptoir | dgmg | owner | sonasp","artisan-minier | artisan_gold_market","/artisan-minier/:id/edit | /artisan-minier/collecteurs/:id/modifier | /artisan-minier/collecteurs/nouveau | /artisan-minier/comptoirs/:id | /artisan-minier/comptoirs/:id/modifier | /artisan-minier/comptoirs/nouveau | /artisan-minier/liste | /collecte/ventes | /collecte/ventes/nouvelle","ACTION_JSX","Choisir dans la liste","src/components/ui/ComboBox.tsx:245","src/components/ui/ComboBox.tsx","{() => { setIsCustomMode(false); openDropdown(); }}","","Hérite du contexte route candidat; conditions internes à relire; serveur non testé","NON_INSPECTE_EN_UI","Lot partagé : propriétaire à affecter par orchestrateur","Master §§7–14 et annexe A : champs/actions existants, erreurs explicites, contexte autorisé, responsive, persistance et audit indépendants","AST_JSX","DETECTION_AUTOMATIQUE_NON_REVUE; imports candidats ≠ visibilité prouvée","À INVENTORIER","NON EXÉCUTÉ","","83f8c74e","83f8c74ea83c81a2734ef9e086c2edd211573ebe"
"ACT-c9145df3f3f6","admin | collector | comptoir | dgmg | owner | sonasp","artisan-minier","/artisan-minier/liste","ACTION_JSX","Consulter","src/pages/artisan-minier/ArtisanMinierListe.tsx:589","src/pages/artisan-minier/ArtisanMinierListe.tsx","{() => navigate(`/artisan-minier/${artisan.id}`)}","src/pages/artisan-minier/ArtisanMinierListe.tsx:164 isComptoirScopedUser(user) | src/pages/artisan-minier/ArtisanMinierListe.tsx:165 isCollectorScopedUser(user) | src/pages/artisan-minier/ArtisanMinierListe.tsx:303 canManageMiningRegistry(user) | src/pages/artisan-minier/ArtisanMinierListe.tsx:353 canManageMiningRegistry(user)","Hérite du contexte route candidat; conditions internes à relire; serveur non testé","NON_INSPECTE_EN_UI","Lot artisans et affiliations","Master §§7–14 et annexe A : champs/actions existants, erreurs explicites, contexte autorisé, responsive, persistance et audit indépendants","AST_JSX","DETECTION_AUTOMATIQUE_NON_REVUE; imports candidats ≠ visibilité prouvée","À INVENTORIER","NON EXÉCUTÉ","","83f8c74e","83f8c74ea83c81a2734ef9e086c2edd211573ebe"
"ACT-c915651cca10","admin | collector | comptoir | dgmg | owner | sonasp","artisan-minier","/artisan-minier/liste","ACTION_JSX","tr","src/pages/artisan-minier/ArtisanMinierListe.tsx:624","src/pages/artisan-minier/ArtisanMinierListe.tsx","{() => navigate(`/artisan-minier/${artisan.id}`)}","src/pages/artisan-minier/ArtisanMinierListe.tsx:164 isComptoirScopedUser(user) | src/pages/artisan-minier/ArtisanMinierListe.tsx:165 isCollectorScopedUser(user) | src/pages/artisan-minier/ArtisanMinierListe.tsx:303 canManageMiningRegistry(user) | src/pages/artisan-minier/ArtisanMinierListe.tsx:353 canManageMiningRegistry(user)","Hérite du contexte route candidat; conditions internes à relire; serveur non testé","NON_INSPECTE_EN_UI","Lot artisans et affiliations","Master §§7–14 et annexe A : champs/actions existants, erreurs explicites, contexte autorisé, responsive, persistance et audit indépendants","AST_JSX","DETECTION_AUTOMATIQUE_NON_REVUE; imports candidats ≠ visibilité prouvée","À INVENTORIER","NON EXÉCUTÉ","","83f8c74e","83f8c74ea83c81a2734ef9e086c2edd211573ebe"
"ACT-c947265e0959","admin | collector | comptoir | owner | sonasp","artisan_gold_market","/artisan-minier/paiements/:venteId/nouveau","ACTION_JSX","Voir la facture (spécimen)","src/pages/artisan-minier/PaiementForm.tsx:651","src/pages/artisan-minier/PaiementForm.tsx","{() => navigate(`/artisan-minier/ventes-or/${venteId}/facture`)}","src/pages/artisan-minier/PaiementForm.tsx:242 isCollectorScopedUser(user) | src/pages/artisan-minier/PaiementForm.tsx:243 hasSensitiveCapability(user, CAPABILITIES.COLLECTOR_PAYMENTS_EXECUTE) | src/pages/artisan-minier/PaiementForm.tsx:244 hasSensitiveCapability(user, CAPABILITIES.COMPTOIR_PAYMENTS_EXECUTE) | src/pages/artisan-minier/PaiementForm.tsx:244 hasSensitiveCapability(user, CAPABILITIES.FINANCE_EXECUTE)","Hérite du contexte route candidat; conditions internes à relire; serveur non testé","NON_INSPECTE_EN_UI","Lot marché artisanal et paiements","Master §§7–14 et annexe A : champs/actions existants, erreurs explicites, contexte autorisé, responsive, persistance et audit indépendants","AST_JSX","DETECTION_AUTOMATIQUE_NON_REVUE; imports candidats ≠ visibilité prouvée","À INVENTORIER","NON EXÉCUTÉ","","83f8c74e","83f8c74ea83c81a2734ef9e086c2edd211573ebe"
"ACT-ca1585511f40","collector | owner","portal-collector","/portail-collecteur/documents","ACTION_JSX","{opening === row.id ? 'Ouverture…' : 'Ouvrir'}","src/pages/collector/CollectorDocumentsPage.tsx:64","src/pages/collector/CollectorDocumentsPage.tsx","{() => void openDocument(row)}","","Hérite du contexte route candidat; conditions internes à relire; serveur non testé","NON_INSPECTE_EN_UI","Lot portal-collector","Master §§7–14 et annexe A : champs/actions existants, erreurs explicites, contexte autorisé, responsive, persistance et audit indépendants","AST_JSX","DETECTION_AUTOMATIQUE_NON_REVUE; imports candidats ≠ visibilité prouvée","À INVENTORIER","NON EXÉCUTÉ","","83f8c74e","83f8c74ea83c81a2734ef9e086c2edd211573ebe"
"ACT-ca72ca944d10","collector | owner","portal-collector","/portail-collecteur","ACTION_JSX","Actualiser","src/pages/collector/CollectorPortalPage.tsx:98","src/pages/collector/CollectorPortalPage.tsx","{() => void load()}","","Hérite du contexte route candidat; conditions internes à relire; serveur non testé","NON_INSPECTE_EN_UI","Lot portal-collector","Master §§7–14 et annexe A : champs/actions existants, erreurs explicites, contexte autorisé, responsive, persistance et audit indépendants","AST_JSX","DETECTION_AUTOMATIQUE_NON_REVUE; imports candidats ≠ visibilité prouvée","À INVENTORIER","NON EXÉCUTÉ","","83f8c74e","83f8c74ea83c81a2734ef9e086c2edd211573ebe"
"ACT-cd74f91e7459","admin | collector | comptoir | dgmg | owner | sonasp","artisan-minier","/artisan-minier/:id/edit | /artisan-minier/liste","ACTION_JSX","Réessayer","src/components/artisan/ArtisanDocuments.tsx:271","src/components/artisan/ArtisanDocuments.tsx","{onRetry}","","Hérite du contexte route candidat; conditions internes à relire; serveur non testé","NON_INSPECTE_EN_UI","Lot artisans et affiliations","Master §§7–14 et annexe A : champs/actions existants, erreurs explicites, contexte autorisé, responsive, persistance et audit indépendants","AST_JSX","DETECTION_AUTOMATIQUE_NON_REVUE; imports candidats ≠ visibilité prouvée","À INVENTORIER","NON EXÉCUTÉ","","83f8c74e","83f8c74ea83c81a2734ef9e086c2edd211573ebe"
"ACT-cdcfc5c923fd","admin | collector | comptoir | dgmg | owner | sonasp","artisan-minier","/artisan-minier/:id | /artisan-minier/cartes/expirations | /artisan-minier/cartes/suivi | /artisan-minier/cartes/validation","ACTION_JSX","Affiliations & Cartes","src/components/artisan/AffiliationDossier.tsx:300","src/components/artisan/AffiliationDossier.tsx","{onBack}","src/components/artisan/AffiliationDossier.tsx:74 hasSensitiveCapability( user, CAPABILITIES.ARTISAN_CARDS_MANAGE, ) | src/components/artisan/AffiliationDossier.tsx:78 hasSensitiveCapability( user, CAPABILITIES.ARTISAN_MEMBERSHIP_MANAGE, ) | src/components/artisan/AffiliationDossier.tsx:82 hasSensitiveCapability( user, CAPABILITIES.ARTISAN_MEMBERSHIP_CONFIRM, ) | src/components/artisan/AffiliationDossier.tsx:86 hasSensitiveCapability( user, CAPABILITIES.ARTISAN_CARDS_ACTIVATE, )","Hérite du contexte route candidat; conditions internes à relire; serveur non testé","NON_INSPECTE_EN_UI","Lot artisans et affiliations","Master §§7–14 et annexe A : champs/actions existants, erreurs explicites, contexte autorisé, responsive, persistance et audit indépendants","AST_JSX","DETECTION_AUTOMATIQUE_NON_REVUE; imports candidats ≠ visibilité prouvée","À INVENTORIER","NON EXÉCUTÉ","","83f8c74e","83f8c74ea83c81a2734ef9e086c2edd211573ebe"
"ACT-ce3d8a9010ed","comptoir | owner","portal-comptoir","/portail-comptoir/ventes-sonasp","ACTION_JSX","Actualiser","src/pages/comptoir/ComptoirSonaspSalesPage.tsx:106","src/pages/comptoir/ComptoirSonaspSalesPage.tsx","{() => void load()}","","Hérite du contexte route candidat; conditions internes à relire; serveur non testé","NON_INSPECTE_EN_UI","Lot portal-comptoir","Master §§7–14 et annexe A : champs/actions existants, erreurs explicites, contexte autorisé, responsive, persistance et audit indépendants","AST_JSX","DETECTION_AUTOMATIQUE_NON_REVUE; imports candidats ≠ visibilité prouvée","À INVENTORIER","NON EXÉCUTÉ","","83f8c74e","83f8c74ea83c81a2734ef9e086c2edd211573ebe"
"ACT-cf03eee92e5b","admin | collector | comptoir | dgmg | owner | sonasp","artisan-minier","/artisan-minier/:id | /artisan-minier/cartes/expirations | /artisan-minier/cartes/suivi | /artisan-minier/cartes/validation","ACTION_JSX","Recto","src/components/artisan/AffiliationDigitalCard.tsx:121","src/components/artisan/AffiliationDigitalCard.tsx","{() => setFace(""recto"")}","","Hérite du contexte route candidat; conditions internes à relire; serveur non testé","NON_INSPECTE_EN_UI","Lot artisans et affiliations","Master §§7–14 et annexe A : champs/actions existants, erreurs explicites, contexte autorisé, responsive, persistance et audit indépendants","AST_JSX","DETECTION_AUTOMATIQUE_NON_REVUE; imports candidats ≠ visibilité prouvée","À INVENTORIER","NON EXÉCUTÉ","","83f8c74e","83f8c74ea83c81a2734ef9e086c2edd211573ebe"
"ACT-cf3971be0c10","admin | collector | comptoir | dgmg | owner | sonasp","artisan-minier","/artisan-minier/:id | /artisan-minier/cartes/expirations | /artisan-minier/cartes/suivi | /artisan-minier/cartes/validation","ACTION_JSX","Configurer les barèmes d’adhésion","src/components/artisan/AffiliationPaymentPanel.tsx:349","src/components/artisan/AffiliationPaymentPanel.tsx","","","Hérite du contexte route candidat; conditions internes à relire; serveur non testé","NON_INSPECTE_EN_UI","Lot artisans et affiliations","Master §§7–14 et annexe A : champs/actions existants, erreurs explicites, contexte autorisé, responsive, persistance et audit indépendants","AST_JSX","DETECTION_AUTOMATIQUE_NON_REVUE; imports candidats ≠ visibilité prouvée","À INVENTORIER","NON EXÉCUTÉ","","83f8c74e","83f8c74ea83c81a2734ef9e086c2edd211573ebe"
"ACT-cf83c1d54082","admin | dgmg | owner | sonasp","artisan-minier","/artisan-minier/:id/edit","ACTION_JSX","Retour au dossier","src/pages/artisan-minier/ArtisanMinierEdit.tsx:103","src/pages/artisan-minier/ArtisanMinierEdit.tsx","{() => { if(document.dispatchEvent(new Event('sonasp:artisan-before-leave',{cancelable:true}))) navigate(retour); }}","","Hérite du contexte route candidat; conditions internes à relire; serveur non testé","NON_INSPECTE_EN_UI","Lot artisans et affiliations","Master §§7–14 et annexe A : champs/actions existants, erreurs explicites, contexte autorisé, responsive, persistance et audit indépendants","AST_JSX","DETECTION_AUTOMATIQUE_NON_REVUE; imports candidats ≠ visibilité prouvée","À INVENTORIER","NON EXÉCUTÉ","","83f8c74e","83f8c74ea83c81a2734ef9e086c2edd211573ebe"
"ACT-d0ccd76929ab","admin | collector | comptoir | dgmg | owner | sonasp","artisan_gold_market","/collecte/ventes | /collecte/ventes/nouvelle","ACTION_JSX","Confirmer la décision","src/pages/collector/CollectionSalesPage.tsx:541","src/pages/collector/CollectionSalesPage.tsx","","src/pages/collector/CollectionSalesPage.tsx:250 isCollectorScopedUser(user)","Hérite du contexte route candidat; conditions internes à relire; serveur non testé","NON_INSPECTE_EN_UI","Lot marché artisanal et paiements","Master §§7–14 et annexe A : champs/actions existants, erreurs explicites, contexte autorisé, responsive, persistance et audit indépendants","AST_JSX","DETECTION_AUTOMATIQUE_NON_REVUE; imports candidats ≠ visibilité prouvée","À INVENTORIER","NON EXÉCUTÉ","","83f8c74e","83f8c74ea83c81a2734ef9e086c2edd211573ebe"
"ACT-d13ba24b6c8c","admin | dgmg | owner | sonasp","mining_sites","/artisan-sites/production","ACTION_JSX","Vue d’ensemble","src/pages/artisanal-sites/ArtisanalSiteProduction.tsx:52","src/pages/artisanal-sites/ArtisanalSiteProduction.tsx","","src/pages/artisanal-sites/ArtisanalSiteProduction.tsx:62 canManageMiningRegistry(user)","Hérite du contexte route candidat; conditions internes à relire; serveur non testé","NON_INSPECTE_EN_UI","Lot sites artisanaux","Master §§7–14 et annexe A : champs/actions existants, erreurs explicites, contexte autorisé, responsive, persistance et audit indépendants","AST_JSX","DETECTION_AUTOMATIQUE_NON_REVUE; imports candidats ≠ visibilité prouvée","À INVENTORIER","NON EXÉCUTÉ","","83f8c74e","83f8c74ea83c81a2734ef9e086c2edd211573ebe"
"ACT-d17c3bbb5b4b","admin | owner | sonasp","artisan-minier","/artisan-minier","ACTION_JSX","Carte","src/pages/artisan-minier/ArtisanMinierDashboard.tsx:374","src/pages/artisan-minier/ArtisanMinierDashboard.tsx","{() => setTerritoryTab('map')}","","Hérite du contexte route candidat; conditions internes à relire; serveur non testé","NON_INSPECTE_EN_UI","Lot artisans et affiliations","Master §§7–14 et annexe A : champs/actions existants, erreurs explicites, contexte autorisé, responsive, persistance et audit indépendants","AST_JSX","DETECTION_AUTOMATIQUE_NON_REVUE; imports candidats ≠ visibilité prouvée","À INVENTORIER","NON EXÉCUTÉ","","83f8c74e","83f8c74ea83c81a2734ef9e086c2edd211573ebe"
"ACT-d248bb39dfaf","CONSOMMATEUR_NON_RESOLU","TRANSVERSE_OU_ORPHELIN_A_QUALIFIER","","ACTION_JSX","Traiter","src/pages/artisan-minier/CarteExpirations.tsx:153","src/pages/artisan-minier/CarteExpirations.tsx","{(event) => { event.stopPropagation(); navigate(`/artisan-minier/${carte.artisan_id}`); }}","","Aucune association statique résolue; conserver dans le périmètre de qualification","NON_INSPECTE_EN_UI","Lot partagé : propriétaire à affecter par orchestrateur","Master §§7–14 et annexe A : champs/actions existants, erreurs explicites, contexte autorisé, responsive, persistance et audit indépendants","AST_JSX","DETECTION_AUTOMATIQUE_NON_REVUE; imports candidats ≠ visibilité prouvée","À INVENTORIER","NON EXÉCUTÉ","","83f8c74e","83f8c74ea83c81a2734ef9e086c2edd211573ebe"
"ACT-d2eb69b9cbeb","admin | collector | comptoir | dgi | owner | sonasp","artisan_gold_market","/artisan-minier/ventes-or","ACTION_JSX","Réinitialiser","src/pages/artisan-minier/VentesOr.tsx:441","src/pages/artisan-minier/VentesOr.tsx","{() => setFilters(EMPTY_FILTERS)}","src/pages/artisan-minier/VentesOr.tsx:133 isComptoirScopedUser(user) | src/pages/artisan-minier/VentesOr.tsx:134 isCollectorScopedUser(user)","Hérite du contexte route candidat; conditions internes à relire; serveur non testé","NON_INSPECTE_EN_UI","Lot marché artisanal et paiements","Master §§7–14 et annexe A : champs/actions existants, erreurs explicites, contexte autorisé, responsive, persistance et audit indépendants","AST_JSX","DETECTION_AUTOMATIQUE_NON_REVUE; imports candidats ≠ visibilité prouvée","À INVENTORIER","NON EXÉCUTÉ","","83f8c74e","83f8c74ea83c81a2734ef9e086c2edd211573ebe"
"ACT-d34619ef3b0c","admin | collector | comptoir | owner | sonasp","artisan_gold_market","/artisan-minier/paiements/:venteId/nouveau","ACTION_JSX","Dossiers","src/pages/artisan-minier/PaiementForm.tsx:486","src/pages/artisan-minier/PaiementForm.tsx","{() => navigate('/artisan-minier/paiements')}","src/pages/artisan-minier/PaiementForm.tsx:242 isCollectorScopedUser(user) | src/pages/artisan-minier/PaiementForm.tsx:243 hasSensitiveCapability(user, CAPABILITIES.COLLECTOR_PAYMENTS_EXECUTE) | src/pages/artisan-minier/PaiementForm.tsx:244 hasSensitiveCapability(user, CAPABILITIES.COMPTOIR_PAYMENTS_EXECUTE) | src/pages/artisan-minier/PaiementForm.tsx:244 hasSensitiveCapability(user, CAPABILITIES.FINANCE_EXECUTE)","Hérite du contexte route candidat; conditions internes à relire; serveur non testé","NON_INSPECTE_EN_UI","Lot marché artisanal et paiements","Master §§7–14 et annexe A : champs/actions existants, erreurs explicites, contexte autorisé, responsive, persistance et audit indépendants","AST_JSX","DETECTION_AUTOMATIQUE_NON_REVUE; imports candidats ≠ visibilité prouvée","À INVENTORIER","NON EXÉCUTÉ","","83f8c74e","83f8c74ea83c81a2734ef9e086c2edd211573ebe"
"ACT-d4c76e37af8b","CONSOMMATEUR_NON_RESOLU","TRANSVERSE_OU_ORPHELIN_A_QUALIFIER","","ACTION_JSX","{validating === carte.id ? ( <Loader2 className=""sn-spin"" aria-hidden=""true"" /> ) : ( <Check aria-hid} Valider","src/pages/artisan-minier/CarteValidation.tsx:146","src/pages/artisan-minier/CarteValidation.tsx","{(event) => { event.stopPropagation(); void handleValidate(carte); }}","src/pages/artisan-minier/CarteValidation.tsx:64 hasSensitiveCapability(user, CAPABILITIES.ARTISAN_CARDS_MANAGE)","Aucune association statique résolue; conserver dans le périmètre de qualification","NON_INSPECTE_EN_UI","Lot partagé : propriétaire à affecter par orchestrateur","Master §§7–14 et annexe A : champs/actions existants, erreurs explicites, contexte autorisé, responsive, persistance et audit indépendants","AST_JSX","DETECTION_AUTOMATIQUE_NON_REVUE; imports candidats ≠ visibilité prouvée","À INVENTORIER","NON EXÉCUTÉ","","83f8c74e","83f8c74ea83c81a2734ef9e086c2edd211573ebe"
"ACT-d67d3e29b74a","admin | collector | comptoir | dgmg | owner | sonasp","artisan-minier","/artisan-minier/liste","ACTION_JSX","Effacer tout","src/pages/artisan-minier/ArtisanMinierListe.tsx:486","src/pages/artisan-minier/ArtisanMinierListe.tsx","{resetFilters}","src/pages/artisan-minier/ArtisanMinierListe.tsx:164 isComptoirScopedUser(user) | src/pages/artisan-minier/ArtisanMinierListe.tsx:165 isCollectorScopedUser(user) | src/pages/artisan-minier/ArtisanMinierListe.tsx:303 canManageMiningRegistry(user) | src/pages/artisan-minier/ArtisanMinierListe.tsx:353 canManageMiningRegistry(user)","Hérite du contexte route candidat; conditions internes à relire; serveur non testé","NON_INSPECTE_EN_UI","Lot artisans et affiliations","Master §§7–14 et annexe A : champs/actions existants, erreurs explicites, contexte autorisé, responsive, persistance et audit indépendants","AST_JSX","DETECTION_AUTOMATIQUE_NON_REVUE; imports candidats ≠ visibilité prouvée","À INVENTORIER","NON EXÉCUTÉ","","83f8c74e","83f8c74ea83c81a2734ef9e086c2edd211573ebe"
"ACT-d6b16125a5fc","admin | collector | comptoir | dgmg | owner | sonasp","artisan-minier | artisan_gold_market","/artisan-minier/:id/edit | /artisan-minier/collecteurs/:id/modifier | /artisan-minier/collecteurs/nouveau | /artisan-minier/comptoirs/:id | /artisan-minier/comptoirs/:id/modifier | /artisan-minier/comptoirs/nouveau | /artisan-minier/liste | /collecte/ventes | /collecte/ventes/nouvelle","ACTION_JSX","Saisir manuellement si non trouvé","src/components/ui/ComboBox.tsx:365","src/components/ui/ComboBox.tsx","{() => { setIsCustomMode(true); closeDropdown(); }}","","Hérite du contexte route candidat; conditions internes à relire; serveur non testé","NON_INSPECTE_EN_UI","Lot partagé : propriétaire à affecter par orchestrateur","Master §§7–14 et annexe A : champs/actions existants, erreurs explicites, contexte autorisé, responsive, persistance et audit indépendants","AST_JSX","DETECTION_AUTOMATIQUE_NON_REVUE; imports candidats ≠ visibilité prouvée","À INVENTORIER","NON EXÉCUTÉ","","83f8c74e","83f8c74ea83c81a2734ef9e086c2edd211573ebe"
"ACT-d70f3eb8fd1c","admin | owner | sonasp","artisan-minier","/artisan-minier/:artisanId/infractions/:infractionId","ACTION_JSX","Dossier de l’artisan","src/pages/artisan-minier/InfractionDetails.tsx:194","src/pages/artisan-minier/InfractionDetails.tsx","{() => navigate(retour)}","","Hérite du contexte route candidat; conditions internes à relire; serveur non testé","NON_INSPECTE_EN_UI","Lot artisans et affiliations","Master §§7–14 et annexe A : champs/actions existants, erreurs explicites, contexte autorisé, responsive, persistance et audit indépendants","AST_JSX","DETECTION_AUTOMATIQUE_NON_REVUE; imports candidats ≠ visibilité prouvée","À INVENTORIER","NON EXÉCUTÉ","","83f8c74e","83f8c74ea83c81a2734ef9e086c2edd211573ebe"
"ACT-d713f57882af","admin | owner | sonasp","artisan-minier","/artisan-minier/cartes/expirations | /artisan-minier/cartes/suivi | /artisan-minier/cartes/validation","ACTION_JSX","{item.label}","src/pages/artisan-minier/AffiliationsCartes.tsx:485","src/pages/artisan-minier/AffiliationsCartes.tsx","{() => switchTab(item.value)}","src/pages/artisan-minier/AffiliationsCartes.tsx:121 hasSensitiveCapability( user, CAPABILITIES.PLATFORM_SETTINGS_MANAGE, ) | src/pages/artisan-minier/AffiliationsCartes.tsx:125 hasSensitiveCapability( user, CAPABILITIES.ARTISAN_MEMBERSHIP_MANAGE, ) | src/pages/artisan-minier/AffiliationsCartes.tsx:131 hasSensitiveCapability(user, CAPABILITIES.ARTISAN_CARDS_MANAGE)","Hérite du contexte route candidat; conditions internes à relire; serveur non testé","NON_INSPECTE_EN_UI","Lot artisans et affiliations","Master §§7–14 et annexe A : champs/actions existants, erreurs explicites, contexte autorisé, responsive, persistance et audit indépendants","AST_JSX","DETECTION_AUTOMATIQUE_NON_REVUE; imports candidats ≠ visibilité prouvée","À INVENTORIER","NON EXÉCUTÉ","","83f8c74e","83f8c74ea83c81a2734ef9e086c2edd211573ebe"
"ACT-d7c6d23009bc","admin | collector | comptoir | dgmg | owner | sonasp","artisan-minier","/artisan-minier/liste","ACTION_JSX","Suivant","src/pages/artisan-minier/ArtisanMinierListe.tsx:667","src/pages/artisan-minier/ArtisanMinierListe.tsx","{() => setPage((courante) => Math.min(pagesTotal, courante + 1))}","src/pages/artisan-minier/ArtisanMinierListe.tsx:164 isComptoirScopedUser(user) | src/pages/artisan-minier/ArtisanMinierListe.tsx:165 isCollectorScopedUser(user) | src/pages/artisan-minier/ArtisanMinierListe.tsx:303 canManageMiningRegistry(user) | src/pages/artisan-minier/ArtisanMinierListe.tsx:353 canManageMiningRegistry(user)","Hérite du contexte route candidat; conditions internes à relire; serveur non testé","NON_INSPECTE_EN_UI","Lot artisans et affiliations","Master §§7–14 et annexe A : champs/actions existants, erreurs explicites, contexte autorisé, responsive, persistance et audit indépendants","AST_JSX","DETECTION_AUTOMATIQUE_NON_REVUE; imports candidats ≠ visibilité prouvée","À INVENTORIER","NON EXÉCUTÉ","","83f8c74e","83f8c74ea83c81a2734ef9e086c2edd211573ebe"
"ACT-d93b4c2118f3","admin | dgmg | owner | sonasp","artisan-minier | mining_sites","/artisan-minier | /artisan-sites","ACTION_JSX","Agrandir la carte","src/components/artisanal-sites/BurkinaTerritoryMap.tsx:176","src/components/artisanal-sites/BurkinaTerritoryMap.tsx","{() => setZoomIndex((index) => Math.min(index + 1, ZOOM_LEVELS.length - 1))}","","Hérite du contexte route candidat; conditions internes à relire; serveur non testé","NON_INSPECTE_EN_UI","Lot partagé : propriétaire à affecter par orchestrateur","Master §§7–14 et annexe A : champs/actions existants, erreurs explicites, contexte autorisé, responsive, persistance et audit indépendants","AST_JSX","DETECTION_AUTOMATIQUE_NON_REVUE; imports candidats ≠ visibilité prouvée","À INVENTORIER","NON EXÉCUTÉ","","83f8c74e","83f8c74ea83c81a2734ef9e086c2edd211573ebe"
"ACT-d9d557a5c6c7","CONSOMMATEUR_NON_RESOLU","TRANSVERSE_OU_ORPHELIN_A_QUALIFIER","","ACTION_JSX","Valider les demandes","src/pages/artisan-minier/CarteSuivi.tsx:144","src/pages/artisan-minier/CarteSuivi.tsx","{() => navigate('/artisan-minier/cartes/validation')}","","Aucune association statique résolue; conserver dans le périmètre de qualification","NON_INSPECTE_EN_UI","Lot partagé : propriétaire à affecter par orchestrateur","Master §§7–14 et annexe A : champs/actions existants, erreurs explicites, contexte autorisé, responsive, persistance et audit indépendants","AST_JSX","DETECTION_AUTOMATIQUE_NON_REVUE; imports candidats ≠ visibilité prouvée","À INVENTORIER","NON EXÉCUTÉ","","83f8c74e","83f8c74ea83c81a2734ef9e086c2edd211573ebe"
"ACT-d9fea49ecd90","admin | collector | comptoir | owner | sonasp","artisan_gold_market","/artisan-minier/paiements/historique/:paiementId","ACTION_JSX","Voir la facture","src/pages/artisan-minier/PaiementDetails.tsx:405","src/pages/artisan-minier/PaiementDetails.tsx","{() => navigate(`/artisan-minier/ventes-or/${dossier.vente_or_id}/facture`)}","src/pages/artisan-minier/PaiementDetails.tsx:181 isCollectorScopedUser(user) | src/pages/artisan-minier/PaiementDetails.tsx:183 hasSensitiveCapability(user, CAPABILITIES.COLLECTOR_PAYMENTS_EXECUTE) | src/pages/artisan-minier/PaiementDetails.tsx:184 hasSensitiveCapability(user, CAPABILITIES.COMPTOIR_PAYMENTS_EXECUTE) | src/pages/artisan-minier/PaiementDetails.tsx:184 hasSensitiveCapability(user, CAPABILITIES.FINANCE_EXECUTE) | src/pages/artisan-minier/PaiementDetails.tsx:185 hasSensitiveCapability(user, CAPABILITIES.COMPTOIR_PAYMENTS_RECONCILE) | src/pages/artisan-minier/PaiementDetails.tsx:186 hasSensitiveCapability(user, CAPABILITIES.FINANCE_RECONCILE)","Hérite du contexte route candidat; conditions internes à relire; serveur non testé","NON_INSPECTE_EN_UI","Lot marché artisanal et paiements","Master §§7–14 et annexe A : champs/actions existants, erreurs explicites, contexte autorisé, responsive, persistance et audit indépendants","AST_JSX","DETECTION_AUTOMATIQUE_NON_REVUE; imports candidats ≠ visibilité prouvée","À INVENTORIER","NON EXÉCUTÉ","","83f8c74e","83f8c74ea83c81a2734ef9e086c2edd211573ebe"
"ACT-dab84f3bb766","admin | owner | sonasp","artisan-minier","/artisan-minier/:artisanId/infractions/:infractionId/modifier | /artisan-minier/:artisanId/infractions/nouvelle","ACTION_JSX","{decodeURIComponent(url.split('/').pop() || 'Pièce jointe')}","src/pages/artisan-minier/InfractionForm.tsx:534","src/pages/artisan-minier/InfractionForm.tsx","","","Hérite du contexte route candidat; conditions internes à relire; serveur non testé","NON_INSPECTE_EN_UI","Lot artisans et affiliations","Master §§7–14 et annexe A : champs/actions existants, erreurs explicites, contexte autorisé, responsive, persistance et audit indépendants","AST_JSX","DETECTION_AUTOMATIQUE_NON_REVUE; imports candidats ≠ visibilité prouvée","À INVENTORIER","NON EXÉCUTÉ","","83f8c74e","83f8c74ea83c81a2734ef9e086c2edd211573ebe"
"ACT-db6a3c63382b","admin | collector | comptoir | dgi | owner | sonasp","artisan_gold_market","/artisan-minier/ventes-or/:id","ACTION_JSX","Annuler la vente","src/pages/artisan-minier/VenteOrDetails.tsx:448","src/pages/artisan-minier/VenteOrDetails.tsx","{() => void changerStatut('annulee', 'Annuler')}","src/pages/artisan-minier/VenteOrDetails.tsx:115 isCollectorScopedUser(user)","Hérite du contexte route candidat; conditions internes à relire; serveur non testé","NON_INSPECTE_EN_UI","Lot marché artisanal et paiements","Master §§7–14 et annexe A : champs/actions existants, erreurs explicites, contexte autorisé, responsive, persistance et audit indépendants","AST_JSX","DETECTION_AUTOMATIQUE_NON_REVUE; imports candidats ≠ visibilité prouvée","À INVENTORIER","NON EXÉCUTÉ","","83f8c74e","83f8c74ea83c81a2734ef9e086c2edd211573ebe"
"ACT-dbb018031a90","admin | collector | comptoir | dgmg | owner | sonasp","artisan-minier","/artisan-minier/:id/edit | /artisan-minier/liste","ACTION_JSX","Voir les {missing.length} champs manquants →","src/components/artisan/ArtisanMinierForm.tsx:1062","src/components/artisan/ArtisanMinierForm.tsx","{() => { setSubmitted(true); focusField(missing[0].key); }}","src/components/artisan/ArtisanMinierForm.tsx:434 canManageMiningRegistry(user) | src/components/artisan/ArtisanMinierForm.tsx:95 hasSensitiveCapability( user, CAPABILITIES.ARTISAN_PAYMENT_METHODS_MANAGE, )","Hérite du contexte route candidat; conditions internes à relire; serveur non testé","NON_INSPECTE_EN_UI","Lot artisans et affiliations","Master §§7–14 et annexe A : champs/actions existants, erreurs explicites, contexte autorisé, responsive, persistance et audit indépendants","AST_JSX","DETECTION_AUTOMATIQUE_NON_REVUE; imports candidats ≠ visibilité prouvée","À INVENTORIER","NON EXÉCUTÉ","","83f8c74e","83f8c74ea83c81a2734ef9e086c2edd211573ebe"
"ACT-dc3b99debc4b","admin | collector | comptoir | dgmg | owner | sonasp","artisan-minier","/artisan-minier/:id | /artisan-minier/cartes/expirations | /artisan-minier/cartes/suivi | /artisan-minier/cartes/validation","ACTION_JSX","Enregistrer la période","src/components/artisan/AffiliationPaymentPanel.tsx:428","src/components/artisan/AffiliationPaymentPanel.tsx","","","Hérite du contexte route candidat; conditions internes à relire; serveur non testé","NON_INSPECTE_EN_UI","Lot artisans et affiliations","Master §§7–14 et annexe A : champs/actions existants, erreurs explicites, contexte autorisé, responsive, persistance et audit indépendants","AST_JSX","DETECTION_AUTOMATIQUE_NON_REVUE; imports candidats ≠ visibilité prouvée","À INVENTORIER","NON EXÉCUTÉ","","83f8c74e","83f8c74ea83c81a2734ef9e086c2edd211573ebe"
"ACT-dc9c3d0dabfb","comptoir | owner","portal-comptoir","/portail-comptoir/ventes-sonasp","ACTION_JSX","Annuler","src/pages/comptoir/ComptoirSonaspSalesPage.tsx:127","src/pages/comptoir/ComptoirSonaspSalesPage.tsx","{() => setDialogOpen(false)}","","Hérite du contexte route candidat; conditions internes à relire; serveur non testé","NON_INSPECTE_EN_UI","Lot portal-comptoir","Master §§7–14 et annexe A : champs/actions existants, erreurs explicites, contexte autorisé, responsive, persistance et audit indépendants","AST_JSX","DETECTION_AUTOMATIQUE_NON_REVUE; imports candidats ≠ visibilité prouvée","À INVENTORIER","NON EXÉCUTÉ","","83f8c74e","83f8c74ea83c81a2734ef9e086c2edd211573ebe"
"ACT-dcd28d9ee247","admin | collector | comptoir | owner | sonasp","artisan_gold_market","/artisan-minier/paiements/historique","ACTION_JSX","button","src/pages/artisan-minier/PaiementsHistorique.tsx:260","src/pages/artisan-minier/PaiementsHistorique.tsx","{(event) => { event.stopPropagation(); ouvrirDossier(payment); }}","src/pages/artisan-minier/PaiementsHistorique.tsx:128 isCollectorScopedUser(user)","Hérite du contexte route candidat; conditions internes à relire; serveur non testé","NON_INSPECTE_EN_UI","Lot marché artisanal et paiements","Master §§7–14 et annexe A : champs/actions existants, erreurs explicites, contexte autorisé, responsive, persistance et audit indépendants","AST_JSX","DETECTION_AUTOMATIQUE_NON_REVUE; imports candidats ≠ visibilité prouvée","À INVENTORIER","NON EXÉCUTÉ","","83f8c74e","83f8c74ea83c81a2734ef9e086c2edd211573ebe"
"ACT-dd27d42248c7","admin | comptoir | owner | sonasp","artisan_gold_market","/artisan-minier/paiements","ACTION_JSX","{processing === vente.vente_id ? ( <Loader2 className=""sn-spin"" aria-hidden=""true"" /> ) : vente.factu} {vente.facture_id ? isComptoir && vente.certification_dgi_status !== 'certified' ? 'Voir la facture' }","src/pages/artisan-minier/PaiementsVentesDashboard.tsx:261","src/pages/artisan-minier/PaiementsVentesDashboard.tsx","{(event) => { event.stopPropagation(); void handleProcederPaiement(vente); }}","src/pages/artisan-minier/PaiementsVentesDashboard.tsx:100 hasSensitiveCapability( user, isComptoir ? CAPABILITIES.COMPTOIR_PAYMENTS_EXECUTE : CAPABILITIES.FINANCE_EXECUTE, ) | src/pages/artisan-minier/PaiementsVentesDashboard.tsx:95 isComptoirScopedUser(user) | src/pages/artisan-minier/PaiementsVentesDashboard.tsx:96 hasSensitiveCapability( user, isComptoir ? CAPABILITIES.COMPTOIR_INVOICES_ISSUE : CAPABILITIES.SONASP_PREPARE, )","Hérite du contexte route candidat; conditions internes à relire; serveur non testé","NON_INSPECTE_EN_UI","Lot marché artisanal et paiements","Master §§7–14 et annexe A : champs/actions existants, erreurs explicites, contexte autorisé, responsive, persistance et audit indépendants","AST_JSX","DETECTION_AUTOMATIQUE_NON_REVUE; imports candidats ≠ visibilité prouvée","À INVENTORIER","NON EXÉCUTÉ","","83f8c74e","83f8c74ea83c81a2734ef9e086c2edd211573ebe"
"ACT-dd2a02a69d71","admin | collector | comptoir | owner | sonasp","artisan_gold_market","/artisan-minier/paiements/historique","ACTION_JSX","Réinitialiser","src/pages/artisan-minier/PaiementsHistorique.tsx:371","src/pages/artisan-minier/PaiementsHistorique.tsx","{() => setFilters(EMPTY_HISTORIQUE_FILTERS)}","src/pages/artisan-minier/PaiementsHistorique.tsx:128 isCollectorScopedUser(user)","Hérite du contexte route candidat; conditions internes à relire; serveur non testé","NON_INSPECTE_EN_UI","Lot marché artisanal et paiements","Master §§7–14 et annexe A : champs/actions existants, erreurs explicites, contexte autorisé, responsive, persistance et audit indépendants","AST_JSX","DETECTION_AUTOMATIQUE_NON_REVUE; imports candidats ≠ visibilité prouvée","À INVENTORIER","NON EXÉCUTÉ","","83f8c74e","83f8c74ea83c81a2734ef9e086c2edd211573ebe"
"ACT-dd55bf75ebf6","admin | owner | sonasp","artisan-minier","/artisan-minier/cartes/expirations | /artisan-minier/cartes/suivi | /artisan-minier/cartes/validation","ACTION_JSX","Copier les références","src/pages/artisan-minier/AffiliationsCartes.tsx:669","src/pages/artisan-minier/AffiliationsCartes.tsx","{async () => { try { await navigator.clipboard.writeText( selectedCards .map((card) => card.numero_affiliation) .join(""\n""), ); setCopyStatus(""Références copiées.""); } catch { setCopyStatus( ""La copie n’est pas disponible dans ce navigateur."", ); } }}","src/pages/artisan-minier/AffiliationsCartes.tsx:121 hasSensitiveCapability( user, CAPABILITIES.PLATFORM_SETTINGS_MANAGE, ) | src/pages/artisan-minier/AffiliationsCartes.tsx:125 hasSensitiveCapability( user, CAPABILITIES.ARTISAN_MEMBERSHIP_MANAGE, ) | src/pages/artisan-minier/AffiliationsCartes.tsx:131 hasSensitiveCapability(user, CAPABILITIES.ARTISAN_CARDS_MANAGE)","Hérite du contexte route candidat; conditions internes à relire; serveur non testé","NON_INSPECTE_EN_UI","Lot artisans et affiliations","Master §§7–14 et annexe A : champs/actions existants, erreurs explicites, contexte autorisé, responsive, persistance et audit indépendants","AST_JSX","DETECTION_AUTOMATIQUE_NON_REVUE; imports candidats ≠ visibilité prouvée","À INVENTORIER","NON EXÉCUTÉ","","83f8c74e","83f8c74ea83c81a2734ef9e086c2edd211573ebe"
"ACT-dd6ff371f33f","admin | owner | sonasp","artisan-minier","/artisan-minier/cartes/expirations | /artisan-minier/cartes/suivi | /artisan-minier/cartes/validation","ACTION_JSX","Filtres {(site || role || identityOnly) && ( <span className=""affiliation-registry__filter-dot"" /> )}","src/pages/artisan-minier/AffiliationsCartes.tsx:594","src/pages/artisan-minier/AffiliationsCartes.tsx","{() => setFiltersOpen((value) => !value)}","src/pages/artisan-minier/AffiliationsCartes.tsx:121 hasSensitiveCapability( user, CAPABILITIES.PLATFORM_SETTINGS_MANAGE, ) | src/pages/artisan-minier/AffiliationsCartes.tsx:125 hasSensitiveCapability( user, CAPABILITIES.ARTISAN_MEMBERSHIP_MANAGE, ) | src/pages/artisan-minier/AffiliationsCartes.tsx:131 hasSensitiveCapability(user, CAPABILITIES.ARTISAN_CARDS_MANAGE)","Hérite du contexte route candidat; conditions internes à relire; serveur non testé","NON_INSPECTE_EN_UI","Lot artisans et affiliations","Master §§7–14 et annexe A : champs/actions existants, erreurs explicites, contexte autorisé, responsive, persistance et audit indépendants","AST_JSX","DETECTION_AUTOMATIQUE_NON_REVUE; imports candidats ≠ visibilité prouvée","À INVENTORIER","NON EXÉCUTÉ","","83f8c74e","83f8c74ea83c81a2734ef9e086c2edd211573ebe"
"ACT-dd81195870a7","admin | owner | sonasp","artisan-minier","/artisan-minier/cartes/expirations | /artisan-minier/cartes/suivi | /artisan-minier/cartes/validation","ACTION_JSX","{card.numero_affiliation}","src/pages/artisan-minier/AffiliationsCartes.tsx:782","src/pages/artisan-minier/AffiliationsCartes.tsx","{() => openDossier(card.artisan_id, card.id) }","src/pages/artisan-minier/AffiliationsCartes.tsx:121 hasSensitiveCapability( user, CAPABILITIES.PLATFORM_SETTINGS_MANAGE, ) | src/pages/artisan-minier/AffiliationsCartes.tsx:125 hasSensitiveCapability( user, CAPABILITIES.ARTISAN_MEMBERSHIP_MANAGE, ) | src/pages/artisan-minier/AffiliationsCartes.tsx:131 hasSensitiveCapability(user, CAPABILITIES.ARTISAN_CARDS_MANAGE)","Hérite du contexte route candidat; conditions internes à relire; serveur non testé","NON_INSPECTE_EN_UI","Lot artisans et affiliations","Master §§7–14 et annexe A : champs/actions existants, erreurs explicites, contexte autorisé, responsive, persistance et audit indépendants","AST_JSX","DETECTION_AUTOMATIQUE_NON_REVUE; imports candidats ≠ visibilité prouvée","À INVENTORIER","NON EXÉCUTÉ","","83f8c74e","83f8c74ea83c81a2734ef9e086c2edd211573ebe"
"ACT-dd99d93b94f9","admin | dgmg | owner | sonasp","mining_sites","/artisan-sites","ACTION_JSX","button","src/pages/artisanal-sites/ArtisanalSitesOverview.tsx:505","src/pages/artisanal-sites/ArtisanalSitesOverview.tsx","{() => { setScope('all'); setPage(1); }}","src/pages/artisanal-sites/ArtisanalSitesOverview.tsx:142 canManageMiningRegistry(user)","Hérite du contexte route candidat; conditions internes à relire; serveur non testé","NON_INSPECTE_EN_UI","Lot sites artisanaux","Master §§7–14 et annexe A : champs/actions existants, erreurs explicites, contexte autorisé, responsive, persistance et audit indépendants","AST_JSX","DETECTION_AUTOMATIQUE_NON_REVUE; imports candidats ≠ visibilité prouvée","À INVENTORIER","NON EXÉCUTÉ","","83f8c74e","83f8c74ea83c81a2734ef9e086c2edd211573ebe"
"ACT-de906ad7f9a8","admin | comptoir | owner | sonasp","artisan_gold_market","/artisan-minier/paiements","ACTION_JSX","Historique des paiements","src/pages/artisan-minier/PaiementsVentesDashboard.tsx:325","src/pages/artisan-minier/PaiementsVentesDashboard.tsx","{() => navigate('/artisan-minier/paiements/historique')}","src/pages/artisan-minier/PaiementsVentesDashboard.tsx:100 hasSensitiveCapability( user, isComptoir ? CAPABILITIES.COMPTOIR_PAYMENTS_EXECUTE : CAPABILITIES.FINANCE_EXECUTE, ) | src/pages/artisan-minier/PaiementsVentesDashboard.tsx:95 isComptoirScopedUser(user) | src/pages/artisan-minier/PaiementsVentesDashboard.tsx:96 hasSensitiveCapability( user, isComptoir ? CAPABILITIES.COMPTOIR_INVOICES_ISSUE : CAPABILITIES.SONASP_PREPARE, )","Hérite du contexte route candidat; conditions internes à relire; serveur non testé","NON_INSPECTE_EN_UI","Lot marché artisanal et paiements","Master §§7–14 et annexe A : champs/actions existants, erreurs explicites, contexte autorisé, responsive, persistance et audit indépendants","AST_JSX","DETECTION_AUTOMATIQUE_NON_REVUE; imports candidats ≠ visibilité prouvée","À INVENTORIER","NON EXÉCUTÉ","","83f8c74e","83f8c74ea83c81a2734ef9e086c2edd211573ebe"
"ACT-dea15e51fffc","admin | comptoir | owner | sonasp","artisan_gold_market","/artisan-minier/rapports","ACTION_JSX","Chiffre d’affaires","src/pages/artisan-minier/CentreRapportsAnalyse.tsx:111","src/pages/artisan-minier/CentreRapportsAnalyse.tsx","{() => navigate('/artisan-minier/rapports/chiffre-affaires')}","","Hérite du contexte route candidat; conditions internes à relire; serveur non testé","NON_INSPECTE_EN_UI","Lot marché artisanal et paiements","Master §§7–14 et annexe A : champs/actions existants, erreurs explicites, contexte autorisé, responsive, persistance et audit indépendants","AST_JSX","DETECTION_AUTOMATIQUE_NON_REVUE; imports candidats ≠ visibilité prouvée","À INVENTORIER","NON EXÉCUTÉ","","83f8c74e","83f8c74ea83c81a2734ef9e086c2edd211573ebe"
"ACT-dedb16b71924","admin | collector | comptoir | dgmg | owner | sonasp","artisan-minier","/artisan-minier/:id | /artisan-minier/cartes/expirations | /artisan-minier/cartes/suivi | /artisan-minier/cartes/validation","ACTION_JSX","Consulter la preuve","src/components/artisan/AffiliationPaymentPanel.tsx:154","src/components/artisan/AffiliationPaymentPanel.tsx","{() => void run(async () => { const popup = window.open("""", ""_blank""); if (!popup) throw new Error( ""Autorisez l’ouverture d’un onglet pour consulter la preuve."", ); popup.opener = null; try { popup.location.href = await affiliationService.signedPaymentProof( receipt.preuve_path!, ); } catch (reason) { popup.close(); throw reason; } }, ""La preuve de paiement est disponible dans un nouvel onglet."") }","","Hérite du contexte route candidat; conditions internes à relire; serveur non testé","NON_INSPECTE_EN_UI","Lot artisans et affiliations","Master §§7–14 et annexe A : champs/actions existants, erreurs explicites, contexte autorisé, responsive, persistance et audit indépendants","AST_JSX","DETECTION_AUTOMATIQUE_NON_REVUE; imports candidats ≠ visibilité prouvée","À INVENTORIER","NON EXÉCUTÉ","","83f8c74e","83f8c74ea83c81a2734ef9e086c2edd211573ebe"
"ACT-df3755ff4108","admin | owner | sonasp","artisan-minier","/artisan-minier/:artisanId/infractions/:infractionId/modifier | /artisan-minier/:artisanId/infractions/nouvelle","ACTION_JSX","button","src/pages/artisan-minier/InfractionForm.tsx:552","src/pages/artisan-minier/InfractionForm.tsx","{() => removePending(index)}","","Hérite du contexte route candidat; conditions internes à relire; serveur non testé","NON_INSPECTE_EN_UI","Lot artisans et affiliations","Master §§7–14 et annexe A : champs/actions existants, erreurs explicites, contexte autorisé, responsive, persistance et audit indépendants","AST_JSX","DETECTION_AUTOMATIQUE_NON_REVUE; imports candidats ≠ visibilité prouvée","À INVENTORIER","NON EXÉCUTÉ","","83f8c74e","83f8c74ea83c81a2734ef9e086c2edd211573ebe"
"ACT-e0952f69322b","admin | comptoir | owner | sonasp","artisan_gold_market","/artisan-minier/rapports","ACTION_JSX","{loading ? <Loader2 className=""sn-spin"" aria-hidden=""true"" /> : <TrendingUp aria-hidden=""true"" />} Actualiser","src/pages/artisan-minier/CentreRapportsAnalyse.tsx:137","src/pages/artisan-minier/CentreRapportsAnalyse.tsx","{() => void charger()}","","Hérite du contexte route candidat; conditions internes à relire; serveur non testé","NON_INSPECTE_EN_UI","Lot marché artisanal et paiements","Master §§7–14 et annexe A : champs/actions existants, erreurs explicites, contexte autorisé, responsive, persistance et audit indépendants","AST_JSX","DETECTION_AUTOMATIQUE_NON_REVUE; imports candidats ≠ visibilité prouvée","À INVENTORIER","NON EXÉCUTÉ","","83f8c74e","83f8c74ea83c81a2734ef9e086c2edd211573ebe"
"ACT-e09bd8637671","admin | collector | comptoir | owner | sonasp","artisan_gold_market","/artisan-minier/paiements/historique","ACTION_JSX","Tous","src/pages/artisan-minier/PaiementsHistorique.tsx:382","src/pages/artisan-minier/PaiementsHistorique.tsx","{() => setFilters((current) => ({ ...current, statut: 'tous' }))}","src/pages/artisan-minier/PaiementsHistorique.tsx:128 isCollectorScopedUser(user)","Hérite du contexte route candidat; conditions internes à relire; serveur non testé","NON_INSPECTE_EN_UI","Lot marché artisanal et paiements","Master §§7–14 et annexe A : champs/actions existants, erreurs explicites, contexte autorisé, responsive, persistance et audit indépendants","AST_JSX","DETECTION_AUTOMATIQUE_NON_REVUE; imports candidats ≠ visibilité prouvée","À INVENTORIER","NON EXÉCUTÉ","","83f8c74e","83f8c74ea83c81a2734ef9e086c2edd211573ebe"
"ACT-e0dbeb185dae","admin | comptoir | owner | sonasp","artisan_gold_market","/artisan-minier/ventes-or/:id/modifier | /artisan-minier/ventes-or/nouvelle","ACTION_JSX","Retour au registre","src/pages/artisan-minier/VenteOrForm.tsx:548","src/pages/artisan-minier/VenteOrForm.tsx","{() => navigate('/artisan-minier/ventes-or')}","src/pages/artisan-minier/VenteOrForm.tsx:199 isComptoirScopedUser(user)","Hérite du contexte route candidat; conditions internes à relire; serveur non testé","NON_INSPECTE_EN_UI","Lot marché artisanal et paiements","Master §§7–14 et annexe A : champs/actions existants, erreurs explicites, contexte autorisé, responsive, persistance et audit indépendants","AST_JSX","DETECTION_AUTOMATIQUE_NON_REVUE; imports candidats ≠ visibilité prouvée","À INVENTORIER","NON EXÉCUTÉ","","83f8c74e","83f8c74ea83c81a2734ef9e086c2edd211573ebe"
"ACT-e12a0f032e1a","admin | collector | comptoir | dgmg | owner | sonasp","artisan-minier","/artisan-minier/:id | /artisan-minier/cartes/expirations | /artisan-minier/cartes/suivi | /artisan-minier/cartes/validation","ACTION_JSX","Retour au registre","src/components/artisan/AffiliationDossier.tsx:310","src/components/artisan/AffiliationDossier.tsx","{onBack}","src/components/artisan/AffiliationDossier.tsx:74 hasSensitiveCapability( user, CAPABILITIES.ARTISAN_CARDS_MANAGE, ) | src/components/artisan/AffiliationDossier.tsx:78 hasSensitiveCapability( user, CAPABILITIES.ARTISAN_MEMBERSHIP_MANAGE, ) | src/components/artisan/AffiliationDossier.tsx:82 hasSensitiveCapability( user, CAPABILITIES.ARTISAN_MEMBERSHIP_CONFIRM, ) | src/components/artisan/AffiliationDossier.tsx:86 hasSensitiveCapability( user, CAPABILITIES.ARTISAN_CARDS_ACTIVATE, )","Hérite du contexte route candidat; conditions internes à relire; serveur non testé","NON_INSPECTE_EN_UI","Lot artisans et affiliations","Master §§7–14 et annexe A : champs/actions existants, erreurs explicites, contexte autorisé, responsive, persistance et audit indépendants","AST_JSX","DETECTION_AUTOMATIQUE_NON_REVUE; imports candidats ≠ visibilité prouvée","À INVENTORIER","NON EXÉCUTÉ","","83f8c74e","83f8c74ea83c81a2734ef9e086c2edd211573ebe"
"ACT-e1981e2c3700","admin | owner | sonasp","artisan-minier","/artisan-minier/cartes/expirations | /artisan-minier/cartes/suivi | /artisan-minier/cartes/validation","ACTION_JSX","Nouvelle affiliation","src/pages/artisan-minier/AffiliationsCartes.tsx:403","src/pages/artisan-minier/AffiliationsCartes.tsx","{() => setNewOpen(true)}","src/pages/artisan-minier/AffiliationsCartes.tsx:121 hasSensitiveCapability( user, CAPABILITIES.PLATFORM_SETTINGS_MANAGE, ) | src/pages/artisan-minier/AffiliationsCartes.tsx:125 hasSensitiveCapability( user, CAPABILITIES.ARTISAN_MEMBERSHIP_MANAGE, ) | src/pages/artisan-minier/AffiliationsCartes.tsx:131 hasSensitiveCapability(user, CAPABILITIES.ARTISAN_CARDS_MANAGE)","Hérite du contexte route candidat; conditions internes à relire; serveur non testé","NON_INSPECTE_EN_UI","Lot artisans et affiliations","Master §§7–14 et annexe A : champs/actions existants, erreurs explicites, contexte autorisé, responsive, persistance et audit indépendants","AST_JSX","DETECTION_AUTOMATIQUE_NON_REVUE; imports candidats ≠ visibilité prouvée","À INVENTORIER","NON EXÉCUTÉ","","83f8c74e","83f8c74ea83c81a2734ef9e086c2edd211573ebe"
"ACT-e4aac3b87971","collector | owner","portal-collector","/portail-collecteur","ACTION_JSX","Registre des collectes","src/pages/collector/CollectorPortalPage.tsx:122","src/pages/collector/CollectorPortalPage.tsx","","","Hérite du contexte route candidat; conditions internes à relire; serveur non testé","NON_INSPECTE_EN_UI","Lot portal-collector","Master §§7–14 et annexe A : champs/actions existants, erreurs explicites, contexte autorisé, responsive, persistance et audit indépendants","AST_JSX","DETECTION_AUTOMATIQUE_NON_REVUE; imports candidats ≠ visibilité prouvée","À INVENTORIER","NON EXÉCUTÉ","","83f8c74e","83f8c74ea83c81a2734ef9e086c2edd211573ebe"
"ACT-e4b5d361a786","admin | collector | comptoir | dgmg | owner | sonasp","artisan-minier","/artisan-minier/:id/edit | /artisan-minier/liste","ACTION_JSX","button","src/components/artisan/ArtisanDocuments.tsx:280","src/components/artisan/ArtisanDocuments.tsx","{() => onRemovePending(doc.id)}","","Hérite du contexte route candidat; conditions internes à relire; serveur non testé","NON_INSPECTE_EN_UI","Lot artisans et affiliations","Master §§7–14 et annexe A : champs/actions existants, erreurs explicites, contexte autorisé, responsive, persistance et audit indépendants","AST_JSX","DETECTION_AUTOMATIQUE_NON_REVUE; imports candidats ≠ visibilité prouvée","À INVENTORIER","NON EXÉCUTÉ","","83f8c74e","83f8c74ea83c81a2734ef9e086c2edd211573ebe"
"ACT-e5d78ac9aa7f","admin | dgmg | owner | sonasp","mining_sites","/artisan-sites","ACTION_JSX","Voir le plan d’actions","src/pages/artisanal-sites/ArtisanalSitesOverview.tsx:525","src/pages/artisanal-sites/ArtisanalSitesOverview.tsx","{() => { setScope('watch'); setPage(1); }}","src/pages/artisanal-sites/ArtisanalSitesOverview.tsx:142 canManageMiningRegistry(user)","Hérite du contexte route candidat; conditions internes à relire; serveur non testé","NON_INSPECTE_EN_UI","Lot sites artisanaux","Master §§7–14 et annexe A : champs/actions existants, erreurs explicites, contexte autorisé, responsive, persistance et audit indépendants","AST_JSX","DETECTION_AUTOMATIQUE_NON_REVUE; imports candidats ≠ visibilité prouvée","À INVENTORIER","NON EXÉCUTÉ","","83f8c74e","83f8c74ea83c81a2734ef9e086c2edd211573ebe"
"ACT-e6aefffaa21b","admin | dgmg | owner","artisan-minier","/artisan-minier/collecteurs/:id/modifier | /artisan-minier/collecteurs/nouveau","ACTION_JSX","{p.nom_fichier}","src/pages/collector/CollectorForm.tsx:281","src/pages/collector/CollectorForm.tsx","{async () => { try { const url = await artisanDocumentService.url(p); window.open(url, ""_blank"", ""noopener,noreferrer""); } catch { setMessage(""La pièce ne peut pas être ouverte. Réessayez.""); } }}","src/pages/collector/CollectorForm.tsx:829 canManageMiningRegistry(user)","Hérite du contexte route candidat; conditions internes à relire; serveur non testé","NON_INSPECTE_EN_UI","Lot artisans et affiliations","Master §§7–14 et annexe A : champs/actions existants, erreurs explicites, contexte autorisé, responsive, persistance et audit indépendants","AST_JSX","DETECTION_AUTOMATIQUE_NON_REVUE; imports candidats ≠ visibilité prouvée","À INVENTORIER","NON EXÉCUTÉ","","83f8c74e","83f8c74ea83c81a2734ef9e086c2edd211573ebe"
"ACT-e6b04a576576","admin | collector | comptoir | dgmg | owner | sonasp","artisan-minier","/artisan-minier/:id | /artisan-minier/cartes/expirations | /artisan-minier/cartes/suivi | /artisan-minier/cartes/validation","ACTION_JSX","AffiliationPaymentPanel","src/components/artisan/AffiliationDossier.tsx:421","src/components/artisan/AffiliationDossier.tsx","{confirmPayment}","src/components/artisan/AffiliationDossier.tsx:74 hasSensitiveCapability( user, CAPABILITIES.ARTISAN_CARDS_MANAGE, ) | src/components/artisan/AffiliationDossier.tsx:78 hasSensitiveCapability( user, CAPABILITIES.ARTISAN_MEMBERSHIP_MANAGE, ) | src/components/artisan/AffiliationDossier.tsx:82 hasSensitiveCapability( user, CAPABILITIES.ARTISAN_MEMBERSHIP_CONFIRM, ) | src/components/artisan/AffiliationDossier.tsx:86 hasSensitiveCapability( user, CAPABILITIES.ARTISAN_CARDS_ACTIVATE, )","Hérite du contexte route candidat; conditions internes à relire; serveur non testé","NON_INSPECTE_EN_UI","Lot artisans et affiliations","Master §§7–14 et annexe A : champs/actions existants, erreurs explicites, contexte autorisé, responsive, persistance et audit indépendants","AST_JSX","DETECTION_AUTOMATIQUE_NON_REVUE; imports candidats ≠ visibilité prouvée","À INVENTORIER","NON EXÉCUTÉ","","83f8c74e","83f8c74ea83c81a2734ef9e086c2edd211573ebe"
"ACT-e6cb1f9959b8","admin | collector | comptoir | dgmg | owner | sonasp","artisan-minier | artisan_gold_market","/artisan-minier/:id/edit | /artisan-minier/collecteurs/:id/modifier | /artisan-minier/collecteurs/nouveau | /artisan-minier/comptoirs/:id | /artisan-minier/comptoirs/:id/modifier | /artisan-minier/comptoirs/nouveau | /artisan-minier/liste | /collecte/ventes | /collecte/ventes/nouvelle","ACTION_JSX","button","src/components/ui/ComboBox.tsx:259","src/components/ui/ComboBox.tsx","{() => (isOpen ? closeDropdown() : openDropdown())}","","Hérite du contexte route candidat; conditions internes à relire; serveur non testé","NON_INSPECTE_EN_UI","Lot partagé : propriétaire à affecter par orchestrateur","Master §§7–14 et annexe A : champs/actions existants, erreurs explicites, contexte autorisé, responsive, persistance et audit indépendants","AST_JSX","DETECTION_AUTOMATIQUE_NON_REVUE; imports candidats ≠ visibilité prouvée","À INVENTORIER","NON EXÉCUTÉ","","83f8c74e","83f8c74ea83c81a2734ef9e086c2edd211573ebe"
"ACT-e813194aab8d","admin | comptoir | owner | sonasp","artisan_gold_market","/artisan-minier/paiements","ACTION_JSX","button","src/pages/artisan-minier/PaiementsVentesDashboard.tsx:250","src/pages/artisan-minier/PaiementsVentesDashboard.tsx","{(event) => { event.stopPropagation(); navigate(`/artisan-minier/ventes-or/${vente.vente_id}`); }}","src/pages/artisan-minier/PaiementsVentesDashboard.tsx:100 hasSensitiveCapability( user, isComptoir ? CAPABILITIES.COMPTOIR_PAYMENTS_EXECUTE : CAPABILITIES.FINANCE_EXECUTE, ) | src/pages/artisan-minier/PaiementsVentesDashboard.tsx:95 isComptoirScopedUser(user) | src/pages/artisan-minier/PaiementsVentesDashboard.tsx:96 hasSensitiveCapability( user, isComptoir ? CAPABILITIES.COMPTOIR_INVOICES_ISSUE : CAPABILITIES.SONASP_PREPARE, )","Hérite du contexte route candidat; conditions internes à relire; serveur non testé","NON_INSPECTE_EN_UI","Lot marché artisanal et paiements","Master §§7–14 et annexe A : champs/actions existants, erreurs explicites, contexte autorisé, responsive, persistance et audit indépendants","AST_JSX","DETECTION_AUTOMATIQUE_NON_REVUE; imports candidats ≠ visibilité prouvée","À INVENTORIER","NON EXÉCUTÉ","","83f8c74e","83f8c74ea83c81a2734ef9e086c2edd211573ebe"
"ACT-e840120a498a","admin | dgmg | owner | sonasp","mining_sites","/artisan-sites/production","ACTION_JSX","Réessayer","src/pages/artisanal-sites/ArtisanalSiteProduction.tsx:71","src/pages/artisanal-sites/ArtisanalSiteProduction.tsx","{refresh}","src/pages/artisanal-sites/ArtisanalSiteProduction.tsx:62 canManageMiningRegistry(user)","Hérite du contexte route candidat; conditions internes à relire; serveur non testé","NON_INSPECTE_EN_UI","Lot sites artisanaux","Master §§7–14 et annexe A : champs/actions existants, erreurs explicites, contexte autorisé, responsive, persistance et audit indépendants","AST_JSX","DETECTION_AUTOMATIQUE_NON_REVUE; imports candidats ≠ visibilité prouvée","À INVENTORIER","NON EXÉCUTÉ","","83f8c74e","83f8c74ea83c81a2734ef9e086c2edd211573ebe"
"ACT-e926d0452d1a","admin | owner | sonasp","artisan-minier","/artisan-minier/:artisanId/infractions/:infractionId","ACTION_JSX","Retour au dossier","src/pages/artisan-minier/InfractionDetails.tsx:154","src/pages/artisan-minier/InfractionDetails.tsx","{() => navigate(retour)}","","Hérite du contexte route candidat; conditions internes à relire; serveur non testé","NON_INSPECTE_EN_UI","Lot artisans et affiliations","Master §§7–14 et annexe A : champs/actions existants, erreurs explicites, contexte autorisé, responsive, persistance et audit indépendants","AST_JSX","DETECTION_AUTOMATIQUE_NON_REVUE; imports candidats ≠ visibilité prouvée","À INVENTORIER","NON EXÉCUTÉ","","83f8c74e","83f8c74ea83c81a2734ef9e086c2edd211573ebe"
"ACT-e9cb03f6e04d","admin | collector | comptoir | dgi | owner | sonasp","artisan_gold_market","/artisan-minier/ventes-or","ACTION_JSX","{STATUT_LABELS[statut]}","src/pages/artisan-minier/VentesOr.tsx:467","src/pages/artisan-minier/VentesOr.tsx","{() => setFilters((current) => ({ ...current, statut }))}","src/pages/artisan-minier/VentesOr.tsx:133 isComptoirScopedUser(user) | src/pages/artisan-minier/VentesOr.tsx:134 isCollectorScopedUser(user)","Hérite du contexte route candidat; conditions internes à relire; serveur non testé","NON_INSPECTE_EN_UI","Lot marché artisanal et paiements","Master §§7–14 et annexe A : champs/actions existants, erreurs explicites, contexte autorisé, responsive, persistance et audit indépendants","AST_JSX","DETECTION_AUTOMATIQUE_NON_REVUE; imports candidats ≠ visibilité prouvée","À INVENTORIER","NON EXÉCUTÉ","","83f8c74e","83f8c74ea83c81a2734ef9e086c2edd211573ebe"
"ACT-ea0397a04f64","admin | collector | comptoir | dgi | owner | sonasp","artisan_gold_market","/artisan-minier/ventes-or","ACTION_JSX","button","src/pages/artisan-minier/VentesOr.tsx:279","src/pages/artisan-minier/VentesOr.tsx","{(event) => { event.stopPropagation(); void handleDelete(sale); }}","src/pages/artisan-minier/VentesOr.tsx:133 isComptoirScopedUser(user) | src/pages/artisan-minier/VentesOr.tsx:134 isCollectorScopedUser(user)","Hérite du contexte route candidat; conditions internes à relire; serveur non testé","NON_INSPECTE_EN_UI","Lot marché artisanal et paiements","Master §§7–14 et annexe A : champs/actions existants, erreurs explicites, contexte autorisé, responsive, persistance et audit indépendants","AST_JSX","DETECTION_AUTOMATIQUE_NON_REVUE; imports candidats ≠ visibilité prouvée","À INVENTORIER","NON EXÉCUTÉ","","83f8c74e","83f8c74ea83c81a2734ef9e086c2edd211573ebe"
"ACT-eb9692ed64a2","admin | collector | comptoir | dgi | owner | sonasp","artisan_gold_market","/artisan-minier/rapports/taxes","ACTION_JSX","Exporter en Excel","src/pages/artisan-minier/RapportTaxesRoyalties.tsx:135","src/pages/artisan-minier/RapportTaxesRoyalties.tsx","{() => void exporter()}","src/pages/artisan-minier/RapportTaxesRoyalties.tsx:78 isCollectorScopedUser(user)","Hérite du contexte route candidat; conditions internes à relire; serveur non testé","NON_INSPECTE_EN_UI","Lot marché artisanal et paiements","Master §§7–14 et annexe A : champs/actions existants, erreurs explicites, contexte autorisé, responsive, persistance et audit indépendants","AST_JSX","DETECTION_AUTOMATIQUE_NON_REVUE; imports candidats ≠ visibilité prouvée","À INVENTORIER","NON EXÉCUTÉ","","83f8c74e","83f8c74ea83c81a2734ef9e086c2edd211573ebe"
"ACT-edfd6f1ac5cc","admin | collector | comptoir | owner | sonasp","artisan_gold_market","/artisan-minier/paiements/historique","ACTION_JSX","Actualiser","src/pages/artisan-minier/PaiementsHistorique.tsx:295","src/pages/artisan-minier/PaiementsHistorique.tsx","{() => void chargerHistorique()}","src/pages/artisan-minier/PaiementsHistorique.tsx:128 isCollectorScopedUser(user)","Hérite du contexte route candidat; conditions internes à relire; serveur non testé","NON_INSPECTE_EN_UI","Lot marché artisanal et paiements","Master §§7–14 et annexe A : champs/actions existants, erreurs explicites, contexte autorisé, responsive, persistance et audit indépendants","AST_JSX","DETECTION_AUTOMATIQUE_NON_REVUE; imports candidats ≠ visibilité prouvée","À INVENTORIER","NON EXÉCUTÉ","","83f8c74e","83f8c74ea83c81a2734ef9e086c2edd211573ebe"
"ACT-efd2c7d2de40","admin | collector | comptoir | owner | sonasp","artisan_gold_market","/artisan-minier/paiements/:venteId/nouveau","ACTION_JSX","Retour aux dossiers","src/pages/artisan-minier/PaiementForm.tsx:459","src/pages/artisan-minier/PaiementForm.tsx","{() => navigate('/artisan-minier/paiements')}","src/pages/artisan-minier/PaiementForm.tsx:242 isCollectorScopedUser(user) | src/pages/artisan-minier/PaiementForm.tsx:243 hasSensitiveCapability(user, CAPABILITIES.COLLECTOR_PAYMENTS_EXECUTE) | src/pages/artisan-minier/PaiementForm.tsx:244 hasSensitiveCapability(user, CAPABILITIES.COMPTOIR_PAYMENTS_EXECUTE) | src/pages/artisan-minier/PaiementForm.tsx:244 hasSensitiveCapability(user, CAPABILITIES.FINANCE_EXECUTE)","Hérite du contexte route candidat; conditions internes à relire; serveur non testé","NON_INSPECTE_EN_UI","Lot marché artisanal et paiements","Master §§7–14 et annexe A : champs/actions existants, erreurs explicites, contexte autorisé, responsive, persistance et audit indépendants","AST_JSX","DETECTION_AUTOMATIQUE_NON_REVUE; imports candidats ≠ visibilité prouvée","À INVENTORIER","NON EXÉCUTÉ","","83f8c74e","83f8c74ea83c81a2734ef9e086c2edd211573ebe"
"ACT-f045910095e1","admin | dgmg | owner","mining_sites","/artisan-sites/:siteId/modifier | /artisan-sites/nouveau","ACTION_JSX","Annuler","src/pages/artisanal-sites/ArtisanalSiteForm.tsx:724","src/pages/artisanal-sites/ArtisanalSiteForm.tsx","{() => navigate('/artisan-sites')}","src/pages/artisanal-sites/ArtisanalSiteForm.tsx:358 canManageMiningRegistry(user) | src/pages/artisanal-sites/ArtisanalSiteForm.tsx:395 canManageMiningRegistry(user)","Hérite du contexte route candidat; conditions internes à relire; serveur non testé","NON_INSPECTE_EN_UI","Lot sites artisanaux","Master §§7–14 et annexe A : champs/actions existants, erreurs explicites, contexte autorisé, responsive, persistance et audit indépendants","AST_JSX","DETECTION_AUTOMATIQUE_NON_REVUE; imports candidats ≠ visibilité prouvée","À INVENTORIER","NON EXÉCUTÉ","","83f8c74e","83f8c74ea83c81a2734ef9e086c2edd211573ebe"
"ACT-f04f44143961","admin | dgmg | owner | sonasp","mining_sites","/artisan-sites","ACTION_JSX","Link","src/pages/artisanal-sites/ArtisanalSitesOverview.tsx:682","src/pages/artisanal-sites/ArtisanalSitesOverview.tsx","","src/pages/artisanal-sites/ArtisanalSitesOverview.tsx:142 canManageMiningRegistry(user)","Hérite du contexte route candidat; conditions internes à relire; serveur non testé","NON_INSPECTE_EN_UI","Lot sites artisanaux","Master §§7–14 et annexe A : champs/actions existants, erreurs explicites, contexte autorisé, responsive, persistance et audit indépendants","AST_JSX","DETECTION_AUTOMATIQUE_NON_REVUE; imports candidats ≠ visibilité prouvée","À INVENTORIER","NON EXÉCUTÉ","","83f8c74e","83f8c74ea83c81a2734ef9e086c2edd211573ebe"
"ACT-f0a48c72ef9e","admin | dgmg | owner | sonasp","artisan-minier | mining_sites","/artisan-minier | /artisan-sites","ACTION_JSX","Réduire la carte","src/components/artisanal-sites/BurkinaTerritoryMap.tsx:184","src/components/artisanal-sites/BurkinaTerritoryMap.tsx","{() => setZoomIndex((index) => Math.max(index - 1, 0))}","","Hérite du contexte route candidat; conditions internes à relire; serveur non testé","NON_INSPECTE_EN_UI","Lot partagé : propriétaire à affecter par orchestrateur","Master §§7–14 et annexe A : champs/actions existants, erreurs explicites, contexte autorisé, responsive, persistance et audit indépendants","AST_JSX","DETECTION_AUTOMATIQUE_NON_REVUE; imports candidats ≠ visibilité prouvée","À INVENTORIER","NON EXÉCUTÉ","","83f8c74e","83f8c74ea83c81a2734ef9e086c2edd211573ebe"
"ACT-f4263d3ee30b","admin | owner | sonasp","artisan-minier","/artisan-minier/cartes/expirations | /artisan-minier/cartes/suivi | /artisan-minier/cartes/validation","ACTION_JSX","Réinitialiser les filtres","src/pages/artisan-minier/AffiliationsCartes.tsx:657","src/pages/artisan-minier/AffiliationsCartes.tsx","{resetFilters}","src/pages/artisan-minier/AffiliationsCartes.tsx:121 hasSensitiveCapability( user, CAPABILITIES.PLATFORM_SETTINGS_MANAGE, ) | src/pages/artisan-minier/AffiliationsCartes.tsx:125 hasSensitiveCapability( user, CAPABILITIES.ARTISAN_MEMBERSHIP_MANAGE, ) | src/pages/artisan-minier/AffiliationsCartes.tsx:131 hasSensitiveCapability(user, CAPABILITIES.ARTISAN_CARDS_MANAGE)","Hérite du contexte route candidat; conditions internes à relire; serveur non testé","NON_INSPECTE_EN_UI","Lot artisans et affiliations","Master §§7–14 et annexe A : champs/actions existants, erreurs explicites, contexte autorisé, responsive, persistance et audit indépendants","AST_JSX","DETECTION_AUTOMATIQUE_NON_REVUE; imports candidats ≠ visibilité prouvée","À INVENTORIER","NON EXÉCUTÉ","","83f8c74e","83f8c74ea83c81a2734ef9e086c2edd211573ebe"
"ACT-f43d35a53ecd","admin | collector | comptoir | dgmg | owner | sonasp","artisan-minier","/artisan-minier/:id | /artisan-minier/cartes/expirations | /artisan-minier/cartes/suivi | /artisan-minier/cartes/validation","ACTION_JSX","Artisans miniers","src/components/artisan/AffiliationDossier.tsx:298","src/components/artisan/AffiliationDossier.tsx","","src/components/artisan/AffiliationDossier.tsx:74 hasSensitiveCapability( user, CAPABILITIES.ARTISAN_CARDS_MANAGE, ) | src/components/artisan/AffiliationDossier.tsx:78 hasSensitiveCapability( user, CAPABILITIES.ARTISAN_MEMBERSHIP_MANAGE, ) | src/components/artisan/AffiliationDossier.tsx:82 hasSensitiveCapability( user, CAPABILITIES.ARTISAN_MEMBERSHIP_CONFIRM, ) | src/components/artisan/AffiliationDossier.tsx:86 hasSensitiveCapability( user, CAPABILITIES.ARTISAN_CARDS_ACTIVATE, )","Hérite du contexte route candidat; conditions internes à relire; serveur non testé","NON_INSPECTE_EN_UI","Lot artisans et affiliations","Master §§7–14 et annexe A : champs/actions existants, erreurs explicites, contexte autorisé, responsive, persistance et audit indépendants","AST_JSX","DETECTION_AUTOMATIQUE_NON_REVUE; imports candidats ≠ visibilité prouvée","À INVENTORIER","NON EXÉCUTÉ","","83f8c74e","83f8c74ea83c81a2734ef9e086c2edd211573ebe"
"ACT-f594ae81365d","admin | collector | comptoir | dgmg | owner | sonasp","artisan-minier","/artisan-minier/:id | /artisan-minier/cartes/expirations | /artisan-minier/cartes/suivi | /artisan-minier/cartes/validation","ACTION_JSX","button","src/components/artisan/AffiliationDigitalCard.tsx:141","src/components/artisan/AffiliationDigitalCard.tsx","{switchFace}","","Hérite du contexte route candidat; conditions internes à relire; serveur non testé","NON_INSPECTE_EN_UI","Lot artisans et affiliations","Master §§7–14 et annexe A : champs/actions existants, erreurs explicites, contexte autorisé, responsive, persistance et audit indépendants","AST_JSX","DETECTION_AUTOMATIQUE_NON_REVUE; imports candidats ≠ visibilité prouvée","À INVENTORIER","NON EXÉCUTÉ","","83f8c74e","83f8c74ea83c81a2734ef9e086c2edd211573ebe"
"ACT-f69767e89731","admin | dgmg | owner | sonasp","mining_sites","/artisan-sites","ACTION_JSX","{tab.label}","src/pages/artisanal-sites/ArtisanalSitesOverview.tsx:616","src/pages/artisanal-sites/ArtisanalSitesOverview.tsx","{() => { setScope(tab.value); setPage(1); }}","src/pages/artisanal-sites/ArtisanalSitesOverview.tsx:142 canManageMiningRegistry(user)","Hérite du contexte route candidat; conditions internes à relire; serveur non testé","NON_INSPECTE_EN_UI","Lot sites artisanaux","Master §§7–14 et annexe A : champs/actions existants, erreurs explicites, contexte autorisé, responsive, persistance et audit indépendants","AST_JSX","DETECTION_AUTOMATIQUE_NON_REVUE; imports candidats ≠ visibilité prouvée","À INVENTORIER","NON EXÉCUTÉ","","83f8c74e","83f8c74ea83c81a2734ef9e086c2edd211573ebe"
"ACT-f8445a0f2bd1","admin | collector | comptoir | dgmg | owner | sonasp","artisan-minier","/artisan-minier/:id | /artisan-minier/cartes/expirations | /artisan-minier/cartes/suivi | /artisan-minier/cartes/validation","ACTION_JSX","Annuler les droits","src/components/artisan/AffiliationPaymentPanel.tsx:291","src/components/artisan/AffiliationPaymentPanel.tsx","","","Hérite du contexte route candidat; conditions internes à relire; serveur non testé","NON_INSPECTE_EN_UI","Lot artisans et affiliations","Master §§7–14 et annexe A : champs/actions existants, erreurs explicites, contexte autorisé, responsive, persistance et audit indépendants","AST_JSX","DETECTION_AUTOMATIQUE_NON_REVUE; imports candidats ≠ visibilité prouvée","À INVENTORIER","NON EXÉCUTÉ","","83f8c74e","83f8c74ea83c81a2734ef9e086c2edd211573ebe"
"ACT-f885e07f67cc","admin | dgmg | owner | sonasp","mining_sites","/artisan-sites","ACTION_JSX","Régions","src/pages/artisanal-sites/ArtisanalSitesOverview.tsx:446","src/pages/artisanal-sites/ArtisanalSitesOverview.tsx","{() => setMapTab('regions')}","src/pages/artisanal-sites/ArtisanalSitesOverview.tsx:142 canManageMiningRegistry(user)","Hérite du contexte route candidat; conditions internes à relire; serveur non testé","NON_INSPECTE_EN_UI","Lot sites artisanaux","Master §§7–14 et annexe A : champs/actions existants, erreurs explicites, contexte autorisé, responsive, persistance et audit indépendants","AST_JSX","DETECTION_AUTOMATIQUE_NON_REVUE; imports candidats ≠ visibilité prouvée","À INVENTORIER","NON EXÉCUTÉ","","83f8c74e","83f8c74ea83c81a2734ef9e086c2edd211573ebe"
"ACT-f8e550ab0f70","admin | collector | comptoir | dgmg | owner | sonasp","artisan-minier","/artisan-minier/liste","ACTION_JSX","Affichage en cartes","src/pages/artisan-minier/ArtisanMinierListe.tsx:506","src/pages/artisan-minier/ArtisanMinierListe.tsx","{() => setView('grid')}","src/pages/artisan-minier/ArtisanMinierListe.tsx:164 isComptoirScopedUser(user) | src/pages/artisan-minier/ArtisanMinierListe.tsx:165 isCollectorScopedUser(user) | src/pages/artisan-minier/ArtisanMinierListe.tsx:303 canManageMiningRegistry(user) | src/pages/artisan-minier/ArtisanMinierListe.tsx:353 canManageMiningRegistry(user)","Hérite du contexte route candidat; conditions internes à relire; serveur non testé","NON_INSPECTE_EN_UI","Lot artisans et affiliations","Master §§7–14 et annexe A : champs/actions existants, erreurs explicites, contexte autorisé, responsive, persistance et audit indépendants","AST_JSX","DETECTION_AUTOMATIQUE_NON_REVUE; imports candidats ≠ visibilité prouvée","À INVENTORIER","NON EXÉCUTÉ","","83f8c74e","83f8c74ea83c81a2734ef9e086c2edd211573ebe"
"ACT-f906f93b5c38","admin | dgmg | owner","artisan-minier","/artisan-minier/comptoirs/:id | /artisan-minier/comptoirs/:id/modifier | /artisan-minier/comptoirs/nouveau","ACTION_JSX","{name}","src/pages/collector/ComptoirForm.tsx:837","src/pages/collector/ComptoirForm.tsx","","src/pages/collector/ComptoirForm.tsx:938 canManageMiningRegistry(user)","Hérite du contexte route candidat; conditions internes à relire; serveur non testé","NON_INSPECTE_EN_UI","Lot artisans et affiliations","Master §§7–14 et annexe A : champs/actions existants, erreurs explicites, contexte autorisé, responsive, persistance et audit indépendants","AST_JSX","DETECTION_AUTOMATIQUE_NON_REVUE; imports candidats ≠ visibilité prouvée","À INVENTORIER","NON EXÉCUTÉ","","83f8c74e","83f8c74ea83c81a2734ef9e086c2edd211573ebe"
"ACT-f9ccc113c895","admin | collector | comptoir | dgmg | owner | sonasp","artisan-minier","/artisan-minier/collecteurs | /artisan-minier/collecteurs/:id","ACTION_JSX","{id ? ""Modifier le dossier"" : ""Nouveau collecteur""}","src/pages/collector/CollectorsPage.tsx:202","src/pages/collector/CollectorsPage.tsx","","src/pages/collector/CollectorsPage.tsx:237 isCollectorScopedUser(user) | src/pages/collector/CollectorsPage.tsx:237 isComptoirScopedUser(user) | src/pages/collector/CollectorsPage.tsx:48 canManageMiningRegistry(user) | src/pages/collector/CollectorsPage.tsx:50 hasSensitiveCapability(user, CAPABILITIES.COMPTOIR_PAYMENTS_EXECUTE) | src/pages/collector/CollectorsPage.tsx:51 hasSensitiveCapability(user, CAPABILITIES.FINANCE_EXECUTE)","Hérite du contexte route candidat; conditions internes à relire; serveur non testé","NON_INSPECTE_EN_UI","Lot artisans et affiliations","Master §§7–14 et annexe A : champs/actions existants, erreurs explicites, contexte autorisé, responsive, persistance et audit indépendants","AST_JSX","DETECTION_AUTOMATIQUE_NON_REVUE; imports candidats ≠ visibilité prouvée","À INVENTORIER","NON EXÉCUTÉ","","83f8c74e","83f8c74ea83c81a2734ef9e086c2edd211573ebe"
"ACT-f9cf741cdef5","admin | collector | comptoir | dgmg | owner | sonasp","artisan-minier","/artisan-minier/:id/edit | /artisan-minier/liste","ACTION_JSX","{saving ? <Loader2 className=""sn-spin"" /> : <Save />} {saving ? ""Enregistrement…"" : isEditMode ? ""Mettre à jour la fiche"" : ""Enregistrer l’artisan""}","src/components/artisan/ArtisanMinierForm.tsx:990","src/components/artisan/ArtisanMinierForm.tsx","","src/components/artisan/ArtisanMinierForm.tsx:434 canManageMiningRegistry(user) | src/components/artisan/ArtisanMinierForm.tsx:95 hasSensitiveCapability( user, CAPABILITIES.ARTISAN_PAYMENT_METHODS_MANAGE, )","Hérite du contexte route candidat; conditions internes à relire; serveur non testé","NON_INSPECTE_EN_UI","Lot artisans et affiliations","Master §§7–14 et annexe A : champs/actions existants, erreurs explicites, contexte autorisé, responsive, persistance et audit indépendants","AST_JSX","DETECTION_AUTOMATIQUE_NON_REVUE; imports candidats ≠ visibilité prouvée","À INVENTORIER","NON EXÉCUTÉ","","83f8c74e","83f8c74ea83c81a2734ef9e086c2edd211573ebe"
"ACT-f9e93adf403c","admin | dgmg | owner","mining_sites","/artisan-sites/:siteId/modifier | /artisan-sites/nouveau","ACTION_JSX","Carte des régions et provinces du Burkina Faso : cliquez pour positionner le site","src/components/artisanal-sites/SiteLocationPicker.tsx:81","src/components/artisanal-sites/SiteLocationPicker.tsx","{handleClick}","","Hérite du contexte route candidat; conditions internes à relire; serveur non testé","NON_INSPECTE_EN_UI","Lot sites artisanaux","Master §§7–14 et annexe A : champs/actions existants, erreurs explicites, contexte autorisé, responsive, persistance et audit indépendants","AST_JSX","DETECTION_AUTOMATIQUE_NON_REVUE; imports candidats ≠ visibilité prouvée","À INVENTORIER","NON EXÉCUTÉ","","83f8c74e","83f8c74ea83c81a2734ef9e086c2edd211573ebe"
"ACT-fa6a4202fc1e","admin | dgmg | owner","artisan-minier","/artisan-minier/comptoirs/:id | /artisan-minier/comptoirs/:id/modifier | /artisan-minier/comptoirs/nouveau","ACTION_JSX","Réessayer","src/pages/collector/ComptoirForm.tsx:999","src/pages/collector/ComptoirForm.tsx","{() => setReload((v) => v + 1)}","src/pages/collector/ComptoirForm.tsx:938 canManageMiningRegistry(user)","Hérite du contexte route candidat; conditions internes à relire; serveur non testé","NON_INSPECTE_EN_UI","Lot artisans et affiliations","Master §§7–14 et annexe A : champs/actions existants, erreurs explicites, contexte autorisé, responsive, persistance et audit indépendants","AST_JSX","DETECTION_AUTOMATIQUE_NON_REVUE; imports candidats ≠ visibilité prouvée","À INVENTORIER","NON EXÉCUTÉ","","83f8c74e","83f8c74ea83c81a2734ef9e086c2edd211573ebe"
"ACT-faec9b88d510","admin | collector | comptoir | dgmg | owner | sonasp","artisan-minier","/artisan-minier/collecteurs | /artisan-minier/collecteurs/:id","ACTION_JSX","{r.is_legacy && ( <Badge tone=""warning""> {r.identity.type_personne === ""physique"" ? ""Rattachements à }","src/pages/collector/CollectorsPage.tsx:88","src/pages/collector/CollectorsPage.tsx","","src/pages/collector/CollectorsPage.tsx:237 isCollectorScopedUser(user) | src/pages/collector/CollectorsPage.tsx:237 isComptoirScopedUser(user) | src/pages/collector/CollectorsPage.tsx:48 canManageMiningRegistry(user) | src/pages/collector/CollectorsPage.tsx:50 hasSensitiveCapability(user, CAPABILITIES.COMPTOIR_PAYMENTS_EXECUTE) | src/pages/collector/CollectorsPage.tsx:51 hasSensitiveCapability(user, CAPABILITIES.FINANCE_EXECUTE)","Hérite du contexte route candidat; conditions internes à relire; serveur non testé","NON_INSPECTE_EN_UI","Lot artisans et affiliations","Master §§7–14 et annexe A : champs/actions existants, erreurs explicites, contexte autorisé, responsive, persistance et audit indépendants","AST_JSX","DETECTION_AUTOMATIQUE_NON_REVUE; imports candidats ≠ visibilité prouvée","À INVENTORIER","NON EXÉCUTÉ","","83f8c74e","83f8c74ea83c81a2734ef9e086c2edd211573ebe"
"ACT-fb3e9547a1d3","admin | dgmg | owner | sonasp","mining_sites","/artisan-sites","ACTION_JSX","button","src/pages/artisanal-sites/ArtisanalSitesOverview.tsx:520","src/pages/artisanal-sites/ArtisanalSitesOverview.tsx","{() => { setScope('suspended'); setPage(1); }}","src/pages/artisanal-sites/ArtisanalSitesOverview.tsx:142 canManageMiningRegistry(user)","Hérite du contexte route candidat; conditions internes à relire; serveur non testé","NON_INSPECTE_EN_UI","Lot sites artisanaux","Master §§7–14 et annexe A : champs/actions existants, erreurs explicites, contexte autorisé, responsive, persistance et audit indépendants","AST_JSX","DETECTION_AUTOMATIQUE_NON_REVUE; imports candidats ≠ visibilité prouvée","À INVENTORIER","NON EXÉCUTÉ","","83f8c74e","83f8c74ea83c81a2734ef9e086c2edd211573ebe"
"ACT-fb8d9926e087","admin | owner | sonasp","public-et-alias","/sonasp/cessions-comptoirs","ACTION_JSX","Rejeter","src/pages/comptoir/SonaspComptoirSalesInboxPage.tsx:223","src/pages/comptoir/SonaspComptoirSalesInboxPage.tsx","{() => openDecision(sale, 'rejected')}","src/pages/comptoir/SonaspComptoirSalesInboxPage.tsx:76 hasCapability(user, CAPABILITIES.SONASP_APPROVE) | src/pages/comptoir/SonaspComptoirSalesInboxPage.tsx:77 hasCapability(user, CAPABILITIES.FINANCE_EXECUTE)","Hérite du contexte route candidat; conditions internes à relire; serveur non testé","NON_INSPECTE_EN_UI","Lot public-et-alias","Master §§7–14 et annexe A : champs/actions existants, erreurs explicites, contexte autorisé, responsive, persistance et audit indépendants","AST_JSX","DETECTION_AUTOMATIQUE_NON_REVUE; imports candidats ≠ visibilité prouvée","À INVENTORIER","NON EXÉCUTÉ","","83f8c74e","83f8c74ea83c81a2734ef9e086c2edd211573ebe"
"ACT-fe4ab69b0c93","admin | collector | comptoir | dgmg | owner | sonasp","artisan_gold_market","/collecte/ventes | /collecte/ventes/nouvelle","ACTION_JSX","Voir toutes les ventes autorisées","src/pages/collector/CollectionSalesPage.tsx:513","src/pages/collector/CollectionSalesPage.tsx","","src/pages/collector/CollectionSalesPage.tsx:250 isCollectorScopedUser(user)","Hérite du contexte route candidat; conditions internes à relire; serveur non testé","NON_INSPECTE_EN_UI","Lot marché artisanal et paiements","Master §§7–14 et annexe A : champs/actions existants, erreurs explicites, contexte autorisé, responsive, persistance et audit indépendants","AST_JSX","DETECTION_AUTOMATIQUE_NON_REVUE; imports candidats ≠ visibilité prouvée","À INVENTORIER","NON EXÉCUTÉ","","83f8c74e","83f8c74ea83c81a2734ef9e086c2edd211573ebe"
"ACT-fe78c1070cf8","admin | dgmg | owner | sonasp","mining_sites","/artisan-sites/production","ACTION_JSX","Ajouter un site","src/pages/artisanal-sites/ArtisanalSiteProduction.tsx:62","src/pages/artisanal-sites/ArtisanalSiteProduction.tsx","{() => navigate('/artisan-sites/nouveau')}","src/pages/artisanal-sites/ArtisanalSiteProduction.tsx:62 canManageMiningRegistry(user)","Hérite du contexte route candidat; conditions internes à relire; serveur non testé","NON_INSPECTE_EN_UI","Lot sites artisanaux","Master §§7–14 et annexe A : champs/actions existants, erreurs explicites, contexte autorisé, responsive, persistance et audit indépendants","AST_JSX","DETECTION_AUTOMATIQUE_NON_REVUE; imports candidats ≠ visibilité prouvée","À INVENTORIER","NON EXÉCUTÉ","","83f8c74e","83f8c74ea83c81a2734ef9e086c2edd211573ebe"
"CMP-19535765d688","admin | collector | comptoir | dgi | owner | sonasp","artisan_gold_market","/artisan-minier/rapports/taxes","TABLE_LISTE","table","src/pages/artisan-minier/RapportTaxesRoyalties.tsx:295","src/pages/artisan-minier/RapportTaxesRoyalties.tsx","","src/pages/artisan-minier/RapportTaxesRoyalties.tsx:78 isCollectorScopedUser(user)","Hérite du contexte route candidat; conditions internes à relire; serveur non testé","NON_INSPECTE_EN_UI","Lot marché artisanal et paiements","Master §§7–14 et annexe A : champs/actions existants, erreurs explicites, contexte autorisé, responsive, persistance et audit indépendants","AST_JSX","DETECTION_AUTOMATIQUE_NON_REVUE; imports candidats ≠ visibilité prouvée","À INVENTORIER","NON EXÉCUTÉ","","83f8c74e","83f8c74ea83c81a2734ef9e086c2edd211573ebe"
"CMP-1b1c3f91f0ed","admin | owner | sonasp","public-et-alias","/sonasp/cessions-comptoirs","TABLE_LISTE","table","src/pages/comptoir/SonaspComptoirSalesInboxPage.tsx:205","src/pages/comptoir/SonaspComptoirSalesInboxPage.tsx","","src/pages/comptoir/SonaspComptoirSalesInboxPage.tsx:76 hasCapability(user, CAPABILITIES.SONASP_APPROVE) | src/pages/comptoir/SonaspComptoirSalesInboxPage.tsx:77 hasCapability(user, CAPABILITIES.FINANCE_EXECUTE)","Hérite du contexte route candidat; conditions internes à relire; serveur non testé","NON_INSPECTE_EN_UI","Lot public-et-alias","Master §§7–14 et annexe A : champs/actions existants, erreurs explicites, contexte autorisé, responsive, persistance et audit indépendants","AST_JSX","DETECTION_AUTOMATIQUE_NON_REVUE; imports candidats ≠ visibilité prouvée","À INVENTORIER","NON EXÉCUTÉ","","83f8c74e","83f8c74ea83c81a2734ef9e086c2edd211573ebe"
"CMP-250b8cba16f0","collector | owner","portal-collector","/portail-collecteur/stock","TABLE_LISTE","DataTable","src/pages/collector/CollectorStockPage.tsx:43","src/pages/collector/CollectorStockPage.tsx","","","Hérite du contexte route candidat; conditions internes à relire; serveur non testé","NON_INSPECTE_EN_UI","Lot portal-collector","Master §§7–14 et annexe A : champs/actions existants, erreurs explicites, contexte autorisé, responsive, persistance et audit indépendants","AST_JSX","DETECTION_AUTOMATIQUE_NON_REVUE; imports candidats ≠ visibilité prouvée","À INVENTORIER","NON EXÉCUTÉ","","83f8c74e","83f8c74ea83c81a2734ef9e086c2edd211573ebe"
"CMP-2f59832771d2","admin | comptoir | owner | sonasp","artisan_gold_market","/artisan-minier/rapports/quantites","TABLE_LISTE","table","src/pages/artisan-minier/RapportQuantites.tsx:250","src/pages/artisan-minier/RapportQuantites.tsx","","","Hérite du contexte route candidat; conditions internes à relire; serveur non testé","NON_INSPECTE_EN_UI","Lot marché artisanal et paiements","Master §§7–14 et annexe A : champs/actions existants, erreurs explicites, contexte autorisé, responsive, persistance et audit indépendants","AST_JSX","DETECTION_AUTOMATIQUE_NON_REVUE; imports candidats ≠ visibilité prouvée","À INVENTORIER","NON EXÉCUTÉ","","83f8c74e","83f8c74ea83c81a2734ef9e086c2edd211573ebe"
"CMP-2ff0ffc58de5","admin | collector | comptoir | owner | sonasp","artisan_gold_market","/artisan-minier/paiements/historique","TABLE_LISTE","DataTable","src/pages/artisan-minier/PaiementsHistorique.tsx:409","src/pages/artisan-minier/PaiementsHistorique.tsx","","src/pages/artisan-minier/PaiementsHistorique.tsx:128 isCollectorScopedUser(user)","Hérite du contexte route candidat; conditions internes à relire; serveur non testé","NON_INSPECTE_EN_UI","Lot marché artisanal et paiements","Master §§7–14 et annexe A : champs/actions existants, erreurs explicites, contexte autorisé, responsive, persistance et audit indépendants","AST_JSX","DETECTION_AUTOMATIQUE_NON_REVUE; imports candidats ≠ visibilité prouvée","À INVENTORIER","NON EXÉCUTÉ","","83f8c74e","83f8c74ea83c81a2734ef9e086c2edd211573ebe"
"CMP-349a05f1f65b","admin | collector | comptoir | dgmg | owner | sonasp","artisan-minier","/artisan-minier/:id","COMPOSANT_DETAIL","ArtisanMinierDetails","src/pages/artisan-minier/ArtisanMinierDetails.tsx:1","src/pages/artisan-minier/ArtisanMinierDetails.tsx","","src/pages/artisan-minier/ArtisanMinierDetails.tsx:114 isCollectorScopedUser(user)","Hérite du contexte route candidat; conditions internes à relire; serveur non testé","NON_INSPECTE_EN_UI","Lot artisans et affiliations","Master §§7–14 et annexe A : champs/actions existants, erreurs explicites, contexte autorisé, responsive, persistance et audit indépendants","NOM_COMPOSANT_CANDIDAT","DETECTION_AUTOMATIQUE_NON_REVUE; imports candidats ≠ visibilité prouvée","À INVENTORIER","NON EXÉCUTÉ","","83f8c74e","83f8c74ea83c81a2734ef9e086c2edd211573ebe"
"CMP-37f995ddb6c0","admin | collector | comptoir | dgmg | owner | sonasp","artisan-minier","/artisan-minier/collecteurs | /artisan-minier/collecteurs/:id","COMPOSANT_DETAIL","CollectorDetails","src/pages/collector/CollectorDetails.tsx:1","src/pages/collector/CollectorDetails.tsx","","","Hérite du contexte route candidat; conditions internes à relire; serveur non testé","NON_INSPECTE_EN_UI","Lot artisans et affiliations","Master §§7–14 et annexe A : champs/actions existants, erreurs explicites, contexte autorisé, responsive, persistance et audit indépendants","NOM_COMPOSANT_CANDIDAT","DETECTION_AUTOMATIQUE_NON_REVUE; imports candidats ≠ visibilité prouvée","À INVENTORIER","NON EXÉCUTÉ","","83f8c74e","83f8c74ea83c81a2734ef9e086c2edd211573ebe"
"CMP-42711649360c","comptoir | owner","portal-comptoir","/portail-comptoir/stock","TABLE_LISTE","table","src/pages/comptoir/ComptoirStockPage.tsx:92","src/pages/comptoir/ComptoirStockPage.tsx","","","Hérite du contexte route candidat; conditions internes à relire; serveur non testé","NON_INSPECTE_EN_UI","Lot portal-comptoir","Master §§7–14 et annexe A : champs/actions existants, erreurs explicites, contexte autorisé, responsive, persistance et audit indépendants","AST_JSX","DETECTION_AUTOMATIQUE_NON_REVUE; imports candidats ≠ visibilité prouvée","À INVENTORIER","NON EXÉCUTÉ","","83f8c74e","83f8c74ea83c81a2734ef9e086c2edd211573ebe"
"CMP-44f66ccde9b1","admin | dgmg | owner | sonasp","mining_sites","/artisan-sites/production","TABLE_LISTE","table","src/pages/artisanal-sites/ArtisanalSiteProduction.tsx:163","src/pages/artisanal-sites/ArtisanalSiteProduction.tsx","","src/pages/artisanal-sites/ArtisanalSiteProduction.tsx:62 canManageMiningRegistry(user)","Hérite du contexte route candidat; conditions internes à relire; serveur non testé","NON_INSPECTE_EN_UI","Lot sites artisanaux","Master §§7–14 et annexe A : champs/actions existants, erreurs explicites, contexte autorisé, responsive, persistance et audit indépendants","AST_JSX","DETECTION_AUTOMATIQUE_NON_REVUE; imports candidats ≠ visibilité prouvée","À INVENTORIER","NON EXÉCUTÉ","","83f8c74e","83f8c74ea83c81a2734ef9e086c2edd211573ebe"
"CMP-45d3210ab5fd","admin | dgmg | owner | sonasp","mining_sites","/artisan-sites","TABLE_LISTE","table","src/pages/artisanal-sites/ArtisanalSitesOverview.tsx:452","src/pages/artisanal-sites/ArtisanalSitesOverview.tsx","","src/pages/artisanal-sites/ArtisanalSitesOverview.tsx:142 canManageMiningRegistry(user)","Hérite du contexte route candidat; conditions internes à relire; serveur non testé","NON_INSPECTE_EN_UI","Lot sites artisanaux","Master §§7–14 et annexe A : champs/actions existants, erreurs explicites, contexte autorisé, responsive, persistance et audit indépendants","AST_JSX","DETECTION_AUTOMATIQUE_NON_REVUE; imports candidats ≠ visibilité prouvée","À INVENTORIER","NON EXÉCUTÉ","","83f8c74e","83f8c74ea83c81a2734ef9e086c2edd211573ebe"
"CMP-47abf2fe7878","CONSOMMATEUR_NON_RESOLU","TRANSVERSE_OU_ORPHELIN_A_QUALIFIER","","TABLE_LISTE","DataTable","src/pages/artisan-minier/CarteValidation.tsx:228","src/pages/artisan-minier/CarteValidation.tsx","","src/pages/artisan-minier/CarteValidation.tsx:64 hasSensitiveCapability(user, CAPABILITIES.ARTISAN_CARDS_MANAGE)","Aucune association statique résolue; conserver dans le périmètre de qualification","NON_INSPECTE_EN_UI","Lot partagé : propriétaire à affecter par orchestrateur","Master §§7–14 et annexe A : champs/actions existants, erreurs explicites, contexte autorisé, responsive, persistance et audit indépendants","AST_JSX","DETECTION_AUTOMATIQUE_NON_REVUE; imports candidats ≠ visibilité prouvée","À INVENTORIER","NON EXÉCUTÉ","","83f8c74e","83f8c74ea83c81a2734ef9e086c2edd211573ebe"
"CMP-49468731b1e3","admin | dgmg | owner | sonasp","mining_sites","/artisan-sites/:siteId","COMPOSANT_DETAIL","ArtisanalSiteDetails","src/pages/artisanal-sites/ArtisanalSiteDetails.tsx:1","src/pages/artisanal-sites/ArtisanalSiteDetails.tsx","","src/pages/artisanal-sites/ArtisanalSiteDetails.tsx:64 canManageMiningRegistry(user)","Hérite du contexte route candidat; conditions internes à relire; serveur non testé","NON_INSPECTE_EN_UI","Lot sites artisanaux","Master §§7–14 et annexe A : champs/actions existants, erreurs explicites, contexte autorisé, responsive, persistance et audit indépendants","NOM_COMPOSANT_CANDIDAT","DETECTION_AUTOMATIQUE_NON_REVUE; imports candidats ≠ visibilité prouvée","À INVENTORIER","NON EXÉCUTÉ","","83f8c74e","83f8c74ea83c81a2734ef9e086c2edd211573ebe"
"CMP-4ce6f0ab832b","admin | collector | comptoir | dgmg | owner | sonasp","artisan_gold_market","/collecte/ventes | /collecte/ventes/nouvelle","TABLE_LISTE","DataTable","src/pages/collector/CollectionSalesPage.tsx:571","src/pages/collector/CollectionSalesPage.tsx","","src/pages/collector/CollectionSalesPage.tsx:250 isCollectorScopedUser(user)","Hérite du contexte route candidat; conditions internes à relire; serveur non testé","NON_INSPECTE_EN_UI","Lot marché artisanal et paiements","Master §§7–14 et annexe A : champs/actions existants, erreurs explicites, contexte autorisé, responsive, persistance et audit indépendants","AST_JSX","DETECTION_AUTOMATIQUE_NON_REVUE; imports candidats ≠ visibilité prouvée","À INVENTORIER","NON EXÉCUTÉ","","83f8c74e","83f8c74ea83c81a2734ef9e086c2edd211573ebe"
"CMP-5e0c549195ec","admin | dgmg | owner","artisan-minier","/artisan-minier/comptoirs","TABLE_LISTE","DataTable","src/pages/collector/ComptoirsPage.tsx:241","src/pages/collector/ComptoirsPage.tsx","","","Hérite du contexte route candidat; conditions internes à relire; serveur non testé","NON_INSPECTE_EN_UI","Lot artisans et affiliations","Master §§7–14 et annexe A : champs/actions existants, erreurs explicites, contexte autorisé, responsive, persistance et audit indépendants","AST_JSX","DETECTION_AUTOMATIQUE_NON_REVUE; imports candidats ≠ visibilité prouvée","À INVENTORIER","NON EXÉCUTÉ","","83f8c74e","83f8c74ea83c81a2734ef9e086c2edd211573ebe"
"CMP-664b484e9df5","admin | owner | sonasp","artisan-minier","/artisan-minier","TABLE_LISTE","table","src/pages/artisan-minier/ArtisanMinierDashboard.tsx:387","src/pages/artisan-minier/ArtisanMinierDashboard.tsx","","","Hérite du contexte route candidat; conditions internes à relire; serveur non testé","NON_INSPECTE_EN_UI","Lot artisans et affiliations","Master §§7–14 et annexe A : champs/actions existants, erreurs explicites, contexte autorisé, responsive, persistance et audit indépendants","AST_JSX","DETECTION_AUTOMATIQUE_NON_REVUE; imports candidats ≠ visibilité prouvée","À INVENTORIER","NON EXÉCUTÉ","","83f8c74e","83f8c74ea83c81a2734ef9e086c2edd211573ebe"
"CMP-677981cc11f5","comptoir | owner","portal-comptoir","/portail-comptoir/ventes-sonasp","TABLE_LISTE","table","src/pages/comptoir/ComptoirSonaspSalesPage.tsx:122","src/pages/comptoir/ComptoirSonaspSalesPage.tsx","","","Hérite du contexte route candidat; conditions internes à relire; serveur non testé","NON_INSPECTE_EN_UI","Lot portal-comptoir","Master §§7–14 et annexe A : champs/actions existants, erreurs explicites, contexte autorisé, responsive, persistance et audit indépendants","AST_JSX","DETECTION_AUTOMATIQUE_NON_REVUE; imports candidats ≠ visibilité prouvée","À INVENTORIER","NON EXÉCUTÉ","","83f8c74e","83f8c74ea83c81a2734ef9e086c2edd211573ebe"
"CMP-69d5bdc4a4ab","admin | collector | comptoir | dgmg | owner | sonasp","artisan-minier","/artisan-minier/liste","TABLE_LISTE","table","src/pages/artisan-minier/ArtisanMinierListe.tsx:604","src/pages/artisan-minier/ArtisanMinierListe.tsx","","src/pages/artisan-minier/ArtisanMinierListe.tsx:164 isComptoirScopedUser(user) | src/pages/artisan-minier/ArtisanMinierListe.tsx:165 isCollectorScopedUser(user) | src/pages/artisan-minier/ArtisanMinierListe.tsx:303 canManageMiningRegistry(user) | src/pages/artisan-minier/ArtisanMinierListe.tsx:353 canManageMiningRegistry(user)","Hérite du contexte route candidat; conditions internes à relire; serveur non testé","NON_INSPECTE_EN_UI","Lot artisans et affiliations","Master §§7–14 et annexe A : champs/actions existants, erreurs explicites, contexte autorisé, responsive, persistance et audit indépendants","AST_JSX","DETECTION_AUTOMATIQUE_NON_REVUE; imports candidats ≠ visibilité prouvée","À INVENTORIER","NON EXÉCUTÉ","","83f8c74e","83f8c74ea83c81a2734ef9e086c2edd211573ebe"
"CMP-6c190f606ccc","admin | collector | comptoir | owner | sonasp","artisan_gold_market","/artisan-minier/paiements/historique/:paiementId","COMPOSANT_DETAIL","PaiementDetails","src/pages/artisan-minier/PaiementDetails.tsx:1","src/pages/artisan-minier/PaiementDetails.tsx","","src/pages/artisan-minier/PaiementDetails.tsx:181 isCollectorScopedUser(user) | src/pages/artisan-minier/PaiementDetails.tsx:183 hasSensitiveCapability(user, CAPABILITIES.COLLECTOR_PAYMENTS_EXECUTE) | src/pages/artisan-minier/PaiementDetails.tsx:184 hasSensitiveCapability(user, CAPABILITIES.COMPTOIR_PAYMENTS_EXECUTE) | src/pages/artisan-minier/PaiementDetails.tsx:184 hasSensitiveCapability(user, CAPABILITIES.FINANCE_EXECUTE) | src/pages/artisan-minier/PaiementDetails.tsx:185 hasSensitiveCapability(user, CAPABILITIES.COMPTOIR_PAYMENTS_RECONCILE) | src/pages/artisan-minier/PaiementDetails.tsx:186 hasSensitiveCapability(user, CAPABILITIES.FINANCE_RECONCILE)","Hérite du contexte route candidat; conditions internes à relire; serveur non testé","NON_INSPECTE_EN_UI","Lot marché artisanal et paiements","Master §§7–14 et annexe A : champs/actions existants, erreurs explicites, contexte autorisé, responsive, persistance et audit indépendants","NOM_COMPOSANT_CANDIDAT","DETECTION_AUTOMATIQUE_NON_REVUE; imports candidats ≠ visibilité prouvée","À INVENTORIER","NON EXÉCUTÉ","","83f8c74e","83f8c74ea83c81a2734ef9e086c2edd211573ebe"
"CMP-805dc9f572d9","collector | owner","portal-collector","/portail-collecteur/documents","TABLE_LISTE","DataTable","src/pages/collector/CollectorDocumentsPage.tsx:70","src/pages/collector/CollectorDocumentsPage.tsx","","","Hérite du contexte route candidat; conditions internes à relire; serveur non testé","NON_INSPECTE_EN_UI","Lot portal-collector","Master §§7–14 et annexe A : champs/actions existants, erreurs explicites, contexte autorisé, responsive, persistance et audit indépendants","AST_JSX","DETECTION_AUTOMATIQUE_NON_REVUE; imports candidats ≠ visibilité prouvée","À INVENTORIER","NON EXÉCUTÉ","","83f8c74e","83f8c74ea83c81a2734ef9e086c2edd211573ebe"
"CMP-953e8798c302","admin | collector | comptoir | dgi | owner | sonasp","artisan_gold_market","/artisan-minier/ventes-or/:id","COMPOSANT_DETAIL","VenteOrDetails","src/pages/artisan-minier/VenteOrDetails.tsx:1","src/pages/artisan-minier/VenteOrDetails.tsx","","src/pages/artisan-minier/VenteOrDetails.tsx:115 isCollectorScopedUser(user)","Hérite du contexte route candidat; conditions internes à relire; serveur non testé","NON_INSPECTE_EN_UI","Lot marché artisanal et paiements","Master §§7–14 et annexe A : champs/actions existants, erreurs explicites, contexte autorisé, responsive, persistance et audit indépendants","NOM_COMPOSANT_CANDIDAT","DETECTION_AUTOMATIQUE_NON_REVUE; imports candidats ≠ visibilité prouvée","À INVENTORIER","NON EXÉCUTÉ","","83f8c74e","83f8c74ea83c81a2734ef9e086c2edd211573ebe"
"CMP-99bb656b88da","admin | owner | sonasp","artisan-minier","/artisan-minier/:artisanId/infractions/:infractionId","COMPOSANT_DETAIL","InfractionDetails","src/pages/artisan-minier/InfractionDetails.tsx:1","src/pages/artisan-minier/InfractionDetails.tsx","","","Hérite du contexte route candidat; conditions internes à relire; serveur non testé","NON_INSPECTE_EN_UI","Lot artisans et affiliations","Master §§7–14 et annexe A : champs/actions existants, erreurs explicites, contexte autorisé, responsive, persistance et audit indépendants","NOM_COMPOSANT_CANDIDAT","DETECTION_AUTOMATIQUE_NON_REVUE; imports candidats ≠ visibilité prouvée","À INVENTORIER","NON EXÉCUTÉ","","83f8c74e","83f8c74ea83c81a2734ef9e086c2edd211573ebe"
"CMP-9ac7fe7611d3","admin | collector | comptoir | dgmg | owner | sonasp","artisan-minier","/artisan-minier/:id","TABLE_LISTE","DataTable","src/pages/artisan-minier/ArtisanMinierDetails.tsx:401","src/pages/artisan-minier/ArtisanMinierDetails.tsx","","src/pages/artisan-minier/ArtisanMinierDetails.tsx:114 isCollectorScopedUser(user)","Hérite du contexte route candidat; conditions internes à relire; serveur non testé","NON_INSPECTE_EN_UI","Lot artisans et affiliations","Master §§7–14 et annexe A : champs/actions existants, erreurs explicites, contexte autorisé, responsive, persistance et audit indépendants","AST_JSX","DETECTION_AUTOMATIQUE_NON_REVUE; imports candidats ≠ visibilité prouvée","À INVENTORIER","NON EXÉCUTÉ","","83f8c74e","83f8c74ea83c81a2734ef9e086c2edd211573ebe"
"CMP-a3ce75542242","admin | owner | sonasp","artisan-minier","/artisan-minier/cartes/expirations | /artisan-minier/cartes/suivi | /artisan-minier/cartes/validation","TABLE_LISTE","table","src/pages/artisan-minier/AffiliationsCartes.tsx:727","src/pages/artisan-minier/AffiliationsCartes.tsx","","src/pages/artisan-minier/AffiliationsCartes.tsx:121 hasSensitiveCapability( user, CAPABILITIES.PLATFORM_SETTINGS_MANAGE, ) | src/pages/artisan-minier/AffiliationsCartes.tsx:125 hasSensitiveCapability( user, CAPABILITIES.ARTISAN_MEMBERSHIP_MANAGE, ) | src/pages/artisan-minier/AffiliationsCartes.tsx:131 hasSensitiveCapability(user, CAPABILITIES.ARTISAN_CARDS_MANAGE)","Hérite du contexte route candidat; conditions internes à relire; serveur non testé","NON_INSPECTE_EN_UI","Lot artisans et affiliations","Master §§7–14 et annexe A : champs/actions existants, erreurs explicites, contexte autorisé, responsive, persistance et audit indépendants","AST_JSX","DETECTION_AUTOMATIQUE_NON_REVUE; imports candidats ≠ visibilité prouvée","À INVENTORIER","NON EXÉCUTÉ","","83f8c74e","83f8c74ea83c81a2734ef9e086c2edd211573ebe"
"CMP-a4b5f53bdcaa","admin | comptoir | owner | sonasp","artisan_gold_market","/artisan-minier/rapports/chiffre-affaires","TABLE_LISTE","table","src/pages/artisan-minier/RapportChiffreAffaires.tsx:291","src/pages/artisan-minier/RapportChiffreAffaires.tsx","","","Hérite du contexte route candidat; conditions internes à relire; serveur non testé","NON_INSPECTE_EN_UI","Lot marché artisanal et paiements","Master §§7–14 et annexe A : champs/actions existants, erreurs explicites, contexte autorisé, responsive, persistance et audit indépendants","AST_JSX","DETECTION_AUTOMATIQUE_NON_REVUE; imports candidats ≠ visibilité prouvée","À INVENTORIER","NON EXÉCUTÉ","","83f8c74e","83f8c74ea83c81a2734ef9e086c2edd211573ebe"
"CMP-ab372fdbf9ad","admin | collector | comptoir | dgmg | owner | sonasp","artisan-minier","/artisan-minier/liste","COMPOSANT_LISTE","ArtisanMinierListe","src/pages/artisan-minier/ArtisanMinierListe.tsx:1","src/pages/artisan-minier/ArtisanMinierListe.tsx","","src/pages/artisan-minier/ArtisanMinierListe.tsx:164 isComptoirScopedUser(user) | src/pages/artisan-minier/ArtisanMinierListe.tsx:165 isCollectorScopedUser(user) | src/pages/artisan-minier/ArtisanMinierListe.tsx:303 canManageMiningRegistry(user) | src/pages/artisan-minier/ArtisanMinierListe.tsx:353 canManageMiningRegistry(user)","Hérite du contexte route candidat; conditions internes à relire; serveur non testé","NON_INSPECTE_EN_UI","Lot artisans et affiliations","Master §§7–14 et annexe A : champs/actions existants, erreurs explicites, contexte autorisé, responsive, persistance et audit indépendants","NOM_COMPOSANT_CANDIDAT","DETECTION_AUTOMATIQUE_NON_REVUE; imports candidats ≠ visibilité prouvée","À INVENTORIER","NON EXÉCUTÉ","","83f8c74e","83f8c74ea83c81a2734ef9e086c2edd211573ebe"
"CMP-b51a78e8b146","admin | dgmg | owner | sonasp","mining_sites","/artisan-sites","TABLE_LISTE","table","src/pages/artisanal-sites/ArtisanalSitesOverview.tsx:636","src/pages/artisanal-sites/ArtisanalSitesOverview.tsx","","src/pages/artisanal-sites/ArtisanalSitesOverview.tsx:142 canManageMiningRegistry(user)","Hérite du contexte route candidat; conditions internes à relire; serveur non testé","NON_INSPECTE_EN_UI","Lot sites artisanaux","Master §§7–14 et annexe A : champs/actions existants, erreurs explicites, contexte autorisé, responsive, persistance et audit indépendants","AST_JSX","DETECTION_AUTOMATIQUE_NON_REVUE; imports candidats ≠ visibilité prouvée","À INVENTORIER","NON EXÉCUTÉ","","83f8c74e","83f8c74ea83c81a2734ef9e086c2edd211573ebe"
"CMP-bc415303ae3e","comptoir | owner","portal-comptoir","/portail-comptoir","TABLE_LISTE","table","src/pages/comptoir/ComptoirPortalPage.tsx:188","src/pages/comptoir/ComptoirPortalPage.tsx","","","Hérite du contexte route candidat; conditions internes à relire; serveur non testé","NON_INSPECTE_EN_UI","Lot portal-comptoir","Master §§7–14 et annexe A : champs/actions existants, erreurs explicites, contexte autorisé, responsive, persistance et audit indépendants","AST_JSX","DETECTION_AUTOMATIQUE_NON_REVUE; imports candidats ≠ visibilité prouvée","À INVENTORIER","NON EXÉCUTÉ","","83f8c74e","83f8c74ea83c81a2734ef9e086c2edd211573ebe"
"CMP-c152031e94f1","collector | owner","portal-collector","/portail-collecteur","TABLE_LISTE","DataTable","src/pages/collector/CollectorPortalPage.tsx:132","src/pages/collector/CollectorPortalPage.tsx","","","Hérite du contexte route candidat; conditions internes à relire; serveur non testé","NON_INSPECTE_EN_UI","Lot portal-collector","Master §§7–14 et annexe A : champs/actions existants, erreurs explicites, contexte autorisé, responsive, persistance et audit indépendants","AST_JSX","DETECTION_AUTOMATIQUE_NON_REVUE; imports candidats ≠ visibilité prouvée","À INVENTORIER","NON EXÉCUTÉ","","83f8c74e","83f8c74ea83c81a2734ef9e086c2edd211573ebe"
"CMP-ca4a0d0d5e4e","admin | collector | comptoir | dgi | owner | sonasp","artisan_gold_market","/artisan-minier/ventes-or","TABLE_LISTE","DataTable","src/pages/artisan-minier/VentesOr.tsx:505","src/pages/artisan-minier/VentesOr.tsx","","src/pages/artisan-minier/VentesOr.tsx:133 isComptoirScopedUser(user) | src/pages/artisan-minier/VentesOr.tsx:134 isCollectorScopedUser(user)","Hérite du contexte route candidat; conditions internes à relire; serveur non testé","NON_INSPECTE_EN_UI","Lot marché artisanal et paiements","Master §§7–14 et annexe A : champs/actions existants, erreurs explicites, contexte autorisé, responsive, persistance et audit indépendants","AST_JSX","DETECTION_AUTOMATIQUE_NON_REVUE; imports candidats ≠ visibilité prouvée","À INVENTORIER","NON EXÉCUTÉ","","83f8c74e","83f8c74ea83c81a2734ef9e086c2edd211573ebe"
"CMP-cdf35fb2df1e","admin | comptoir | owner | sonasp","artisan_gold_market","/artisan-minier/paiements","TABLE_LISTE","DataTable","src/pages/artisan-minier/PaiementsVentesDashboard.tsx:393","src/pages/artisan-minier/PaiementsVentesDashboard.tsx","","src/pages/artisan-minier/PaiementsVentesDashboard.tsx:100 hasSensitiveCapability( user, isComptoir ? CAPABILITIES.COMPTOIR_PAYMENTS_EXECUTE : CAPABILITIES.FINANCE_EXECUTE, ) | src/pages/artisan-minier/PaiementsVentesDashboard.tsx:95 isComptoirScopedUser(user) | src/pages/artisan-minier/PaiementsVentesDashboard.tsx:96 hasSensitiveCapability( user, isComptoir ? CAPABILITIES.COMPTOIR_INVOICES_ISSUE : CAPABILITIES.SONASP_PREPARE, )","Hérite du contexte route candidat; conditions internes à relire; serveur non testé","NON_INSPECTE_EN_UI","Lot marché artisanal et paiements","Master §§7–14 et annexe A : champs/actions existants, erreurs explicites, contexte autorisé, responsive, persistance et audit indépendants","AST_JSX","DETECTION_AUTOMATIQUE_NON_REVUE; imports candidats ≠ visibilité prouvée","À INVENTORIER","NON EXÉCUTÉ","","83f8c74e","83f8c74ea83c81a2734ef9e086c2edd211573ebe"
"CMP-df10171f0548","CONSOMMATEUR_NON_RESOLU","TRANSVERSE_OU_ORPHELIN_A_QUALIFIER","","TABLE_LISTE","DataTable","src/pages/artisan-minier/CarteExpirations.tsx:236","src/pages/artisan-minier/CarteExpirations.tsx","","","Aucune association statique résolue; conserver dans le périmètre de qualification","NON_INSPECTE_EN_UI","Lot partagé : propriétaire à affecter par orchestrateur","Master §§7–14 et annexe A : champs/actions existants, erreurs explicites, contexte autorisé, responsive, persistance et audit indépendants","AST_JSX","DETECTION_AUTOMATIQUE_NON_REVUE; imports candidats ≠ visibilité prouvée","À INVENTORIER","NON EXÉCUTÉ","","83f8c74e","83f8c74ea83c81a2734ef9e086c2edd211573ebe"
"CMP-df61f80455f2","admin | comptoir | owner | sonasp","artisan_gold_market","/artisan-minier/rapports/chiffre-affaires","TABLE_LISTE","table","src/pages/artisan-minier/RapportChiffreAffaires.tsx:352","src/pages/artisan-minier/RapportChiffreAffaires.tsx","","","Hérite du contexte route candidat; conditions internes à relire; serveur non testé","NON_INSPECTE_EN_UI","Lot marché artisanal et paiements","Master §§7–14 et annexe A : champs/actions existants, erreurs explicites, contexte autorisé, responsive, persistance et audit indépendants","AST_JSX","DETECTION_AUTOMATIQUE_NON_REVUE; imports candidats ≠ visibilité prouvée","À INVENTORIER","NON EXÉCUTÉ","","83f8c74e","83f8c74ea83c81a2734ef9e086c2edd211573ebe"
"CMP-e8070831565c","admin | comptoir | owner | sonasp","artisan_gold_market","/artisan-minier/ventes-or/:id/facture","TABLE_LISTE","table","src/pages/artisan-minier/FactureVente.tsx:248","src/pages/artisan-minier/FactureVente.tsx","","src/pages/artisan-minier/FactureVente.tsx:42 isComptoirScopedUser(user)","Hérite du contexte route candidat; conditions internes à relire; serveur non testé","NON_INSPECTE_EN_UI","Lot marché artisanal et paiements","Master §§7–14 et annexe A : champs/actions existants, erreurs explicites, contexte autorisé, responsive, persistance et audit indépendants","AST_JSX","DETECTION_AUTOMATIQUE_NON_REVUE; imports candidats ≠ visibilité prouvée","À INVENTORIER","NON EXÉCUTÉ","","83f8c74e","83f8c74ea83c81a2734ef9e086c2edd211573ebe"
"CMP-eb353f901b0d","admin | owner | sonasp","artisan-minier","/artisan-minier","TABLE_LISTE","table","src/pages/artisan-minier/ArtisanMinierDashboard.tsx:430","src/pages/artisan-minier/ArtisanMinierDashboard.tsx","","","Hérite du contexte route candidat; conditions internes à relire; serveur non testé","NON_INSPECTE_EN_UI","Lot artisans et affiliations","Master §§7–14 et annexe A : champs/actions existants, erreurs explicites, contexte autorisé, responsive, persistance et audit indépendants","AST_JSX","DETECTION_AUTOMATIQUE_NON_REVUE; imports candidats ≠ visibilité prouvée","À INVENTORIER","NON EXÉCUTÉ","","83f8c74e","83f8c74ea83c81a2734ef9e086c2edd211573ebe"
"CMP-ecd10c09f5c3","admin | comptoir | owner | sonasp","artisan_gold_market","/artisan-minier/ventes-or/:id/facture","TABLE_LISTE","Récapitulatif par groupe de taxation","src/pages/artisan-minier/FactureVente.tsx:279","src/pages/artisan-minier/FactureVente.tsx","","src/pages/artisan-minier/FactureVente.tsx:42 isComptoirScopedUser(user)","Hérite du contexte route candidat; conditions internes à relire; serveur non testé","NON_INSPECTE_EN_UI","Lot marché artisanal et paiements","Master §§7–14 et annexe A : champs/actions existants, erreurs explicites, contexte autorisé, responsive, persistance et audit indépendants","AST_JSX","DETECTION_AUTOMATIQUE_NON_REVUE; imports candidats ≠ visibilité prouvée","À INVENTORIER","NON EXÉCUTÉ","","83f8c74e","83f8c74ea83c81a2734ef9e086c2edd211573ebe"
"CMP-f1c387d2ce42","admin | collector | comptoir | dgmg | owner | sonasp","artisan-minier","/artisan-minier/collecteurs | /artisan-minier/collecteurs/:id","TABLE_LISTE","DataTable","src/pages/collector/CollectorsPage.tsx:355","src/pages/collector/CollectorsPage.tsx","","src/pages/collector/CollectorsPage.tsx:237 isCollectorScopedUser(user) | src/pages/collector/CollectorsPage.tsx:237 isComptoirScopedUser(user) | src/pages/collector/CollectorsPage.tsx:48 canManageMiningRegistry(user) | src/pages/collector/CollectorsPage.tsx:50 hasSensitiveCapability(user, CAPABILITIES.COMPTOIR_PAYMENTS_EXECUTE) | src/pages/collector/CollectorsPage.tsx:51 hasSensitiveCapability(user, CAPABILITIES.FINANCE_EXECUTE)","Hérite du contexte route candidat; conditions internes à relire; serveur non testé","NON_INSPECTE_EN_UI","Lot artisans et affiliations","Master §§7–14 et annexe A : champs/actions existants, erreurs explicites, contexte autorisé, responsive, persistance et audit indépendants","AST_JSX","DETECTION_AUTOMATIQUE_NON_REVUE; imports candidats ≠ visibilité prouvée","À INVENTORIER","NON EXÉCUTÉ","","83f8c74e","83f8c74ea83c81a2734ef9e086c2edd211573ebe"
"CMP-fd2cbaa28916","admin | comptoir | owner | sonasp","artisan_gold_market","/artisan-minier/rapports/chiffre-affaires","TABLE_LISTE","table","src/pages/artisan-minier/RapportChiffreAffaires.tsx:232","src/pages/artisan-minier/RapportChiffreAffaires.tsx","","","Hérite du contexte route candidat; conditions internes à relire; serveur non testé","NON_INSPECTE_EN_UI","Lot marché artisanal et paiements","Master §§7–14 et annexe A : champs/actions existants, erreurs explicites, contexte autorisé, responsive, persistance et audit indépendants","AST_JSX","DETECTION_AUTOMATIQUE_NON_REVUE; imports candidats ≠ visibilité prouvée","À INVENTORIER","NON EXÉCUTÉ","","83f8c74e","83f8c74ea83c81a2734ef9e086c2edd211573ebe"
"CMP-ffa0d2225102","admin | collector | comptoir | dgmg | owner | sonasp","artisan-minier","/artisan-minier/:id","TABLE_LISTE","DataTable","src/pages/artisan-minier/ArtisanMinierDetails.tsx:440","src/pages/artisan-minier/ArtisanMinierDetails.tsx","","src/pages/artisan-minier/ArtisanMinierDetails.tsx:114 isCollectorScopedUser(user)","Hérite du contexte route candidat; conditions internes à relire; serveur non testé","NON_INSPECTE_EN_UI","Lot artisans et affiliations","Master §§7–14 et annexe A : champs/actions existants, erreurs explicites, contexte autorisé, responsive, persistance et audit indépendants","AST_JSX","DETECTION_AUTOMATIQUE_NON_REVUE; imports candidats ≠ visibilité prouvée","À INVENTORIER","NON EXÉCUTÉ","","83f8c74e","83f8c74ea83c81a2734ef9e086c2edd211573ebe"
"ECR-00f6da2c533c","admin | dgmg | owner | sonasp","mining_sites","/artisan-sites","PAGE_A_QUALIFIER","ArtisanalSitesOverview","src/PrivateApp.tsx:744","src/pages/artisanal-sites/ArtisanalSitesOverview.tsx (ArtisanalSitesOverview; sans prop)","Voir les lignes ACTION/FORMULAIRE/MODALE liées par routes_candidates","<ProtectedRoute allowedRoles={['management', 'dgmg']}>","{""route"":""/artisan-sites"",""roles"":[""management"",""dgmg""],""accountTypes"":[""sonasp"",""dgmg""],""capabilities"":[],""readOnly"":true,""national"":false}","NON_INSPECTE_EN_UI; absence de défaut démontrée impossible par inventaire","Lot sites artisanaux","Master §§7–14 et annexe A : champs/actions existants, erreurs explicites, contexte autorisé, responsive, persistance et audit indépendants","AST_ROUTE","DETECTION_AUTOMATIQUE_NON_REVUE","À INVENTORIER","NON EXÉCUTÉ","","83f8c74e","83f8c74ea83c81a2734ef9e086c2edd211573ebe"
"ECR-01f2725fa489","admin | comptoir | owner | sonasp","artisan_gold_market","/artisan-minier/ventes-or/:id/facture","DETAIL_ROUTE","FactureVente","src/PrivateApp.tsx:528","src/pages/artisan-minier/FactureVente.tsx (FactureVente; sans prop)","Voir les lignes ACTION/FORMULAIRE/MODALE liées par routes_candidates","<ProtectedRoute>","{""route"":""/artisan-minier/ventes-or/:id/facture"",""roles"":[""management"",""customer""],""accountTypes"":[""sonasp"",""comptoir""],""capabilities"":[],""readOnly"":true,""national"":false}","NON_INSPECTE_EN_UI; absence de défaut démontrée impossible par inventaire","Lot marché artisanal et paiements","Master §§7–14 et annexe A : champs/actions existants, erreurs explicites, contexte autorisé, responsive, persistance et audit indépendants","AST_ROUTE","DETECTION_AUTOMATIQUE_NON_REVUE","À INVENTORIER","NON EXÉCUTÉ","","83f8c74e","83f8c74ea83c81a2734ef9e086c2edd211573ebe"
"ECR-08382d506700","admin | comptoir | owner | sonasp","artisan_gold_market","/artisan-minier/ventes-or/:id/modifier","FORMULAIRE_ROUTE","VenteOrForm","src/PrivateApp.tsx:519","src/pages/artisan-minier/VenteOrForm.tsx (VenteOrForm; sans prop)","Voir les lignes ACTION/FORMULAIRE/MODALE liées par routes_candidates","<ProtectedRoute>","{""route"":""/artisan-minier/ventes-or/:id/modifier"",""roles"":[""management"",""customer""],""accountTypes"":[""sonasp"",""comptoir""],""capabilities"":[],""readOnly"":false,""national"":false}","NON_INSPECTE_EN_UI; absence de défaut démontrée impossible par inventaire","Lot marché artisanal et paiements","Master §§7–14 et annexe A : champs/actions existants, erreurs explicites, contexte autorisé, responsive, persistance et audit indépendants","AST_ROUTE","DETECTION_AUTOMATIQUE_NON_REVUE","À INVENTORIER","NON EXÉCUTÉ","","83f8c74e","83f8c74ea83c81a2734ef9e086c2edd211573ebe"
"ECR-0cdb411789a6","admin | collector | comptoir | dgmg | owner | sonasp","artisan-minier","/artisan-minier/liste","PAGE_A_QUALIFIER","ArtisanMinierListe","src/PrivateApp.tsx:438","src/pages/artisan-minier/ArtisanMinierListe.tsx (ArtisanMinierListe; sans prop)","Voir les lignes ACTION/FORMULAIRE/MODALE liées par routes_candidates","<ProtectedRoute>","{""route"":""/artisan-minier/liste"",""roles"":[""management"",""customer"",""dgmg""],""accountTypes"":[""sonasp"",""comptoir"",""collector"",""dgmg""],""capabilities"":[],""readOnly"":true,""national"":false}","NON_INSPECTE_EN_UI; absence de défaut démontrée impossible par inventaire","Lot artisans et affiliations","Master §§7–14 et annexe A : champs/actions existants, erreurs explicites, contexte autorisé, responsive, persistance et audit indépendants","AST_ROUTE","DETECTION_AUTOMATIQUE_NON_REVUE","À INVENTORIER","NON EXÉCUTÉ","","83f8c74e","83f8c74ea83c81a2734ef9e086c2edd211573ebe"
"ECR-0e813dbd9294","admin | owner | sonasp","artisan-minier","/artisan-minier","PAGE_A_QUALIFIER","ArtisanMinierDashboard","src/PrivateApp.tsx:429","src/pages/artisan-minier/ArtisanMinierDashboard.tsx (ArtisanMinierDashboard; sans prop)","Voir les lignes ACTION/FORMULAIRE/MODALE liées par routes_candidates","<ProtectedRoute>","{""route"":""/artisan-minier"",""roles"":[""management""],""accountTypes"":[""sonasp""],""capabilities"":[],""readOnly"":false,""national"":true}","NON_INSPECTE_EN_UI; absence de défaut démontrée impossible par inventaire","Lot artisans et affiliations","Master §§7–14 et annexe A : champs/actions existants, erreurs explicites, contexte autorisé, responsive, persistance et audit indépendants","AST_ROUTE","DETECTION_AUTOMATIQUE_NON_REVUE","À INVENTORIER","NON EXÉCUTÉ","","83f8c74e","83f8c74ea83c81a2734ef9e086c2edd211573ebe"
"ECR-1233e46effe6","admin | dgmg | owner","mining_sites","/artisan-sites/:siteId/modifier","FORMULAIRE_ROUTE","ArtisanalSiteForm","src/PrivateApp.tsx:763","src/pages/artisanal-sites/ArtisanalSiteForm.tsx (ArtisanalSiteForm; sans prop)","Voir les lignes ACTION/FORMULAIRE/MODALE liées par routes_candidates","<ProtectedRoute allowedRoles={['admin', 'dgmg']}>","{""route"":""/artisan-sites/:siteId/modifier"",""roles"":[""owner"",""admin"",""dgmg""],""accountTypes"":[""owner"",""admin"",""dgmg""],""capabilities"":[],""readOnly"":false,""national"":false}","NON_INSPECTE_EN_UI; absence de défaut démontrée impossible par inventaire","Lot sites artisanaux","Master §§7–14 et annexe A : champs/actions existants, erreurs explicites, contexte autorisé, responsive, persistance et audit indépendants","AST_ROUTE","DETECTION_AUTOMATIQUE_NON_REVUE","À INVENTORIER","NON EXÉCUTÉ","","83f8c74e","83f8c74ea83c81a2734ef9e086c2edd211573ebe"
"ECR-1762936f8aec","admin | owner | sonasp","public-et-alias","/sonasp/cessions-comptoirs","PAGE_A_QUALIFIER","SonaspComptoirSalesInboxPage","src/PrivateApp.tsx:392","src/pages/comptoir/SonaspComptoirSalesInboxPage.tsx (SonaspComptoirSalesInboxPage; sans prop)","Voir les lignes ACTION/FORMULAIRE/MODALE liées par routes_candidates","<ProtectedRoute requiredAnyCapabilities={SONASP_COMPTOIR_INBOX_CAPABILITIES}>","{""route"":""/sonasp/cessions-comptoirs"",""roles"":[""management"",""admin""],""accountTypes"":[""sonasp"",""admin""],""capabilities"":[""sonasp.prepare"",""sonasp.approve"",""sonasp.finance.execute"",""sonasp.finance.reconcile""],""readOnly"":true,""national"":true}","NON_INSPECTE_EN_UI; absence de défaut démontrée impossible par inventaire","Lot public-et-alias","Master §§7–14 et annexe A : champs/actions existants, erreurs explicites, contexte autorisé, responsive, persistance et audit indépendants","AST_ROUTE","DETECTION_AUTOMATIQUE_NON_REVUE","À INVENTORIER","NON EXÉCUTÉ","","83f8c74e","83f8c74ea83c81a2734ef9e086c2edd211573ebe"
"ECR-1dcaa2fdf139","admin | collector | comptoir | dgmg | owner | sonasp","artisan-minier","/artisan-minier/:id","DETAIL_ROUTE","ArtisanMinierDetails","src/PrivateApp.tsx:456","src/pages/artisan-minier/ArtisanMinierDetails.tsx (ArtisanMinierDetails; sans prop)","Voir les lignes ACTION/FORMULAIRE/MODALE liées par routes_candidates","<ProtectedRoute>","{""route"":""/artisan-minier/:id"",""roles"":[""management"",""customer"",""dgmg""],""accountTypes"":[""sonasp"",""comptoir"",""collector"",""dgmg""],""capabilities"":[],""readOnly"":true,""national"":false}","NON_INSPECTE_EN_UI; absence de défaut démontrée impossible par inventaire","Lot artisans et affiliations","Master §§7–14 et annexe A : champs/actions existants, erreurs explicites, contexte autorisé, responsive, persistance et audit indépendants","AST_ROUTE","DETECTION_AUTOMATIQUE_NON_REVUE","À INVENTORIER","NON EXÉCUTÉ","","83f8c74e","83f8c74ea83c81a2734ef9e086c2edd211573ebe"
"ECR-1e77851487b8","admin | dgmg | owner","artisan-minier","/artisan-minier/comptoirs/nouveau","FORMULAIRE_ROUTE","ComptoirForm","src/PrivateApp.tsx:327","src/pages/collector/ComptoirForm.tsx (ComptoirForm; sans prop)","Voir les lignes ACTION/FORMULAIRE/MODALE liées par routes_candidates","<ProtectedRoute>","{""route"":""/artisan-minier/comptoirs/nouveau"",""roles"":[""owner"",""admin"",""dgmg""],""accountTypes"":[""owner"",""admin"",""dgmg""],""capabilities"":[],""readOnly"":false,""national"":false}","NON_INSPECTE_EN_UI; absence de défaut démontrée impossible par inventaire","Lot artisans et affiliations","Master §§7–14 et annexe A : champs/actions existants, erreurs explicites, contexte autorisé, responsive, persistance et audit indépendants","AST_ROUTE","DETECTION_AUTOMATIQUE_NON_REVUE","À INVENTORIER","NON EXÉCUTÉ","","83f8c74e","83f8c74ea83c81a2734ef9e086c2edd211573ebe"
"ECR-2c9bb1f48f6a","admin | owner | sonasp","artisan-minier","/artisan-minier/cartes/validation","PAGE_A_QUALIFIER","CarteValidation","src/PrivateApp.tsx:474","src/pages/artisan-minier/AffiliationsCartes.tsx (CarteValidation; validationOnly)","Voir les lignes ACTION/FORMULAIRE/MODALE liées par routes_candidates","<ProtectedRoute>","{""route"":""/artisan-minier/cartes/validation"",""roles"":[""management""],""accountTypes"":[""sonasp""],""capabilities"":[],""readOnly"":false,""national"":true}","NON_INSPECTE_EN_UI; absence de défaut démontrée impossible par inventaire","Lot artisans et affiliations","Master §§7–14 et annexe A : champs/actions existants, erreurs explicites, contexte autorisé, responsive, persistance et audit indépendants","AST_ROUTE","DETECTION_AUTOMATIQUE_NON_REVUE","À INVENTORIER","NON EXÉCUTÉ","","83f8c74e","83f8c74ea83c81a2734ef9e086c2edd211573ebe"
"ECR-2dc6a8d8d23a","admin | owner | sonasp","artisan-minier","/artisan-minier/:artisanId/infractions/:infractionId","DETAIL_ROUTE","InfractionDetails","src/PrivateApp.tsx:582","src/pages/artisan-minier/InfractionDetails.tsx (InfractionDetails; sans prop)","Voir les lignes ACTION/FORMULAIRE/MODALE liées par routes_candidates","<ProtectedRoute>","{""route"":""/artisan-minier/:artisanId/infractions/:infractionId"",""roles"":[""management""],""accountTypes"":[""sonasp""],""capabilities"":[],""readOnly"":false,""national"":true}","NON_INSPECTE_EN_UI; absence de défaut démontrée impossible par inventaire","Lot artisans et affiliations","Master §§7–14 et annexe A : champs/actions existants, erreurs explicites, contexte autorisé, responsive, persistance et audit indépendants","AST_ROUTE","DETECTION_AUTOMATIQUE_NON_REVUE","À INVENTORIER","NON EXÉCUTÉ","","83f8c74e","83f8c74ea83c81a2734ef9e086c2edd211573ebe"
"ECR-30de0e786835","admin | dgmg | owner | sonasp","artisan-minier","/artisan-minier/:id/edit","FORMULAIRE_ROUTE","ArtisanMinierEdit","src/PrivateApp.tsx:465","src/pages/artisan-minier/ArtisanMinierEdit.tsx (ArtisanMinierEdit; sans prop)","Voir les lignes ACTION/FORMULAIRE/MODALE liées par routes_candidates","<ProtectedRoute>","{""route"":""/artisan-minier/:id/edit"",""roles"":[""management"",""admin"",""dgmg""],""accountTypes"":[""sonasp"",""admin"",""dgmg""],""capabilities"":[],""readOnly"":false,""national"":false}","NON_INSPECTE_EN_UI; absence de défaut démontrée impossible par inventaire","Lot artisans et affiliations","Master §§7–14 et annexe A : champs/actions existants, erreurs explicites, contexte autorisé, responsive, persistance et audit indépendants","AST_ROUTE","DETECTION_AUTOMATIQUE_NON_REVUE","À INVENTORIER","NON EXÉCUTÉ","","83f8c74e","83f8c74ea83c81a2734ef9e086c2edd211573ebe"
"ECR-3fb461cca8ae","collector | owner","portal-collector","/portail-collecteur/stock","PAGE_A_QUALIFIER","CollectorStockPage","src/PrivateApp.tsx:342","src/pages/collector/CollectorStockPage.tsx (CollectorStockPage; sans prop)","Voir les lignes ACTION/FORMULAIRE/MODALE liées par routes_candidates","<ProtectedRoute> | <CollectorPortalGuard>","{""route"":""/portail-collecteur/stock"",""roles"":[""collector"",""customer""],""accountTypes"":[""collector""],""capabilities"":[""collector.operate""],""readOnly"":true,""national"":false}","NON_INSPECTE_EN_UI; absence de défaut démontrée impossible par inventaire","Lot portal-collector","Master §§7–14 et annexe A : champs/actions existants, erreurs explicites, contexte autorisé, responsive, persistance et audit indépendants","AST_ROUTE","DETECTION_AUTOMATIQUE_NON_REVUE","À INVENTORIER","NON EXÉCUTÉ","","83f8c74e","83f8c74ea83c81a2734ef9e086c2edd211573ebe"
"ECR-439ea720ad40","admin | collector | comptoir | dgmg | owner | sonasp","artisan-minier","/artisan-minier/collecteurs/:id","DETAIL_ROUTE","CollectorsPage","src/PrivateApp.tsx:323","src/pages/collector/CollectorsPage.tsx (CollectorsPage; sans prop)","Voir les lignes ACTION/FORMULAIRE/MODALE liées par routes_candidates","<ProtectedRoute>","{""route"":""/artisan-minier/collecteurs/:id"",""roles"":[""owner"",""admin"",""dgmg"",""management"",""comptoir"",""collector"",""customer""],""accountTypes"":[""owner"",""admin"",""dgmg"",""sonasp"",""comptoir"",""collector""],""capabilities"":[],""readOnly"":true,""national"":false}","NON_INSPECTE_EN_UI; absence de défaut démontrée impossible par inventaire","Lot artisans et affiliations","Master §§7–14 et annexe A : champs/actions existants, erreurs explicites, contexte autorisé, responsive, persistance et audit indépendants","AST_ROUTE","DETECTION_AUTOMATIQUE_NON_REVUE","À INVENTORIER","NON EXÉCUTÉ","","83f8c74e","83f8c74ea83c81a2734ef9e086c2edd211573ebe"
"ECR-46584f345d54","admin | comptoir | owner | sonasp","artisan_gold_market","/artisan-minier/rapports","PAGE_A_QUALIFIER","CentreRapportsAnalyse","src/PrivateApp.tsx:591","src/pages/artisan-minier/CentreRapportsAnalyse.tsx (CentreRapportsAnalyse; sans prop)","Voir les lignes ACTION/FORMULAIRE/MODALE liées par routes_candidates","<ProtectedRoute>","{""route"":""/artisan-minier/rapports"",""roles"":[""management"",""customer""],""accountTypes"":[""sonasp"",""comptoir""],""capabilities"":[],""readOnly"":true,""national"":false}","NON_INSPECTE_EN_UI; absence de défaut démontrée impossible par inventaire","Lot marché artisanal et paiements","Master §§7–14 et annexe A : champs/actions existants, erreurs explicites, contexte autorisé, responsive, persistance et audit indépendants","AST_ROUTE","DETECTION_AUTOMATIQUE_NON_REVUE","À INVENTORIER","NON EXÉCUTÉ","","83f8c74e","83f8c74ea83c81a2734ef9e086c2edd211573ebe"
"ECR-47359061c0a4","admin | dgmg | owner | sonasp","mining_sites","/artisan-sites/:siteId","DETAIL_ROUTE","ArtisanalSiteDetails","src/PrivateApp.tsx:753","src/pages/artisanal-sites/ArtisanalSiteDetails.tsx (ArtisanalSiteDetails; sans prop)","Voir les lignes ACTION/FORMULAIRE/MODALE liées par routes_candidates","<ProtectedRoute>","{""route"":""/artisan-sites/:siteId"",""roles"":[""management"",""dgmg""],""accountTypes"":[""sonasp"",""dgmg""],""capabilities"":[],""readOnly"":true,""national"":false}","NON_INSPECTE_EN_UI; absence de défaut démontrée impossible par inventaire","Lot sites artisanaux","Master §§7–14 et annexe A : champs/actions existants, erreurs explicites, contexte autorisé, responsive, persistance et audit indépendants","AST_ROUTE","DETECTION_AUTOMATIQUE_NON_REVUE","À INVENTORIER","NON EXÉCUTÉ","","83f8c74e","83f8c74ea83c81a2734ef9e086c2edd211573ebe"
"ECR-4c5d3c783124","comptoir | owner","portal-comptoir","/portail-comptoir/ventes-sonasp","PAGE_A_QUALIFIER","ComptoirSonaspSalesPage","src/PrivateApp.tsx:382","src/pages/comptoir/ComptoirSonaspSalesPage.tsx (ComptoirSonaspSalesPage; sans prop)","Voir les lignes ACTION/FORMULAIRE/MODALE liées par routes_candidates","<ProtectedRoute> | <ComptoirPortalGuard>","{""route"":""/portail-comptoir/ventes-sonasp"",""roles"":[""comptoir"",""customer""],""accountTypes"":[""comptoir""],""capabilities"":[""comptoir.manage""],""readOnly"":false,""national"":false}","NON_INSPECTE_EN_UI; absence de défaut démontrée impossible par inventaire","Lot portal-comptoir","Master §§7–14 et annexe A : champs/actions existants, erreurs explicites, contexte autorisé, responsive, persistance et audit indépendants","AST_ROUTE","DETECTION_AUTOMATIQUE_NON_REVUE","À INVENTORIER","NON EXÉCUTÉ","","83f8c74e","83f8c74ea83c81a2734ef9e086c2edd211573ebe"
"ECR-56f132093507","admin | collector | owner","artisan_gold_market","/collecte/ventes/nouvelle","FORMULAIRE_ROUTE","CollectionSalesPage","src/PrivateApp.tsx:331","src/pages/collector/CollectionSalesPage.tsx (CollectionSalesPage; create)","Voir les lignes ACTION/FORMULAIRE/MODALE liées par routes_candidates","<ProtectedRoute> | <CollectorPortalGuard>","{""route"":""/collecte/ventes/nouvelle"",""roles"":[""collector"",""customer""],""accountTypes"":[""collector""],""capabilities"":[""collector.operate""],""readOnly"":false,""national"":false}","NON_INSPECTE_EN_UI; absence de défaut démontrée impossible par inventaire","Lot marché artisanal et paiements","Master §§7–14 et annexe A : champs/actions existants, erreurs explicites, contexte autorisé, responsive, persistance et audit indépendants","AST_ROUTE","DETECTION_AUTOMATIQUE_NON_REVUE","À INVENTORIER","NON EXÉCUTÉ","","83f8c74e","83f8c74ea83c81a2734ef9e086c2edd211573ebe"
"ECR-5c03cd8d1445","admin | comptoir | owner | sonasp","artisan_gold_market","/artisan-minier/paiements","PAGE_A_QUALIFIER","PaiementsVentesDashboard","src/PrivateApp.tsx:537","src/pages/artisan-minier/PaiementsVentesDashboard.tsx (PaiementsVentesDashboard; sans prop)","Voir les lignes ACTION/FORMULAIRE/MODALE liées par routes_candidates","<ProtectedRoute>","{""route"":""/artisan-minier/paiements"",""roles"":[""management"",""customer""],""accountTypes"":[""sonasp"",""comptoir""],""capabilities"":[],""readOnly"":true,""national"":false}","NON_INSPECTE_EN_UI; absence de défaut démontrée impossible par inventaire","Lot marché artisanal et paiements","Master §§7–14 et annexe A : champs/actions existants, erreurs explicites, contexte autorisé, responsive, persistance et audit indépendants","AST_ROUTE","DETECTION_AUTOMATIQUE_NON_REVUE","À INVENTORIER","NON EXÉCUTÉ","","83f8c74e","83f8c74ea83c81a2734ef9e086c2edd211573ebe"
"ECR-5fa05385b496","admin | collector | comptoir | dgi | owner | sonasp","artisan_gold_market","/artisan-minier/ventes-or","PAGE_A_QUALIFIER","VentesOr","src/PrivateApp.tsx:492","src/pages/artisan-minier/VentesOr.tsx (VentesOr; sans prop)","Voir les lignes ACTION/FORMULAIRE/MODALE liées par routes_candidates","<ProtectedRoute>","{""route"":""/artisan-minier/ventes-or"",""roles"":[""management"",""customer"",""dgi""],""accountTypes"":[""sonasp"",""comptoir"",""collector"",""dgi""],""capabilities"":[],""readOnly"":true,""national"":false}","NON_INSPECTE_EN_UI; absence de défaut démontrée impossible par inventaire","Lot marché artisanal et paiements","Master §§7–14 et annexe A : champs/actions existants, erreurs explicites, contexte autorisé, responsive, persistance et audit indépendants","AST_ROUTE","DETECTION_AUTOMATIQUE_NON_REVUE","À INVENTORIER","NON EXÉCUTÉ","","83f8c74e","83f8c74ea83c81a2734ef9e086c2edd211573ebe"
"ECR-69ce3b828c90","admin | dgmg | owner","artisan-minier","/artisan-minier/comptoirs/:id","DETAIL_ROUTE","ComptoirForm","src/PrivateApp.tsx:328","src/pages/collector/ComptoirForm.tsx (ComptoirForm; readOnly)","Voir les lignes ACTION/FORMULAIRE/MODALE liées par routes_candidates","<ProtectedRoute>","{""route"":""/artisan-minier/comptoirs/:id"",""roles"":[""owner"",""admin"",""dgmg""],""accountTypes"":[""owner"",""admin"",""dgmg""],""capabilities"":[],""readOnly"":false,""national"":false}","NON_INSPECTE_EN_UI; absence de défaut démontrée impossible par inventaire","Lot artisans et affiliations","Master §§7–14 et annexe A : champs/actions existants, erreurs explicites, contexte autorisé, responsive, persistance et audit indépendants","AST_ROUTE","DETECTION_AUTOMATIQUE_NON_REVUE","À INVENTORIER","NON EXÉCUTÉ","","83f8c74e","83f8c74ea83c81a2734ef9e086c2edd211573ebe"
"ECR-6d3d3720e08c","admin | collector | comptoir | dgi | owner | sonasp","artisan_gold_market","/artisan-minier/rapports/taxes","PAGE_A_QUALIFIER","RapportTaxesRoyalties","src/PrivateApp.tsx:618","src/pages/artisan-minier/RapportTaxesRoyalties.tsx (RapportTaxesRoyalties; sans prop)","Voir les lignes ACTION/FORMULAIRE/MODALE liées par routes_candidates","<ProtectedRoute>","{""route"":""/artisan-minier/rapports/taxes"",""roles"":[""management"",""customer"",""dgi""],""accountTypes"":[""sonasp"",""comptoir"",""collector"",""dgi""],""capabilities"":[],""readOnly"":true,""national"":false}","NON_INSPECTE_EN_UI; absence de défaut démontrée impossible par inventaire","Lot marché artisanal et paiements","Master §§7–14 et annexe A : champs/actions existants, erreurs explicites, contexte autorisé, responsive, persistance et audit indépendants","AST_ROUTE","DETECTION_AUTOMATIQUE_NON_REVUE","À INVENTORIER","NON EXÉCUTÉ","","83f8c74e","83f8c74ea83c81a2734ef9e086c2edd211573ebe"
"ECR-7826fa22914f","collector | owner","portal-collector","/portail-collecteur/documents","PAGE_A_QUALIFIER","CollectorDocumentsPage","src/PrivateApp.tsx:352","src/pages/collector/CollectorDocumentsPage.tsx (CollectorDocumentsPage; sans prop)","Voir les lignes ACTION/FORMULAIRE/MODALE liées par routes_candidates","<ProtectedRoute> | <CollectorPortalGuard>","{""route"":""/portail-collecteur/documents"",""roles"":[""collector"",""customer""],""accountTypes"":[""collector""],""capabilities"":[""collector.operate""],""readOnly"":true,""national"":false}","NON_INSPECTE_EN_UI; absence de défaut démontrée impossible par inventaire","Lot portal-collector","Master §§7–14 et annexe A : champs/actions existants, erreurs explicites, contexte autorisé, responsive, persistance et audit indépendants","AST_ROUTE","DETECTION_AUTOMATIQUE_NON_REVUE","À INVENTORIER","NON EXÉCUTÉ","","83f8c74e","83f8c74ea83c81a2734ef9e086c2edd211573ebe"
"ECR-80df7f001976","admin | dgmg | owner","artisan-minier","/artisan-minier/collecteurs/:id/modifier","FORMULAIRE_ROUTE","CollectorFormPage","src/PrivateApp.tsx:325","src/pages/collector/CollectorForm.tsx (CollectorFormPage; sans prop)","Voir les lignes ACTION/FORMULAIRE/MODALE liées par routes_candidates","<ProtectedRoute>","{""route"":""/artisan-minier/collecteurs/:id/modifier"",""roles"":[""owner"",""admin"",""dgmg""],""accountTypes"":[""owner"",""admin"",""dgmg""],""capabilities"":[],""readOnly"":false,""national"":false}","NON_INSPECTE_EN_UI; absence de défaut démontrée impossible par inventaire","Lot artisans et affiliations","Master §§7–14 et annexe A : champs/actions existants, erreurs explicites, contexte autorisé, responsive, persistance et audit indépendants","AST_ROUTE","DETECTION_AUTOMATIQUE_NON_REVUE","À INVENTORIER","NON EXÉCUTÉ","","83f8c74e","83f8c74ea83c81a2734ef9e086c2edd211573ebe"
"ECR-9303df3d4d44","admin | collector | comptoir | dgmg | owner | sonasp","artisan-minier","/artisan-minier/collecteurs","PAGE_A_QUALIFIER","CollectorsPage","src/PrivateApp.tsx:322","src/pages/collector/CollectorsPage.tsx (CollectorsPage; sans prop)","Voir les lignes ACTION/FORMULAIRE/MODALE liées par routes_candidates","<ProtectedRoute>","{""route"":""/artisan-minier/collecteurs"",""roles"":[""owner"",""admin"",""dgmg"",""management"",""comptoir"",""collector"",""customer""],""accountTypes"":[""owner"",""admin"",""dgmg"",""sonasp"",""comptoir"",""collector""],""capabilities"":[],""readOnly"":true,""national"":false}","NON_INSPECTE_EN_UI; absence de défaut démontrée impossible par inventaire","Lot artisans et affiliations","Master §§7–14 et annexe A : champs/actions existants, erreurs explicites, contexte autorisé, responsive, persistance et audit indépendants","AST_ROUTE","DETECTION_AUTOMATIQUE_NON_REVUE","À INVENTORIER","NON EXÉCUTÉ","","83f8c74e","83f8c74ea83c81a2734ef9e086c2edd211573ebe"
"ECR-93eef5843659","admin | dgmg | owner | sonasp","mining_sites","/artisan-sites/production","PAGE_A_QUALIFIER","ArtisanalSiteProduction","src/PrivateApp.tsx:772","src/pages/artisanal-sites/ArtisanalSiteProduction.tsx (ArtisanalSiteProduction; sans prop)","Voir les lignes ACTION/FORMULAIRE/MODALE liées par routes_candidates","<ProtectedRoute allowedRoles={['management', 'dgmg']}>","{""route"":""/artisan-sites/production"",""roles"":[""management"",""dgmg""],""accountTypes"":[""sonasp"",""dgmg""],""capabilities"":[],""readOnly"":true,""national"":false}","NON_INSPECTE_EN_UI; absence de défaut démontrée impossible par inventaire","Lot sites artisanaux","Master §§7–14 et annexe A : champs/actions existants, erreurs explicites, contexte autorisé, responsive, persistance et audit indépendants","AST_ROUTE","DETECTION_AUTOMATIQUE_NON_REVUE","À INVENTORIER","NON EXÉCUTÉ","","83f8c74e","83f8c74ea83c81a2734ef9e086c2edd211573ebe"
"ECR-a0e16fa02ff4","admin | comptoir | owner | sonasp","artisan_gold_market","/artisan-minier/rapports/chiffre-affaires","PAGE_A_QUALIFIER","RapportChiffreAffaires","src/PrivateApp.tsx:600","src/pages/artisan-minier/RapportChiffreAffaires.tsx (RapportChiffreAffaires; sans prop)","Voir les lignes ACTION/FORMULAIRE/MODALE liées par routes_candidates","<ProtectedRoute>","{""route"":""/artisan-minier/rapports/chiffre-affaires"",""roles"":[""management"",""customer""],""accountTypes"":[""sonasp"",""comptoir""],""capabilities"":[],""readOnly"":true,""national"":false}","NON_INSPECTE_EN_UI; absence de défaut démontrée impossible par inventaire","Lot marché artisanal et paiements","Master §§7–14 et annexe A : champs/actions existants, erreurs explicites, contexte autorisé, responsive, persistance et audit indépendants","AST_ROUTE","DETECTION_AUTOMATIQUE_NON_REVUE","À INVENTORIER","NON EXÉCUTÉ","","83f8c74e","83f8c74ea83c81a2734ef9e086c2edd211573ebe"
"ECR-a1903fae2d54","admin | comptoir | owner | sonasp","artisan_gold_market","/artisan-minier/ventes-or/nouvelle","FORMULAIRE_ROUTE","VenteOrForm","src/PrivateApp.tsx:501","src/pages/artisan-minier/VenteOrForm.tsx (VenteOrForm; sans prop)","Voir les lignes ACTION/FORMULAIRE/MODALE liées par routes_candidates","<ProtectedRoute>","{""route"":""/artisan-minier/ventes-or/nouvelle"",""roles"":[""management"",""customer""],""accountTypes"":[""sonasp"",""comptoir""],""capabilities"":[],""readOnly"":false,""national"":false}","NON_INSPECTE_EN_UI; absence de défaut démontrée impossible par inventaire","Lot marché artisanal et paiements","Master §§7–14 et annexe A : champs/actions existants, erreurs explicites, contexte autorisé, responsive, persistance et audit indépendants","AST_ROUTE","DETECTION_AUTOMATIQUE_NON_REVUE","À INVENTORIER","NON EXÉCUTÉ","","83f8c74e","83f8c74ea83c81a2734ef9e086c2edd211573ebe"
"ECR-a49722885e39","admin | owner | sonasp","artisan-minier","/artisan-minier/:artisanId/infractions/:infractionId/modifier","FORMULAIRE_ROUTE","InfractionForm","src/PrivateApp.tsx:627","src/pages/artisan-minier/InfractionForm.tsx (InfractionForm; sans prop)","Voir les lignes ACTION/FORMULAIRE/MODALE liées par routes_candidates","<ProtectedRoute>","{""route"":""/artisan-minier/:artisanId/infractions/:infractionId/modifier"",""roles"":[""management""],""accountTypes"":[""sonasp""],""capabilities"":[],""readOnly"":false,""national"":true}","NON_INSPECTE_EN_UI; absence de défaut démontrée impossible par inventaire","Lot artisans et affiliations","Master §§7–14 et annexe A : champs/actions existants, erreurs explicites, contexte autorisé, responsive, persistance et audit indépendants","AST_ROUTE","DETECTION_AUTOMATIQUE_NON_REVUE","À INVENTORIER","NON EXÉCUTÉ","","83f8c74e","83f8c74ea83c81a2734ef9e086c2edd211573ebe"
"ECR-b1b53750fe4a","admin | owner | sonasp","artisan-minier","/artisan-minier/cartes/expirations","PAGE_A_QUALIFIER","CarteExpirations","src/PrivateApp.tsx:483","src/pages/artisan-minier/AffiliationsCartes.tsx (CarteExpirations; expirationsOnly)","Voir les lignes ACTION/FORMULAIRE/MODALE liées par routes_candidates","<ProtectedRoute>","{""route"":""/artisan-minier/cartes/expirations"",""roles"":[""management""],""accountTypes"":[""sonasp""],""capabilities"":[],""readOnly"":false,""national"":true}","NON_INSPECTE_EN_UI; absence de défaut démontrée impossible par inventaire","Lot artisans et affiliations","Master §§7–14 et annexe A : champs/actions existants, erreurs explicites, contexte autorisé, responsive, persistance et audit indépendants","AST_ROUTE","DETECTION_AUTOMATIQUE_NON_REVUE","À INVENTORIER","NON EXÉCUTÉ","","83f8c74e","83f8c74ea83c81a2734ef9e086c2edd211573ebe"
"ECR-b9056a6b82b8","admin | dgmg | owner","artisan-minier","/artisan-minier/comptoirs","PAGE_A_QUALIFIER","ComptoirsPage","src/PrivateApp.tsx:326","src/pages/collector/ComptoirsPage.tsx (ComptoirsPage; sans prop)","Voir les lignes ACTION/FORMULAIRE/MODALE liées par routes_candidates","<ProtectedRoute>","{""route"":""/artisan-minier/comptoirs"",""roles"":[""owner"",""admin"",""dgmg""],""accountTypes"":[""owner"",""admin"",""dgmg""],""capabilities"":[],""readOnly"":false,""national"":false}","NON_INSPECTE_EN_UI; absence de défaut démontrée impossible par inventaire","Lot artisans et affiliations","Master §§7–14 et annexe A : champs/actions existants, erreurs explicites, contexte autorisé, responsive, persistance et audit indépendants","AST_ROUTE","DETECTION_AUTOMATIQUE_NON_REVUE","À INVENTORIER","NON EXÉCUTÉ","","83f8c74e","83f8c74ea83c81a2734ef9e086c2edd211573ebe"
"ECR-c516af07c6ef","admin | dgmg | owner","artisan-minier","/artisan-minier/collecteurs/nouveau","FORMULAIRE_ROUTE","CollectorFormPage","src/PrivateApp.tsx:324","src/pages/collector/CollectorForm.tsx (CollectorFormPage; sans prop)","Voir les lignes ACTION/FORMULAIRE/MODALE liées par routes_candidates","<ProtectedRoute>","{""route"":""/artisan-minier/collecteurs/nouveau"",""roles"":[""owner"",""admin"",""dgmg""],""accountTypes"":[""owner"",""admin"",""dgmg""],""capabilities"":[],""readOnly"":false,""national"":false}","NON_INSPECTE_EN_UI; absence de défaut démontrée impossible par inventaire","Lot artisans et affiliations","Master §§7–14 et annexe A : champs/actions existants, erreurs explicites, contexte autorisé, responsive, persistance et audit indépendants","AST_ROUTE","DETECTION_AUTOMATIQUE_NON_REVUE","À INVENTORIER","NON EXÉCUTÉ","","83f8c74e","83f8c74ea83c81a2734ef9e086c2edd211573ebe"
"ECR-c76ea0cb4831","admin | collector | comptoir | owner | sonasp","artisan_gold_market","/artisan-minier/paiements/historique/:paiementId","DETAIL_ROUTE","PaiementDetails","src/PrivateApp.tsx:564","src/pages/artisan-minier/PaiementDetails.tsx (PaiementDetails; sans prop)","Voir les lignes ACTION/FORMULAIRE/MODALE liées par routes_candidates","<ProtectedRoute>","{""route"":""/artisan-minier/paiements/historique/:paiementId"",""roles"":[""management"",""customer""],""accountTypes"":[""sonasp"",""comptoir"",""collector""],""capabilities"":[],""readOnly"":true,""national"":false}","NON_INSPECTE_EN_UI; absence de défaut démontrée impossible par inventaire","Lot marché artisanal et paiements","Master §§7–14 et annexe A : champs/actions existants, erreurs explicites, contexte autorisé, responsive, persistance et audit indépendants","AST_ROUTE","DETECTION_AUTOMATIQUE_NON_REVUE","À INVENTORIER","NON EXÉCUTÉ","","83f8c74e","83f8c74ea83c81a2734ef9e086c2edd211573ebe"
"ECR-c860d1b76e23","admin | collector | comptoir | owner | sonasp","artisan_gold_market","/artisan-minier/paiements/historique","PAGE_A_QUALIFIER","PaiementsHistorique","src/PrivateApp.tsx:555","src/pages/artisan-minier/PaiementsHistorique.tsx (PaiementsHistorique; sans prop)","Voir les lignes ACTION/FORMULAIRE/MODALE liées par routes_candidates","<ProtectedRoute>","{""route"":""/artisan-minier/paiements/historique"",""roles"":[""management"",""customer""],""accountTypes"":[""sonasp"",""comptoir"",""collector""],""capabilities"":[],""readOnly"":true,""national"":false}","NON_INSPECTE_EN_UI; absence de défaut démontrée impossible par inventaire","Lot marché artisanal et paiements","Master §§7–14 et annexe A : champs/actions existants, erreurs explicites, contexte autorisé, responsive, persistance et audit indépendants","AST_ROUTE","DETECTION_AUTOMATIQUE_NON_REVUE","À INVENTORIER","NON EXÉCUTÉ","","83f8c74e","83f8c74ea83c81a2734ef9e086c2edd211573ebe"
"ECR-c986476416a6","admin | owner | sonasp","artisan-minier","/artisan-minier/cartes/suivi","PAGE_A_QUALIFIER","CarteSuivi","src/PrivateApp.tsx:447","src/pages/artisan-minier/AffiliationsCartes.tsx (CarteSuivi; sans prop)","Voir les lignes ACTION/FORMULAIRE/MODALE liées par routes_candidates","<ProtectedRoute>","{""route"":""/artisan-minier/cartes/suivi"",""roles"":[""management""],""accountTypes"":[""sonasp""],""capabilities"":[],""readOnly"":false,""national"":true}","NON_INSPECTE_EN_UI; absence de défaut démontrée impossible par inventaire","Lot artisans et affiliations","Master §§7–14 et annexe A : champs/actions existants, erreurs explicites, contexte autorisé, responsive, persistance et audit indépendants","AST_ROUTE","DETECTION_AUTOMATIQUE_NON_REVUE","À INVENTORIER","NON EXÉCUTÉ","","83f8c74e","83f8c74ea83c81a2734ef9e086c2edd211573ebe"
"ECR-d1eab4a516e6","admin | dgmg | owner","artisan-minier","/artisan-minier/comptoirs/:id/modifier","FORMULAIRE_ROUTE","ComptoirForm","src/PrivateApp.tsx:329","src/pages/collector/ComptoirForm.tsx (ComptoirForm; sans prop)","Voir les lignes ACTION/FORMULAIRE/MODALE liées par routes_candidates","<ProtectedRoute>","{""route"":""/artisan-minier/comptoirs/:id/modifier"",""roles"":[""owner"",""admin"",""dgmg""],""accountTypes"":[""owner"",""admin"",""dgmg""],""capabilities"":[],""readOnly"":false,""national"":false}","NON_INSPECTE_EN_UI; absence de défaut démontrée impossible par inventaire","Lot artisans et affiliations","Master §§7–14 et annexe A : champs/actions existants, erreurs explicites, contexte autorisé, responsive, persistance et audit indépendants","AST_ROUTE","DETECTION_AUTOMATIQUE_NON_REVUE","À INVENTORIER","NON EXÉCUTÉ","","83f8c74e","83f8c74ea83c81a2734ef9e086c2edd211573ebe"
"ECR-d63f3748f377","admin | dgmg | owner","mining_sites","/artisan-sites/nouveau","FORMULAIRE_ROUTE","ArtisanalSiteForm","src/PrivateApp.tsx:754","src/pages/artisanal-sites/ArtisanalSiteForm.tsx (ArtisanalSiteForm; sans prop)","Voir les lignes ACTION/FORMULAIRE/MODALE liées par routes_candidates","<ProtectedRoute allowedRoles={['admin', 'dgmg']}>","{""route"":""/artisan-sites/nouveau"",""roles"":[""owner"",""admin"",""dgmg""],""accountTypes"":[""owner"",""admin"",""dgmg""],""capabilities"":[],""readOnly"":false,""national"":false}","NON_INSPECTE_EN_UI; absence de défaut démontrée impossible par inventaire","Lot sites artisanaux","Master §§7–14 et annexe A : champs/actions existants, erreurs explicites, contexte autorisé, responsive, persistance et audit indépendants","AST_ROUTE","DETECTION_AUTOMATIQUE_NON_REVUE","À INVENTORIER","NON EXÉCUTÉ","","83f8c74e","83f8c74ea83c81a2734ef9e086c2edd211573ebe"
"ECR-d7987b218bd4","admin | comptoir | owner | sonasp","artisan_gold_market","/artisan-minier/rapports/quantites","PAGE_A_QUALIFIER","RapportQuantites","src/PrivateApp.tsx:609","src/pages/artisan-minier/RapportQuantites.tsx (RapportQuantites; sans prop)","Voir les lignes ACTION/FORMULAIRE/MODALE liées par routes_candidates","<ProtectedRoute>","{""route"":""/artisan-minier/rapports/quantites"",""roles"":[""management"",""customer""],""accountTypes"":[""sonasp"",""comptoir""],""capabilities"":[],""readOnly"":true,""national"":false}","NON_INSPECTE_EN_UI; absence de défaut démontrée impossible par inventaire","Lot marché artisanal et paiements","Master §§7–14 et annexe A : champs/actions existants, erreurs explicites, contexte autorisé, responsive, persistance et audit indépendants","AST_ROUTE","DETECTION_AUTOMATIQUE_NON_REVUE","À INVENTORIER","NON EXÉCUTÉ","","83f8c74e","83f8c74ea83c81a2734ef9e086c2edd211573ebe"
"ECR-e4ffd18d8901","collector | owner","portal-collector","/portail-collecteur","DASHBOARD_OU_SECTION","CollectorPortalPage","src/PrivateApp.tsx:332","src/pages/collector/CollectorPortalPage.tsx (CollectorPortalPage; sans prop)","Voir les lignes ACTION/FORMULAIRE/MODALE liées par routes_candidates","<ProtectedRoute> | <CollectorPortalGuard>","{""route"":""/portail-collecteur"",""roles"":[""collector"",""customer""],""accountTypes"":[""collector""],""capabilities"":[""collector.operate""],""readOnly"":true,""national"":false}","NON_INSPECTE_EN_UI; absence de défaut démontrée impossible par inventaire","Lot portal-collector","Master §§7–14 et annexe A : champs/actions existants, erreurs explicites, contexte autorisé, responsive, persistance et audit indépendants","AST_ROUTE","DETECTION_AUTOMATIQUE_NON_REVUE","À INVENTORIER","NON EXÉCUTÉ","","83f8c74e","83f8c74ea83c81a2734ef9e086c2edd211573ebe"
"ECR-e8de0b9b3561","admin | collector | comptoir | owner | sonasp","artisan_gold_market","/artisan-minier/paiements/:venteId/nouveau","FORMULAIRE_ROUTE","PaiementForm","src/PrivateApp.tsx:546","src/pages/artisan-minier/PaiementForm.tsx (PaiementForm; sans prop)","Voir les lignes ACTION/FORMULAIRE/MODALE liées par routes_candidates","<ProtectedRoute>","{""route"":""/artisan-minier/paiements/:venteId/nouveau"",""roles"":[""management"",""customer"",""comptoir"",""collector""],""accountTypes"":[""sonasp"",""comptoir"",""collector""],""capabilities"":[""sonasp.finance.execute"",""comptoir.payments.execute"",""collector.payments.execute""],""readOnly"":false,""national"":false}","NON_INSPECTE_EN_UI; absence de défaut démontrée impossible par inventaire","Lot marché artisanal et paiements","Master §§7–14 et annexe A : champs/actions existants, erreurs explicites, contexte autorisé, responsive, persistance et audit indépendants","AST_ROUTE","DETECTION_AUTOMATIQUE_NON_REVUE","À INVENTORIER","NON EXÉCUTÉ","","83f8c74e","83f8c74ea83c81a2734ef9e086c2edd211573ebe"
"ECR-ef73675cf7d7","admin | collector | comptoir | dgmg | owner | sonasp","artisan_gold_market","/collecte/ventes","PAGE_A_QUALIFIER","CollectionSalesPage","src/PrivateApp.tsx:330","src/pages/collector/CollectionSalesPage.tsx (CollectionSalesPage; sans prop)","Voir les lignes ACTION/FORMULAIRE/MODALE liées par routes_candidates","<ProtectedRoute>","{""route"":""/collecte/ventes"",""roles"":[""owner"",""admin"",""dgmg"",""management"",""comptoir"",""collector"",""customer""],""accountTypes"":[""owner"",""admin"",""dgmg"",""sonasp"",""comptoir"",""collector""],""capabilities"":[],""readOnly"":false,""national"":false}","NON_INSPECTE_EN_UI; absence de défaut démontrée impossible par inventaire","Lot marché artisanal et paiements","Master §§7–14 et annexe A : champs/actions existants, erreurs explicites, contexte autorisé, responsive, persistance et audit indépendants","AST_ROUTE","DETECTION_AUTOMATIQUE_NON_REVUE","À INVENTORIER","NON EXÉCUTÉ","","83f8c74e","83f8c74ea83c81a2734ef9e086c2edd211573ebe"
"ECR-f4823a238d5b","comptoir | owner","portal-comptoir","/portail-comptoir","DASHBOARD_OU_SECTION","ComptoirPortalPage","src/PrivateApp.tsx:362","src/pages/comptoir/ComptoirPortalPage.tsx (ComptoirPortalPage; sans prop)","Voir les lignes ACTION/FORMULAIRE/MODALE liées par routes_candidates","<ProtectedRoute> | <ComptoirPortalGuard>","{""route"":""/portail-comptoir"",""roles"":[""comptoir"",""customer""],""accountTypes"":[""comptoir""],""capabilities"":[""comptoir.manage""],""readOnly"":false,""national"":false}","NON_INSPECTE_EN_UI; absence de défaut démontrée impossible par inventaire","Lot portal-comptoir","Master §§7–14 et annexe A : champs/actions existants, erreurs explicites, contexte autorisé, responsive, persistance et audit indépendants","AST_ROUTE","DETECTION_AUTOMATIQUE_NON_REVUE","À INVENTORIER","NON EXÉCUTÉ","","83f8c74e","83f8c74ea83c81a2734ef9e086c2edd211573ebe"
"ECR-f73d6ea6eb66","public","public-et-alias","/verifier-carte/:reference","DETAIL_ROUTE","VerifyAffiliation","src/App.tsx:22","src/pages/public/VerifyAffiliation.tsx (VerifyAffiliation; sans prop)","Voir les lignes ACTION/FORMULAIRE/MODALE liées par routes_candidates","","Hors registre privé / à qualifier","NON_INSPECTE_EN_UI; absence de défaut démontrée impossible par inventaire","Lot public-et-alias","Master §§7–14 et annexe A : champs/actions existants, erreurs explicites, contexte autorisé, responsive, persistance et audit indépendants","AST_ROUTE","DETECTION_AUTOMATIQUE_NON_REVUE","À INVENTORIER","NON EXÉCUTÉ","","83f8c74e","83f8c74ea83c81a2734ef9e086c2edd211573ebe"
"ECR-f7a1e4b837d7","admin | collector | comptoir | dgi | owner | sonasp","artisan_gold_market","/artisan-minier/ventes-or/:id","DETAIL_ROUTE","VenteOrDetails","src/PrivateApp.tsx:510","src/pages/artisan-minier/VenteOrDetails.tsx (VenteOrDetails; sans prop)","Voir les lignes ACTION/FORMULAIRE/MODALE liées par routes_candidates","<ProtectedRoute>","{""route"":""/artisan-minier/ventes-or/:id"",""roles"":[""management"",""customer"",""dgi""],""accountTypes"":[""sonasp"",""comptoir"",""collector"",""dgi""],""capabilities"":[],""readOnly"":true,""national"":false}","NON_INSPECTE_EN_UI; absence de défaut démontrée impossible par inventaire","Lot marché artisanal et paiements","Master §§7–14 et annexe A : champs/actions existants, erreurs explicites, contexte autorisé, responsive, persistance et audit indépendants","AST_ROUTE","DETECTION_AUTOMATIQUE_NON_REVUE","À INVENTORIER","NON EXÉCUTÉ","","83f8c74e","83f8c74ea83c81a2734ef9e086c2edd211573ebe"
"ECR-fc0058e62d5c","admin | owner | sonasp","artisan-minier","/artisan-minier/:artisanId/infractions/nouvelle","FORMULAIRE_ROUTE","InfractionForm","src/PrivateApp.tsx:573","src/pages/artisan-minier/InfractionForm.tsx (InfractionForm; sans prop)","Voir les lignes ACTION/FORMULAIRE/MODALE liées par routes_candidates","<ProtectedRoute>","{""route"":""/artisan-minier/:artisanId/infractions/nouvelle"",""roles"":[""management""],""accountTypes"":[""sonasp""],""capabilities"":[],""readOnly"":false,""national"":true}","NON_INSPECTE_EN_UI; absence de défaut démontrée impossible par inventaire","Lot artisans et affiliations","Master §§7–14 et annexe A : champs/actions existants, erreurs explicites, contexte autorisé, responsive, persistance et audit indépendants","AST_ROUTE","DETECTION_AUTOMATIQUE_NON_REVUE","À INVENTORIER","NON EXÉCUTÉ","","83f8c74e","83f8c74ea83c81a2734ef9e086c2edd211573ebe"
"ECR-ffad663f93d2","comptoir | owner","portal-comptoir","/portail-comptoir/stock","PAGE_A_QUALIFIER","ComptoirStockPage","src/PrivateApp.tsx:372","src/pages/comptoir/ComptoirStockPage.tsx (ComptoirStockPage; sans prop)","Voir les lignes ACTION/FORMULAIRE/MODALE liées par routes_candidates","<ProtectedRoute> | <ComptoirPortalGuard>","{""route"":""/portail-comptoir/stock"",""roles"":[""comptoir"",""customer""],""accountTypes"":[""comptoir""],""capabilities"":[""comptoir.manage""],""readOnly"":false,""national"":false}","NON_INSPECTE_EN_UI; absence de défaut démontrée impossible par inventaire","Lot portal-comptoir","Master §§7–14 et annexe A : champs/actions existants, erreurs explicites, contexte autorisé, responsive, persistance et audit indépendants","AST_ROUTE","DETECTION_AUTOMATIQUE_NON_REVUE","À INVENTORIER","NON EXÉCUTÉ","","83f8c74e","83f8c74ea83c81a2734ef9e086c2edd211573ebe"
"FRM-046d5ec4e7ad","admin | dgmg | owner","artisan-minier","/artisan-minier/comptoirs/:id | /artisan-minier/comptoirs/:id/modifier | /artisan-minier/comptoirs/nouveau","FORMULAIRE_HTML","form","src/pages/collector/ComptoirForm.tsx:550","src/pages/collector/ComptoirForm.tsx","{submit}","src/pages/collector/ComptoirForm.tsx:938 canManageMiningRegistry(user)","Hérite du contexte route candidat; conditions internes à relire; serveur non testé","NON_INSPECTE_EN_UI","Lot artisans et affiliations","Master §§7–14 et annexe A : champs/actions existants, erreurs explicites, contexte autorisé, responsive, persistance et audit indépendants","AST_JSX","DETECTION_AUTOMATIQUE_NON_REVUE; imports candidats ≠ visibilité prouvée","À INVENTORIER","NON EXÉCUTÉ","","83f8c74e","83f8c74ea83c81a2734ef9e086c2edd211573ebe"
"FRM-12b443c57756","admin | dgmg | owner","mining_sites","/artisan-sites/:siteId/modifier | /artisan-sites/nouveau","SOUS_FORMULAIRE_PIECE_JOINTE","input","src/pages/artisanal-sites/ArtisanalSiteForm.tsx:522","src/pages/artisanal-sites/ArtisanalSiteForm.tsx","","src/pages/artisanal-sites/ArtisanalSiteForm.tsx:358 canManageMiningRegistry(user) | src/pages/artisanal-sites/ArtisanalSiteForm.tsx:395 canManageMiningRegistry(user)","Hérite du contexte route candidat; conditions internes à relire; serveur non testé","NON_INSPECTE_EN_UI","Lot sites artisanaux","Master §§7–14 et annexe A : champs/actions existants, erreurs explicites, contexte autorisé, responsive, persistance et audit indépendants","AST_JSX","DETECTION_AUTOMATIQUE_NON_REVUE; imports candidats ≠ visibilité prouvée","À INVENTORIER","NON EXÉCUTÉ","","83f8c74e","83f8c74ea83c81a2734ef9e086c2edd211573ebe"
"FRM-13ee7e1567c2","admin | collector | comptoir | dgmg | owner | sonasp","artisan_gold_market","/collecte/ventes | /collecte/ventes/nouvelle","FORMULAIRE_HTML","Enregistrer une vente de collecte","src/pages/collector/CollectionSalesPage.tsx:126","src/pages/collector/CollectionSalesPage.tsx","{submit}","src/pages/collector/CollectionSalesPage.tsx:250 isCollectorScopedUser(user)","Hérite du contexte route candidat; conditions internes à relire; serveur non testé","NON_INSPECTE_EN_UI","Lot marché artisanal et paiements","Master §§7–14 et annexe A : champs/actions existants, erreurs explicites, contexte autorisé, responsive, persistance et audit indépendants","AST_JSX","DETECTION_AUTOMATIQUE_NON_REVUE; imports candidats ≠ visibilité prouvée","À INVENTORIER","NON EXÉCUTÉ","","83f8c74e","83f8c74ea83c81a2734ef9e086c2edd211573ebe"
"FRM-2db1b98950e7","admin | dgmg | owner","artisan-minier","/artisan-minier/collecteurs/:id/modifier | /artisan-minier/collecteurs/nouveau","FORMULAIRE_HTML","Dossier du collecteur","src/pages/collector/CollectorForm.tsx:359","src/pages/collector/CollectorForm.tsx","{submit}","src/pages/collector/CollectorForm.tsx:829 canManageMiningRegistry(user)","Hérite du contexte route candidat; conditions internes à relire; serveur non testé","NON_INSPECTE_EN_UI","Lot artisans et affiliations","Master §§7–14 et annexe A : champs/actions existants, erreurs explicites, contexte autorisé, responsive, persistance et audit indépendants","AST_JSX","DETECTION_AUTOMATIQUE_NON_REVUE; imports candidats ≠ visibilité prouvée","À INVENTORIER","NON EXÉCUTÉ","","83f8c74e","83f8c74ea83c81a2734ef9e086c2edd211573ebe"
"FRM-459cb9a8b141","admin | owner | sonasp","artisan-minier","/artisan-minier/:artisanId/infractions/:infractionId/modifier | /artisan-minier/:artisanId/infractions/nouvelle","COMPOSANT_FORMULAIRE","InfractionForm","src/pages/artisan-minier/InfractionForm.tsx:1","src/pages/artisan-minier/InfractionForm.tsx","","","Hérite du contexte route candidat; conditions internes à relire; serveur non testé","NON_INSPECTE_EN_UI","Lot artisans et affiliations","Master §§7–14 et annexe A : champs/actions existants, erreurs explicites, contexte autorisé, responsive, persistance et audit indépendants","NOM_COMPOSANT_CANDIDAT","DETECTION_AUTOMATIQUE_NON_REVUE; imports candidats ≠ visibilité prouvée","À INVENTORIER","NON EXÉCUTÉ","","83f8c74e","83f8c74ea83c81a2734ef9e086c2edd211573ebe"
"FRM-55b825314fd7","admin | collector | comptoir | dgmg | owner | sonasp","artisan-minier","/artisan-minier/:id/edit | /artisan-minier/liste","SOUS_FORMULAIRE_PIECE_JOINTE","input","src/components/artisan/ArtisanDocuments.tsx:125","src/components/artisan/ArtisanDocuments.tsx","","","Hérite du contexte route candidat; conditions internes à relire; serveur non testé","NON_INSPECTE_EN_UI","Lot artisans et affiliations","Master §§7–14 et annexe A : champs/actions existants, erreurs explicites, contexte autorisé, responsive, persistance et audit indépendants","AST_JSX","DETECTION_AUTOMATIQUE_NON_REVUE; imports candidats ≠ visibilité prouvée","À INVENTORIER","NON EXÉCUTÉ","","83f8c74e","83f8c74ea83c81a2734ef9e086c2edd211573ebe"
"FRM-6331f565ec07","admin | comptoir | owner | sonasp","artisan_gold_market","/artisan-minier/ventes-or/:id/modifier | /artisan-minier/ventes-or/nouvelle","COMPOSANT_FORMULAIRE","VenteOrForm","src/pages/artisan-minier/VenteOrForm.tsx:1","src/pages/artisan-minier/VenteOrForm.tsx","","src/pages/artisan-minier/VenteOrForm.tsx:199 isComptoirScopedUser(user)","Hérite du contexte route candidat; conditions internes à relire; serveur non testé","NON_INSPECTE_EN_UI","Lot marché artisanal et paiements","Master §§7–14 et annexe A : champs/actions existants, erreurs explicites, contexte autorisé, responsive, persistance et audit indépendants","NOM_COMPOSANT_CANDIDAT","DETECTION_AUTOMATIQUE_NON_REVUE; imports candidats ≠ visibilité prouvée","À INVENTORIER","NON EXÉCUTÉ","","83f8c74e","83f8c74ea83c81a2734ef9e086c2edd211573ebe"
"FRM-66687f7913bb","admin | dgmg | owner","artisan-minier","/artisan-minier/comptoirs/:id | /artisan-minier/comptoirs/:id/modifier | /artisan-minier/comptoirs/nouveau","COMPOSANT_FORMULAIRE","ComptoirForm","src/pages/collector/ComptoirForm.tsx:1","src/pages/collector/ComptoirForm.tsx","","src/pages/collector/ComptoirForm.tsx:938 canManageMiningRegistry(user)","Hérite du contexte route candidat; conditions internes à relire; serveur non testé","NON_INSPECTE_EN_UI","Lot artisans et affiliations","Master §§7–14 et annexe A : champs/actions existants, erreurs explicites, contexte autorisé, responsive, persistance et audit indépendants","NOM_COMPOSANT_CANDIDAT","DETECTION_AUTOMATIQUE_NON_REVUE; imports candidats ≠ visibilité prouvée","À INVENTORIER","NON EXÉCUTÉ","","83f8c74e","83f8c74ea83c81a2734ef9e086c2edd211573ebe"
"FRM-6be9f447941e","admin | collector | comptoir | dgmg | owner | sonasp","artisan-minier","/artisan-minier/:id | /artisan-minier/cartes/expirations | /artisan-minier/cartes/suivi | /artisan-minier/cartes/validation","SOUS_FORMULAIRE_PIECE_JOINTE","input","src/components/artisan/AffiliationPaymentPanel.tsx:519","src/components/artisan/AffiliationPaymentPanel.tsx","","","Hérite du contexte route candidat; conditions internes à relire; serveur non testé","NON_INSPECTE_EN_UI","Lot artisans et affiliations","Master §§7–14 et annexe A : champs/actions existants, erreurs explicites, contexte autorisé, responsive, persistance et audit indépendants","AST_JSX","DETECTION_AUTOMATIQUE_NON_REVUE; imports candidats ≠ visibilité prouvée","À INVENTORIER","NON EXÉCUTÉ","","83f8c74e","83f8c74ea83c81a2734ef9e086c2edd211573ebe"
"FRM-6c243975b147","admin | owner | sonasp","artisan-minier","/artisan-minier/:artisanId/infractions/:infractionId/modifier | /artisan-minier/:artisanId/infractions/nouvelle","FORMULAIRE_HTML","form","src/pages/artisan-minier/InfractionForm.tsx:377","src/pages/artisan-minier/InfractionForm.tsx","{handleSubmit}","","Hérite du contexte route candidat; conditions internes à relire; serveur non testé","NON_INSPECTE_EN_UI","Lot artisans et affiliations","Master §§7–14 et annexe A : champs/actions existants, erreurs explicites, contexte autorisé, responsive, persistance et audit indépendants","AST_JSX","DETECTION_AUTOMATIQUE_NON_REVUE; imports candidats ≠ visibilité prouvée","À INVENTORIER","NON EXÉCUTÉ","","83f8c74e","83f8c74ea83c81a2734ef9e086c2edd211573ebe"
"FRM-7a807094d7e6","admin | collector | comptoir | dgmg | owner | sonasp","artisan-minier","/artisan-minier/:id | /artisan-minier/cartes/expirations | /artisan-minier/cartes/suivi | /artisan-minier/cartes/validation","FORMULAIRE_HTML","form","src/components/artisan/AffiliationDossier.tsx:766","src/components/artisan/AffiliationDossier.tsx","{(e) => { e.preventDefault(); void onSubmit( decision, String(new FormData(e.currentTarget).get(""reason"")), id, ); }}","src/components/artisan/AffiliationDossier.tsx:74 hasSensitiveCapability( user, CAPABILITIES.ARTISAN_CARDS_MANAGE, ) | src/components/artisan/AffiliationDossier.tsx:78 hasSensitiveCapability( user, CAPABILITIES.ARTISAN_MEMBERSHIP_MANAGE, ) | src/components/artisan/AffiliationDossier.tsx:82 hasSensitiveCapability( user, CAPABILITIES.ARTISAN_MEMBERSHIP_CONFIRM, ) | src/components/artisan/AffiliationDossier.tsx:86 hasSensitiveCapability( user, CAPABILITIES.ARTISAN_CARDS_ACTIVATE, )","Hérite du contexte route candidat; conditions internes à relire; serveur non testé","NON_INSPECTE_EN_UI","Lot artisans et affiliations","Master §§7–14 et annexe A : champs/actions existants, erreurs explicites, contexte autorisé, responsive, persistance et audit indépendants","AST_JSX","DETECTION_AUTOMATIQUE_NON_REVUE; imports candidats ≠ visibilité prouvée","À INVENTORIER","NON EXÉCUTÉ","","83f8c74e","83f8c74ea83c81a2734ef9e086c2edd211573ebe"
"FRM-7ada765dcbed","admin | collector | comptoir | owner | sonasp","artisan_gold_market","/artisan-minier/paiements/:venteId/nouveau","COMPOSANT_FORMULAIRE","PaiementForm","src/pages/artisan-minier/PaiementForm.tsx:1","src/pages/artisan-minier/PaiementForm.tsx","","src/pages/artisan-minier/PaiementForm.tsx:242 isCollectorScopedUser(user) | src/pages/artisan-minier/PaiementForm.tsx:243 hasSensitiveCapability(user, CAPABILITIES.COLLECTOR_PAYMENTS_EXECUTE) | src/pages/artisan-minier/PaiementForm.tsx:244 hasSensitiveCapability(user, CAPABILITIES.COMPTOIR_PAYMENTS_EXECUTE) | src/pages/artisan-minier/PaiementForm.tsx:244 hasSensitiveCapability(user, CAPABILITIES.FINANCE_EXECUTE)","Hérite du contexte route candidat; conditions internes à relire; serveur non testé","NON_INSPECTE_EN_UI","Lot marché artisanal et paiements","Master §§7–14 et annexe A : champs/actions existants, erreurs explicites, contexte autorisé, responsive, persistance et audit indépendants","NOM_COMPOSANT_CANDIDAT","DETECTION_AUTOMATIQUE_NON_REVUE; imports candidats ≠ visibilité prouvée","À INVENTORIER","NON EXÉCUTÉ","","83f8c74e","83f8c74ea83c81a2734ef9e086c2edd211573ebe"
"FRM-7cdbb137893b","admin | comptoir | owner | sonasp","artisan_gold_market","/artisan-minier/ventes-or/:id/modifier | /artisan-minier/ventes-or/nouvelle","FORMULAIRE_HTML","form","src/pages/artisan-minier/VenteOrForm.tsx:563","src/pages/artisan-minier/VenteOrForm.tsx","{handleSubmit}","src/pages/artisan-minier/VenteOrForm.tsx:199 isComptoirScopedUser(user)","Hérite du contexte route candidat; conditions internes à relire; serveur non testé","NON_INSPECTE_EN_UI","Lot marché artisanal et paiements","Master §§7–14 et annexe A : champs/actions existants, erreurs explicites, contexte autorisé, responsive, persistance et audit indépendants","AST_JSX","DETECTION_AUTOMATIQUE_NON_REVUE; imports candidats ≠ visibilité prouvée","À INVENTORIER","NON EXÉCUTÉ","","83f8c74e","83f8c74ea83c81a2734ef9e086c2edd211573ebe"
"FRM-8c14aab2ee6a","admin | dgmg | owner","mining_sites","/artisan-sites/:siteId/modifier | /artisan-sites/nouveau","COMPOSANT_FORMULAIRE","ArtisanalSiteForm","src/pages/artisanal-sites/ArtisanalSiteForm.tsx:1","src/pages/artisanal-sites/ArtisanalSiteForm.tsx","","src/pages/artisanal-sites/ArtisanalSiteForm.tsx:358 canManageMiningRegistry(user) | src/pages/artisanal-sites/ArtisanalSiteForm.tsx:395 canManageMiningRegistry(user)","Hérite du contexte route candidat; conditions internes à relire; serveur non testé","NON_INSPECTE_EN_UI","Lot sites artisanaux","Master §§7–14 et annexe A : champs/actions existants, erreurs explicites, contexte autorisé, responsive, persistance et audit indépendants","NOM_COMPOSANT_CANDIDAT","DETECTION_AUTOMATIQUE_NON_REVUE; imports candidats ≠ visibilité prouvée","À INVENTORIER","NON EXÉCUTÉ","","83f8c74e","83f8c74ea83c81a2734ef9e086c2edd211573ebe"
"FRM-92653b3274ce","admin | collector | comptoir | dgmg | owner | sonasp","artisan_gold_market","/collecte/ventes | /collecte/ventes/nouvelle","FORMULAIRE_HTML","form","src/pages/collector/CollectionSalesPage.tsx:520","src/pages/collector/CollectionSalesPage.tsx","{decide}","src/pages/collector/CollectionSalesPage.tsx:250 isCollectorScopedUser(user)","Hérite du contexte route candidat; conditions internes à relire; serveur non testé","NON_INSPECTE_EN_UI","Lot marché artisanal et paiements","Master §§7–14 et annexe A : champs/actions existants, erreurs explicites, contexte autorisé, responsive, persistance et audit indépendants","AST_JSX","DETECTION_AUTOMATIQUE_NON_REVUE; imports candidats ≠ visibilité prouvée","À INVENTORIER","NON EXÉCUTÉ","","83f8c74e","83f8c74ea83c81a2734ef9e086c2edd211573ebe"
"FRM-936f7c56741c","admin | owner | sonasp","artisan-minier","/artisan-minier/:artisanId/infractions/:infractionId/modifier | /artisan-minier/:artisanId/infractions/nouvelle","SOUS_FORMULAIRE_PIECE_JOINTE","input","src/pages/artisan-minier/InfractionForm.tsx:520","src/pages/artisan-minier/InfractionForm.tsx","","","Hérite du contexte route candidat; conditions internes à relire; serveur non testé","NON_INSPECTE_EN_UI","Lot artisans et affiliations","Master §§7–14 et annexe A : champs/actions existants, erreurs explicites, contexte autorisé, responsive, persistance et audit indépendants","AST_JSX","DETECTION_AUTOMATIQUE_NON_REVUE; imports candidats ≠ visibilité prouvée","À INVENTORIER","NON EXÉCUTÉ","","83f8c74e","83f8c74ea83c81a2734ef9e086c2edd211573ebe"
"FRM-93eb215ab2b6","admin | collector | comptoir | owner | sonasp","artisan_gold_market","/artisan-minier/paiements/:venteId/nouveau","FORMULAIRE_HTML","{moyenRetenu && ( <Section id=""coordonnees"" icon={Landmark} title={`Coordonnées — ${methode.label}`} }","src/pages/artisan-minier/PaiementForm.tsx:497","src/pages/artisan-minier/PaiementForm.tsx","{handleSubmit}","src/pages/artisan-minier/PaiementForm.tsx:242 isCollectorScopedUser(user) | src/pages/artisan-minier/PaiementForm.tsx:243 hasSensitiveCapability(user, CAPABILITIES.COLLECTOR_PAYMENTS_EXECUTE) | src/pages/artisan-minier/PaiementForm.tsx:244 hasSensitiveCapability(user, CAPABILITIES.COMPTOIR_PAYMENTS_EXECUTE) | src/pages/artisan-minier/PaiementForm.tsx:244 hasSensitiveCapability(user, CAPABILITIES.FINANCE_EXECUTE)","Hérite du contexte route candidat; conditions internes à relire; serveur non testé","NON_INSPECTE_EN_UI","Lot marché artisanal et paiements","Master §§7–14 et annexe A : champs/actions existants, erreurs explicites, contexte autorisé, responsive, persistance et audit indépendants","AST_JSX","DETECTION_AUTOMATIQUE_NON_REVUE; imports candidats ≠ visibilité prouvée","À INVENTORIER","NON EXÉCUTÉ","","83f8c74e","83f8c74ea83c81a2734ef9e086c2edd211573ebe"
"FRM-9618b877725e","admin | dgmg | owner","mining_sites","/artisan-sites/:siteId/modifier | /artisan-sites/nouveau","FORMULAIRE_HTML","{loading ? ( <div className=""site-form__loading""><Loader2 aria-hidden=""true"" /> Chargement de la fich}","src/pages/artisanal-sites/ArtisanalSiteForm.tsx:438","src/pages/artisanal-sites/ArtisanalSiteForm.tsx","{handleSubmit}","src/pages/artisanal-sites/ArtisanalSiteForm.tsx:358 canManageMiningRegistry(user) | src/pages/artisanal-sites/ArtisanalSiteForm.tsx:395 canManageMiningRegistry(user)","Hérite du contexte route candidat; conditions internes à relire; serveur non testé","NON_INSPECTE_EN_UI","Lot sites artisanaux","Master §§7–14 et annexe A : champs/actions existants, erreurs explicites, contexte autorisé, responsive, persistance et audit indépendants","AST_JSX","DETECTION_AUTOMATIQUE_NON_REVUE; imports candidats ≠ visibilité prouvée","À INVENTORIER","NON EXÉCUTÉ","","83f8c74e","83f8c74ea83c81a2734ef9e086c2edd211573ebe"
"FRM-9c2e8ec9b00f","admin | collector | comptoir | dgmg | owner | sonasp","artisan-minier","/artisan-minier/:id | /artisan-minier/cartes/expirations | /artisan-minier/cartes/suivi | /artisan-minier/cartes/validation","FORMULAIRE_HTML","form","src/components/artisan/AffiliationPaymentPanel.tsx:268","src/components/artisan/AffiliationPaymentPanel.tsx","{(e) => { e.preventDefault(); const reason = String( new FormData(e.currentTarget).get(""reason""), ); void run( () => affiliationService.cancelDues(dues.id, reason), ""Échéance annulée ; son historique est conservé."", ); }}","","Hérite du contexte route candidat; conditions internes à relire; serveur non testé","NON_INSPECTE_EN_UI","Lot artisans et affiliations","Master §§7–14 et annexe A : champs/actions existants, erreurs explicites, contexte autorisé, responsive, persistance et audit indépendants","AST_JSX","DETECTION_AUTOMATIQUE_NON_REVUE; imports candidats ≠ visibilité prouvée","À INVENTORIER","NON EXÉCUTÉ","","83f8c74e","83f8c74ea83c81a2734ef9e086c2edd211573ebe"
"FRM-9f2255a5da29","admin | dgmg | owner","artisan-minier","/artisan-minier/comptoirs/:id | /artisan-minier/comptoirs/:id/modifier | /artisan-minier/comptoirs/nouveau","SOUS_FORMULAIRE_PIECE_JOINTE","input","src/pages/collector/ComptoirForm.tsx:171","src/pages/collector/ComptoirForm.tsx","","src/pages/collector/ComptoirForm.tsx:938 canManageMiningRegistry(user)","Hérite du contexte route candidat; conditions internes à relire; serveur non testé","NON_INSPECTE_EN_UI","Lot artisans et affiliations","Master §§7–14 et annexe A : champs/actions existants, erreurs explicites, contexte autorisé, responsive, persistance et audit indépendants","AST_JSX","DETECTION_AUTOMATIQUE_NON_REVUE; imports candidats ≠ visibilité prouvée","À INVENTORIER","NON EXÉCUTÉ","","83f8c74e","83f8c74ea83c81a2734ef9e086c2edd211573ebe"
"FRM-a46e55c07841","admin | collector | comptoir | dgmg | owner | sonasp","artisan-minier","/artisan-minier/:id/edit | /artisan-minier/liste","COMPOSANT_FORMULAIRE","ArtisanMinierForm","src/components/artisan/ArtisanMinierForm.tsx:1","src/components/artisan/ArtisanMinierForm.tsx","","src/components/artisan/ArtisanMinierForm.tsx:434 canManageMiningRegistry(user) | src/components/artisan/ArtisanMinierForm.tsx:95 hasSensitiveCapability( user, CAPABILITIES.ARTISAN_PAYMENT_METHODS_MANAGE, )","Hérite du contexte route candidat; conditions internes à relire; serveur non testé","NON_INSPECTE_EN_UI","Lot artisans et affiliations","Master §§7–14 et annexe A : champs/actions existants, erreurs explicites, contexte autorisé, responsive, persistance et audit indépendants","NOM_COMPOSANT_CANDIDAT","DETECTION_AUTOMATIQUE_NON_REVUE; imports candidats ≠ visibilité prouvée","À INVENTORIER","NON EXÉCUTÉ","","83f8c74e","83f8c74ea83c81a2734ef9e086c2edd211573ebe"
"FRM-aac68ed247be","admin | collector | comptoir | dgmg | owner | sonasp","artisan-minier","/artisan-minier/:id | /artisan-minier/cartes/expirations | /artisan-minier/cartes/suivi | /artisan-minier/cartes/validation","FORMULAIRE_HTML","form","src/components/artisan/AffiliationPaymentPanel.tsx:356","src/components/artisan/AffiliationPaymentPanel.tsx","{(e) => { e.preventDefault(); void run(async () => { if (!card.snapshot) await affiliationService.prepare(card.id); await affiliationService.establishDues({ p_id: id, p_carte: card.id, p_bareme: tariff, p_debut: from, p_fin: computeEnd(from, duration), }); }, ""Période d’affiliation enregistrée. Vous pouvez saisir le paiement.""); }}","","Hérite du contexte route candidat; conditions internes à relire; serveur non testé","NON_INSPECTE_EN_UI","Lot artisans et affiliations","Master §§7–14 et annexe A : champs/actions existants, erreurs explicites, contexte autorisé, responsive, persistance et audit indépendants","AST_JSX","DETECTION_AUTOMATIQUE_NON_REVUE; imports candidats ≠ visibilité prouvée","À INVENTORIER","NON EXÉCUTÉ","","83f8c74e","83f8c74ea83c81a2734ef9e086c2edd211573ebe"
"FRM-ab65fa50a125","comptoir | owner","portal-comptoir","/portail-comptoir/ventes-sonasp","FORMULAIRE_HTML","{error && <p className=""comptoir-form-error"" role=""alert"">{error}</p>}","src/pages/comptoir/ComptoirSonaspSalesPage.tsx:127","src/pages/comptoir/ComptoirSonaspSalesPage.tsx","{submit}","","Hérite du contexte route candidat; conditions internes à relire; serveur non testé","NON_INSPECTE_EN_UI","Lot portal-comptoir","Master §§7–14 et annexe A : champs/actions existants, erreurs explicites, contexte autorisé, responsive, persistance et audit indépendants","AST_JSX","DETECTION_AUTOMATIQUE_NON_REVUE; imports candidats ≠ visibilité prouvée","À INVENTORIER","NON EXÉCUTÉ","","83f8c74e","83f8c74ea83c81a2734ef9e086c2edd211573ebe"
"FRM-cb7d88bed5f6","admin | dgmg | owner","artisan-minier","/artisan-minier/collecteurs/:id/modifier | /artisan-minier/collecteurs/nouveau","COMPOSANT_FORMULAIRE","CollectorForm","src/pages/collector/CollectorForm.tsx:1","src/pages/collector/CollectorForm.tsx","","src/pages/collector/CollectorForm.tsx:829 canManageMiningRegistry(user)","Hérite du contexte route candidat; conditions internes à relire; serveur non testé","NON_INSPECTE_EN_UI","Lot artisans et affiliations","Master §§7–14 et annexe A : champs/actions existants, erreurs explicites, contexte autorisé, responsive, persistance et audit indépendants","NOM_COMPOSANT_CANDIDAT","DETECTION_AUTOMATIQUE_NON_REVUE; imports candidats ≠ visibilité prouvée","À INVENTORIER","NON EXÉCUTÉ","","83f8c74e","83f8c74ea83c81a2734ef9e086c2edd211573ebe"
"FRM-cf6b7e8e7ab1","admin | collector | comptoir | dgmg | owner | sonasp","artisan-minier","/artisan-minier/:id/edit | /artisan-minier/liste","FORMULAIRE_HTML","form","src/components/artisan/ArtisanMinierForm.tsx:590","src/components/artisan/ArtisanMinierForm.tsx","{handleSubmit}","src/components/artisan/ArtisanMinierForm.tsx:434 canManageMiningRegistry(user) | src/components/artisan/ArtisanMinierForm.tsx:95 hasSensitiveCapability( user, CAPABILITIES.ARTISAN_PAYMENT_METHODS_MANAGE, )","Hérite du contexte route candidat; conditions internes à relire; serveur non testé","NON_INSPECTE_EN_UI","Lot artisans et affiliations","Master §§7–14 et annexe A : champs/actions existants, erreurs explicites, contexte autorisé, responsive, persistance et audit indépendants","AST_JSX","DETECTION_AUTOMATIQUE_NON_REVUE; imports candidats ≠ visibilité prouvée","À INVENTORIER","NON EXÉCUTÉ","","83f8c74e","83f8c74ea83c81a2734ef9e086c2edd211573ebe"
"FRM-de7504c50b05","admin | dgmg | owner","artisan-minier","/artisan-minier/collecteurs/:id/modifier | /artisan-minier/collecteurs/nouveau","SOUS_FORMULAIRE_PIECE_JOINTE","input","src/pages/collector/CollectorForm.tsx:241","src/pages/collector/CollectorForm.tsx","","src/pages/collector/CollectorForm.tsx:829 canManageMiningRegistry(user)","Hérite du contexte route candidat; conditions internes à relire; serveur non testé","NON_INSPECTE_EN_UI","Lot artisans et affiliations","Master §§7–14 et annexe A : champs/actions existants, erreurs explicites, contexte autorisé, responsive, persistance et audit indépendants","AST_JSX","DETECTION_AUTOMATIQUE_NON_REVUE; imports candidats ≠ visibilité prouvée","À INVENTORIER","NON EXÉCUTÉ","","83f8c74e","83f8c74ea83c81a2734ef9e086c2edd211573ebe"
"FRM-e0453531a1c8","admin | dgmg | owner","mining_sites","/artisan-sites/:siteId/modifier | /artisan-sites/nouveau","SOUS_FORMULAIRE_PIECE_JOINTE","input","src/pages/artisanal-sites/ArtisanalSiteForm.tsx:669","src/pages/artisanal-sites/ArtisanalSiteForm.tsx","","src/pages/artisanal-sites/ArtisanalSiteForm.tsx:358 canManageMiningRegistry(user) | src/pages/artisanal-sites/ArtisanalSiteForm.tsx:395 canManageMiningRegistry(user)","Hérite du contexte route candidat; conditions internes à relire; serveur non testé","NON_INSPECTE_EN_UI","Lot sites artisanaux","Master §§7–14 et annexe A : champs/actions existants, erreurs explicites, contexte autorisé, responsive, persistance et audit indépendants","AST_JSX","DETECTION_AUTOMATIQUE_NON_REVUE; imports candidats ≠ visibilité prouvée","À INVENTORIER","NON EXÉCUTÉ","","83f8c74e","83f8c74ea83c81a2734ef9e086c2edd211573ebe"
"FRM-e8c760612161","admin | collector | comptoir | dgmg | owner | sonasp","artisan-minier","/artisan-minier/:id | /artisan-minier/cartes/expirations | /artisan-minier/cartes/suivi | /artisan-minier/cartes/validation","FORMULAIRE_HTML","Enregistrer les droits d’affiliation","src/components/artisan/AffiliationPaymentPanel.tsx:454","src/components/artisan/AffiliationPaymentPanel.tsx","{async (e) => { e.preventDefault(); if (!file || busy) return; const data = new FormData(e.currentTarget); const ok = await run(async () => { const proof = await affiliationService.uploadPaymentProof( file, droit.id, id, ); await affiliationService.recordReceipt({ p_id: id, p_droit: droit.id, p_montant: Number(data.get(""amount"")), p_reference: String(data.get(""reference"")), p_mode: String(data.get(""mode"")), p_date: String(data.get(""date"")), p_annee: Number(droit.debut.slice(0, 4)), p_lieu: String(data.get(""place"")), p_preuve: proof.path, }); }, ""Paiement et preuve enregistrés. Un autre agent habilité peut confirmer le règlement.""); if (ok) onSaved(); }}","","Hérite du contexte route candidat; conditions internes à relire; serveur non testé","NON_INSPECTE_EN_UI","Lot artisans et affiliations","Master §§7–14 et annexe A : champs/actions existants, erreurs explicites, contexte autorisé, responsive, persistance et audit indépendants","AST_JSX","DETECTION_AUTOMATIQUE_NON_REVUE; imports candidats ≠ visibilité prouvée","À INVENTORIER","NON EXÉCUTÉ","","83f8c74e","83f8c74ea83c81a2734ef9e086c2edd211573ebe"
"FRM-ee54e0f7befc","admin | owner | sonasp","artisan-minier","/artisan-minier/cartes/expirations | /artisan-minier/cartes/suivi | /artisan-minier/cartes/validation","FORMULAIRE_HTML","form","src/pages/artisan-minier/AffiliationsCartes.tsx:1206","src/pages/artisan-minier/AffiliationsCartes.tsx","{async (e) => { e.preventDefault(); if (busy) return; const form = e.currentTarget; const data = new FormData(form); setBusy(true); setError(""""); try { await affiliationService.configureTariff({ p_id: key, p_libelle: String(data.get(""label"")), p_role: String(data.get(""role"")), p_montant: Number(data.get(""amount"")), p_devise: String(data.get(""currency"")).toUpperCase(), p_duree: Number(data.get(""duration"")), p_fuseau: String(data.get(""timezone"")), p_alerte: Number(data.get(""alert"")), }); setTariffs(await affiliationService.tariffs()); setKey(crypto.randomUUID()); form.reset(); } catch (reason) { setError(messageErreurUtilisateur(reason)); } finally { setBusy(false); } }}","src/pages/artisan-minier/AffiliationsCartes.tsx:121 hasSensitiveCapability( user, CAPABILITIES.PLATFORM_SETTINGS_MANAGE, ) | src/pages/artisan-minier/AffiliationsCartes.tsx:125 hasSensitiveCapability( user, CAPABILITIES.ARTISAN_MEMBERSHIP_MANAGE, ) | src/pages/artisan-minier/AffiliationsCartes.tsx:131 hasSensitiveCapability(user, CAPABILITIES.ARTISAN_CARDS_MANAGE)","Hérite du contexte route candidat; conditions internes à relire; serveur non testé","NON_INSPECTE_EN_UI","Lot artisans et affiliations","Master §§7–14 et annexe A : champs/actions existants, erreurs explicites, contexte autorisé, responsive, persistance et audit indépendants","AST_JSX","DETECTION_AUTOMATIQUE_NON_REVUE; imports candidats ≠ visibilité prouvée","À INVENTORIER","NON EXÉCUTÉ","","83f8c74e","83f8c74ea83c81a2734ef9e086c2edd211573ebe"
"FRM-ef7490f3098d","admin | collector | comptoir | dgmg | owner | sonasp","artisan-minier","/artisan-minier/:id | /artisan-minier/cartes/expirations | /artisan-minier/cartes/suivi | /artisan-minier/cartes/validation","FORMULAIRE_HTML","form","src/components/artisan/AffiliationPaymentPanel.tsx:203","src/components/artisan/AffiliationPaymentPanel.tsx","{(e) => { e.preventDefault(); const data = new FormData(e.currentTarget); void run( () => affiliationService.reviewReceipt( receipt.id, String(data.get(""state"")), String(data.get(""reason"")), ), ""Révision de l’encaissement enregistrée. Le statut de la carte a été recalculé."", ); }}","","Hérite du contexte route candidat; conditions internes à relire; serveur non testé","NON_INSPECTE_EN_UI","Lot artisans et affiliations","Master §§7–14 et annexe A : champs/actions existants, erreurs explicites, contexte autorisé, responsive, persistance et audit indépendants","AST_JSX","DETECTION_AUTOMATIQUE_NON_REVUE; imports candidats ≠ visibilité prouvée","À INVENTORIER","NON EXÉCUTÉ","","83f8c74e","83f8c74ea83c81a2734ef9e086c2edd211573ebe"
"FRM-fd1a9749d8b6","admin | owner | sonasp","public-et-alias","/sonasp/cessions-comptoirs","FORMULAIRE_HTML","{actionError && <p className=""comptoir-form-error"" role=""alert"">{actionError}</p>}","src/pages/comptoir/SonaspComptoirSalesInboxPage.tsx:243","src/pages/comptoir/SonaspComptoirSalesInboxPage.tsx","{submitDecision}","src/pages/comptoir/SonaspComptoirSalesInboxPage.tsx:76 hasCapability(user, CAPABILITIES.SONASP_APPROVE) | src/pages/comptoir/SonaspComptoirSalesInboxPage.tsx:77 hasCapability(user, CAPABILITIES.FINANCE_EXECUTE)","Hérite du contexte route candidat; conditions internes à relire; serveur non testé","NON_INSPECTE_EN_UI","Lot public-et-alias","Master §§7–14 et annexe A : champs/actions existants, erreurs explicites, contexte autorisé, responsive, persistance et audit indépendants","AST_JSX","DETECTION_AUTOMATIQUE_NON_REVUE; imports candidats ≠ visibilité prouvée","À INVENTORIER","NON EXÉCUTÉ","","83f8c74e","83f8c74ea83c81a2734ef9e086c2edd211573ebe"
"MOD-0e430121e9c0","admin | collector | comptoir | dgi | owner | sonasp","artisan_gold_market","/artisan-minier/ventes-or","MODALE_JSX","confirmation.ConfirmationDialog","src/pages/artisan-minier/VentesOr.tsx:302","src/pages/artisan-minier/VentesOr.tsx","","src/pages/artisan-minier/VentesOr.tsx:133 isComptoirScopedUser(user) | src/pages/artisan-minier/VentesOr.tsx:134 isCollectorScopedUser(user)","Hérite du contexte route candidat; conditions internes à relire; serveur non testé","NON_INSPECTE_EN_UI","Lot marché artisanal et paiements","Master §§7–14 et annexe A : champs/actions existants, erreurs explicites, contexte autorisé, responsive, persistance et audit indépendants","AST_JSX","DETECTION_AUTOMATIQUE_NON_REVUE; imports candidats ≠ visibilité prouvée","À INVENTORIER","NON EXÉCUTÉ","","83f8c74e","83f8c74ea83c81a2734ef9e086c2edd211573ebe"
"MOD-365bef4fcb20","admin | owner | sonasp","artisan-minier","/artisan-minier","MODALE_JSX","Filtres des artisans","src/pages/artisan-minier/ArtisanMinierDashboard.tsx:272","src/pages/artisan-minier/ArtisanMinierDashboard.tsx","","","Hérite du contexte route candidat; conditions internes à relire; serveur non testé","NON_INSPECTE_EN_UI","Lot artisans et affiliations","Master §§7–14 et annexe A : champs/actions existants, erreurs explicites, contexte autorisé, responsive, persistance et audit indépendants","AST_JSX","DETECTION_AUTOMATIQUE_NON_REVUE; imports candidats ≠ visibilité prouvée","À INVENTORIER","NON EXÉCUTÉ","","83f8c74e","83f8c74ea83c81a2734ef9e086c2edd211573ebe"
"MOD-3bb27bfd7eca","admin | owner | sonasp","public-et-alias","/sonasp/cessions-comptoirs","MODALE_JSX","section","src/pages/comptoir/SonaspComptoirSalesInboxPage.tsx:241","src/pages/comptoir/SonaspComptoirSalesInboxPage.tsx","","src/pages/comptoir/SonaspComptoirSalesInboxPage.tsx:76 hasCapability(user, CAPABILITIES.SONASP_APPROVE) | src/pages/comptoir/SonaspComptoirSalesInboxPage.tsx:77 hasCapability(user, CAPABILITIES.FINANCE_EXECUTE)","Hérite du contexte route candidat; conditions internes à relire; serveur non testé","NON_INSPECTE_EN_UI","Lot public-et-alias","Master §§7–14 et annexe A : champs/actions existants, erreurs explicites, contexte autorisé, responsive, persistance et audit indépendants","AST_JSX","DETECTION_AUTOMATIQUE_NON_REVUE; imports candidats ≠ visibilité prouvée","À INVENTORIER","NON EXÉCUTÉ","","83f8c74e","83f8c74ea83c81a2734ef9e086c2edd211573ebe"
"MOD-5013bd8debb2","comptoir | owner","portal-comptoir","/portail-comptoir/ventes-sonasp","MODALE_JSX","section","src/pages/comptoir/ComptoirSonaspSalesPage.tsx:127","src/pages/comptoir/ComptoirSonaspSalesPage.tsx","","","Hérite du contexte route candidat; conditions internes à relire; serveur non testé","NON_INSPECTE_EN_UI","Lot portal-comptoir","Master §§7–14 et annexe A : champs/actions existants, erreurs explicites, contexte autorisé, responsive, persistance et audit indépendants","AST_JSX","DETECTION_AUTOMATIQUE_NON_REVUE; imports candidats ≠ visibilité prouvée","À INVENTORIER","NON EXÉCUTÉ","","83f8c74e","83f8c74ea83c81a2734ef9e086c2edd211573ebe"
"MOD-7917e32ec6e1","admin | collector | comptoir | dgi | owner | sonasp","artisan_gold_market","/artisan-minier/ventes-or","MODALE_JSX","Filtres du registre","src/pages/artisan-minier/VentesOr.tsx:377","src/pages/artisan-minier/VentesOr.tsx","","src/pages/artisan-minier/VentesOr.tsx:133 isComptoirScopedUser(user) | src/pages/artisan-minier/VentesOr.tsx:134 isCollectorScopedUser(user)","Hérite du contexte route candidat; conditions internes à relire; serveur non testé","NON_INSPECTE_EN_UI","Lot marché artisanal et paiements","Master §§7–14 et annexe A : champs/actions existants, erreurs explicites, contexte autorisé, responsive, persistance et audit indépendants","AST_JSX","DETECTION_AUTOMATIQUE_NON_REVUE; imports candidats ≠ visibilité prouvée","À INVENTORIER","NON EXÉCUTÉ","","83f8c74e","83f8c74ea83c81a2734ef9e086c2edd211573ebe"
"MOD-7f7e1c4c1a91","admin | owner | sonasp","artisan-minier","/artisan-minier/cartes/expirations | /artisan-minier/cartes/suivi | /artisan-minier/cartes/validation","MODALE_JSX","Nouvelle affiliation","src/pages/artisan-minier/AffiliationsCartes.tsx:1103","src/pages/artisan-minier/AffiliationsCartes.tsx","","src/pages/artisan-minier/AffiliationsCartes.tsx:121 hasSensitiveCapability( user, CAPABILITIES.PLATFORM_SETTINGS_MANAGE, ) | src/pages/artisan-minier/AffiliationsCartes.tsx:125 hasSensitiveCapability( user, CAPABILITIES.ARTISAN_MEMBERSHIP_MANAGE, ) | src/pages/artisan-minier/AffiliationsCartes.tsx:131 hasSensitiveCapability(user, CAPABILITIES.ARTISAN_CARDS_MANAGE)","Hérite du contexte route candidat; conditions internes à relire; serveur non testé","NON_INSPECTE_EN_UI","Lot artisans et affiliations","Master §§7–14 et annexe A : champs/actions existants, erreurs explicites, contexte autorisé, responsive, persistance et audit indépendants","AST_JSX","DETECTION_AUTOMATIQUE_NON_REVUE; imports candidats ≠ visibilité prouvée","À INVENTORIER","NON EXÉCUTÉ","","83f8c74e","83f8c74ea83c81a2734ef9e086c2edd211573ebe"
"MOD-c49f81ed2ae6","admin | collector | comptoir | dgi | owner | sonasp","artisan_gold_market","/artisan-minier/ventes-or/:id","MODALE_JSX","confirmation.ConfirmationDialog","src/pages/artisan-minier/VenteOrDetails.tsx:225","src/pages/artisan-minier/VenteOrDetails.tsx","","src/pages/artisan-minier/VenteOrDetails.tsx:115 isCollectorScopedUser(user)","Hérite du contexte route candidat; conditions internes à relire; serveur non testé","NON_INSPECTE_EN_UI","Lot marché artisanal et paiements","Master §§7–14 et annexe A : champs/actions existants, erreurs explicites, contexte autorisé, responsive, persistance et audit indépendants","AST_JSX","DETECTION_AUTOMATIQUE_NON_REVUE; imports candidats ≠ visibilité prouvée","À INVENTORIER","NON EXÉCUTÉ","","83f8c74e","83f8c74ea83c81a2734ef9e086c2edd211573ebe"
"MOD-e0fb5e059a9b","admin | owner | sonasp","artisan-minier","/artisan-minier/cartes/expirations | /artisan-minier/cartes/suivi | /artisan-minier/cartes/validation","MODALE_JSX","NewAffiliationDialog","src/pages/artisan-minier/AffiliationsCartes.tsx:1000","src/pages/artisan-minier/AffiliationsCartes.tsx","{(id) => openDossier( id, current.find((card) => card.artisan_id === id)?.id, ) }","src/pages/artisan-minier/AffiliationsCartes.tsx:121 hasSensitiveCapability( user, CAPABILITIES.PLATFORM_SETTINGS_MANAGE, ) | src/pages/artisan-minier/AffiliationsCartes.tsx:125 hasSensitiveCapability( user, CAPABILITIES.ARTISAN_MEMBERSHIP_MANAGE, ) | src/pages/artisan-minier/AffiliationsCartes.tsx:131 hasSensitiveCapability(user, CAPABILITIES.ARTISAN_CARDS_MANAGE)","Hérite du contexte route candidat; conditions internes à relire; serveur non testé","NON_INSPECTE_EN_UI","Lot artisans et affiliations","Master §§7–14 et annexe A : champs/actions existants, erreurs explicites, contexte autorisé, responsive, persistance et audit indépendants","AST_JSX","DETECTION_AUTOMATIQUE_NON_REVUE; imports candidats ≠ visibilité prouvée","À INVENTORIER","NON EXÉCUTÉ","","83f8c74e","83f8c74ea83c81a2734ef9e086c2edd211573ebe"
"MOD-f5d7bd2b8def","admin | collector | comptoir | owner | sonasp","artisan_gold_market","/artisan-minier/paiements/historique/:paiementId","MODALE_JSX","confirmation.ConfirmationDialog","src/pages/artisan-minier/PaiementDetails.tsx:465","src/pages/artisan-minier/PaiementDetails.tsx","","src/pages/artisan-minier/PaiementDetails.tsx:181 isCollectorScopedUser(user) | src/pages/artisan-minier/PaiementDetails.tsx:183 hasSensitiveCapability(user, CAPABILITIES.COLLECTOR_PAYMENTS_EXECUTE) | src/pages/artisan-minier/PaiementDetails.tsx:184 hasSensitiveCapability(user, CAPABILITIES.COMPTOIR_PAYMENTS_EXECUTE) | src/pages/artisan-minier/PaiementDetails.tsx:184 hasSensitiveCapability(user, CAPABILITIES.FINANCE_EXECUTE) | src/pages/artisan-minier/PaiementDetails.tsx:185 hasSensitiveCapability(user, CAPABILITIES.COMPTOIR_PAYMENTS_RECONCILE) | src/pages/artisan-minier/PaiementDetails.tsx:186 hasSensitiveCapability(user, CAPABILITIES.FINANCE_RECONCILE)","Hérite du contexte route candidat; conditions internes à relire; serveur non testé","NON_INSPECTE_EN_UI","Lot marché artisanal et paiements","Master §§7–14 et annexe A : champs/actions existants, erreurs explicites, contexte autorisé, responsive, persistance et audit indépendants","AST_JSX","DETECTION_AUTOMATIQUE_NON_REVUE; imports candidats ≠ visibilité prouvée","À INVENTORIER","NON EXÉCUTÉ","","83f8c74e","83f8c74ea83c81a2734ef9e086c2edd211573ebe"
"MOD-fd4eed2b56c8","admin | collector | comptoir | owner | sonasp","artisan_gold_market","/artisan-minier/paiements/:venteId/nouveau","MODALE_JSX","confirmation.ConfirmationDialog","src/pages/artisan-minier/PaiementForm.tsx:473","src/pages/artisan-minier/PaiementForm.tsx","","src/pages/artisan-minier/PaiementForm.tsx:242 isCollectorScopedUser(user) | src/pages/artisan-minier/PaiementForm.tsx:243 hasSensitiveCapability(user, CAPABILITIES.COLLECTOR_PAYMENTS_EXECUTE) | src/pages/artisan-minier/PaiementForm.tsx:244 hasSensitiveCapability(user, CAPABILITIES.COMPTOIR_PAYMENTS_EXECUTE) | src/pages/artisan-minier/PaiementForm.tsx:244 hasSensitiveCapability(user, CAPABILITIES.FINANCE_EXECUTE)","Hérite du contexte route candidat; conditions internes à relire; serveur non testé","NON_INSPECTE_EN_UI","Lot marché artisanal et paiements","Master §§7–14 et annexe A : champs/actions existants, erreurs explicites, contexte autorisé, responsive, persistance et audit indépendants","AST_JSX","DETECTION_AUTOMATIQUE_NON_REVUE; imports candidats ≠ visibilité prouvée","À INVENTORIER","NON EXÉCUTÉ","","83f8c74e","83f8c74ea83c81a2734ef9e086c2edd211573ebe"
"NAV-008ff3a8cc41","dgmg | sonasp","mining_sites","/artisan-sites","ENTREE_MENU","Registre des sites","src/components/layout/sidebarNavigation.ts:616","src/components/layout/sidebarNavigation.ts","Navigation; filtrage de visibilité à tester avec profil réel","getNavigationSectionsForUser → canAccessPrivateRoute; disponibilité module et sous-module","{""route"":""/artisan-sites"",""roles"":[""management"",""dgmg""],""accountTypes"":[""sonasp"",""dgmg""],""capabilities"":[],""readOnly"":true,""national"":false}","NON_INSPECTE_EN_UI","Lot sites artisanaux","Annexe A.5 : menus réels, libellés, état actif, clavier, contexte","AST_MENU_LITERAL","DETECTION_AUTOMATIQUE_NON_REVUE","À INVENTORIER","NON EXÉCUTÉ","","83f8c74e","83f8c74ea83c81a2734ef9e086c2edd211573ebe"
"NAV-05ca7fb2483e","collector | comptoir | dgi | sonasp","artisan_gold_market","/artisan-minier/ventes-or","ENTREE_MENU","Registre des achats","src/components/layout/sidebarNavigation.ts:457","src/components/layout/sidebarNavigation.ts","Navigation; filtrage de visibilité à tester avec profil réel","getNavigationSectionsForUser → canAccessPrivateRoute; disponibilité module et sous-module","{""route"":""/artisan-minier/ventes-or"",""roles"":[""management"",""customer"",""dgi""],""accountTypes"":[""sonasp"",""comptoir"",""collector"",""dgi""],""capabilities"":[],""readOnly"":true,""national"":false}","NON_INSPECTE_EN_UI","Lot marché artisanal et paiements","Annexe A.5 : menus réels, libellés, état actif, clavier, contexte","AST_MENU_LITERAL","DETECTION_AUTOMATIQUE_NON_REVUE","À INVENTORIER","NON EXÉCUTÉ","","83f8c74e","83f8c74ea83c81a2734ef9e086c2edd211573ebe"
"NAV-071733309a3b","comptoir","portal-comptoir","/portail-comptoir/ventes-sonasp","ENTREE_MENU","Cessions à la SONASP","src/components/layout/sidebarNavigation.ts:504","src/components/layout/sidebarNavigation.ts","Navigation; filtrage de visibilité à tester avec profil réel","getNavigationSectionsForUser → canAccessPrivateRoute; disponibilité module et sous-module","{""route"":""/portail-comptoir/ventes-sonasp"",""roles"":[""comptoir"",""customer""],""accountTypes"":[""comptoir""],""capabilities"":[""comptoir.manage""],""readOnly"":false,""national"":false}","NON_INSPECTE_EN_UI","Lot portal-comptoir","Annexe A.5 : menus réels, libellés, état actif, clavier, contexte","AST_MENU_LITERAL","DETECTION_AUTOMATIQUE_NON_REVUE","À INVENTORIER","NON EXÉCUTÉ","","83f8c74e","83f8c74ea83c81a2734ef9e086c2edd211573ebe"
"NAV-095d6ac7a032","dgmg | sonasp","mining_sites","/artisan-sites/production","ENTREE_MENU","Productions","src/components/layout/sidebarNavigation.ts:136","src/components/layout/sidebarNavigation.ts","Navigation; filtrage de visibilité à tester avec profil réel","getNavigationSectionsForUser → canAccessPrivateRoute; disponibilité module et sous-module","{""route"":""/artisan-sites/production"",""roles"":[""management"",""dgmg""],""accountTypes"":[""sonasp"",""dgmg""],""capabilities"":[],""readOnly"":true,""national"":false}","NON_INSPECTE_EN_UI","Lot sites artisanaux","Annexe A.5 : menus réels, libellés, état actif, clavier, contexte","AST_MENU_LITERAL","DETECTION_AUTOMATIQUE_NON_REVUE","À INVENTORIER","NON EXÉCUTÉ","","83f8c74e","83f8c74ea83c81a2734ef9e086c2edd211573ebe"
"NAV-0c5c460d85cc","collector | comptoir | dgi | sonasp","artisan_gold_market","/artisan-minier/ventes-or","ENTREE_MENU","Ventes déclarées","src/components/layout/sidebarNavigation.ts:633","src/components/layout/sidebarNavigation.ts","Navigation; filtrage de visibilité à tester avec profil réel","getNavigationSectionsForUser → canAccessPrivateRoute; disponibilité module et sous-module","{""route"":""/artisan-minier/ventes-or"",""roles"":[""management"",""customer"",""dgi""],""accountTypes"":[""sonasp"",""comptoir"",""collector"",""dgi""],""capabilities"":[],""readOnly"":true,""national"":false}","NON_INSPECTE_EN_UI","Lot marché artisanal et paiements","Annexe A.5 : menus réels, libellés, état actif, clavier, contexte","AST_MENU_LITERAL","DETECTION_AUTOMATIQUE_NON_REVUE","À INVENTORIER","NON EXÉCUTÉ","","83f8c74e","83f8c74ea83c81a2734ef9e086c2edd211573ebe"
"NAV-0d82c17da754","admin | dgmg | owner","artisan-minier","/artisan-minier/comptoirs","ENTREE_MENU","Comptoirs","src/components/layout/sidebarNavigation.ts:150","src/components/layout/sidebarNavigation.ts","Navigation; filtrage de visibilité à tester avec profil réel","getNavigationSectionsForUser → canAccessPrivateRoute; disponibilité module et sous-module","{""route"":""/artisan-minier/comptoirs"",""roles"":[""owner"",""admin"",""dgmg""],""accountTypes"":[""owner"",""admin"",""dgmg""],""capabilities"":[],""readOnly"":false,""national"":false}","NON_INSPECTE_EN_UI","Lot artisans et affiliations","Annexe A.5 : menus réels, libellés, état actif, clavier, contexte","AST_MENU_LITERAL","DETECTION_AUTOMATIQUE_NON_REVUE","À INVENTORIER","NON EXÉCUTÉ","","83f8c74e","83f8c74ea83c81a2734ef9e086c2edd211573ebe"
"NAV-0dce0dd8a3d8","sonasp","artisan-minier","/artisan-minier/cartes/suivi","ENTREE_MENU","Affiliations & Cartes","src/components/layout/sidebarNavigation.ts:151","src/components/layout/sidebarNavigation.ts","Navigation; filtrage de visibilité à tester avec profil réel","getNavigationSectionsForUser → canAccessPrivateRoute; disponibilité module et sous-module","{""route"":""/artisan-minier/cartes/suivi"",""roles"":[""management""],""accountTypes"":[""sonasp""],""capabilities"":[],""readOnly"":false,""national"":true}","NON_INSPECTE_EN_UI","Lot artisans et affiliations","Annexe A.5 : menus réels, libellés, état actif, clavier, contexte","AST_MENU_LITERAL","DETECTION_AUTOMATIQUE_NON_REVUE","À INVENTORIER","NON EXÉCUTÉ","","83f8c74e","83f8c74ea83c81a2734ef9e086c2edd211573ebe"
"NAV-128e7937d32b","comptoir","portal-comptoir","/portail-comptoir/stock","ENTREE_MENU","Stock d’or","src/components/layout/sidebarNavigation.ts:496","src/components/layout/sidebarNavigation.ts","Navigation; filtrage de visibilité à tester avec profil réel","getNavigationSectionsForUser → canAccessPrivateRoute; disponibilité module et sous-module","{""route"":""/portail-comptoir/stock"",""roles"":[""comptoir"",""customer""],""accountTypes"":[""comptoir""],""capabilities"":[""comptoir.manage""],""readOnly"":false,""national"":false}","NON_INSPECTE_EN_UI","Lot portal-comptoir","Annexe A.5 : menus réels, libellés, état actif, clavier, contexte","AST_MENU_LITERAL","DETECTION_AUTOMATIQUE_NON_REVUE","À INVENTORIER","NON EXÉCUTÉ","","83f8c74e","83f8c74ea83c81a2734ef9e086c2edd211573ebe"
"NAV-1960b7de951b","sonasp","artisan-minier","/artisan-minier/cartes/validation","ENTREE_MENU","Validation des cartes","src/components/layout/sidebarNavigation.ts:152","src/components/layout/sidebarNavigation.ts","Navigation; filtrage de visibilité à tester avec profil réel","getNavigationSectionsForUser → canAccessPrivateRoute; disponibilité module et sous-module","{""route"":""/artisan-minier/cartes/validation"",""roles"":[""management""],""accountTypes"":[""sonasp""],""capabilities"":[],""readOnly"":false,""national"":true}","NON_INSPECTE_EN_UI","Lot artisans et affiliations","Annexe A.5 : menus réels, libellés, état actif, clavier, contexte","AST_MENU_LITERAL","DETECTION_AUTOMATIQUE_NON_REVUE","À INVENTORIER","NON EXÉCUTÉ","","83f8c74e","83f8c74ea83c81a2734ef9e086c2edd211573ebe"
"NAV-1a0115492dbd","collector | comptoir | sonasp","artisan_gold_market","/artisan-minier/paiements/historique","ENTREE_MENU","Historique des paiements","src/components/layout/sidebarNavigation.ts:486","src/components/layout/sidebarNavigation.ts","Navigation; filtrage de visibilité à tester avec profil réel","getNavigationSectionsForUser → canAccessPrivateRoute; disponibilité module et sous-module","{""route"":""/artisan-minier/paiements/historique"",""roles"":[""management"",""customer""],""accountTypes"":[""sonasp"",""comptoir"",""collector""],""capabilities"":[],""readOnly"":true,""national"":false}","NON_INSPECTE_EN_UI","Lot marché artisanal et paiements","Annexe A.5 : menus réels, libellés, état actif, clavier, contexte","AST_MENU_LITERAL","DETECTION_AUTOMATIQUE_NON_REVUE","À INVENTORIER","NON EXÉCUTÉ","","83f8c74e","83f8c74ea83c81a2734ef9e086c2edd211573ebe"
"NAV-2240d321fb12","collector","portal-collector","/portail-collecteur/documents","ENTREE_MENU","Documents","src/components/layout/sidebarNavigation.ts:599","src/components/layout/sidebarNavigation.ts","Navigation; filtrage de visibilité à tester avec profil réel","getNavigationSectionsForUser → canAccessPrivateRoute; disponibilité module et sous-module","{""route"":""/portail-collecteur/documents"",""roles"":[""collector"",""customer""],""accountTypes"":[""collector""],""capabilities"":[""collector.operate""],""readOnly"":true,""national"":false}","NON_INSPECTE_EN_UI","Lot portal-collector","Annexe A.5 : menus réels, libellés, état actif, clavier, contexte","AST_MENU_LITERAL","DETECTION_AUTOMATIQUE_NON_REVUE","À INVENTORIER","NON EXÉCUTÉ","","83f8c74e","83f8c74ea83c81a2734ef9e086c2edd211573ebe"
"NAV-237970d3060c","comptoir | sonasp","artisan_gold_market","/artisan-minier/ventes-or/nouvelle","ENTREE_MENU","Nouvel achat","src/components/layout/sidebarNavigation.ts:459","src/components/layout/sidebarNavigation.ts","Navigation; filtrage de visibilité à tester avec profil réel","getNavigationSectionsForUser → canAccessPrivateRoute; disponibilité module et sous-module","{""route"":""/artisan-minier/ventes-or/nouvelle"",""roles"":[""management"",""customer""],""accountTypes"":[""sonasp"",""comptoir""],""capabilities"":[],""readOnly"":false,""national"":false}","NON_INSPECTE_EN_UI","Lot marché artisanal et paiements","Annexe A.5 : menus réels, libellés, état actif, clavier, contexte","AST_MENU_LITERAL","DETECTION_AUTOMATIQUE_NON_REVUE","À INVENTORIER","NON EXÉCUTÉ","","83f8c74e","83f8c74ea83c81a2734ef9e086c2edd211573ebe"
"NAV-26662e5de902","comptoir | sonasp","artisan_gold_market","/artisan-minier/paiements","ENTREE_MENU","DGI et paiements","src/components/layout/sidebarNavigation.ts:477","src/components/layout/sidebarNavigation.ts","Navigation; filtrage de visibilité à tester avec profil réel","getNavigationSectionsForUser → canAccessPrivateRoute; disponibilité module et sous-module","{""route"":""/artisan-minier/paiements"",""roles"":[""management"",""customer""],""accountTypes"":[""sonasp"",""comptoir""],""capabilities"":[],""readOnly"":true,""national"":false}","NON_INSPECTE_EN_UI","Lot marché artisanal et paiements","Annexe A.5 : menus réels, libellés, état actif, clavier, contexte","AST_MENU_LITERAL","DETECTION_AUTOMATIQUE_NON_REVUE","À INVENTORIER","NON EXÉCUTÉ","","83f8c74e","83f8c74ea83c81a2734ef9e086c2edd211573ebe"
"NAV-33142ced98c2","admin | collector | comptoir | dgmg | owner | sonasp","artisan_gold_market","/collecte/ventes","ENTREE_MENU","Registre des collectes","src/components/layout/sidebarNavigation.ts:561","src/components/layout/sidebarNavigation.ts","Navigation; filtrage de visibilité à tester avec profil réel","getNavigationSectionsForUser → canAccessPrivateRoute; disponibilité module et sous-module","{""route"":""/collecte/ventes"",""roles"":[""owner"",""admin"",""dgmg"",""management"",""comptoir"",""collector"",""customer""],""accountTypes"":[""owner"",""admin"",""dgmg"",""sonasp"",""comptoir"",""collector""],""capabilities"":[],""readOnly"":false,""national"":false}","NON_INSPECTE_EN_UI","Lot marché artisanal et paiements","Annexe A.5 : menus réels, libellés, état actif, clavier, contexte","AST_MENU_LITERAL","DETECTION_AUTOMATIQUE_NON_REVUE","À INVENTORIER","NON EXÉCUTÉ","","83f8c74e","83f8c74ea83c81a2734ef9e086c2edd211573ebe"
"NAV-3b5eea4ce9cd","collector | comptoir | sonasp","artisan_gold_market","/artisan-minier/paiements/historique","ENTREE_MENU","Paiements","src/components/layout/sidebarNavigation.ts:236","src/components/layout/sidebarNavigation.ts","Navigation; filtrage de visibilité à tester avec profil réel","getNavigationSectionsForUser → canAccessPrivateRoute; disponibilité module et sous-module","{""route"":""/artisan-minier/paiements/historique"",""roles"":[""management"",""customer""],""accountTypes"":[""sonasp"",""comptoir"",""collector""],""capabilities"":[],""readOnly"":true,""national"":false}","NON_INSPECTE_EN_UI","Lot marché artisanal et paiements","Annexe A.5 : menus réels, libellés, état actif, clavier, contexte","AST_MENU_LITERAL","DETECTION_AUTOMATIQUE_NON_REVUE","À INVENTORIER","NON EXÉCUTÉ","","83f8c74e","83f8c74ea83c81a2734ef9e086c2edd211573ebe"
"NAV-3ef2d70c86e5","comptoir | sonasp","artisan_gold_market","/artisan-minier/rapports/chiffre-affaires","ENTREE_MENU","Chiffre d’affaires","src/components/layout/sidebarNavigation.ts:528","src/components/layout/sidebarNavigation.ts","Navigation; filtrage de visibilité à tester avec profil réel","getNavigationSectionsForUser → canAccessPrivateRoute; disponibilité module et sous-module","{""route"":""/artisan-minier/rapports/chiffre-affaires"",""roles"":[""management"",""customer""],""accountTypes"":[""sonasp"",""comptoir""],""capabilities"":[],""readOnly"":true,""national"":false}","NON_INSPECTE_EN_UI","Lot marché artisanal et paiements","Annexe A.5 : menus réels, libellés, état actif, clavier, contexte","AST_MENU_LITERAL","DETECTION_AUTOMATIQUE_NON_REVUE","À INVENTORIER","NON EXÉCUTÉ","","83f8c74e","83f8c74ea83c81a2734ef9e086c2edd211573ebe"
"NAV-43db09628f4e","comptoir | sonasp","artisan_gold_market","/artisan-minier/rapports","ENTREE_MENU","Rapports et analyses","src/components/layout/sidebarNavigation.ts:518","src/components/layout/sidebarNavigation.ts","Navigation; filtrage de visibilité à tester avec profil réel","getNavigationSectionsForUser → canAccessPrivateRoute; disponibilité module et sous-module","{""route"":""/artisan-minier/rapports"",""roles"":[""management"",""customer""],""accountTypes"":[""sonasp"",""comptoir""],""capabilities"":[],""readOnly"":true,""national"":false}","NON_INSPECTE_EN_UI","Lot marché artisanal et paiements","Annexe A.5 : menus réels, libellés, état actif, clavier, contexte","AST_MENU_LITERAL","DETECTION_AUTOMATIQUE_NON_REVUE","À INVENTORIER","NON EXÉCUTÉ","","83f8c74e","83f8c74ea83c81a2734ef9e086c2edd211573ebe"
"NAV-48130dee52c7","collector | comptoir | dgi | sonasp","artisan_gold_market","/artisan-minier/rapports/taxes","ENTREE_MENU","Taxes et retenues","src/components/layout/sidebarNavigation.ts:591","src/components/layout/sidebarNavigation.ts","Navigation; filtrage de visibilité à tester avec profil réel","getNavigationSectionsForUser → canAccessPrivateRoute; disponibilité module et sous-module","{""route"":""/artisan-minier/rapports/taxes"",""roles"":[""management"",""customer"",""dgi""],""accountTypes"":[""sonasp"",""comptoir"",""collector"",""dgi""],""capabilities"":[],""readOnly"":true,""national"":false}","NON_INSPECTE_EN_UI","Lot marché artisanal et paiements","Annexe A.5 : menus réels, libellés, état actif, clavier, contexte","AST_MENU_LITERAL","DETECTION_AUTOMATIQUE_NON_REVUE","À INVENTORIER","NON EXÉCUTÉ","","83f8c74e","83f8c74ea83c81a2734ef9e086c2edd211573ebe"
"NAV-4f008d3c66d7","admin | collector | comptoir | dgmg | owner | sonasp","artisan-minier","/artisan-minier/collecteurs","ENTREE_MENU","Collecteurs","src/components/layout/sidebarNavigation.ts:470","src/components/layout/sidebarNavigation.ts","Navigation; filtrage de visibilité à tester avec profil réel","getNavigationSectionsForUser → canAccessPrivateRoute; disponibilité module et sous-module","{""route"":""/artisan-minier/collecteurs"",""roles"":[""owner"",""admin"",""dgmg"",""management"",""comptoir"",""collector"",""customer""],""accountTypes"":[""owner"",""admin"",""dgmg"",""sonasp"",""comptoir"",""collector""],""capabilities"":[],""readOnly"":true,""national"":false}","NON_INSPECTE_EN_UI","Lot artisans et affiliations","Annexe A.5 : menus réels, libellés, état actif, clavier, contexte","AST_MENU_LITERAL","DETECTION_AUTOMATIQUE_NON_REVUE","À INVENTORIER","NON EXÉCUTÉ","","83f8c74e","83f8c74ea83c81a2734ef9e086c2edd211573ebe"
"NAV-5c58fe1d11cf","collector | comptoir | dgi | sonasp","artisan_gold_market","/artisan-minier/ventes-or","ENTREE_MENU","Achat d’or local","src/components/layout/sidebarNavigation.ts:235","src/components/layout/sidebarNavigation.ts","Navigation; filtrage de visibilité à tester avec profil réel","getNavigationSectionsForUser → canAccessPrivateRoute; disponibilité module et sous-module","{""route"":""/artisan-minier/ventes-or"",""roles"":[""management"",""customer"",""dgi""],""accountTypes"":[""sonasp"",""comptoir"",""collector"",""dgi""],""capabilities"":[],""readOnly"":true,""national"":false}","NON_INSPECTE_EN_UI","Lot marché artisanal et paiements","Annexe A.5 : menus réels, libellés, état actif, clavier, contexte","AST_MENU_LITERAL","DETECTION_AUTOMATIQUE_NON_REVUE","À INVENTORIER","NON EXÉCUTÉ","","83f8c74e","83f8c74ea83c81a2734ef9e086c2edd211573ebe"
"NAV-5dbaf4b0156f","collector | comptoir | dgmg | sonasp","artisan-minier","/artisan-minier/liste","ENTREE_MENU","Artisans et opérateurs","src/components/layout/sidebarNavigation.ts:617","src/components/layout/sidebarNavigation.ts","Navigation; filtrage de visibilité à tester avec profil réel","getNavigationSectionsForUser → canAccessPrivateRoute; disponibilité module et sous-module","{""route"":""/artisan-minier/liste"",""roles"":[""management"",""customer"",""dgmg""],""accountTypes"":[""sonasp"",""comptoir"",""collector"",""dgmg""],""capabilities"":[],""readOnly"":true,""national"":false}","NON_INSPECTE_EN_UI","Lot artisans et affiliations","Annexe A.5 : menus réels, libellés, état actif, clavier, contexte","AST_MENU_LITERAL","DETECTION_AUTOMATIQUE_NON_REVUE","À INVENTORIER","NON EXÉCUTÉ","","83f8c74e","83f8c74ea83c81a2734ef9e086c2edd211573ebe"
"NAV-5e243b2cf585","collector | comptoir | dgi | sonasp","artisan_gold_market","/artisan-minier/rapports/taxes","ENTREE_MENU","Taxes collectées","src/components/layout/sidebarNavigation.ts:487","src/components/layout/sidebarNavigation.ts","Navigation; filtrage de visibilité à tester avec profil réel","getNavigationSectionsForUser → canAccessPrivateRoute; disponibilité module et sous-module","{""route"":""/artisan-minier/rapports/taxes"",""roles"":[""management"",""customer"",""dgi""],""accountTypes"":[""sonasp"",""comptoir"",""collector"",""dgi""],""capabilities"":[],""readOnly"":true,""national"":false}","NON_INSPECTE_EN_UI","Lot marché artisanal et paiements","Annexe A.5 : menus réels, libellés, état actif, clavier, contexte","AST_MENU_LITERAL","DETECTION_AUTOMATIQUE_NON_REVUE","À INVENTORIER","NON EXÉCUTÉ","","83f8c74e","83f8c74ea83c81a2734ef9e086c2edd211573ebe"
"NAV-60bbb2b9020e","sonasp","artisan-minier","/artisan-minier","ENTREE_MENU","Vue d'ensemble","src/components/layout/sidebarNavigation.ts:147","src/components/layout/sidebarNavigation.ts","Navigation; filtrage de visibilité à tester avec profil réel","getNavigationSectionsForUser → canAccessPrivateRoute; disponibilité module et sous-module","{""route"":""/artisan-minier"",""roles"":[""management""],""accountTypes"":[""sonasp""],""capabilities"":[],""readOnly"":false,""national"":true}","NON_INSPECTE_EN_UI","Lot artisans et affiliations","Annexe A.5 : menus réels, libellés, état actif, clavier, contexte","AST_MENU_LITERAL","DETECTION_AUTOMATIQUE_NON_REVUE","À INVENTORIER","NON EXÉCUTÉ","","83f8c74e","83f8c74ea83c81a2734ef9e086c2edd211573ebe"
"NAV-65dece7d791f","collector | comptoir | dgi | sonasp","artisan_gold_market","/artisan-minier/ventes-or","ENTREE_MENU","Achats d’or","src/components/layout/sidebarNavigation.ts:449","src/components/layout/sidebarNavigation.ts","Navigation; filtrage de visibilité à tester avec profil réel","getNavigationSectionsForUser → canAccessPrivateRoute; disponibilité module et sous-module","{""route"":""/artisan-minier/ventes-or"",""roles"":[""management"",""customer"",""dgi""],""accountTypes"":[""sonasp"",""comptoir"",""collector"",""dgi""],""capabilities"":[],""readOnly"":true,""national"":false}","NON_INSPECTE_EN_UI","Lot marché artisanal et paiements","Annexe A.5 : menus réels, libellés, état actif, clavier, contexte","AST_MENU_LITERAL","DETECTION_AUTOMATIQUE_NON_REVUE","À INVENTORIER","NON EXÉCUTÉ","","83f8c74e","83f8c74ea83c81a2734ef9e086c2edd211573ebe"
"NAV-682cfc842373","collector","portal-collector","/portail-collecteur","ENTREE_MENU","Mon espace","src/components/layout/sidebarNavigation.ts:545","src/components/layout/sidebarNavigation.ts","Navigation; filtrage de visibilité à tester avec profil réel","getNavigationSectionsForUser → canAccessPrivateRoute; disponibilité module et sous-module","{""route"":""/portail-collecteur"",""roles"":[""collector"",""customer""],""accountTypes"":[""collector""],""capabilities"":[""collector.operate""],""readOnly"":true,""national"":false}","NON_INSPECTE_EN_UI","Lot portal-collector","Annexe A.5 : menus réels, libellés, état actif, clavier, contexte","AST_MENU_LITERAL","DETECTION_AUTOMATIQUE_NON_REVUE","À INVENTORIER","NON EXÉCUTÉ","","83f8c74e","83f8c74ea83c81a2734ef9e086c2edd211573ebe"
"NAV-7184ee387760","dgmg | sonasp","mining_sites","/artisan-sites","ENTREE_MENU","Sites artisanaux","src/components/layout/sidebarNavigation.ts:127","src/components/layout/sidebarNavigation.ts","Navigation; filtrage de visibilité à tester avec profil réel","getNavigationSectionsForUser → canAccessPrivateRoute; disponibilité module et sous-module","{""route"":""/artisan-sites"",""roles"":[""management"",""dgmg""],""accountTypes"":[""sonasp"",""dgmg""],""capabilities"":[],""readOnly"":true,""national"":false}","NON_INSPECTE_EN_UI","Lot sites artisanaux","Annexe A.5 : menus réels, libellés, état actif, clavier, contexte","AST_MENU_LITERAL","DETECTION_AUTOMATIQUE_NON_REVUE","À INVENTORIER","NON EXÉCUTÉ","","83f8c74e","83f8c74ea83c81a2734ef9e086c2edd211573ebe"
"NAV-7de2507454c2","collector | comptoir | dgmg | sonasp","artisan-minier","/artisan-minier/liste","ENTREE_MENU","Orpailleurs rattachés","src/components/layout/sidebarNavigation.ts:462","src/components/layout/sidebarNavigation.ts","Navigation; filtrage de visibilité à tester avec profil réel","getNavigationSectionsForUser → canAccessPrivateRoute; disponibilité module et sous-module","{""route"":""/artisan-minier/liste"",""roles"":[""management"",""customer"",""dgmg""],""accountTypes"":[""sonasp"",""comptoir"",""collector"",""dgmg""],""capabilities"":[],""readOnly"":true,""national"":false}","NON_INSPECTE_EN_UI","Lot artisans et affiliations","Annexe A.5 : menus réels, libellés, état actif, clavier, contexte","AST_MENU_LITERAL","DETECTION_AUTOMATIQUE_NON_REVUE","À INVENTORIER","NON EXÉCUTÉ","","83f8c74e","83f8c74ea83c81a2734ef9e086c2edd211573ebe"
"NAV-8b8aeb2b2954","collector | comptoir | dgmg | sonasp","artisan-minier","/artisan-minier/liste","ENTREE_MENU","Artisans miniers","src/components/layout/sidebarNavigation.ts:139","src/components/layout/sidebarNavigation.ts","Navigation; filtrage de visibilité à tester avec profil réel","getNavigationSectionsForUser → canAccessPrivateRoute; disponibilité module et sous-module","{""route"":""/artisan-minier/liste"",""roles"":[""management"",""customer"",""dgmg""],""accountTypes"":[""sonasp"",""comptoir"",""collector"",""dgmg""],""capabilities"":[],""readOnly"":true,""national"":false}","NON_INSPECTE_EN_UI","Lot artisans et affiliations","Annexe A.5 : menus réels, libellés, état actif, clavier, contexte","AST_MENU_LITERAL","DETECTION_AUTOMATIQUE_NON_REVUE","À INVENTORIER","NON EXÉCUTÉ","","83f8c74e","83f8c74ea83c81a2734ef9e086c2edd211573ebe"
"NAV-8e1ff1676fb7","collector | comptoir | dgi | sonasp","artisan_gold_market","/artisan-minier/rapports/taxes","ENTREE_MENU","Taxes et redevances","src/components/layout/sidebarNavigation.ts:641","src/components/layout/sidebarNavigation.ts","Navigation; filtrage de visibilité à tester avec profil réel","getNavigationSectionsForUser → canAccessPrivateRoute; disponibilité module et sous-module","{""route"":""/artisan-minier/rapports/taxes"",""roles"":[""management"",""customer"",""dgi""],""accountTypes"":[""sonasp"",""comptoir"",""collector"",""dgi""],""capabilities"":[],""readOnly"":true,""national"":false}","NON_INSPECTE_EN_UI","Lot marché artisanal et paiements","Annexe A.5 : menus réels, libellés, état actif, clavier, contexte","AST_MENU_LITERAL","DETECTION_AUTOMATIQUE_NON_REVUE","À INVENTORIER","NON EXÉCUTÉ","","83f8c74e","83f8c74ea83c81a2734ef9e086c2edd211573ebe"
"NAV-90b83d60d9e5","comptoir | sonasp","artisan_gold_market","/artisan-minier/paiements","ENTREE_MENU","Factures à traiter","src/components/layout/sidebarNavigation.ts:485","src/components/layout/sidebarNavigation.ts","Navigation; filtrage de visibilité à tester avec profil réel","getNavigationSectionsForUser → canAccessPrivateRoute; disponibilité module et sous-module","{""route"":""/artisan-minier/paiements"",""roles"":[""management"",""customer""],""accountTypes"":[""sonasp"",""comptoir""],""capabilities"":[],""readOnly"":true,""national"":false}","NON_INSPECTE_EN_UI","Lot marché artisanal et paiements","Annexe A.5 : menus réels, libellés, état actif, clavier, contexte","AST_MENU_LITERAL","DETECTION_AUTOMATIQUE_NON_REVUE","À INVENTORIER","NON EXÉCUTÉ","","83f8c74e","83f8c74ea83c81a2734ef9e086c2edd211573ebe"
"NAV-9c1289af3eed","admin | collector | comptoir | dgmg | owner | sonasp","artisan_gold_market","/collecte/ventes","ENTREE_MENU","Ventes des collecteurs","src/components/layout/sidebarNavigation.ts:458","src/components/layout/sidebarNavigation.ts","Navigation; filtrage de visibilité à tester avec profil réel","getNavigationSectionsForUser → canAccessPrivateRoute; disponibilité module et sous-module","{""route"":""/collecte/ventes"",""roles"":[""owner"",""admin"",""dgmg"",""management"",""comptoir"",""collector"",""customer""],""accountTypes"":[""owner"",""admin"",""dgmg"",""sonasp"",""comptoir"",""collector""],""capabilities"":[],""readOnly"":false,""national"":false}","NON_INSPECTE_EN_UI","Lot marché artisanal et paiements","Annexe A.5 : menus réels, libellés, état actif, clavier, contexte","AST_MENU_LITERAL","DETECTION_AUTOMATIQUE_NON_REVUE","À INVENTORIER","NON EXÉCUTÉ","","83f8c74e","83f8c74ea83c81a2734ef9e086c2edd211573ebe"
"NAV-a4f78183d154","collector | comptoir | sonasp","artisan_gold_market","/artisan-minier/paiements/historique","ENTREE_MENU","Paiements","src/components/layout/sidebarNavigation.ts:583","src/components/layout/sidebarNavigation.ts","Navigation; filtrage de visibilité à tester avec profil réel","getNavigationSectionsForUser → canAccessPrivateRoute; disponibilité module et sous-module","{""route"":""/artisan-minier/paiements/historique"",""roles"":[""management"",""customer""],""accountTypes"":[""sonasp"",""comptoir"",""collector""],""capabilities"":[],""readOnly"":true,""national"":false}","NON_INSPECTE_EN_UI","Lot marché artisanal et paiements","Annexe A.5 : menus réels, libellés, état actif, clavier, contexte","AST_MENU_LITERAL","DETECTION_AUTOMATIQUE_NON_REVUE","À INVENTORIER","NON EXÉCUTÉ","","83f8c74e","83f8c74ea83c81a2734ef9e086c2edd211573ebe"
"NAV-a6ff6366ab78","dgmg | sonasp","mining_sites","/artisan-sites","ENTREE_MENU","Vue d'ensemble","src/components/layout/sidebarNavigation.ts:135","src/components/layout/sidebarNavigation.ts","Navigation; filtrage de visibilité à tester avec profil réel","getNavigationSectionsForUser → canAccessPrivateRoute; disponibilité module et sous-module","{""route"":""/artisan-sites"",""roles"":[""management"",""dgmg""],""accountTypes"":[""sonasp"",""dgmg""],""capabilities"":[],""readOnly"":true,""national"":false}","NON_INSPECTE_EN_UI","Lot sites artisanaux","Annexe A.5 : menus réels, libellés, état actif, clavier, contexte","AST_MENU_LITERAL","DETECTION_AUTOMATIQUE_NON_REVUE","À INVENTORIER","NON EXÉCUTÉ","","83f8c74e","83f8c74ea83c81a2734ef9e086c2edd211573ebe"
"NAV-b2d768c064b7","comptoir | sonasp","artisan_gold_market","/artisan-minier/rapports/quantites","ENTREE_MENU","Volumes collectés","src/components/layout/sidebarNavigation.ts:527","src/components/layout/sidebarNavigation.ts","Navigation; filtrage de visibilité à tester avec profil réel","getNavigationSectionsForUser → canAccessPrivateRoute; disponibilité module et sous-module","{""route"":""/artisan-minier/rapports/quantites"",""roles"":[""management"",""customer""],""accountTypes"":[""sonasp"",""comptoir""],""capabilities"":[],""readOnly"":true,""national"":false}","NON_INSPECTE_EN_UI","Lot marché artisanal et paiements","Annexe A.5 : menus réels, libellés, état actif, clavier, contexte","AST_MENU_LITERAL","DETECTION_AUTOMATIQUE_NON_REVUE","À INVENTORIER","NON EXÉCUTÉ","","83f8c74e","83f8c74ea83c81a2734ef9e086c2edd211573ebe"
"NAV-b3455dd4eb6c","comptoir | sonasp","artisan_gold_market","/artisan-minier/paiements","ENTREE_MENU","Vue d’ensemble","src/components/layout/sidebarNavigation.ts:234","src/components/layout/sidebarNavigation.ts","Navigation; filtrage de visibilité à tester avec profil réel","getNavigationSectionsForUser → canAccessPrivateRoute; disponibilité module et sous-module","{""route"":""/artisan-minier/paiements"",""roles"":[""management"",""customer""],""accountTypes"":[""sonasp"",""comptoir""],""capabilities"":[],""readOnly"":true,""national"":false}","NON_INSPECTE_EN_UI","Lot marché artisanal et paiements","Annexe A.5 : menus réels, libellés, état actif, clavier, contexte","AST_MENU_LITERAL","DETECTION_AUTOMATIQUE_NON_REVUE","À INVENTORIER","NON EXÉCUTÉ","","83f8c74e","83f8c74ea83c81a2734ef9e086c2edd211573ebe"
"NAV-bbbaedef7f1f","sonasp","artisan-minier","/artisan-minier/cartes/expirations","ENTREE_MENU","Expirations","src/components/layout/sidebarNavigation.ts:153","src/components/layout/sidebarNavigation.ts","Navigation; filtrage de visibilité à tester avec profil réel","getNavigationSectionsForUser → canAccessPrivateRoute; disponibilité module et sous-module","{""route"":""/artisan-minier/cartes/expirations"",""roles"":[""management""],""accountTypes"":[""sonasp""],""capabilities"":[],""readOnly"":false,""national"":true}","NON_INSPECTE_EN_UI","Lot artisans et affiliations","Annexe A.5 : menus réels, libellés, état actif, clavier, contexte","AST_MENU_LITERAL","DETECTION_AUTOMATIQUE_NON_REVUE","À INVENTORIER","NON EXÉCUTÉ","","83f8c74e","83f8c74ea83c81a2734ef9e086c2edd211573ebe"
"NAV-c203c268189a","comptoir | sonasp","artisan_gold_market","/artisan-minier/rapports","ENTREE_MENU","Vue d’ensemble","src/components/layout/sidebarNavigation.ts:526","src/components/layout/sidebarNavigation.ts","Navigation; filtrage de visibilité à tester avec profil réel","getNavigationSectionsForUser → canAccessPrivateRoute; disponibilité module et sous-module","{""route"":""/artisan-minier/rapports"",""roles"":[""management"",""customer""],""accountTypes"":[""sonasp"",""comptoir""],""capabilities"":[],""readOnly"":true,""national"":false}","NON_INSPECTE_EN_UI","Lot marché artisanal et paiements","Annexe A.5 : menus réels, libellés, état actif, clavier, contexte","AST_MENU_LITERAL","DETECTION_AUTOMATIQUE_NON_REVUE","À INVENTORIER","NON EXÉCUTÉ","","83f8c74e","83f8c74ea83c81a2734ef9e086c2edd211573ebe"
"NAV-c63156f791dc","collector | comptoir | dgmg | sonasp","artisan-minier","/artisan-minier/liste","ENTREE_MENU","Orpailleurs assignés","src/components/layout/sidebarNavigation.ts:553","src/components/layout/sidebarNavigation.ts","Navigation; filtrage de visibilité à tester avec profil réel","getNavigationSectionsForUser → canAccessPrivateRoute; disponibilité module et sous-module","{""route"":""/artisan-minier/liste"",""roles"":[""management"",""customer"",""dgmg""],""accountTypes"":[""sonasp"",""comptoir"",""collector"",""dgmg""],""capabilities"":[],""readOnly"":true,""national"":false}","NON_INSPECTE_EN_UI","Lot artisans et affiliations","Annexe A.5 : menus réels, libellés, état actif, clavier, contexte","AST_MENU_LITERAL","DETECTION_AUTOMATIQUE_NON_REVUE","À INVENTORIER","NON EXÉCUTÉ","","83f8c74e","83f8c74ea83c81a2734ef9e086c2edd211573ebe"
"NAV-ca725ea3d03e","admin | collector | comptoir | dgmg | owner | sonasp","artisan-minier","/artisan-minier/collecteurs","ENTREE_MENU","Collecteurs","src/components/layout/sidebarNavigation.ts:618","src/components/layout/sidebarNavigation.ts","Navigation; filtrage de visibilité à tester avec profil réel","getNavigationSectionsForUser → canAccessPrivateRoute; disponibilité module et sous-module","{""route"":""/artisan-minier/collecteurs"",""roles"":[""owner"",""admin"",""dgmg"",""management"",""comptoir"",""collector"",""customer""],""accountTypes"":[""owner"",""admin"",""dgmg"",""sonasp"",""comptoir"",""collector""],""capabilities"":[],""readOnly"":true,""national"":false}","NON_INSPECTE_EN_UI","Lot artisans et affiliations","Annexe A.5 : menus réels, libellés, état actif, clavier, contexte","AST_MENU_LITERAL","DETECTION_AUTOMATIQUE_NON_REVUE","À INVENTORIER","NON EXÉCUTÉ","","83f8c74e","83f8c74ea83c81a2734ef9e086c2edd211573ebe"
"NAV-d238478de6fe","admin | sonasp","public-et-alias","/sonasp/cessions-comptoirs","ENTREE_MENU","Cessions comptoirs","src/components/layout/sidebarNavigation.ts:658","src/components/layout/sidebarNavigation.ts","Navigation; filtrage de visibilité à tester avec profil réel","getNavigationSectionsForUser → canAccessPrivateRoute; disponibilité module et sous-module","{""route"":""/sonasp/cessions-comptoirs"",""roles"":[""management"",""admin""],""accountTypes"":[""sonasp"",""admin""],""capabilities"":[""sonasp.prepare"",""sonasp.approve"",""sonasp.finance.execute"",""sonasp.finance.reconcile""],""readOnly"":true,""national"":true}","NON_INSPECTE_EN_UI","Lot public-et-alias","Annexe A.5 : menus réels, libellés, état actif, clavier, contexte","AST_MENU_LITERAL","DETECTION_AUTOMATIQUE_NON_REVUE","À INVENTORIER","NON EXÉCUTÉ","","83f8c74e","83f8c74ea83c81a2734ef9e086c2edd211573ebe"
"NAV-d5856fa5f189","collector | comptoir | dgmg | sonasp","artisan-minier","/artisan-minier/liste","ENTREE_MENU","Liste des artisans","src/components/layout/sidebarNavigation.ts:148","src/components/layout/sidebarNavigation.ts","Navigation; filtrage de visibilité à tester avec profil réel","getNavigationSectionsForUser → canAccessPrivateRoute; disponibilité module et sous-module","{""route"":""/artisan-minier/liste"",""roles"":[""management"",""customer"",""dgmg""],""accountTypes"":[""sonasp"",""comptoir"",""collector"",""dgmg""],""capabilities"":[],""readOnly"":true,""national"":false}","NON_INSPECTE_EN_UI","Lot artisans et affiliations","Annexe A.5 : menus réels, libellés, état actif, clavier, contexte","AST_MENU_LITERAL","DETECTION_AUTOMATIQUE_NON_REVUE","À INVENTORIER","NON EXÉCUTÉ","","83f8c74e","83f8c74ea83c81a2734ef9e086c2edd211573ebe"
"NAV-f008791a3f98","collector","portal-collector","/portail-collecteur/stock","ENTREE_MENU","Stock du comptoir","src/components/layout/sidebarNavigation.ts:575","src/components/layout/sidebarNavigation.ts","Navigation; filtrage de visibilité à tester avec profil réel","getNavigationSectionsForUser → canAccessPrivateRoute; disponibilité module et sous-module","{""route"":""/portail-collecteur/stock"",""roles"":[""collector"",""customer""],""accountTypes"":[""collector""],""capabilities"":[""collector.operate""],""readOnly"":true,""national"":false}","NON_INSPECTE_EN_UI","Lot portal-collector","Annexe A.5 : menus réels, libellés, état actif, clavier, contexte","AST_MENU_LITERAL","DETECTION_AUTOMATIQUE_NON_REVUE","À INVENTORIER","NON EXÉCUTÉ","","83f8c74e","83f8c74ea83c81a2734ef9e086c2edd211573ebe"
"NAV-f3b96238a5b0","comptoir | sonasp","artisan_gold_market","/artisan-minier/paiements","ENTREE_MENU","Marché d’or artisanal","src/components/layout/sidebarNavigation.ts:226","src/components/layout/sidebarNavigation.ts","Navigation; filtrage de visibilité à tester avec profil réel","getNavigationSectionsForUser → canAccessPrivateRoute; disponibilité module et sous-module","{""route"":""/artisan-minier/paiements"",""roles"":[""management"",""customer""],""accountTypes"":[""sonasp"",""comptoir""],""capabilities"":[],""readOnly"":true,""national"":false}","NON_INSPECTE_EN_UI","Lot marché artisanal et paiements","Annexe A.5 : menus réels, libellés, état actif, clavier, contexte","AST_MENU_LITERAL","DETECTION_AUTOMATIQUE_NON_REVUE","À INVENTORIER","NON EXÉCUTÉ","","83f8c74e","83f8c74ea83c81a2734ef9e086c2edd211573ebe"
"NAV-f9fd867ce076","admin | collector | comptoir | dgmg | owner | sonasp","artisan-minier","/artisan-minier/collecteurs","ENTREE_MENU","Collecteurs","src/components/layout/sidebarNavigation.ts:149","src/components/layout/sidebarNavigation.ts","Navigation; filtrage de visibilité à tester avec profil réel","getNavigationSectionsForUser → canAccessPrivateRoute; disponibilité module et sous-module","{""route"":""/artisan-minier/collecteurs"",""roles"":[""owner"",""admin"",""dgmg"",""management"",""comptoir"",""collector"",""customer""],""accountTypes"":[""owner"",""admin"",""dgmg"",""sonasp"",""comptoir"",""collector""],""capabilities"":[],""readOnly"":true,""national"":false}","NON_INSPECTE_EN_UI","Lot artisans et affiliations","Annexe A.5 : menus réels, libellés, état actif, clavier, contexte","AST_MENU_LITERAL","DETECTION_AUTOMATIQUE_NON_REVUE","À INVENTORIER","NON EXÉCUTÉ","","83f8c74e","83f8c74ea83c81a2734ef9e086c2edd211573ebe"
