"id","objet_id","portail","module","route","scenario","niveau_preuve","statut","blocage","preuve","responsable"
"REC-ACT-00f9f19098c0","ACT-00f9f19098c0","admin | dgmg | owner | sonasp","mining_sites","/artisan-sites","Qualifier puis exécuter dans les contextes applicables ; variantes et champs à instancier après revue","UI_AUTH_API_DB","NON EXÉCUTÉ","Qualification détaillée et environnement isolé requis","","Lot sites artisanaux"
"REC-ACT-01b289f2161c","ACT-01b289f2161c","admin | dgmg | owner","artisan-minier","/artisan-minier/comptoirs/:id | /artisan-minier/comptoirs/:id/modifier | /artisan-minier/comptoirs/nouveau","Qualifier puis exécuter dans les contextes applicables ; variantes et champs à instancier après revue","UI_AUTH_API_DB","NON EXÉCUTÉ","Qualification détaillée et environnement isolé requis","","Lot artisans et affiliations"
"REC-ACT-02341978b860","ACT-02341978b860","admin | collector | comptoir | dgi | owner | sonasp","artisan_gold_market","/artisan-minier/ventes-or","Qualifier puis exécuter dans les contextes applicables ; variantes et champs à instancier après revue","UI_AUTH_API_DB","NON EXÉCUTÉ","Qualification détaillée et environnement isolé requis","","Lot marché artisanal et paiements"
"REC-ACT-035110c8310b","ACT-035110c8310b","admin | owner | sonasp","public-et-alias","/sonasp/cessions-comptoirs","Qualifier puis exécuter dans les contextes applicables ; variantes et champs à instancier après revue","UI_AUTH_API_DB","NON EXÉCUTÉ","Qualification détaillée et environnement isolé requis","","Lot public-et-alias"
"REC-ACT-056527320985","ACT-056527320985","admin | collector | comptoir | dgmg | owner | sonasp","artisan_gold_market","/collecte/ventes | /collecte/ventes/nouvelle","Qualifier puis exécuter dans les contextes applicables ; variantes et champs à instancier après revue","UI_AUTH_API_DB","NON EXÉCUTÉ","Qualification détaillée et environnement isolé requis","","Lot marché artisanal et paiements"
"REC-ACT-05c0ede7f20a","ACT-05c0ede7f20a","admin | dgmg | owner","artisan-minier","/artisan-minier/comptoirs/:id | /artisan-minier/comptoirs/:id/modifier | /artisan-minier/comptoirs/nouveau","Qualifier puis exécuter dans les contextes applicables ; variantes et champs à instancier après revue","UI_AUTH_API_DB","NON EXÉCUTÉ","Qualification détaillée et environnement isolé requis","","Lot artisans et affiliations"
"REC-ACT-05ef1a1835e3","ACT-05ef1a1835e3","comptoir | owner","portal-comptoir","/portail-comptoir","Qualifier puis exécuter dans les contextes applicables ; variantes et champs à instancier après revue","UI_AUTH_API_DB","NON EXÉCUTÉ","Qualification détaillée et environnement isolé requis","","Lot portal-comptoir"
"REC-ACT-064774d4a0bb","ACT-064774d4a0bb","admin | collector | comptoir | dgmg | owner | sonasp","artisan-minier","/artisan-minier/liste","Qualifier puis exécuter dans les contextes applicables ; variantes et champs à instancier après revue","UI_AUTH_API_DB","NON EXÉCUTÉ","Qualification détaillée et environnement isolé requis","","Lot artisans et affiliations"
"REC-ACT-066c02797d1b","ACT-066c02797d1b","admin | collector | comptoir | dgmg | owner | sonasp","artisan_gold_market","/collecte/ventes | /collecte/ventes/nouvelle","Qualifier puis exécuter dans les contextes applicables ; variantes et champs à instancier après revue","UI_AUTH_API_DB","NON EXÉCUTÉ","Qualification détaillée et environnement isolé requis","","Lot marché artisanal et paiements"
"REC-ACT-06851222095c","ACT-06851222095c","admin | comptoir | owner | sonasp","artisan_gold_market","/artisan-minier/rapports/quantites","Qualifier puis exécuter dans les contextes applicables ; variantes et champs à instancier après revue","UI_AUTH_API_DB","NON EXÉCUTÉ","Qualification détaillée et environnement isolé requis","","Lot marché artisanal et paiements"
"REC-ACT-0693e668d14a","ACT-0693e668d14a","comptoir | owner","portal-comptoir","/portail-comptoir","Qualifier puis exécuter dans les contextes applicables ; variantes et champs à instancier après revue","UI_AUTH_API_DB","NON EXÉCUTÉ","Qualification détaillée et environnement isolé requis","","Lot portal-comptoir"
"REC-ACT-072c160ccc0d","ACT-072c160ccc0d","admin | owner | sonasp","artisan-minier","/artisan-minier","Qualifier puis exécuter dans les contextes applicables ; variantes et champs à instancier après revue","UI_AUTH_API_DB","NON EXÉCUTÉ","Qualification détaillée et environnement isolé requis","","Lot artisans et affiliations"
"REC-ACT-07314094bc89","ACT-07314094bc89","CONSOMMATEUR_NON_RESOLU","TRANSVERSE_OU_ORPHELIN_A_QUALIFIER","","Qualifier puis exécuter dans les contextes applicables ; variantes et champs à instancier après revue","UI_AUTH_API_DB","NON EXÉCUTÉ","Qualification détaillée et environnement isolé requis","","Lot partagé : propriétaire à affecter par orchestrateur"
"REC-ACT-08cfce966818","ACT-08cfce966818","admin | collector | comptoir | owner | sonasp","artisan_gold_market","/artisan-minier/paiements/historique/:paiementId","Qualifier puis exécuter dans les contextes applicables ; variantes et champs à instancier après revue","UI_AUTH_API_DB","NON EXÉCUTÉ","Qualification détaillée et environnement isolé requis","","Lot marché artisanal et paiements"
"REC-ACT-08d2c90bd224","ACT-08d2c90bd224","admin | dgmg | owner","artisan-minier","/artisan-minier/comptoirs/:id | /artisan-minier/comptoirs/:id/modifier | /artisan-minier/comptoirs/nouveau","Qualifier puis exécuter dans les contextes applicables ; variantes et champs à instancier après revue","UI_AUTH_API_DB","NON EXÉCUTÉ","Qualification détaillée et environnement isolé requis","","Lot artisans et affiliations"
"REC-ACT-08f48d117d2d","ACT-08f48d117d2d","admin | collector | comptoir | dgmg | owner | sonasp","artisan-minier","/artisan-minier/:id | /artisan-minier/cartes/expirations | /artisan-minier/cartes/suivi | /artisan-minier/cartes/validation","Qualifier puis exécuter dans les contextes applicables ; variantes et champs à instancier après revue","UI_AUTH_API_DB","NON EXÉCUTÉ","Qualification détaillée et environnement isolé requis","","Lot artisans et affiliations"
"REC-ACT-098a05a0835e","ACT-098a05a0835e","CONSOMMATEUR_NON_RESOLU","TRANSVERSE_OU_ORPHELIN_A_QUALIFIER","","Qualifier puis exécuter dans les contextes applicables ; variantes et champs à instancier après revue","UI_AUTH_API_DB","NON EXÉCUTÉ","Qualification détaillée et environnement isolé requis","","Lot partagé : propriétaire à affecter par orchestrateur"
"REC-ACT-09be8306c1cc","ACT-09be8306c1cc","admin | dgmg | owner","artisan-minier","/artisan-minier/collecteurs/:id/modifier | /artisan-minier/collecteurs/nouveau","Qualifier puis exécuter dans les contextes applicables ; variantes et champs à instancier après revue","UI_AUTH_API_DB","NON EXÉCUTÉ","Qualification détaillée et environnement isolé requis","","Lot artisans et affiliations"
"REC-ACT-0a07ef0475fe","ACT-0a07ef0475fe","admin | owner | sonasp","artisan-minier","/artisan-minier/:artisanId/infractions/:infractionId/modifier | /artisan-minier/:artisanId/infractions/nouvelle","Qualifier puis exécuter dans les contextes applicables ; variantes et champs à instancier après revue","UI_AUTH_API_DB","NON EXÉCUTÉ","Qualification détaillée et environnement isolé requis","","Lot artisans et affiliations"
"REC-ACT-0bc4ddec0570","ACT-0bc4ddec0570","admin | collector | comptoir | dgmg | owner | sonasp","artisan_gold_market","/collecte/ventes | /collecte/ventes/nouvelle","Qualifier puis exécuter dans les contextes applicables ; variantes et champs à instancier après revue","UI_AUTH_API_DB","NON EXÉCUTÉ","Qualification détaillée et environnement isolé requis","","Lot marché artisanal et paiements"
"REC-ACT-0be752f31c3b","ACT-0be752f31c3b","admin | collector | comptoir | dgmg | owner | sonasp","artisan-minier","/artisan-minier/:id","Qualifier puis exécuter dans les contextes applicables ; variantes et champs à instancier après revue","UI_AUTH_API_DB","NON EXÉCUTÉ","Qualification détaillée et environnement isolé requis","","Lot artisans et affiliations"
"REC-ACT-0c72b605db0e","ACT-0c72b605db0e","admin | owner | sonasp","artisan-minier","/artisan-minier","Qualifier puis exécuter dans les contextes applicables ; variantes et champs à instancier après revue","UI_AUTH_API_DB","NON EXÉCUTÉ","Qualification détaillée et environnement isolé requis","","Lot artisans et affiliations"
"REC-ACT-124ca749066a","ACT-124ca749066a","admin | owner | sonasp","artisan-minier","/artisan-minier/cartes/expirations | /artisan-minier/cartes/suivi | /artisan-minier/cartes/validation","Qualifier puis exécuter dans les contextes applicables ; variantes et champs à instancier après revue","UI_AUTH_API_DB","NON EXÉCUTÉ","Qualification détaillée et environnement isolé requis","","Lot artisans et affiliations"
"REC-ACT-12b5eda03ecd","ACT-12b5eda03ecd","admin | collector | comptoir | dgmg | owner | sonasp","artisan-minier","/artisan-minier/:id | /artisan-minier/cartes/expirations | /artisan-minier/cartes/suivi | /artisan-minier/cartes/validation","Qualifier puis exécuter dans les contextes applicables ; variantes et champs à instancier après revue","UI_AUTH_API_DB","NON EXÉCUTÉ","Qualification détaillée et environnement isolé requis","","Lot artisans et affiliations"
"REC-ACT-142b602a1f3e","ACT-142b602a1f3e","comptoir | owner","portal-comptoir","/portail-comptoir","Qualifier puis exécuter dans les contextes applicables ; variantes et champs à instancier après revue","UI_AUTH_API_DB","NON EXÉCUTÉ","Qualification détaillée et environnement isolé requis","","Lot portal-comptoir"
"REC-ACT-143237d1d45c","ACT-143237d1d45c","admin | collector | comptoir | owner | sonasp","artisan_gold_market","/artisan-minier/paiements/historique/:paiementId","Qualifier puis exécuter dans les contextes applicables ; variantes et champs à instancier après revue","UI_AUTH_API_DB","NON EXÉCUTÉ","Qualification détaillée et environnement isolé requis","","Lot marché artisanal et paiements"
"REC-ACT-161288d7c90b","ACT-161288d7c90b","admin | collector | comptoir | dgi | owner | sonasp","artisan_gold_market","/artisan-minier/ventes-or/:id","Qualifier puis exécuter dans les contextes applicables ; variantes et champs à instancier après revue","UI_AUTH_API_DB","NON EXÉCUTÉ","Qualification détaillée et environnement isolé requis","","Lot marché artisanal et paiements"
"REC-ACT-16b8435a463f","ACT-16b8435a463f","admin | owner | sonasp","artisan-minier","/artisan-minier/cartes/expirations | /artisan-minier/cartes/suivi | /artisan-minier/cartes/validation","Qualifier puis exécuter dans les contextes applicables ; variantes et champs à instancier après revue","UI_AUTH_API_DB","NON EXÉCUTÉ","Qualification détaillée et environnement isolé requis","","Lot artisans et affiliations"
"REC-ACT-1772a20e7720","ACT-1772a20e7720","admin | comptoir | owner | sonasp","artisan_gold_market","/artisan-minier/rapports","Qualifier puis exécuter dans les contextes applicables ; variantes et champs à instancier après revue","UI_AUTH_API_DB","NON EXÉCUTÉ","Qualification détaillée et environnement isolé requis","","Lot marché artisanal et paiements"
"REC-ACT-192c125a97f5","ACT-192c125a97f5","admin | dgmg | owner","artisan-minier","/artisan-minier/comptoirs/:id | /artisan-minier/comptoirs/:id/modifier | /artisan-minier/comptoirs/nouveau","Qualifier puis exécuter dans les contextes applicables ; variantes et champs à instancier après revue","UI_AUTH_API_DB","NON EXÉCUTÉ","Qualification détaillée et environnement isolé requis","","Lot artisans et affiliations"
"REC-ACT-1a3dcd28125c","ACT-1a3dcd28125c","admin | dgmg | owner | sonasp","mining_sites","/artisan-sites","Qualifier puis exécuter dans les contextes applicables ; variantes et champs à instancier après revue","UI_AUTH_API_DB","NON EXÉCUTÉ","Qualification détaillée et environnement isolé requis","","Lot sites artisanaux"
"REC-ACT-1a8391b066b2","ACT-1a8391b066b2","admin | collector | comptoir | dgmg | owner | sonasp","artisan-minier","/artisan-minier/collecteurs | /artisan-minier/collecteurs/:id","Qualifier puis exécuter dans les contextes applicables ; variantes et champs à instancier après revue","UI_AUTH_API_DB","NON EXÉCUTÉ","Qualification détaillée et environnement isolé requis","","Lot artisans et affiliations"
"REC-ACT-1c0b73c3f8b4","ACT-1c0b73c3f8b4","admin | collector | comptoir | dgi | owner | sonasp","artisan_gold_market","/artisan-minier/ventes-or","Qualifier puis exécuter dans les contextes applicables ; variantes et champs à instancier après revue","UI_AUTH_API_DB","NON EXÉCUTÉ","Qualification détaillée et environnement isolé requis","","Lot marché artisanal et paiements"
"REC-ACT-1cbc3b98eb1b","ACT-1cbc3b98eb1b","admin | collector | comptoir | dgmg | owner | sonasp","artisan-minier","/artisan-minier/:id | /artisan-minier/cartes/expirations | /artisan-minier/cartes/suivi | /artisan-minier/cartes/validation","Qualifier puis exécuter dans les contextes applicables ; variantes et champs à instancier après revue","UI_AUTH_API_DB","NON EXÉCUTÉ","Qualification détaillée et environnement isolé requis","","Lot artisans et affiliations"
"REC-ACT-1e228dc17567","ACT-1e228dc17567","admin | dgmg | owner | sonasp","mining_sites","/artisan-sites","Qualifier puis exécuter dans les contextes applicables ; variantes et champs à instancier après revue","UI_AUTH_API_DB","NON EXÉCUTÉ","Qualification détaillée et environnement isolé requis","","Lot sites artisanaux"
"REC-ACT-1e4e9d7ef972","ACT-1e4e9d7ef972","admin | comptoir | owner | sonasp","artisan_gold_market","/artisan-minier/ventes-or/:id/modifier | /artisan-minier/ventes-or/nouvelle","Qualifier puis exécuter dans les contextes applicables ; variantes et champs à instancier après revue","UI_AUTH_API_DB","NON EXÉCUTÉ","Qualification détaillée et environnement isolé requis","","Lot marché artisanal et paiements"
"REC-ACT-211a1dda3f3b","ACT-211a1dda3f3b","collector | owner","portal-collector","/portail-collecteur","Qualifier puis exécuter dans les contextes applicables ; variantes et champs à instancier après revue","UI_AUTH_API_DB","NON EXÉCUTÉ","Qualification détaillée et environnement isolé requis","","Lot portal-collector"
"REC-ACT-22a6008d7202","ACT-22a6008d7202","admin | collector | comptoir | owner | sonasp","artisan_gold_market","/artisan-minier/paiements/historique","Qualifier puis exécuter dans les contextes applicables ; variantes et champs à instancier après revue","UI_AUTH_API_DB","NON EXÉCUTÉ","Qualification détaillée et environnement isolé requis","","Lot marché artisanal et paiements"
"REC-ACT-2534850da75f","ACT-2534850da75f","admin | collector | comptoir | dgmg | owner | sonasp","artisan-minier","/artisan-minier/collecteurs | /artisan-minier/collecteurs/:id","Qualifier puis exécuter dans les contextes applicables ; variantes et champs à instancier après revue","UI_AUTH_API_DB","NON EXÉCUTÉ","Qualification détaillée et environnement isolé requis","","Lot artisans et affiliations"
"REC-ACT-257abfc8a323","ACT-257abfc8a323","admin | owner | sonasp","artisan-minier","/artisan-minier/cartes/expirations | /artisan-minier/cartes/suivi | /artisan-minier/cartes/validation","Qualifier puis exécuter dans les contextes applicables ; variantes et champs à instancier après revue","UI_AUTH_API_DB","NON EXÉCUTÉ","Qualification détaillée et environnement isolé requis","","Lot artisans et affiliations"
"REC-ACT-258370087e0b","ACT-258370087e0b","admin | comptoir | owner | sonasp","artisan_gold_market","/artisan-minier/rapports/chiffre-affaires","Qualifier puis exécuter dans les contextes applicables ; variantes et champs à instancier après revue","UI_AUTH_API_DB","NON EXÉCUTÉ","Qualification détaillée et environnement isolé requis","","Lot marché artisanal et paiements"
"REC-ACT-26009c6896a3","ACT-26009c6896a3","admin | comptoir | owner | sonasp","artisan_gold_market","/artisan-minier/ventes-or/:id/modifier | /artisan-minier/ventes-or/nouvelle","Qualifier puis exécuter dans les contextes applicables ; variantes et champs à instancier après revue","UI_AUTH_API_DB","NON EXÉCUTÉ","Qualification détaillée et environnement isolé requis","","Lot marché artisanal et paiements"
"REC-ACT-265de9f320b5","ACT-265de9f320b5","admin | dgmg | owner | sonasp","mining_sites","/artisan-sites","Qualifier puis exécuter dans les contextes applicables ; variantes et champs à instancier après revue","UI_AUTH_API_DB","NON EXÉCUTÉ","Qualification détaillée et environnement isolé requis","","Lot sites artisanaux"
"REC-ACT-26b0bca7f63e","ACT-26b0bca7f63e","admin | owner | sonasp","artisan-minier","/artisan-minier/cartes/expirations | /artisan-minier/cartes/suivi | /artisan-minier/cartes/validation","Qualifier puis exécuter dans les contextes applicables ; variantes et champs à instancier après revue","UI_AUTH_API_DB","NON EXÉCUTÉ","Qualification détaillée et environnement isolé requis","","Lot artisans et affiliations"
"REC-ACT-274050646c73","ACT-274050646c73","admin | dgmg | owner","artisan-minier","/artisan-minier/comptoirs/:id | /artisan-minier/comptoirs/:id/modifier | /artisan-minier/comptoirs/nouveau","Qualifier puis exécuter dans les contextes applicables ; variantes et champs à instancier après revue","UI_AUTH_API_DB","NON EXÉCUTÉ","Qualification détaillée et environnement isolé requis","","Lot artisans et affiliations"
"REC-ACT-2b67e334d819","ACT-2b67e334d819","admin | collector | comptoir | dgmg | owner | sonasp","artisan-minier","/artisan-minier/:id","Qualifier puis exécuter dans les contextes applicables ; variantes et champs à instancier après revue","UI_AUTH_API_DB","NON EXÉCUTÉ","Qualification détaillée et environnement isolé requis","","Lot artisans et affiliations"
"REC-ACT-2b6ba4d6a7cd","ACT-2b6ba4d6a7cd","admin | collector | comptoir | dgi | owner | sonasp","artisan_gold_market","/artisan-minier/ventes-or/:id","Qualifier puis exécuter dans les contextes applicables ; variantes et champs à instancier après revue","UI_AUTH_API_DB","NON EXÉCUTÉ","Qualification détaillée et environnement isolé requis","","Lot marché artisanal et paiements"
"REC-ACT-2cf640161993","ACT-2cf640161993","admin | collector | comptoir | dgmg | owner | sonasp","artisan-minier","/artisan-minier/:id | /artisan-minier/cartes/expirations | /artisan-minier/cartes/suivi | /artisan-minier/cartes/validation","Qualifier puis exécuter dans les contextes applicables ; variantes et champs à instancier après revue","UI_AUTH_API_DB","NON EXÉCUTÉ","Qualification détaillée et environnement isolé requis","","Lot artisans et affiliations"
"REC-ACT-2cfa8539eafa","ACT-2cfa8539eafa","admin | owner | sonasp","artisan-minier","/artisan-minier/cartes/expirations | /artisan-minier/cartes/suivi | /artisan-minier/cartes/validation","Qualifier puis exécuter dans les contextes applicables ; variantes et champs à instancier après revue","UI_AUTH_API_DB","NON EXÉCUTÉ","Qualification détaillée et environnement isolé requis","","Lot artisans et affiliations"
"REC-ACT-2d0a651aa4a1","ACT-2d0a651aa4a1","admin | comptoir | owner | sonasp","artisan_gold_market","/artisan-minier/ventes-or/:id/modifier | /artisan-minier/ventes-or/nouvelle","Qualifier puis exécuter dans les contextes applicables ; variantes et champs à instancier après revue","UI_AUTH_API_DB","NON EXÉCUTÉ","Qualification détaillée et environnement isolé requis","","Lot marché artisanal et paiements"
"REC-ACT-2dba6a0b3b8b","ACT-2dba6a0b3b8b","admin | dgmg | owner | sonasp","mining_sites","/artisan-sites","Qualifier puis exécuter dans les contextes applicables ; variantes et champs à instancier après revue","UI_AUTH_API_DB","NON EXÉCUTÉ","Qualification détaillée et environnement isolé requis","","Lot sites artisanaux"
"REC-ACT-2e0be5dd4606","ACT-2e0be5dd4606","admin | dgmg | owner","artisan-minier","/artisan-minier/comptoirs/:id | /artisan-minier/comptoirs/:id/modifier | /artisan-minier/comptoirs/nouveau","Qualifier puis exécuter dans les contextes applicables ; variantes et champs à instancier après revue","UI_AUTH_API_DB","NON EXÉCUTÉ","Qualification détaillée et environnement isolé requis","","Lot artisans et affiliations"
"REC-ACT-2e26b2347e99","ACT-2e26b2347e99","admin | comptoir | owner | sonasp","artisan_gold_market","/artisan-minier/paiements","Qualifier puis exécuter dans les contextes applicables ; variantes et champs à instancier après revue","UI_AUTH_API_DB","NON EXÉCUTÉ","Qualification détaillée et environnement isolé requis","","Lot marché artisanal et paiements"
"REC-ACT-2ea16e404772","ACT-2ea16e404772","admin | collector | comptoir | dgmg | owner | sonasp","artisan-minier","/artisan-minier/:id | /artisan-minier/cartes/expirations | /artisan-minier/cartes/suivi | /artisan-minier/cartes/validation","Qualifier puis exécuter dans les contextes applicables ; variantes et champs à instancier après revue","UI_AUTH_API_DB","NON EXÉCUTÉ","Qualification détaillée et environnement isolé requis","","Lot artisans et affiliations"
"REC-ACT-2ed369b40f01","ACT-2ed369b40f01","admin | collector | comptoir | dgi | owner | sonasp","artisan_gold_market","/artisan-minier/ventes-or","Qualifier puis exécuter dans les contextes applicables ; variantes et champs à instancier après revue","UI_AUTH_API_DB","NON EXÉCUTÉ","Qualification détaillée et environnement isolé requis","","Lot marché artisanal et paiements"
"REC-ACT-2ef48f623c7a","ACT-2ef48f623c7a","admin | collector | comptoir | dgmg | owner | sonasp","artisan-minier","/artisan-minier/:id/edit | /artisan-minier/liste","Qualifier puis exécuter dans les contextes applicables ; variantes et champs à instancier après revue","UI_AUTH_API_DB","NON EXÉCUTÉ","Qualification détaillée et environnement isolé requis","","Lot artisans et affiliations"
"REC-ACT-2f36d2f41b53","ACT-2f36d2f41b53","admin | collector | comptoir | owner | sonasp","artisan_gold_market","/artisan-minier/paiements/:venteId/nouveau","Qualifier puis exécuter dans les contextes applicables ; variantes et champs à instancier après revue","UI_AUTH_API_DB","NON EXÉCUTÉ","Qualification détaillée et environnement isolé requis","","Lot marché artisanal et paiements"
"REC-ACT-2f69022fe5af","ACT-2f69022fe5af","admin | owner | sonasp","artisan-minier","/artisan-minier/cartes/expirations | /artisan-minier/cartes/suivi | /artisan-minier/cartes/validation","Qualifier puis exécuter dans les contextes applicables ; variantes et champs à instancier après revue","UI_AUTH_API_DB","NON EXÉCUTÉ","Qualification détaillée et environnement isolé requis","","Lot artisans et affiliations"
"REC-ACT-2f85d548d992","ACT-2f85d548d992","admin | dgmg | owner","artisan-minier","/artisan-minier/comptoirs/:id | /artisan-minier/comptoirs/:id/modifier | /artisan-minier/comptoirs/nouveau","Qualifier puis exécuter dans les contextes applicables ; variantes et champs à instancier après revue","UI_AUTH_API_DB","NON EXÉCUTÉ","Qualification détaillée et environnement isolé requis","","Lot artisans et affiliations"
"REC-ACT-3062839d30dd","ACT-3062839d30dd","admin | dgmg | owner | sonasp","mining_sites","/artisan-sites","Qualifier puis exécuter dans les contextes applicables ; variantes et champs à instancier après revue","UI_AUTH_API_DB","NON EXÉCUTÉ","Qualification détaillée et environnement isolé requis","","Lot sites artisanaux"
"REC-ACT-307a1e769bef","ACT-307a1e769bef","admin | collector | comptoir | owner | sonasp","artisan_gold_market","/artisan-minier/paiements/historique/:paiementId","Qualifier puis exécuter dans les contextes applicables ; variantes et champs à instancier après revue","UI_AUTH_API_DB","NON EXÉCUTÉ","Qualification détaillée et environnement isolé requis","","Lot marché artisanal et paiements"
"REC-ACT-30f7cb0f2697","ACT-30f7cb0f2697","admin | collector | comptoir | dgi | owner | sonasp","artisan_gold_market","/artisan-minier/ventes-or/:id","Qualifier puis exécuter dans les contextes applicables ; variantes et champs à instancier après revue","UI_AUTH_API_DB","NON EXÉCUTÉ","Qualification détaillée et environnement isolé requis","","Lot marché artisanal et paiements"
"REC-ACT-322ee15a12a2","ACT-322ee15a12a2","admin | dgmg | owner","artisan-minier","/artisan-minier/comptoirs","Qualifier puis exécuter dans les contextes applicables ; variantes et champs à instancier après revue","UI_AUTH_API_DB","NON EXÉCUTÉ","Qualification détaillée et environnement isolé requis","","Lot artisans et affiliations"
"REC-ACT-327cf14e9d22","ACT-327cf14e9d22","comptoir | owner","portal-comptoir","/portail-comptoir/ventes-sonasp","Qualifier puis exécuter dans les contextes applicables ; variantes et champs à instancier après revue","UI_AUTH_API_DB","NON EXÉCUTÉ","Qualification détaillée et environnement isolé requis","","Lot portal-comptoir"
"REC-ACT-337079538a6d","ACT-337079538a6d","admin | owner | sonasp","artisan-minier","/artisan-minier","Qualifier puis exécuter dans les contextes applicables ; variantes et champs à instancier après revue","UI_AUTH_API_DB","NON EXÉCUTÉ","Qualification détaillée et environnement isolé requis","","Lot artisans et affiliations"
"REC-ACT-351df22a6404","ACT-351df22a6404","admin | collector | comptoir | dgmg | owner | sonasp","artisan-minier","/artisan-minier/collecteurs | /artisan-minier/collecteurs/:id","Qualifier puis exécuter dans les contextes applicables ; variantes et champs à instancier après revue","UI_AUTH_API_DB","NON EXÉCUTÉ","Qualification détaillée et environnement isolé requis","","Lot artisans et affiliations"
"REC-ACT-36b5b3265240","ACT-36b5b3265240","admin | comptoir | owner | sonasp","artisan_gold_market","/artisan-minier/ventes-or/:id/modifier | /artisan-minier/ventes-or/nouvelle","Qualifier puis exécuter dans les contextes applicables ; variantes et champs à instancier après revue","UI_AUTH_API_DB","NON EXÉCUTÉ","Qualification détaillée et environnement isolé requis","","Lot marché artisanal et paiements"
"REC-ACT-39488f51329b","ACT-39488f51329b","admin | collector | comptoir | dgi | owner | sonasp","artisan_gold_market","/artisan-minier/ventes-or","Qualifier puis exécuter dans les contextes applicables ; variantes et champs à instancier après revue","UI_AUTH_API_DB","NON EXÉCUTÉ","Qualification détaillée et environnement isolé requis","","Lot marché artisanal et paiements"
"REC-ACT-3a6fa59b19dd","ACT-3a6fa59b19dd","admin | collector | comptoir | dgmg | owner | sonasp","artisan-minier","/artisan-minier/:id/edit | /artisan-minier/liste","Qualifier puis exécuter dans les contextes applicables ; variantes et champs à instancier après revue","UI_AUTH_API_DB","NON EXÉCUTÉ","Qualification détaillée et environnement isolé requis","","Lot artisans et affiliations"
"REC-ACT-3b474d4aa3f3","ACT-3b474d4aa3f3","admin | collector | comptoir | dgmg | owner | sonasp","artisan-minier","/artisan-minier/:id | /artisan-minier/cartes/expirations | /artisan-minier/cartes/suivi | /artisan-minier/cartes/validation","Qualifier puis exécuter dans les contextes applicables ; variantes et champs à instancier après revue","UI_AUTH_API_DB","NON EXÉCUTÉ","Qualification détaillée et environnement isolé requis","","Lot artisans et affiliations"
"REC-ACT-3baf8476c0c9","ACT-3baf8476c0c9","collector | owner","portal-collector","/portail-collecteur","Qualifier puis exécuter dans les contextes applicables ; variantes et champs à instancier après revue","UI_AUTH_API_DB","NON EXÉCUTÉ","Qualification détaillée et environnement isolé requis","","Lot portal-collector"
"REC-ACT-3caac0c026fa","ACT-3caac0c026fa","admin | collector | comptoir | owner | sonasp","artisan_gold_market","/artisan-minier/paiements/historique","Qualifier puis exécuter dans les contextes applicables ; variantes et champs à instancier après revue","UI_AUTH_API_DB","NON EXÉCUTÉ","Qualification détaillée et environnement isolé requis","","Lot marché artisanal et paiements"
"REC-ACT-3ce4d366c26f","ACT-3ce4d366c26f","admin | collector | comptoir | dgmg | owner | sonasp","artisan-minier","/artisan-minier/:id/edit | /artisan-minier/liste","Qualifier puis exécuter dans les contextes applicables ; variantes et champs à instancier après revue","UI_AUTH_API_DB","NON EXÉCUTÉ","Qualification détaillée et environnement isolé requis","","Lot artisans et affiliations"
"REC-ACT-3cfb267b3f14","ACT-3cfb267b3f14","admin | collector | comptoir | dgi | owner | sonasp","artisan_gold_market","/artisan-minier/ventes-or/:id","Qualifier puis exécuter dans les contextes applicables ; variantes et champs à instancier après revue","UI_AUTH_API_DB","NON EXÉCUTÉ","Qualification détaillée et environnement isolé requis","","Lot marché artisanal et paiements"
"REC-ACT-3dbe59b96c94","ACT-3dbe59b96c94","admin | collector | comptoir | dgmg | owner | sonasp","artisan-minier","/artisan-minier/liste","Qualifier puis exécuter dans les contextes applicables ; variantes et champs à instancier après revue","UI_AUTH_API_DB","NON EXÉCUTÉ","Qualification détaillée et environnement isolé requis","","Lot artisans et affiliations"
"REC-ACT-3ddbc675bbfc","ACT-3ddbc675bbfc","admin | collector | comptoir | dgmg | owner | sonasp","artisan-minier","/artisan-minier/:id/edit | /artisan-minier/liste","Qualifier puis exécuter dans les contextes applicables ; variantes et champs à instancier après revue","UI_AUTH_API_DB","NON EXÉCUTÉ","Qualification détaillée et environnement isolé requis","","Lot artisans et affiliations"
"REC-ACT-3ef030137faf","ACT-3ef030137faf","admin | owner | sonasp","artisan-minier","/artisan-minier","Qualifier puis exécuter dans les contextes applicables ; variantes et champs à instancier après revue","UI_AUTH_API_DB","NON EXÉCUTÉ","Qualification détaillée et environnement isolé requis","","Lot artisans et affiliations"
"REC-ACT-3f42a3b3dfe6","ACT-3f42a3b3dfe6","admin | collector | comptoir | dgmg | owner | sonasp","artisan-minier","/artisan-minier/liste","Qualifier puis exécuter dans les contextes applicables ; variantes et champs à instancier après revue","UI_AUTH_API_DB","NON EXÉCUTÉ","Qualification détaillée et environnement isolé requis","","Lot artisans et affiliations"
"REC-ACT-3fdd608f0889","ACT-3fdd608f0889","admin | collector | comptoir | dgmg | owner | sonasp","artisan-minier","/artisan-minier/collecteurs | /artisan-minier/collecteurs/:id","Qualifier puis exécuter dans les contextes applicables ; variantes et champs à instancier après revue","UI_AUTH_API_DB","NON EXÉCUTÉ","Qualification détaillée et environnement isolé requis","","Lot artisans et affiliations"
"REC-ACT-4017bde5950b","ACT-4017bde5950b","admin | collector | comptoir | dgmg | owner | sonasp","artisan-minier","/artisan-minier/liste","Qualifier puis exécuter dans les contextes applicables ; variantes et champs à instancier après revue","UI_AUTH_API_DB","NON EXÉCUTÉ","Qualification détaillée et environnement isolé requis","","Lot artisans et affiliations"
"REC-ACT-42d63ae6e68a","ACT-42d63ae6e68a","admin | dgmg | owner | sonasp","mining_sites","/artisan-sites","Qualifier puis exécuter dans les contextes applicables ; variantes et champs à instancier après revue","UI_AUTH_API_DB","NON EXÉCUTÉ","Qualification détaillée et environnement isolé requis","","Lot sites artisanaux"
"REC-ACT-459c0563d280","ACT-459c0563d280","admin | dgmg | owner | sonasp","mining_sites","/artisan-sites","Qualifier puis exécuter dans les contextes applicables ; variantes et champs à instancier après revue","UI_AUTH_API_DB","NON EXÉCUTÉ","Qualification détaillée et environnement isolé requis","","Lot sites artisanaux"
"REC-ACT-45ab26457a23","ACT-45ab26457a23","admin | collector | comptoir | dgmg | owner | sonasp","artisan-minier","/artisan-minier/:id | /artisan-minier/cartes/expirations | /artisan-minier/cartes/suivi | /artisan-minier/cartes/validation","Qualifier puis exécuter dans les contextes applicables ; variantes et champs à instancier après revue","UI_AUTH_API_DB","NON EXÉCUTÉ","Qualification détaillée et environnement isolé requis","","Lot artisans et affiliations"
"REC-ACT-488cc46c69c7","ACT-488cc46c69c7","admin | collector | comptoir | dgi | owner | sonasp","artisan_gold_market","/artisan-minier/ventes-or","Qualifier puis exécuter dans les contextes applicables ; variantes et champs à instancier après revue","UI_AUTH_API_DB","NON EXÉCUTÉ","Qualification détaillée et environnement isolé requis","","Lot marché artisanal et paiements"
"REC-ACT-48bea2b2207c","ACT-48bea2b2207c","admin | collector | comptoir | owner | sonasp","artisan_gold_market","/artisan-minier/paiements/historique/:paiementId","Qualifier puis exécuter dans les contextes applicables ; variantes et champs à instancier après revue","UI_AUTH_API_DB","NON EXÉCUTÉ","Qualification détaillée et environnement isolé requis","","Lot marché artisanal et paiements"
"REC-ACT-491d2cacd885","ACT-491d2cacd885","admin | collector | comptoir | owner | sonasp","artisan_gold_market","/artisan-minier/paiements/historique/:paiementId","Qualifier puis exécuter dans les contextes applicables ; variantes et champs à instancier après revue","UI_AUTH_API_DB","NON EXÉCUTÉ","Qualification détaillée et environnement isolé requis","","Lot marché artisanal et paiements"
"REC-ACT-4a4c70ec5cfb","ACT-4a4c70ec5cfb","admin | collector | comptoir | dgi | owner | sonasp","artisan_gold_market","/artisan-minier/rapports/taxes","Qualifier puis exécuter dans les contextes applicables ; variantes et champs à instancier après revue","UI_AUTH_API_DB","NON EXÉCUTÉ","Qualification détaillée et environnement isolé requis","","Lot marché artisanal et paiements"
"REC-ACT-4a798b40793a","ACT-4a798b40793a","admin | comptoir | owner | sonasp","artisan_gold_market","/artisan-minier/ventes-or/:id/modifier | /artisan-minier/ventes-or/nouvelle","Qualifier puis exécuter dans les contextes applicables ; variantes et champs à instancier après revue","UI_AUTH_API_DB","NON EXÉCUTÉ","Qualification détaillée et environnement isolé requis","","Lot marché artisanal et paiements"
"REC-ACT-4b2d339322ed","ACT-4b2d339322ed","admin | collector | comptoir | dgmg | owner | sonasp","artisan-minier","/artisan-minier/:id","Qualifier puis exécuter dans les contextes applicables ; variantes et champs à instancier après revue","UI_AUTH_API_DB","NON EXÉCUTÉ","Qualification détaillée et environnement isolé requis","","Lot artisans et affiliations"
"REC-ACT-4b7a8da23a34","ACT-4b7a8da23a34","admin | dgmg | owner | sonasp","mining_sites","/artisan-sites/:siteId","Qualifier puis exécuter dans les contextes applicables ; variantes et champs à instancier après revue","UI_AUTH_API_DB","NON EXÉCUTÉ","Qualification détaillée et environnement isolé requis","","Lot sites artisanaux"
"REC-ACT-4ca5f7569354","ACT-4ca5f7569354","admin | dgmg | owner | sonasp","mining_sites","/artisan-sites","Qualifier puis exécuter dans les contextes applicables ; variantes et champs à instancier après revue","UI_AUTH_API_DB","NON EXÉCUTÉ","Qualification détaillée et environnement isolé requis","","Lot sites artisanaux"
"REC-ACT-4cd6d3bdb01e","ACT-4cd6d3bdb01e","admin | dgmg | owner | sonasp","artisan-minier","/artisan-minier/:id/edit","Qualifier puis exécuter dans les contextes applicables ; variantes et champs à instancier après revue","UI_AUTH_API_DB","NON EXÉCUTÉ","Qualification détaillée et environnement isolé requis","","Lot artisans et affiliations"
"REC-ACT-4cda5abba3d2","ACT-4cda5abba3d2","admin | collector | comptoir | dgmg | owner | sonasp","artisan-minier","/artisan-minier/liste","Qualifier puis exécuter dans les contextes applicables ; variantes et champs à instancier après revue","UI_AUTH_API_DB","NON EXÉCUTÉ","Qualification détaillée et environnement isolé requis","","Lot artisans et affiliations"
"REC-ACT-4eaaf3f4adcd","ACT-4eaaf3f4adcd","admin | owner | sonasp","public-et-alias","/sonasp/cessions-comptoirs","Qualifier puis exécuter dans les contextes applicables ; variantes et champs à instancier après revue","UI_AUTH_API_DB","NON EXÉCUTÉ","Qualification détaillée et environnement isolé requis","","Lot public-et-alias"
"REC-ACT-4fb13a429ef0","ACT-4fb13a429ef0","admin | dgmg | owner | sonasp","mining_sites","/artisan-sites/:siteId","Qualifier puis exécuter dans les contextes applicables ; variantes et champs à instancier après revue","UI_AUTH_API_DB","NON EXÉCUTÉ","Qualification détaillée et environnement isolé requis","","Lot sites artisanaux"
"REC-ACT-4fbc7065af14","ACT-4fbc7065af14","admin | collector | comptoir | dgmg | owner | sonasp","artisan_gold_market","/collecte/ventes | /collecte/ventes/nouvelle","Qualifier puis exécuter dans les contextes applicables ; variantes et champs à instancier après revue","UI_AUTH_API_DB","NON EXÉCUTÉ","Qualification détaillée et environnement isolé requis","","Lot marché artisanal et paiements"
"REC-ACT-4fd32c3eadcb","ACT-4fd32c3eadcb","collector | owner","portal-collector","/portail-collecteur/stock","Qualifier puis exécuter dans les contextes applicables ; variantes et champs à instancier après revue","UI_AUTH_API_DB","NON EXÉCUTÉ","Qualification détaillée et environnement isolé requis","","Lot portal-collector"
"REC-ACT-5003bc351971","ACT-5003bc351971","admin | dgmg | owner","artisan-minier","/artisan-minier/comptoirs","Qualifier puis exécuter dans les contextes applicables ; variantes et champs à instancier après revue","UI_AUTH_API_DB","NON EXÉCUTÉ","Qualification détaillée et environnement isolé requis","","Lot artisans et affiliations"
"REC-ACT-507d27f5f849","ACT-507d27f5f849","CONSOMMATEUR_NON_RESOLU","TRANSVERSE_OU_ORPHELIN_A_QUALIFIER","","Qualifier puis exécuter dans les contextes applicables ; variantes et champs à instancier après revue","UI_AUTH_API_DB","NON EXÉCUTÉ","Qualification détaillée et environnement isolé requis","","Lot partagé : propriétaire à affecter par orchestrateur"
"REC-ACT-5180da371f90","ACT-5180da371f90","admin | comptoir | owner | sonasp","artisan_gold_market","/artisan-minier/paiements","Qualifier puis exécuter dans les contextes applicables ; variantes et champs à instancier après revue","UI_AUTH_API_DB","NON EXÉCUTÉ","Qualification détaillée et environnement isolé requis","","Lot marché artisanal et paiements"
"REC-ACT-51c10b799514","ACT-51c10b799514","admin | collector | comptoir | dgmg | owner | sonasp","artisan-minier","/artisan-minier/collecteurs | /artisan-minier/collecteurs/:id","Qualifier puis exécuter dans les contextes applicables ; variantes et champs à instancier après revue","UI_AUTH_API_DB","NON EXÉCUTÉ","Qualification détaillée et environnement isolé requis","","Lot artisans et affiliations"
"REC-ACT-52100b302c85","ACT-52100b302c85","admin | collector | comptoir | dgi | owner | sonasp","artisan_gold_market","/artisan-minier/ventes-or","Qualifier puis exécuter dans les contextes applicables ; variantes et champs à instancier après revue","UI_AUTH_API_DB","NON EXÉCUTÉ","Qualification détaillée et environnement isolé requis","","Lot marché artisanal et paiements"
"REC-ACT-548e5e07993f","ACT-548e5e07993f","collector | owner","portal-collector","/portail-collecteur","Qualifier puis exécuter dans les contextes applicables ; variantes et champs à instancier après revue","UI_AUTH_API_DB","NON EXÉCUTÉ","Qualification détaillée et environnement isolé requis","","Lot portal-collector"
"REC-ACT-550210bf5ff3","ACT-550210bf5ff3","admin | collector | comptoir | owner | sonasp","artisan_gold_market","/artisan-minier/paiements/historique/:paiementId","Qualifier puis exécuter dans les contextes applicables ; variantes et champs à instancier après revue","UI_AUTH_API_DB","NON EXÉCUTÉ","Qualification détaillée et environnement isolé requis","","Lot marché artisanal et paiements"
"REC-ACT-556ca258ebf0","ACT-556ca258ebf0","admin | collector | comptoir | dgmg | owner | sonasp","artisan-minier","/artisan-minier/:id/edit | /artisan-minier/liste","Qualifier puis exécuter dans les contextes applicables ; variantes et champs à instancier après revue","UI_AUTH_API_DB","NON EXÉCUTÉ","Qualification détaillée et environnement isolé requis","","Lot artisans et affiliations"
"REC-ACT-57f1b687bc16","ACT-57f1b687bc16","admin | collector | comptoir | dgmg | owner | sonasp","artisan_gold_market","/collecte/ventes | /collecte/ventes/nouvelle","Qualifier puis exécuter dans les contextes applicables ; variantes et champs à instancier après revue","UI_AUTH_API_DB","NON EXÉCUTÉ","Qualification détaillée et environnement isolé requis","","Lot marché artisanal et paiements"
"REC-ACT-5870ef34d122","ACT-5870ef34d122","admin | collector | comptoir | dgmg | owner | sonasp","artisan-minier","/artisan-minier/:id | /artisan-minier/cartes/expirations | /artisan-minier/cartes/suivi | /artisan-minier/cartes/validation","Qualifier puis exécuter dans les contextes applicables ; variantes et champs à instancier après revue","UI_AUTH_API_DB","NON EXÉCUTÉ","Qualification détaillée et environnement isolé requis","","Lot artisans et affiliations"
"REC-ACT-58fb5389404a","ACT-58fb5389404a","admin | collector | comptoir | dgmg | owner | sonasp","artisan-minier","/artisan-minier/:id","Qualifier puis exécuter dans les contextes applicables ; variantes et champs à instancier après revue","UI_AUTH_API_DB","NON EXÉCUTÉ","Qualification détaillée et environnement isolé requis","","Lot artisans et affiliations"
"REC-ACT-5a5622b47fe6","ACT-5a5622b47fe6","admin | collector | comptoir | dgmg | owner | sonasp","artisan-minier","/artisan-minier/:id | /artisan-minier/cartes/expirations | /artisan-minier/cartes/suivi | /artisan-minier/cartes/validation","Qualifier puis exécuter dans les contextes applicables ; variantes et champs à instancier après revue","UI_AUTH_API_DB","NON EXÉCUTÉ","Qualification détaillée et environnement isolé requis","","Lot artisans et affiliations"
"REC-ACT-5c1fa3829dfe","ACT-5c1fa3829dfe","admin | owner | sonasp","artisan-minier","/artisan-minier/cartes/expirations | /artisan-minier/cartes/suivi | /artisan-minier/cartes/validation","Qualifier puis exécuter dans les contextes applicables ; variantes et champs à instancier après revue","UI_AUTH_API_DB","NON EXÉCUTÉ","Qualification détaillée et environnement isolé requis","","Lot artisans et affiliations"
"REC-ACT-5c8369e59e41","ACT-5c8369e59e41","public","public-et-alias","/verifier-carte/:reference","Qualifier puis exécuter dans les contextes applicables ; variantes et champs à instancier après revue","UI_AUTH_API_DB","NON EXÉCUTÉ","Qualification détaillée et environnement isolé requis","","Lot public-et-alias"
"REC-ACT-5d9833eb928e","ACT-5d9833eb928e","admin | collector | comptoir | dgmg | owner | sonasp","artisan-minier","/artisan-minier/:id/edit | /artisan-minier/liste","Qualifier puis exécuter dans les contextes applicables ; variantes et champs à instancier après revue","UI_AUTH_API_DB","NON EXÉCUTÉ","Qualification détaillée et environnement isolé requis","","Lot artisans et affiliations"
"REC-ACT-5e592b824f1e","ACT-5e592b824f1e","admin | comptoir | owner | sonasp","artisan_gold_market","/artisan-minier/paiements","Qualifier puis exécuter dans les contextes applicables ; variantes et champs à instancier après revue","UI_AUTH_API_DB","NON EXÉCUTÉ","Qualification détaillée et environnement isolé requis","","Lot marché artisanal et paiements"
"REC-ACT-5ea2fa7ec0c6","ACT-5ea2fa7ec0c6","admin | owner | sonasp","public-et-alias","/sonasp/cessions-comptoirs","Qualifier puis exécuter dans les contextes applicables ; variantes et champs à instancier après revue","UI_AUTH_API_DB","NON EXÉCUTÉ","Qualification détaillée et environnement isolé requis","","Lot public-et-alias"
"REC-ACT-5ee64d9b092e","ACT-5ee64d9b092e","admin | collector | comptoir | dgmg | owner | sonasp","artisan-minier","/artisan-minier/liste","Qualifier puis exécuter dans les contextes applicables ; variantes et champs à instancier après revue","UI_AUTH_API_DB","NON EXÉCUTÉ","Qualification détaillée et environnement isolé requis","","Lot artisans et affiliations"
"REC-ACT-6039b4e6fa07","ACT-6039b4e6fa07","admin | comptoir | owner | sonasp","artisan_gold_market","/artisan-minier/rapports","Qualifier puis exécuter dans les contextes applicables ; variantes et champs à instancier après revue","UI_AUTH_API_DB","NON EXÉCUTÉ","Qualification détaillée et environnement isolé requis","","Lot marché artisanal et paiements"
"REC-ACT-60a9864b250d","ACT-60a9864b250d","admin | collector | comptoir | dgmg | owner | sonasp","artisan-minier","/artisan-minier/:id | /artisan-minier/cartes/expirations | /artisan-minier/cartes/suivi | /artisan-minier/cartes/validation","Qualifier puis exécuter dans les contextes applicables ; variantes et champs à instancier après revue","UI_AUTH_API_DB","NON EXÉCUTÉ","Qualification détaillée et environnement isolé requis","","Lot artisans et affiliations"
"REC-ACT-6377b59bba59","ACT-6377b59bba59","admin | collector | comptoir | dgmg | owner | sonasp","artisan-minier","/artisan-minier/collecteurs | /artisan-minier/collecteurs/:id","Qualifier puis exécuter dans les contextes applicables ; variantes et champs à instancier après revue","UI_AUTH_API_DB","NON EXÉCUTÉ","Qualification détaillée et environnement isolé requis","","Lot artisans et affiliations"
"REC-ACT-6401968deb9b","ACT-6401968deb9b","admin | owner | sonasp","artisan-minier","/artisan-minier","Qualifier puis exécuter dans les contextes applicables ; variantes et champs à instancier après revue","UI_AUTH_API_DB","NON EXÉCUTÉ","Qualification détaillée et environnement isolé requis","","Lot artisans et affiliations"
"REC-ACT-64ef4da54802","ACT-64ef4da54802","admin | owner | sonasp","public-et-alias","/sonasp/cessions-comptoirs","Qualifier puis exécuter dans les contextes applicables ; variantes et champs à instancier après revue","UI_AUTH_API_DB","NON EXÉCUTÉ","Qualification détaillée et environnement isolé requis","","Lot public-et-alias"
"REC-ACT-6592fbd4c891","ACT-6592fbd4c891","admin | dgmg | owner","mining_sites","/artisan-sites/:siteId/modifier | /artisan-sites/nouveau","Qualifier puis exécuter dans les contextes applicables ; variantes et champs à instancier après revue","UI_AUTH_API_DB","NON EXÉCUTÉ","Qualification détaillée et environnement isolé requis","","Lot sites artisanaux"
"REC-ACT-65a92580337a","ACT-65a92580337a","admin | collector | comptoir | dgmg | owner | sonasp","artisan-minier","/artisan-minier/:id | /artisan-minier/cartes/expirations | /artisan-minier/cartes/suivi | /artisan-minier/cartes/validation","Qualifier puis exécuter dans les contextes applicables ; variantes et champs à instancier après revue","UI_AUTH_API_DB","NON EXÉCUTÉ","Qualification détaillée et environnement isolé requis","","Lot artisans et affiliations"
"REC-ACT-6907e3f83f1e","ACT-6907e3f83f1e","admin | dgmg | owner","artisan-minier","/artisan-minier/collecteurs/:id/modifier | /artisan-minier/collecteurs/nouveau","Qualifier puis exécuter dans les contextes applicables ; variantes et champs à instancier après revue","UI_AUTH_API_DB","NON EXÉCUTÉ","Qualification détaillée et environnement isolé requis","","Lot artisans et affiliations"
"REC-ACT-69e46bc2a90d","ACT-69e46bc2a90d","admin | collector | comptoir | dgmg | owner | sonasp","artisan-minier","/artisan-minier/collecteurs | /artisan-minier/collecteurs/:id","Qualifier puis exécuter dans les contextes applicables ; variantes et champs à instancier après revue","UI_AUTH_API_DB","NON EXÉCUTÉ","Qualification détaillée et environnement isolé requis","","Lot artisans et affiliations"
"REC-ACT-69f73846cdd9","ACT-69f73846cdd9","comptoir | owner","portal-comptoir","/portail-comptoir/ventes-sonasp","Qualifier puis exécuter dans les contextes applicables ; variantes et champs à instancier après revue","UI_AUTH_API_DB","NON EXÉCUTÉ","Qualification détaillée et environnement isolé requis","","Lot portal-comptoir"
"REC-ACT-6aef2a5ae7d6","ACT-6aef2a5ae7d6","admin | owner | sonasp","artisan-minier","/artisan-minier/cartes/expirations | /artisan-minier/cartes/suivi | /artisan-minier/cartes/validation","Qualifier puis exécuter dans les contextes applicables ; variantes et champs à instancier après revue","UI_AUTH_API_DB","NON EXÉCUTÉ","Qualification détaillée et environnement isolé requis","","Lot artisans et affiliations"
"REC-ACT-6c06d28958f4","ACT-6c06d28958f4","admin | collector | comptoir | dgmg | owner | sonasp","artisan-minier","/artisan-minier/:id | /artisan-minier/cartes/expirations | /artisan-minier/cartes/suivi | /artisan-minier/cartes/validation","Qualifier puis exécuter dans les contextes applicables ; variantes et champs à instancier après revue","UI_AUTH_API_DB","NON EXÉCUTÉ","Qualification détaillée et environnement isolé requis","","Lot artisans et affiliations"
"REC-ACT-6c3b97bc6496","ACT-6c3b97bc6496","admin | dgmg | owner | sonasp","mining_sites","/artisan-sites/:siteId","Qualifier puis exécuter dans les contextes applicables ; variantes et champs à instancier après revue","UI_AUTH_API_DB","NON EXÉCUTÉ","Qualification détaillée et environnement isolé requis","","Lot sites artisanaux"
"REC-ACT-6c7c3207ac31","ACT-6c7c3207ac31","admin | dgmg | owner | sonasp","mining_sites","/artisan-sites","Qualifier puis exécuter dans les contextes applicables ; variantes et champs à instancier après revue","UI_AUTH_API_DB","NON EXÉCUTÉ","Qualification détaillée et environnement isolé requis","","Lot sites artisanaux"
"REC-ACT-6cf1857335c7","ACT-6cf1857335c7","admin | collector | comptoir | dgmg | owner | sonasp","artisan-minier","/artisan-minier/:id | /artisan-minier/cartes/expirations | /artisan-minier/cartes/suivi | /artisan-minier/cartes/validation","Qualifier puis exécuter dans les contextes applicables ; variantes et champs à instancier après revue","UI_AUTH_API_DB","NON EXÉCUTÉ","Qualification détaillée et environnement isolé requis","","Lot artisans et affiliations"
"REC-ACT-6d34c3bc8208","ACT-6d34c3bc8208","admin | owner | sonasp","public-et-alias","/sonasp/cessions-comptoirs","Qualifier puis exécuter dans les contextes applicables ; variantes et champs à instancier après revue","UI_AUTH_API_DB","NON EXÉCUTÉ","Qualification détaillée et environnement isolé requis","","Lot public-et-alias"
"REC-ACT-6d9c6798104c","ACT-6d9c6798104c","admin | collector | comptoir | dgmg | owner | sonasp","artisan-minier","/artisan-minier/liste","Qualifier puis exécuter dans les contextes applicables ; variantes et champs à instancier après revue","UI_AUTH_API_DB","NON EXÉCUTÉ","Qualification détaillée et environnement isolé requis","","Lot artisans et affiliations"
"REC-ACT-6e7252a9b847","ACT-6e7252a9b847","comptoir | owner","portal-comptoir","/portail-comptoir/ventes-sonasp","Qualifier puis exécuter dans les contextes applicables ; variantes et champs à instancier après revue","UI_AUTH_API_DB","NON EXÉCUTÉ","Qualification détaillée et environnement isolé requis","","Lot portal-comptoir"
"REC-ACT-6f24683ad368","ACT-6f24683ad368","collector | owner","portal-collector","/portail-collecteur","Qualifier puis exécuter dans les contextes applicables ; variantes et champs à instancier après revue","UI_AUTH_API_DB","NON EXÉCUTÉ","Qualification détaillée et environnement isolé requis","","Lot portal-collector"
"REC-ACT-6f57590c0d1d","ACT-6f57590c0d1d","admin | dgmg | owner","artisan-minier","/artisan-minier/comptoirs","Qualifier puis exécuter dans les contextes applicables ; variantes et champs à instancier après revue","UI_AUTH_API_DB","NON EXÉCUTÉ","Qualification détaillée et environnement isolé requis","","Lot artisans et affiliations"
"REC-ACT-6fbbf35ea6d7","ACT-6fbbf35ea6d7","admin | comptoir | owner | sonasp","artisan_gold_market","/artisan-minier/rapports/quantites","Qualifier puis exécuter dans les contextes applicables ; variantes et champs à instancier après revue","UI_AUTH_API_DB","NON EXÉCUTÉ","Qualification détaillée et environnement isolé requis","","Lot marché artisanal et paiements"
"REC-ACT-6ff40aa99c94","ACT-6ff40aa99c94","admin | collector | comptoir | owner | sonasp","artisan_gold_market","/artisan-minier/paiements/historique/:paiementId","Qualifier puis exécuter dans les contextes applicables ; variantes et champs à instancier après revue","UI_AUTH_API_DB","NON EXÉCUTÉ","Qualification détaillée et environnement isolé requis","","Lot marché artisanal et paiements"
"REC-ACT-7055174272a9","ACT-7055174272a9","admin | owner | sonasp","artisan-minier","/artisan-minier/:artisanId/infractions/:infractionId","Qualifier puis exécuter dans les contextes applicables ; variantes et champs à instancier après revue","UI_AUTH_API_DB","NON EXÉCUTÉ","Qualification détaillée et environnement isolé requis","","Lot artisans et affiliations"
"REC-ACT-70a6ac4b2934","ACT-70a6ac4b2934","collector | owner","portal-collector","/portail-collecteur","Qualifier puis exécuter dans les contextes applicables ; variantes et champs à instancier après revue","UI_AUTH_API_DB","NON EXÉCUTÉ","Qualification détaillée et environnement isolé requis","","Lot portal-collector"
"REC-ACT-7295dd548795","ACT-7295dd548795","admin | collector | comptoir | dgmg | owner | sonasp","artisan-minier","/artisan-minier/:id | /artisan-minier/cartes/expirations | /artisan-minier/cartes/suivi | /artisan-minier/cartes/validation","Qualifier puis exécuter dans les contextes applicables ; variantes et champs à instancier après revue","UI_AUTH_API_DB","NON EXÉCUTÉ","Qualification détaillée et environnement isolé requis","","Lot artisans et affiliations"
"REC-ACT-73d554e03a98","ACT-73d554e03a98","admin | owner | sonasp","artisan-minier","/artisan-minier/cartes/expirations | /artisan-minier/cartes/suivi | /artisan-minier/cartes/validation","Qualifier puis exécuter dans les contextes applicables ; variantes et champs à instancier après revue","UI_AUTH_API_DB","NON EXÉCUTÉ","Qualification détaillée et environnement isolé requis","","Lot artisans et affiliations"
"REC-ACT-742e5c7d8edb","ACT-742e5c7d8edb","admin | collector | comptoir | dgmg | owner | sonasp","artisan-minier","/artisan-minier/liste","Qualifier puis exécuter dans les contextes applicables ; variantes et champs à instancier après revue","UI_AUTH_API_DB","NON EXÉCUTÉ","Qualification détaillée et environnement isolé requis","","Lot artisans et affiliations"
"REC-ACT-74a4112a1b04","ACT-74a4112a1b04","admin | owner | sonasp","public-et-alias","/sonasp/cessions-comptoirs","Qualifier puis exécuter dans les contextes applicables ; variantes et champs à instancier après revue","UI_AUTH_API_DB","NON EXÉCUTÉ","Qualification détaillée et environnement isolé requis","","Lot public-et-alias"
"REC-ACT-74b3d4c2bdb0","ACT-74b3d4c2bdb0","admin | collector | comptoir | dgi | owner | sonasp","artisan_gold_market","/artisan-minier/ventes-or","Qualifier puis exécuter dans les contextes applicables ; variantes et champs à instancier après revue","UI_AUTH_API_DB","NON EXÉCUTÉ","Qualification détaillée et environnement isolé requis","","Lot marché artisanal et paiements"
"REC-ACT-760e3f2251c5","ACT-760e3f2251c5","admin | collector | comptoir | dgmg | owner | sonasp","artisan-minier","/artisan-minier/liste","Qualifier puis exécuter dans les contextes applicables ; variantes et champs à instancier après revue","UI_AUTH_API_DB","NON EXÉCUTÉ","Qualification détaillée et environnement isolé requis","","Lot artisans et affiliations"
"REC-ACT-76a8e5fc6458","ACT-76a8e5fc6458","collector | owner","portal-collector","/portail-collecteur","Qualifier puis exécuter dans les contextes applicables ; variantes et champs à instancier après revue","UI_AUTH_API_DB","NON EXÉCUTÉ","Qualification détaillée et environnement isolé requis","","Lot portal-collector"
"REC-ACT-78326bd7aab5","ACT-78326bd7aab5","admin | collector | comptoir | dgmg | owner | sonasp","artisan-minier","/artisan-minier/:id | /artisan-minier/cartes/expirations | /artisan-minier/cartes/suivi | /artisan-minier/cartes/validation","Qualifier puis exécuter dans les contextes applicables ; variantes et champs à instancier après revue","UI_AUTH_API_DB","NON EXÉCUTÉ","Qualification détaillée et environnement isolé requis","","Lot artisans et affiliations"
"REC-ACT-7886bdf9a738","ACT-7886bdf9a738","admin | collector | comptoir | dgmg | owner | sonasp","artisan-minier","/artisan-minier/:id/edit | /artisan-minier/liste","Qualifier puis exécuter dans les contextes applicables ; variantes et champs à instancier après revue","UI_AUTH_API_DB","NON EXÉCUTÉ","Qualification détaillée et environnement isolé requis","","Lot artisans et affiliations"
"REC-ACT-79f79093f559","ACT-79f79093f559","admin | collector | comptoir | dgmg | owner | sonasp","artisan-minier","/artisan-minier/liste","Qualifier puis exécuter dans les contextes applicables ; variantes et champs à instancier après revue","UI_AUTH_API_DB","NON EXÉCUTÉ","Qualification détaillée et environnement isolé requis","","Lot artisans et affiliations"
"REC-ACT-7a08e3bca1d4","ACT-7a08e3bca1d4","admin | owner | sonasp","artisan-minier","/artisan-minier/cartes/expirations | /artisan-minier/cartes/suivi | /artisan-minier/cartes/validation","Qualifier puis exécuter dans les contextes applicables ; variantes et champs à instancier après revue","UI_AUTH_API_DB","NON EXÉCUTÉ","Qualification détaillée et environnement isolé requis","","Lot artisans et affiliations"
"REC-ACT-7a302fb9d684","ACT-7a302fb9d684","admin | collector | comptoir | dgi | owner | sonasp","artisan_gold_market","/artisan-minier/ventes-or","Qualifier puis exécuter dans les contextes applicables ; variantes et champs à instancier après revue","UI_AUTH_API_DB","NON EXÉCUTÉ","Qualification détaillée et environnement isolé requis","","Lot marché artisanal et paiements"
"REC-ACT-7a85a5fbd1e6","ACT-7a85a5fbd1e6","admin | dgmg | owner","artisan-minier","/artisan-minier/comptoirs/:id | /artisan-minier/comptoirs/:id/modifier | /artisan-minier/comptoirs/nouveau","Qualifier puis exécuter dans les contextes applicables ; variantes et champs à instancier après revue","UI_AUTH_API_DB","NON EXÉCUTÉ","Qualification détaillée et environnement isolé requis","","Lot artisans et affiliations"
"REC-ACT-7b76a2749207","ACT-7b76a2749207","admin | dgmg | owner | sonasp","mining_sites","/artisan-sites/:siteId","Qualifier puis exécuter dans les contextes applicables ; variantes et champs à instancier après revue","UI_AUTH_API_DB","NON EXÉCUTÉ","Qualification détaillée et environnement isolé requis","","Lot sites artisanaux"
"REC-ACT-7c3f68f72055","ACT-7c3f68f72055","admin | collector | comptoir | owner | sonasp","artisan_gold_market","/artisan-minier/paiements/:venteId/nouveau","Qualifier puis exécuter dans les contextes applicables ; variantes et champs à instancier après revue","UI_AUTH_API_DB","NON EXÉCUTÉ","Qualification détaillée et environnement isolé requis","","Lot marché artisanal et paiements"
"REC-ACT-7d386a473683","ACT-7d386a473683","admin | collector | comptoir | dgmg | owner | sonasp","artisan-minier | artisan_gold_market","/artisan-minier/:id/edit | /artisan-minier/collecteurs/:id/modifier | /artisan-minier/collecteurs/nouveau | /artisan-minier/comptoirs/:id | /artisan-minier/comptoirs/:id/modifier | /artisan-minier/comptoirs/nouveau | /artisan-minier/liste | /collecte/ventes | /collecte/ventes/nouvelle","Qualifier puis exécuter dans les contextes applicables ; variantes et champs à instancier après revue","UI_AUTH_API_DB","NON EXÉCUTÉ","Qualification détaillée et environnement isolé requis","","Lot partagé : propriétaire à affecter par orchestrateur"
"REC-ACT-7df36ba8bb75","ACT-7df36ba8bb75","admin | owner | sonasp","artisan-minier","/artisan-minier/:artisanId/infractions/:infractionId","Qualifier puis exécuter dans les contextes applicables ; variantes et champs à instancier après revue","UI_AUTH_API_DB","NON EXÉCUTÉ","Qualification détaillée et environnement isolé requis","","Lot artisans et affiliations"
"REC-ACT-7effd6485259","ACT-7effd6485259","admin | dgmg | owner","artisan-minier","/artisan-minier/comptoirs","Qualifier puis exécuter dans les contextes applicables ; variantes et champs à instancier après revue","UI_AUTH_API_DB","NON EXÉCUTÉ","Qualification détaillée et environnement isolé requis","","Lot artisans et affiliations"
"REC-ACT-7f09586442a3","ACT-7f09586442a3","admin | owner | sonasp","artisan-minier","/artisan-minier","Qualifier puis exécuter dans les contextes applicables ; variantes et champs à instancier après revue","UI_AUTH_API_DB","NON EXÉCUTÉ","Qualification détaillée et environnement isolé requis","","Lot artisans et affiliations"
"REC-ACT-8116a72c2721","ACT-8116a72c2721","admin | dgmg | owner","mining_sites","/artisan-sites/:siteId/modifier | /artisan-sites/nouveau","Qualifier puis exécuter dans les contextes applicables ; variantes et champs à instancier après revue","UI_AUTH_API_DB","NON EXÉCUTÉ","Qualification détaillée et environnement isolé requis","","Lot sites artisanaux"
"REC-ACT-81d6d4fb460a","ACT-81d6d4fb460a","admin | collector | comptoir | dgmg | owner | sonasp","artisan-minier","/artisan-minier/:id/edit | /artisan-minier/liste","Qualifier puis exécuter dans les contextes applicables ; variantes et champs à instancier après revue","UI_AUTH_API_DB","NON EXÉCUTÉ","Qualification détaillée et environnement isolé requis","","Lot artisans et affiliations"
"REC-ACT-8436cc5cb2c0","ACT-8436cc5cb2c0","admin | collector | comptoir | dgmg | owner | sonasp","artisan-minier","/artisan-minier/collecteurs | /artisan-minier/collecteurs/:id","Qualifier puis exécuter dans les contextes applicables ; variantes et champs à instancier après revue","UI_AUTH_API_DB","NON EXÉCUTÉ","Qualification détaillée et environnement isolé requis","","Lot artisans et affiliations"
"REC-ACT-851cfc986d4d","ACT-851cfc986d4d","admin | collector | comptoir | dgmg | owner | sonasp","artisan-minier","/artisan-minier/:id | /artisan-minier/cartes/expirations | /artisan-minier/cartes/suivi | /artisan-minier/cartes/validation","Qualifier puis exécuter dans les contextes applicables ; variantes et champs à instancier après revue","UI_AUTH_API_DB","NON EXÉCUTÉ","Qualification détaillée et environnement isolé requis","","Lot artisans et affiliations"
"REC-ACT-858529106e14","ACT-858529106e14","admin | dgmg | owner","artisan-minier","/artisan-minier/collecteurs/:id/modifier | /artisan-minier/collecteurs/nouveau","Qualifier puis exécuter dans les contextes applicables ; variantes et champs à instancier après revue","UI_AUTH_API_DB","NON EXÉCUTÉ","Qualification détaillée et environnement isolé requis","","Lot artisans et affiliations"
"REC-ACT-87e3cabef325","ACT-87e3cabef325","admin | dgmg | owner | sonasp","mining_sites","/artisan-sites","Qualifier puis exécuter dans les contextes applicables ; variantes et champs à instancier après revue","UI_AUTH_API_DB","NON EXÉCUTÉ","Qualification détaillée et environnement isolé requis","","Lot sites artisanaux"
"REC-ACT-882aa4a7670a","ACT-882aa4a7670a","admin | dgmg | owner | sonasp","mining_sites","/artisan-sites","Qualifier puis exécuter dans les contextes applicables ; variantes et champs à instancier après revue","UI_AUTH_API_DB","NON EXÉCUTÉ","Qualification détaillée et environnement isolé requis","","Lot sites artisanaux"
"REC-ACT-88385504c519","ACT-88385504c519","admin | collector | comptoir | dgmg | owner | sonasp","artisan-minier","/artisan-minier/liste","Qualifier puis exécuter dans les contextes applicables ; variantes et champs à instancier après revue","UI_AUTH_API_DB","NON EXÉCUTÉ","Qualification détaillée et environnement isolé requis","","Lot artisans et affiliations"
"REC-ACT-88c06694548d","ACT-88c06694548d","admin | collector | comptoir | dgmg | owner | sonasp","artisan-minier","/artisan-minier/:id | /artisan-minier/cartes/expirations | /artisan-minier/cartes/suivi | /artisan-minier/cartes/validation","Qualifier puis exécuter dans les contextes applicables ; variantes et champs à instancier après revue","UI_AUTH_API_DB","NON EXÉCUTÉ","Qualification détaillée et environnement isolé requis","","Lot artisans et affiliations"
"REC-ACT-89379306c1a1","ACT-89379306c1a1","admin | comptoir | owner | sonasp","artisan_gold_market","/artisan-minier/ventes-or/:id/facture","Qualifier puis exécuter dans les contextes applicables ; variantes et champs à instancier après revue","UI_AUTH_API_DB","NON EXÉCUTÉ","Qualification détaillée et environnement isolé requis","","Lot marché artisanal et paiements"
"REC-ACT-8976b4e3f500","ACT-8976b4e3f500","admin | dgmg | owner","artisan-minier","/artisan-minier/comptoirs/:id | /artisan-minier/comptoirs/:id/modifier | /artisan-minier/comptoirs/nouveau","Qualifier puis exécuter dans les contextes applicables ; variantes et champs à instancier après revue","UI_AUTH_API_DB","NON EXÉCUTÉ","Qualification détaillée et environnement isolé requis","","Lot artisans et affiliations"
"REC-ACT-8bdf185e8afa","ACT-8bdf185e8afa","admin | collector | comptoir | dgmg | owner | sonasp","artisan-minier","/artisan-minier/:id/edit | /artisan-minier/liste","Qualifier puis exécuter dans les contextes applicables ; variantes et champs à instancier après revue","UI_AUTH_API_DB","NON EXÉCUTÉ","Qualification détaillée et environnement isolé requis","","Lot artisans et affiliations"
"REC-ACT-8c62e8a2f899","ACT-8c62e8a2f899","admin | collector | comptoir | owner | sonasp","artisan_gold_market","/artisan-minier/paiements/:venteId/nouveau","Qualifier puis exécuter dans les contextes applicables ; variantes et champs à instancier après revue","UI_AUTH_API_DB","NON EXÉCUTÉ","Qualification détaillée et environnement isolé requis","","Lot marché artisanal et paiements"
"REC-ACT-8d3b92dc0c6f","ACT-8d3b92dc0c6f","admin | collector | comptoir | dgmg | owner | sonasp","artisan-minier","/artisan-minier/:id","Qualifier puis exécuter dans les contextes applicables ; variantes et champs à instancier après revue","UI_AUTH_API_DB","NON EXÉCUTÉ","Qualification détaillée et environnement isolé requis","","Lot artisans et affiliations"
"REC-ACT-8d91802dc472","ACT-8d91802dc472","admin | collector | comptoir | dgi | owner | sonasp","artisan_gold_market","/artisan-minier/ventes-or/:id","Qualifier puis exécuter dans les contextes applicables ; variantes et champs à instancier après revue","UI_AUTH_API_DB","NON EXÉCUTÉ","Qualification détaillée et environnement isolé requis","","Lot marché artisanal et paiements"
"REC-ACT-8e2e4b03739f","ACT-8e2e4b03739f","admin | dgmg | owner","artisan-minier","/artisan-minier/collecteurs/:id/modifier | /artisan-minier/collecteurs/nouveau","Qualifier puis exécuter dans les contextes applicables ; variantes et champs à instancier après revue","UI_AUTH_API_DB","NON EXÉCUTÉ","Qualification détaillée et environnement isolé requis","","Lot artisans et affiliations"
"REC-ACT-8e94a1933cc8","ACT-8e94a1933cc8","admin | collector | comptoir | dgmg | owner | sonasp","artisan-minier","/artisan-minier/:id | /artisan-minier/cartes/expirations | /artisan-minier/cartes/suivi | /artisan-minier/cartes/validation","Qualifier puis exécuter dans les contextes applicables ; variantes et champs à instancier après revue","UI_AUTH_API_DB","NON EXÉCUTÉ","Qualification détaillée et environnement isolé requis","","Lot artisans et affiliations"
"REC-ACT-8f46ecc780c9","ACT-8f46ecc780c9","admin | collector | comptoir | dgmg | owner | sonasp","artisan-minier","/artisan-minier/liste","Qualifier puis exécuter dans les contextes applicables ; variantes et champs à instancier après revue","UI_AUTH_API_DB","NON EXÉCUTÉ","Qualification détaillée et environnement isolé requis","","Lot artisans et affiliations"
"REC-ACT-8fc6a292af96","ACT-8fc6a292af96","admin | collector | comptoir | dgmg | owner | sonasp","artisan-minier","/artisan-minier/:id","Qualifier puis exécuter dans les contextes applicables ; variantes et champs à instancier après revue","UI_AUTH_API_DB","NON EXÉCUTÉ","Qualification détaillée et environnement isolé requis","","Lot artisans et affiliations"
"REC-ACT-90ae94c01f91","ACT-90ae94c01f91","admin | collector | comptoir | dgmg | owner | sonasp","artisan_gold_market","/collecte/ventes | /collecte/ventes/nouvelle","Qualifier puis exécuter dans les contextes applicables ; variantes et champs à instancier après revue","UI_AUTH_API_DB","NON EXÉCUTÉ","Qualification détaillée et environnement isolé requis","","Lot marché artisanal et paiements"
"REC-ACT-90d61d436b8f","ACT-90d61d436b8f","comptoir | owner","portal-comptoir","/portail-comptoir/stock","Qualifier puis exécuter dans les contextes applicables ; variantes et champs à instancier après revue","UI_AUTH_API_DB","NON EXÉCUTÉ","Qualification détaillée et environnement isolé requis","","Lot portal-comptoir"
"REC-ACT-92da7165f738","ACT-92da7165f738","admin | dgmg | owner","mining_sites","/artisan-sites/:siteId/modifier | /artisan-sites/nouveau","Qualifier puis exécuter dans les contextes applicables ; variantes et champs à instancier après revue","UI_AUTH_API_DB","NON EXÉCUTÉ","Qualification détaillée et environnement isolé requis","","Lot sites artisanaux"
"REC-ACT-9488e9d675e3","ACT-9488e9d675e3","admin | dgmg | owner","artisan-minier","/artisan-minier/collecteurs/:id/modifier | /artisan-minier/collecteurs/nouveau","Qualifier puis exécuter dans les contextes applicables ; variantes et champs à instancier après revue","UI_AUTH_API_DB","NON EXÉCUTÉ","Qualification détaillée et environnement isolé requis","","Lot artisans et affiliations"
"REC-ACT-958c2b75c56f","ACT-958c2b75c56f","admin | owner | sonasp","artisan-minier","/artisan-minier","Qualifier puis exécuter dans les contextes applicables ; variantes et champs à instancier après revue","UI_AUTH_API_DB","NON EXÉCUTÉ","Qualification détaillée et environnement isolé requis","","Lot artisans et affiliations"
"REC-ACT-95b477376952","ACT-95b477376952","admin | collector | comptoir | dgmg | owner | sonasp","artisan_gold_market","/collecte/ventes | /collecte/ventes/nouvelle","Qualifier puis exécuter dans les contextes applicables ; variantes et champs à instancier après revue","UI_AUTH_API_DB","NON EXÉCUTÉ","Qualification détaillée et environnement isolé requis","","Lot marché artisanal et paiements"
"REC-ACT-963fa19fae83","ACT-963fa19fae83","admin | collector | comptoir | dgmg | owner | sonasp","artisan-minier","/artisan-minier/:id | /artisan-minier/cartes/expirations | /artisan-minier/cartes/suivi | /artisan-minier/cartes/validation","Qualifier puis exécuter dans les contextes applicables ; variantes et champs à instancier après revue","UI_AUTH_API_DB","NON EXÉCUTÉ","Qualification détaillée et environnement isolé requis","","Lot artisans et affiliations"
"REC-ACT-97f976ad6c19","ACT-97f976ad6c19","admin | comptoir | owner | sonasp","artisan_gold_market","/artisan-minier/rapports/chiffre-affaires","Qualifier puis exécuter dans les contextes applicables ; variantes et champs à instancier après revue","UI_AUTH_API_DB","NON EXÉCUTÉ","Qualification détaillée et environnement isolé requis","","Lot marché artisanal et paiements"
"REC-ACT-984efc4a7c8a","ACT-984efc4a7c8a","admin | collector | comptoir | dgmg | owner | sonasp","artisan-minier","/artisan-minier/:id/edit | /artisan-minier/liste","Qualifier puis exécuter dans les contextes applicables ; variantes et champs à instancier après revue","UI_AUTH_API_DB","NON EXÉCUTÉ","Qualification détaillée et environnement isolé requis","","Lot artisans et affiliations"
"REC-ACT-98600eeec956","ACT-98600eeec956","admin | collector | comptoir | dgi | owner | sonasp","artisan_gold_market","/artisan-minier/ventes-or/:id","Qualifier puis exécuter dans les contextes applicables ; variantes et champs à instancier après revue","UI_AUTH_API_DB","NON EXÉCUTÉ","Qualification détaillée et environnement isolé requis","","Lot marché artisanal et paiements"
"REC-ACT-986feb879982","ACT-986feb879982","admin | owner | sonasp","artisan-minier","/artisan-minier/:artisanId/infractions/:infractionId/modifier | /artisan-minier/:artisanId/infractions/nouvelle","Qualifier puis exécuter dans les contextes applicables ; variantes et champs à instancier après revue","UI_AUTH_API_DB","NON EXÉCUTÉ","Qualification détaillée et environnement isolé requis","","Lot artisans et affiliations"
"REC-ACT-98d09bba6d41","ACT-98d09bba6d41","admin | owner | sonasp","artisan-minier","/artisan-minier/:artisanId/infractions/:infractionId","Qualifier puis exécuter dans les contextes applicables ; variantes et champs à instancier après revue","UI_AUTH_API_DB","NON EXÉCUTÉ","Qualification détaillée et environnement isolé requis","","Lot artisans et affiliations"
"REC-ACT-99f772fd6bb3","ACT-99f772fd6bb3","admin | owner | sonasp","artisan-minier","/artisan-minier/:artisanId/infractions/:infractionId/modifier | /artisan-minier/:artisanId/infractions/nouvelle","Qualifier puis exécuter dans les contextes applicables ; variantes et champs à instancier après revue","UI_AUTH_API_DB","NON EXÉCUTÉ","Qualification détaillée et environnement isolé requis","","Lot artisans et affiliations"
"REC-ACT-9dfd5b052f04","ACT-9dfd5b052f04","admin | collector | comptoir | owner | sonasp","artisan_gold_market","/artisan-minier/paiements/historique/:paiementId","Qualifier puis exécuter dans les contextes applicables ; variantes et champs à instancier après revue","UI_AUTH_API_DB","NON EXÉCUTÉ","Qualification détaillée et environnement isolé requis","","Lot marché artisanal et paiements"
"REC-ACT-9f2a8f8909ba","ACT-9f2a8f8909ba","admin | owner | sonasp","artisan-minier","/artisan-minier/:artisanId/infractions/:infractionId/modifier | /artisan-minier/:artisanId/infractions/nouvelle","Qualifier puis exécuter dans les contextes applicables ; variantes et champs à instancier après revue","UI_AUTH_API_DB","NON EXÉCUTÉ","Qualification détaillée et environnement isolé requis","","Lot artisans et affiliations"
"REC-ACT-9ff2993f3403","ACT-9ff2993f3403","admin | dgmg | owner","artisan-minier","/artisan-minier/collecteurs/:id/modifier | /artisan-minier/collecteurs/nouveau","Qualifier puis exécuter dans les contextes applicables ; variantes et champs à instancier après revue","UI_AUTH_API_DB","NON EXÉCUTÉ","Qualification détaillée et environnement isolé requis","","Lot artisans et affiliations"
"REC-ACT-a08ab28b27a3","ACT-a08ab28b27a3","admin | collector | comptoir | dgmg | owner | sonasp","artisan-minier","/artisan-minier/collecteurs | /artisan-minier/collecteurs/:id","Qualifier puis exécuter dans les contextes applicables ; variantes et champs à instancier après revue","UI_AUTH_API_DB","NON EXÉCUTÉ","Qualification détaillée et environnement isolé requis","","Lot artisans et affiliations"
"REC-ACT-a18b823271f4","ACT-a18b823271f4","admin | dgmg | owner | sonasp","mining_sites","/artisan-sites","Qualifier puis exécuter dans les contextes applicables ; variantes et champs à instancier après revue","UI_AUTH_API_DB","NON EXÉCUTÉ","Qualification détaillée et environnement isolé requis","","Lot sites artisanaux"
"REC-ACT-a32aaff8a9ee","ACT-a32aaff8a9ee","admin | collector | comptoir | dgmg | owner | sonasp","artisan_gold_market","/collecte/ventes | /collecte/ventes/nouvelle","Qualifier puis exécuter dans les contextes applicables ; variantes et champs à instancier après revue","UI_AUTH_API_DB","NON EXÉCUTÉ","Qualification détaillée et environnement isolé requis","","Lot marché artisanal et paiements"
"REC-ACT-a3fb6de9a9e1","ACT-a3fb6de9a9e1","admin | dgmg | owner | sonasp","mining_sites","/artisan-sites","Qualifier puis exécuter dans les contextes applicables ; variantes et champs à instancier après revue","UI_AUTH_API_DB","NON EXÉCUTÉ","Qualification détaillée et environnement isolé requis","","Lot sites artisanaux"
"REC-ACT-a4240faa7b32","ACT-a4240faa7b32","admin | collector | comptoir | dgmg | owner | sonasp","artisan-minier","/artisan-minier/:id | /artisan-minier/cartes/expirations | /artisan-minier/cartes/suivi | /artisan-minier/cartes/validation","Qualifier puis exécuter dans les contextes applicables ; variantes et champs à instancier après revue","UI_AUTH_API_DB","NON EXÉCUTÉ","Qualification détaillée et environnement isolé requis","","Lot artisans et affiliations"
"REC-ACT-a4c3dd2e5baf","ACT-a4c3dd2e5baf","admin | collector | comptoir | dgmg | owner | sonasp","artisan-minier","/artisan-minier/:id | /artisan-minier/cartes/expirations | /artisan-minier/cartes/suivi | /artisan-minier/cartes/validation","Qualifier puis exécuter dans les contextes applicables ; variantes et champs à instancier après revue","UI_AUTH_API_DB","NON EXÉCUTÉ","Qualification détaillée et environnement isolé requis","","Lot artisans et affiliations"
"REC-ACT-a53bc923cbf2","ACT-a53bc923cbf2","admin | owner | sonasp","artisan-minier","/artisan-minier/cartes/expirations | /artisan-minier/cartes/suivi | /artisan-minier/cartes/validation","Qualifier puis exécuter dans les contextes applicables ; variantes et champs à instancier après revue","UI_AUTH_API_DB","NON EXÉCUTÉ","Qualification détaillée et environnement isolé requis","","Lot artisans et affiliations"
"REC-ACT-a5cf6031cfe4","ACT-a5cf6031cfe4","collector | owner","portal-collector","/portail-collecteur/documents","Qualifier puis exécuter dans les contextes applicables ; variantes et champs à instancier après revue","UI_AUTH_API_DB","NON EXÉCUTÉ","Qualification détaillée et environnement isolé requis","","Lot portal-collector"
"REC-ACT-a703e1ed77ca","ACT-a703e1ed77ca","admin | comptoir | owner | sonasp","artisan_gold_market","/artisan-minier/ventes-or/:id/facture","Qualifier puis exécuter dans les contextes applicables ; variantes et champs à instancier après revue","UI_AUTH_API_DB","NON EXÉCUTÉ","Qualification détaillée et environnement isolé requis","","Lot marché artisanal et paiements"
"REC-ACT-a8dc2031ee3f","ACT-a8dc2031ee3f","admin | collector | comptoir | dgmg | owner | sonasp","artisan-minier","/artisan-minier/:id/edit | /artisan-minier/liste","Qualifier puis exécuter dans les contextes applicables ; variantes et champs à instancier après revue","UI_AUTH_API_DB","NON EXÉCUTÉ","Qualification détaillée et environnement isolé requis","","Lot artisans et affiliations"
"REC-ACT-a8dd45b45b02","ACT-a8dd45b45b02","admin | dgmg | owner | sonasp","mining_sites","/artisan-sites/:siteId","Qualifier puis exécuter dans les contextes applicables ; variantes et champs à instancier après revue","UI_AUTH_API_DB","NON EXÉCUTÉ","Qualification détaillée et environnement isolé requis","","Lot sites artisanaux"
"REC-ACT-a8f5b7d2a172","ACT-a8f5b7d2a172","admin | owner | sonasp","artisan-minier","/artisan-minier/cartes/expirations | /artisan-minier/cartes/suivi | /artisan-minier/cartes/validation","Qualifier puis exécuter dans les contextes applicables ; variantes et champs à instancier après revue","UI_AUTH_API_DB","NON EXÉCUTÉ","Qualification détaillée et environnement isolé requis","","Lot artisans et affiliations"
"REC-ACT-a8fc578746c0","ACT-a8fc578746c0","collector | owner","portal-collector","/portail-collecteur","Qualifier puis exécuter dans les contextes applicables ; variantes et champs à instancier après revue","UI_AUTH_API_DB","NON EXÉCUTÉ","Qualification détaillée et environnement isolé requis","","Lot portal-collector"
"REC-ACT-a93d294c2fc6","ACT-a93d294c2fc6","admin | collector | comptoir | owner | sonasp","artisan_gold_market","/artisan-minier/paiements/:venteId/nouveau","Qualifier puis exécuter dans les contextes applicables ; variantes et champs à instancier après revue","UI_AUTH_API_DB","NON EXÉCUTÉ","Qualification détaillée et environnement isolé requis","","Lot marché artisanal et paiements"
"REC-ACT-a94883448444","ACT-a94883448444","admin | collector | comptoir | dgmg | owner | sonasp","artisan-minier","/artisan-minier/:id","Qualifier puis exécuter dans les contextes applicables ; variantes et champs à instancier après revue","UI_AUTH_API_DB","NON EXÉCUTÉ","Qualification détaillée et environnement isolé requis","","Lot artisans et affiliations"
"REC-ACT-aa4bf5c93f97","ACT-aa4bf5c93f97","CONSOMMATEUR_NON_RESOLU","TRANSVERSE_OU_ORPHELIN_A_QUALIFIER","","Qualifier puis exécuter dans les contextes applicables ; variantes et champs à instancier après revue","UI_AUTH_API_DB","NON EXÉCUTÉ","Qualification détaillée et environnement isolé requis","","Lot partagé : propriétaire à affecter par orchestrateur"
"REC-ACT-aaea3bdc7e7b","ACT-aaea3bdc7e7b","admin | owner | sonasp","artisan-minier","/artisan-minier/cartes/expirations | /artisan-minier/cartes/suivi | /artisan-minier/cartes/validation","Qualifier puis exécuter dans les contextes applicables ; variantes et champs à instancier après revue","UI_AUTH_API_DB","NON EXÉCUTÉ","Qualification détaillée et environnement isolé requis","","Lot artisans et affiliations"
"REC-ACT-aba7d188ddbb","ACT-aba7d188ddbb","admin | collector | comptoir | dgmg | owner | sonasp","artisan-minier","/artisan-minier/collecteurs | /artisan-minier/collecteurs/:id","Qualifier puis exécuter dans les contextes applicables ; variantes et champs à instancier après revue","UI_AUTH_API_DB","NON EXÉCUTÉ","Qualification détaillée et environnement isolé requis","","Lot artisans et affiliations"
"REC-ACT-aba88405d794","ACT-aba88405d794","comptoir | owner","portal-comptoir","/portail-comptoir","Qualifier puis exécuter dans les contextes applicables ; variantes et champs à instancier après revue","UI_AUTH_API_DB","NON EXÉCUTÉ","Qualification détaillée et environnement isolé requis","","Lot portal-comptoir"
"REC-ACT-acd18ac7f541","ACT-acd18ac7f541","admin | collector | comptoir | dgmg | owner | sonasp","artisan-minier","/artisan-minier/:id/edit | /artisan-minier/liste","Qualifier puis exécuter dans les contextes applicables ; variantes et champs à instancier après revue","UI_AUTH_API_DB","NON EXÉCUTÉ","Qualification détaillée et environnement isolé requis","","Lot artisans et affiliations"
"REC-ACT-ade73abcada7","ACT-ade73abcada7","admin | collector | comptoir | dgmg | owner | sonasp","artisan-minier","/artisan-minier/liste","Qualifier puis exécuter dans les contextes applicables ; variantes et champs à instancier après revue","UI_AUTH_API_DB","NON EXÉCUTÉ","Qualification détaillée et environnement isolé requis","","Lot artisans et affiliations"
"REC-ACT-adfc3a7dad91","ACT-adfc3a7dad91","CONSOMMATEUR_NON_RESOLU","TRANSVERSE_OU_ORPHELIN_A_QUALIFIER","","Qualifier puis exécuter dans les contextes applicables ; variantes et champs à instancier après revue","UI_AUTH_API_DB","NON EXÉCUTÉ","Qualification détaillée et environnement isolé requis","","Lot partagé : propriétaire à affecter par orchestrateur"
"REC-ACT-ae548452a3bb","ACT-ae548452a3bb","admin | owner | sonasp","artisan-minier","/artisan-minier/cartes/expirations | /artisan-minier/cartes/suivi | /artisan-minier/cartes/validation","Qualifier puis exécuter dans les contextes applicables ; variantes et champs à instancier après revue","UI_AUTH_API_DB","NON EXÉCUTÉ","Qualification détaillée et environnement isolé requis","","Lot artisans et affiliations"
"REC-ACT-aec1661e5eda","ACT-aec1661e5eda","admin | collector | comptoir | owner | sonasp","artisan_gold_market","/artisan-minier/paiements/historique/:paiementId","Qualifier puis exécuter dans les contextes applicables ; variantes et champs à instancier après revue","UI_AUTH_API_DB","NON EXÉCUTÉ","Qualification détaillée et environnement isolé requis","","Lot marché artisanal et paiements"
"REC-ACT-af781d11398c","ACT-af781d11398c","admin | owner | sonasp","artisan-minier","/artisan-minier/:artisanId/infractions/:infractionId","Qualifier puis exécuter dans les contextes applicables ; variantes et champs à instancier après revue","UI_AUTH_API_DB","NON EXÉCUTÉ","Qualification détaillée et environnement isolé requis","","Lot artisans et affiliations"
"REC-ACT-afa03fdec311","ACT-afa03fdec311","admin | collector | comptoir | dgmg | owner | sonasp","artisan-minier","/artisan-minier/collecteurs | /artisan-minier/collecteurs/:id","Qualifier puis exécuter dans les contextes applicables ; variantes et champs à instancier après revue","UI_AUTH_API_DB","NON EXÉCUTÉ","Qualification détaillée et environnement isolé requis","","Lot artisans et affiliations"
"REC-ACT-afa34e4eb9b4","ACT-afa34e4eb9b4","admin | collector | comptoir | dgi | owner | sonasp","artisan_gold_market","/artisan-minier/ventes-or/:id","Qualifier puis exécuter dans les contextes applicables ; variantes et champs à instancier après revue","UI_AUTH_API_DB","NON EXÉCUTÉ","Qualification détaillée et environnement isolé requis","","Lot marché artisanal et paiements"
"REC-ACT-b1c960b52bdc","ACT-b1c960b52bdc","admin | dgmg | owner | sonasp","mining_sites","/artisan-sites","Qualifier puis exécuter dans les contextes applicables ; variantes et champs à instancier après revue","UI_AUTH_API_DB","NON EXÉCUTÉ","Qualification détaillée et environnement isolé requis","","Lot sites artisanaux"
"REC-ACT-b2618cb621d0","ACT-b2618cb621d0","admin | collector | comptoir | dgi | owner | sonasp","artisan_gold_market","/artisan-minier/ventes-or","Qualifier puis exécuter dans les contextes applicables ; variantes et champs à instancier après revue","UI_AUTH_API_DB","NON EXÉCUTÉ","Qualification détaillée et environnement isolé requis","","Lot marché artisanal et paiements"
"REC-ACT-b2862829c11c","ACT-b2862829c11c","admin | collector | comptoir | dgi | owner | sonasp","artisan_gold_market","/artisan-minier/ventes-or","Qualifier puis exécuter dans les contextes applicables ; variantes et champs à instancier après revue","UI_AUTH_API_DB","NON EXÉCUTÉ","Qualification détaillée et environnement isolé requis","","Lot marché artisanal et paiements"
"REC-ACT-b3483aab8d21","ACT-b3483aab8d21","admin | collector | comptoir | dgi | owner | sonasp","artisan_gold_market","/artisan-minier/ventes-or","Qualifier puis exécuter dans les contextes applicables ; variantes et champs à instancier après revue","UI_AUTH_API_DB","NON EXÉCUTÉ","Qualification détaillée et environnement isolé requis","","Lot marché artisanal et paiements"
"REC-ACT-b3d3d6639d4a","ACT-b3d3d6639d4a","admin | collector | comptoir | dgmg | owner | sonasp","artisan-minier","/artisan-minier/collecteurs | /artisan-minier/collecteurs/:id","Qualifier puis exécuter dans les contextes applicables ; variantes et champs à instancier après revue","UI_AUTH_API_DB","NON EXÉCUTÉ","Qualification détaillée et environnement isolé requis","","Lot artisans et affiliations"
"REC-ACT-b51aedc35f8d","ACT-b51aedc35f8d","admin | dgmg | owner","artisan-minier","/artisan-minier/comptoirs/:id | /artisan-minier/comptoirs/:id/modifier | /artisan-minier/comptoirs/nouveau","Qualifier puis exécuter dans les contextes applicables ; variantes et champs à instancier après revue","UI_AUTH_API_DB","NON EXÉCUTÉ","Qualification détaillée et environnement isolé requis","","Lot artisans et affiliations"
"REC-ACT-b63ccc18b703","ACT-b63ccc18b703","admin | collector | comptoir | dgmg | owner | sonasp","artisan-minier","/artisan-minier/:id | /artisan-minier/cartes/expirations | /artisan-minier/cartes/suivi | /artisan-minier/cartes/validation","Qualifier puis exécuter dans les contextes applicables ; variantes et champs à instancier après revue","UI_AUTH_API_DB","NON EXÉCUTÉ","Qualification détaillée et environnement isolé requis","","Lot artisans et affiliations"
"REC-ACT-b7c1e049f532","ACT-b7c1e049f532","admin | collector | comptoir | owner | sonasp","artisan_gold_market","/artisan-minier/paiements/historique/:paiementId","Qualifier puis exécuter dans les contextes applicables ; variantes et champs à instancier après revue","UI_AUTH_API_DB","NON EXÉCUTÉ","Qualification détaillée et environnement isolé requis","","Lot marché artisanal et paiements"
"REC-ACT-b7fc49c926ff","ACT-b7fc49c926ff","admin | collector | comptoir | dgmg | owner | sonasp","artisan_gold_market","/collecte/ventes | /collecte/ventes/nouvelle","Qualifier puis exécuter dans les contextes applicables ; variantes et champs à instancier après revue","UI_AUTH_API_DB","NON EXÉCUTÉ","Qualification détaillée et environnement isolé requis","","Lot marché artisanal et paiements"
"REC-ACT-b86cff1b5bbc","ACT-b86cff1b5bbc","admin | dgmg | owner | sonasp","mining_sites","/artisan-sites","Qualifier puis exécuter dans les contextes applicables ; variantes et champs à instancier après revue","UI_AUTH_API_DB","NON EXÉCUTÉ","Qualification détaillée et environnement isolé requis","","Lot sites artisanaux"
"REC-ACT-b8d820ed4202","ACT-b8d820ed4202","admin | collector | comptoir | dgmg | owner | sonasp","artisan-minier","/artisan-minier/:id","Qualifier puis exécuter dans les contextes applicables ; variantes et champs à instancier après revue","UI_AUTH_API_DB","NON EXÉCUTÉ","Qualification détaillée et environnement isolé requis","","Lot artisans et affiliations"
"REC-ACT-b8e29c725f8d","ACT-b8e29c725f8d","admin | collector | comptoir | dgmg | owner | sonasp","artisan-minier","/artisan-minier/:id/edit | /artisan-minier/liste","Qualifier puis exécuter dans les contextes applicables ; variantes et champs à instancier après revue","UI_AUTH_API_DB","NON EXÉCUTÉ","Qualification détaillée et environnement isolé requis","","Lot artisans et affiliations"
"REC-ACT-b9fa5efcc1cf","ACT-b9fa5efcc1cf","admin | dgmg | owner","mining_sites","/artisan-sites/:siteId/modifier | /artisan-sites/nouveau","Qualifier puis exécuter dans les contextes applicables ; variantes et champs à instancier après revue","UI_AUTH_API_DB","NON EXÉCUTÉ","Qualification détaillée et environnement isolé requis","","Lot sites artisanaux"
"REC-ACT-bac761ea46ae","ACT-bac761ea46ae","admin | collector | comptoir | dgmg | owner | sonasp","artisan-minier","/artisan-minier/:id/edit | /artisan-minier/liste","Qualifier puis exécuter dans les contextes applicables ; variantes et champs à instancier après revue","UI_AUTH_API_DB","NON EXÉCUTÉ","Qualification détaillée et environnement isolé requis","","Lot artisans et affiliations"
"REC-ACT-bb2ea46ca5f6","ACT-bb2ea46ca5f6","admin | collector | comptoir | owner | sonasp","artisan_gold_market","/artisan-minier/paiements/:venteId/nouveau","Qualifier puis exécuter dans les contextes applicables ; variantes et champs à instancier après revue","UI_AUTH_API_DB","NON EXÉCUTÉ","Qualification détaillée et environnement isolé requis","","Lot marché artisanal et paiements"
"REC-ACT-bbdac68ebc67","ACT-bbdac68ebc67","admin | collector | comptoir | dgmg | owner | sonasp","artisan-minier","/artisan-minier/:id | /artisan-minier/cartes/expirations | /artisan-minier/cartes/suivi | /artisan-minier/cartes/validation","Qualifier puis exécuter dans les contextes applicables ; variantes et champs à instancier après revue","UI_AUTH_API_DB","NON EXÉCUTÉ","Qualification détaillée et environnement isolé requis","","Lot artisans et affiliations"
"REC-ACT-bca3b4aba734","ACT-bca3b4aba734","admin | collector | comptoir | owner | sonasp","artisan_gold_market","/artisan-minier/paiements/historique/:paiementId","Qualifier puis exécuter dans les contextes applicables ; variantes et champs à instancier après revue","UI_AUTH_API_DB","NON EXÉCUTÉ","Qualification détaillée et environnement isolé requis","","Lot marché artisanal et paiements"
"REC-ACT-bca8aa374e86","ACT-bca8aa374e86","CONSOMMATEUR_NON_RESOLU","TRANSVERSE_OU_ORPHELIN_A_QUALIFIER","","Qualifier puis exécuter dans les contextes applicables ; variantes et champs à instancier après revue","UI_AUTH_API_DB","NON EXÉCUTÉ","Qualification détaillée et environnement isolé requis","","Lot partagé : propriétaire à affecter par orchestrateur"
"REC-ACT-bd67283895fe","ACT-bd67283895fe","admin | owner | sonasp","artisan-minier","/artisan-minier","Qualifier puis exécuter dans les contextes applicables ; variantes et champs à instancier après revue","UI_AUTH_API_DB","NON EXÉCUTÉ","Qualification détaillée et environnement isolé requis","","Lot artisans et affiliations"
"REC-ACT-be5707672942","ACT-be5707672942","admin | dgmg | owner","artisan-minier","/artisan-minier/comptoirs/:id | /artisan-minier/comptoirs/:id/modifier | /artisan-minier/comptoirs/nouveau","Qualifier puis exécuter dans les contextes applicables ; variantes et champs à instancier après revue","UI_AUTH_API_DB","NON EXÉCUTÉ","Qualification détaillée et environnement isolé requis","","Lot artisans et affiliations"
"REC-ACT-c018afc8cf53","ACT-c018afc8cf53","admin | collector | comptoir | dgmg | owner | sonasp","artisan-minier","/artisan-minier/:id/edit | /artisan-minier/liste","Qualifier puis exécuter dans les contextes applicables ; variantes et champs à instancier après revue","UI_AUTH_API_DB","NON EXÉCUTÉ","Qualification détaillée et environnement isolé requis","","Lot artisans et affiliations"
"REC-ACT-c0c8dff76af2","ACT-c0c8dff76af2","admin | collector | comptoir | owner | sonasp","artisan_gold_market","/artisan-minier/paiements/historique/:paiementId","Qualifier puis exécuter dans les contextes applicables ; variantes et champs à instancier après revue","UI_AUTH_API_DB","NON EXÉCUTÉ","Qualification détaillée et environnement isolé requis","","Lot marché artisanal et paiements"
"REC-ACT-c13d47e38ad0","ACT-c13d47e38ad0","admin | collector | comptoir | dgmg | owner | sonasp","artisan_gold_market","/collecte/ventes | /collecte/ventes/nouvelle","Qualifier puis exécuter dans les contextes applicables ; variantes et champs à instancier après revue","UI_AUTH_API_DB","NON EXÉCUTÉ","Qualification détaillée et environnement isolé requis","","Lot marché artisanal et paiements"
"REC-ACT-c13f87bdbf36","ACT-c13f87bdbf36","admin | collector | comptoir | dgmg | owner | sonasp","artisan-minier","/artisan-minier/:id | /artisan-minier/cartes/expirations | /artisan-minier/cartes/suivi | /artisan-minier/cartes/validation","Qualifier puis exécuter dans les contextes applicables ; variantes et champs à instancier après revue","UI_AUTH_API_DB","NON EXÉCUTÉ","Qualification détaillée et environnement isolé requis","","Lot artisans et affiliations"
"REC-ACT-c2f947329d56","ACT-c2f947329d56","admin | dgmg | owner | sonasp","mining_sites","/artisan-sites/:siteId","Qualifier puis exécuter dans les contextes applicables ; variantes et champs à instancier après revue","UI_AUTH_API_DB","NON EXÉCUTÉ","Qualification détaillée et environnement isolé requis","","Lot sites artisanaux"
"REC-ACT-c3c13117b89e","ACT-c3c13117b89e","admin | owner | sonasp","artisan-minier","/artisan-minier/cartes/expirations | /artisan-minier/cartes/suivi | /artisan-minier/cartes/validation","Qualifier puis exécuter dans les contextes applicables ; variantes et champs à instancier après revue","UI_AUTH_API_DB","NON EXÉCUTÉ","Qualification détaillée et environnement isolé requis","","Lot artisans et affiliations"
"REC-ACT-c414c139b37c","ACT-c414c139b37c","admin | dgmg | owner","mining_sites","/artisan-sites/:siteId/modifier | /artisan-sites/nouveau","Qualifier puis exécuter dans les contextes applicables ; variantes et champs à instancier après revue","UI_AUTH_API_DB","NON EXÉCUTÉ","Qualification détaillée et environnement isolé requis","","Lot sites artisanaux"
"REC-ACT-c534a8d6b367","ACT-c534a8d6b367","admin | dgmg | owner | sonasp","mining_sites","/artisan-sites/:siteId","Qualifier puis exécuter dans les contextes applicables ; variantes et champs à instancier après revue","UI_AUTH_API_DB","NON EXÉCUTÉ","Qualification détaillée et environnement isolé requis","","Lot sites artisanaux"
"REC-ACT-c609c442bc61","ACT-c609c442bc61","admin | dgmg | owner","artisan-minier","/artisan-minier/collecteurs/:id/modifier | /artisan-minier/collecteurs/nouveau","Qualifier puis exécuter dans les contextes applicables ; variantes et champs à instancier après revue","UI_AUTH_API_DB","NON EXÉCUTÉ","Qualification détaillée et environnement isolé requis","","Lot artisans et affiliations"
"REC-ACT-c6697d7337d3","ACT-c6697d7337d3","admin | dgmg | owner | sonasp","mining_sites","/artisan-sites","Qualifier puis exécuter dans les contextes applicables ; variantes et champs à instancier après revue","UI_AUTH_API_DB","NON EXÉCUTÉ","Qualification détaillée et environnement isolé requis","","Lot sites artisanaux"
"REC-ACT-c674642a0510","ACT-c674642a0510","admin | owner | sonasp","public-et-alias","/sonasp/cessions-comptoirs","Qualifier puis exécuter dans les contextes applicables ; variantes et champs à instancier après revue","UI_AUTH_API_DB","NON EXÉCUTÉ","Qualification détaillée et environnement isolé requis","","Lot public-et-alias"
"REC-ACT-c7f602a615b8","ACT-c7f602a615b8","admin | collector | comptoir | dgmg | owner | sonasp","artisan-minier | artisan_gold_market","/artisan-minier/:id/edit | /artisan-minier/collecteurs/:id/modifier | /artisan-minier/collecteurs/nouveau | /artisan-minier/comptoirs/:id | /artisan-minier/comptoirs/:id/modifier | /artisan-minier/comptoirs/nouveau | /artisan-minier/liste | /collecte/ventes | /collecte/ventes/nouvelle","Qualifier puis exécuter dans les contextes applicables ; variantes et champs à instancier après revue","UI_AUTH_API_DB","NON EXÉCUTÉ","Qualification détaillée et environnement isolé requis","","Lot partagé : propriétaire à affecter par orchestrateur"
"REC-ACT-c9145df3f3f6","ACT-c9145df3f3f6","admin | collector | comptoir | dgmg | owner | sonasp","artisan-minier","/artisan-minier/liste","Qualifier puis exécuter dans les contextes applicables ; variantes et champs à instancier après revue","UI_AUTH_API_DB","NON EXÉCUTÉ","Qualification détaillée et environnement isolé requis","","Lot artisans et affiliations"
"REC-ACT-c915651cca10","ACT-c915651cca10","admin | collector | comptoir | dgmg | owner | sonasp","artisan-minier","/artisan-minier/liste","Qualifier puis exécuter dans les contextes applicables ; variantes et champs à instancier après revue","UI_AUTH_API_DB","NON EXÉCUTÉ","Qualification détaillée et environnement isolé requis","","Lot artisans et affiliations"
"REC-ACT-c947265e0959","ACT-c947265e0959","admin | collector | comptoir | owner | sonasp","artisan_gold_market","/artisan-minier/paiements/:venteId/nouveau","Qualifier puis exécuter dans les contextes applicables ; variantes et champs à instancier après revue","UI_AUTH_API_DB","NON EXÉCUTÉ","Qualification détaillée et environnement isolé requis","","Lot marché artisanal et paiements"
"REC-ACT-ca1585511f40","ACT-ca1585511f40","collector | owner","portal-collector","/portail-collecteur/documents","Qualifier puis exécuter dans les contextes applicables ; variantes et champs à instancier après revue","UI_AUTH_API_DB","NON EXÉCUTÉ","Qualification détaillée et environnement isolé requis","","Lot portal-collector"
"REC-ACT-ca72ca944d10","ACT-ca72ca944d10","collector | owner","portal-collector","/portail-collecteur","Qualifier puis exécuter dans les contextes applicables ; variantes et champs à instancier après revue","UI_AUTH_API_DB","NON EXÉCUTÉ","Qualification détaillée et environnement isolé requis","","Lot portal-collector"
"REC-ACT-cd74f91e7459","ACT-cd74f91e7459","admin | collector | comptoir | dgmg | owner | sonasp","artisan-minier","/artisan-minier/:id/edit | /artisan-minier/liste","Qualifier puis exécuter dans les contextes applicables ; variantes et champs à instancier après revue","UI_AUTH_API_DB","NON EXÉCUTÉ","Qualification détaillée et environnement isolé requis","","Lot artisans et affiliations"
"REC-ACT-cdcfc5c923fd","ACT-cdcfc5c923fd","admin | collector | comptoir | dgmg | owner | sonasp","artisan-minier","/artisan-minier/:id | /artisan-minier/cartes/expirations | /artisan-minier/cartes/suivi | /artisan-minier/cartes/validation","Qualifier puis exécuter dans les contextes applicables ; variantes et champs à instancier après revue","UI_AUTH_API_DB","NON EXÉCUTÉ","Qualification détaillée et environnement isolé requis","","Lot artisans et affiliations"
"REC-ACT-ce3d8a9010ed","ACT-ce3d8a9010ed","comptoir | owner","portal-comptoir","/portail-comptoir/ventes-sonasp","Qualifier puis exécuter dans les contextes applicables ; variantes et champs à instancier après revue","UI_AUTH_API_DB","NON EXÉCUTÉ","Qualification détaillée et environnement isolé requis","","Lot portal-comptoir"
"REC-ACT-cf03eee92e5b","ACT-cf03eee92e5b","admin | collector | comptoir | dgmg | owner | sonasp","artisan-minier","/artisan-minier/:id | /artisan-minier/cartes/expirations | /artisan-minier/cartes/suivi | /artisan-minier/cartes/validation","Qualifier puis exécuter dans les contextes applicables ; variantes et champs à instancier après revue","UI_AUTH_API_DB","NON EXÉCUTÉ","Qualification détaillée et environnement isolé requis","","Lot artisans et affiliations"
"REC-ACT-cf3971be0c10","ACT-cf3971be0c10","admin | collector | comptoir | dgmg | owner | sonasp","artisan-minier","/artisan-minier/:id | /artisan-minier/cartes/expirations | /artisan-minier/cartes/suivi | /artisan-minier/cartes/validation","Qualifier puis exécuter dans les contextes applicables ; variantes et champs à instancier après revue","UI_AUTH_API_DB","NON EXÉCUTÉ","Qualification détaillée et environnement isolé requis","","Lot artisans et affiliations"
"REC-ACT-cf83c1d54082","ACT-cf83c1d54082","admin | dgmg | owner | sonasp","artisan-minier","/artisan-minier/:id/edit","Qualifier puis exécuter dans les contextes applicables ; variantes et champs à instancier après revue","UI_AUTH_API_DB","NON EXÉCUTÉ","Qualification détaillée et environnement isolé requis","","Lot artisans et affiliations"
"REC-ACT-d0ccd76929ab","ACT-d0ccd76929ab","admin | collector | comptoir | dgmg | owner | sonasp","artisan_gold_market","/collecte/ventes | /collecte/ventes/nouvelle","Qualifier puis exécuter dans les contextes applicables ; variantes et champs à instancier après revue","UI_AUTH_API_DB","NON EXÉCUTÉ","Qualification détaillée et environnement isolé requis","","Lot marché artisanal et paiements"
"REC-ACT-d13ba24b6c8c","ACT-d13ba24b6c8c","admin | dgmg | owner | sonasp","mining_sites","/artisan-sites/production","Qualifier puis exécuter dans les contextes applicables ; variantes et champs à instancier après revue","UI_AUTH_API_DB","NON EXÉCUTÉ","Qualification détaillée et environnement isolé requis","","Lot sites artisanaux"
"REC-ACT-d17c3bbb5b4b","ACT-d17c3bbb5b4b","admin | owner | sonasp","artisan-minier","/artisan-minier","Qualifier puis exécuter dans les contextes applicables ; variantes et champs à instancier après revue","UI_AUTH_API_DB","NON EXÉCUTÉ","Qualification détaillée et environnement isolé requis","","Lot artisans et affiliations"
"REC-ACT-d248bb39dfaf","ACT-d248bb39dfaf","CONSOMMATEUR_NON_RESOLU","TRANSVERSE_OU_ORPHELIN_A_QUALIFIER","","Qualifier puis exécuter dans les contextes applicables ; variantes et champs à instancier après revue","UI_AUTH_API_DB","NON EXÉCUTÉ","Qualification détaillée et environnement isolé requis","","Lot partagé : propriétaire à affecter par orchestrateur"
"REC-ACT-d2eb69b9cbeb","ACT-d2eb69b9cbeb","admin | collector | comptoir | dgi | owner | sonasp","artisan_gold_market","/artisan-minier/ventes-or","Qualifier puis exécuter dans les contextes applicables ; variantes et champs à instancier après revue","UI_AUTH_API_DB","NON EXÉCUTÉ","Qualification détaillée et environnement isolé requis","","Lot marché artisanal et paiements"
"REC-ACT-d34619ef3b0c","ACT-d34619ef3b0c","admin | collector | comptoir | owner | sonasp","artisan_gold_market","/artisan-minier/paiements/:venteId/nouveau","Qualifier puis exécuter dans les contextes applicables ; variantes et champs à instancier après revue","UI_AUTH_API_DB","NON EXÉCUTÉ","Qualification détaillée et environnement isolé requis","","Lot marché artisanal et paiements"
"REC-ACT-d4c76e37af8b","ACT-d4c76e37af8b","CONSOMMATEUR_NON_RESOLU","TRANSVERSE_OU_ORPHELIN_A_QUALIFIER","","Qualifier puis exécuter dans les contextes applicables ; variantes et champs à instancier après revue","UI_AUTH_API_DB","NON EXÉCUTÉ","Qualification détaillée et environnement isolé requis","","Lot partagé : propriétaire à affecter par orchestrateur"
"REC-ACT-d67d3e29b74a","ACT-d67d3e29b74a","admin | collector | comptoir | dgmg | owner | sonasp","artisan-minier","/artisan-minier/liste","Qualifier puis exécuter dans les contextes applicables ; variantes et champs à instancier après revue","UI_AUTH_API_DB","NON EXÉCUTÉ","Qualification détaillée et environnement isolé requis","","Lot artisans et affiliations"
"REC-ACT-d6b16125a5fc","ACT-d6b16125a5fc","admin | collector | comptoir | dgmg | owner | sonasp","artisan-minier | artisan_gold_market","/artisan-minier/:id/edit | /artisan-minier/collecteurs/:id/modifier | /artisan-minier/collecteurs/nouveau | /artisan-minier/comptoirs/:id | /artisan-minier/comptoirs/:id/modifier | /artisan-minier/comptoirs/nouveau | /artisan-minier/liste | /collecte/ventes | /collecte/ventes/nouvelle","Qualifier puis exécuter dans les contextes applicables ; variantes et champs à instancier après revue","UI_AUTH_API_DB","NON EXÉCUTÉ","Qualification détaillée et environnement isolé requis","","Lot partagé : propriétaire à affecter par orchestrateur"
"REC-ACT-d70f3eb8fd1c","ACT-d70f3eb8fd1c","admin | owner | sonasp","artisan-minier","/artisan-minier/:artisanId/infractions/:infractionId","Qualifier puis exécuter dans les contextes applicables ; variantes et champs à instancier après revue","UI_AUTH_API_DB","NON EXÉCUTÉ","Qualification détaillée et environnement isolé requis","","Lot artisans et affiliations"
"REC-ACT-d713f57882af","ACT-d713f57882af","admin | owner | sonasp","artisan-minier","/artisan-minier/cartes/expirations | /artisan-minier/cartes/suivi | /artisan-minier/cartes/validation","Qualifier puis exécuter dans les contextes applicables ; variantes et champs à instancier après revue","UI_AUTH_API_DB","NON EXÉCUTÉ","Qualification détaillée et environnement isolé requis","","Lot artisans et affiliations"
"REC-ACT-d7c6d23009bc","ACT-d7c6d23009bc","admin | collector | comptoir | dgmg | owner | sonasp","artisan-minier","/artisan-minier/liste","Qualifier puis exécuter dans les contextes applicables ; variantes et champs à instancier après revue","UI_AUTH_API_DB","NON EXÉCUTÉ","Qualification détaillée et environnement isolé requis","","Lot artisans et affiliations"
"REC-ACT-d93b4c2118f3","ACT-d93b4c2118f3","admin | dgmg | owner | sonasp","artisan-minier | mining_sites","/artisan-minier | /artisan-sites","Qualifier puis exécuter dans les contextes applicables ; variantes et champs à instancier après revue","UI_AUTH_API_DB","NON EXÉCUTÉ","Qualification détaillée et environnement isolé requis","","Lot partagé : propriétaire à affecter par orchestrateur"
"REC-ACT-d9d557a5c6c7","ACT-d9d557a5c6c7","CONSOMMATEUR_NON_RESOLU","TRANSVERSE_OU_ORPHELIN_A_QUALIFIER","","Qualifier puis exécuter dans les contextes applicables ; variantes et champs à instancier après revue","UI_AUTH_API_DB","NON EXÉCUTÉ","Qualification détaillée et environnement isolé requis","","Lot partagé : propriétaire à affecter par orchestrateur"
"REC-ACT-d9fea49ecd90","ACT-d9fea49ecd90","admin | collector | comptoir | owner | sonasp","artisan_gold_market","/artisan-minier/paiements/historique/:paiementId","Qualifier puis exécuter dans les contextes applicables ; variantes et champs à instancier après revue","UI_AUTH_API_DB","NON EXÉCUTÉ","Qualification détaillée et environnement isolé requis","","Lot marché artisanal et paiements"
"REC-ACT-dab84f3bb766","ACT-dab84f3bb766","admin | owner | sonasp","artisan-minier","/artisan-minier/:artisanId/infractions/:infractionId/modifier | /artisan-minier/:artisanId/infractions/nouvelle","Qualifier puis exécuter dans les contextes applicables ; variantes et champs à instancier après revue","UI_AUTH_API_DB","NON EXÉCUTÉ","Qualification détaillée et environnement isolé requis","","Lot artisans et affiliations"
"REC-ACT-db6a3c63382b","ACT-db6a3c63382b","admin | collector | comptoir | dgi | owner | sonasp","artisan_gold_market","/artisan-minier/ventes-or/:id","Qualifier puis exécuter dans les contextes applicables ; variantes et champs à instancier après revue","UI_AUTH_API_DB","NON EXÉCUTÉ","Qualification détaillée et environnement isolé requis","","Lot marché artisanal et paiements"
"REC-ACT-dbb018031a90","ACT-dbb018031a90","admin | collector | comptoir | dgmg | owner | sonasp","artisan-minier","/artisan-minier/:id/edit | /artisan-minier/liste","Qualifier puis exécuter dans les contextes applicables ; variantes et champs à instancier après revue","UI_AUTH_API_DB","NON EXÉCUTÉ","Qualification détaillée et environnement isolé requis","","Lot artisans et affiliations"
"REC-ACT-dc3b99debc4b","ACT-dc3b99debc4b","admin | collector | comptoir | dgmg | owner | sonasp","artisan-minier","/artisan-minier/:id | /artisan-minier/cartes/expirations | /artisan-minier/cartes/suivi | /artisan-minier/cartes/validation","Qualifier puis exécuter dans les contextes applicables ; variantes et champs à instancier après revue","UI_AUTH_API_DB","NON EXÉCUTÉ","Qualification détaillée et environnement isolé requis","","Lot artisans et affiliations"
"REC-ACT-dc9c3d0dabfb","ACT-dc9c3d0dabfb","comptoir | owner","portal-comptoir","/portail-comptoir/ventes-sonasp","Qualifier puis exécuter dans les contextes applicables ; variantes et champs à instancier après revue","UI_AUTH_API_DB","NON EXÉCUTÉ","Qualification détaillée et environnement isolé requis","","Lot portal-comptoir"
"REC-ACT-dcd28d9ee247","ACT-dcd28d9ee247","admin | collector | comptoir | owner | sonasp","artisan_gold_market","/artisan-minier/paiements/historique","Qualifier puis exécuter dans les contextes applicables ; variantes et champs à instancier après revue","UI_AUTH_API_DB","NON EXÉCUTÉ","Qualification détaillée et environnement isolé requis","","Lot marché artisanal et paiements"
"REC-ACT-dd27d42248c7","ACT-dd27d42248c7","admin | comptoir | owner | sonasp","artisan_gold_market","/artisan-minier/paiements","Qualifier puis exécuter dans les contextes applicables ; variantes et champs à instancier après revue","UI_AUTH_API_DB","NON EXÉCUTÉ","Qualification détaillée et environnement isolé requis","","Lot marché artisanal et paiements"
"REC-ACT-dd2a02a69d71","ACT-dd2a02a69d71","admin | collector | comptoir | owner | sonasp","artisan_gold_market","/artisan-minier/paiements/historique","Qualifier puis exécuter dans les contextes applicables ; variantes et champs à instancier après revue","UI_AUTH_API_DB","NON EXÉCUTÉ","Qualification détaillée et environnement isolé requis","","Lot marché artisanal et paiements"
"REC-ACT-dd55bf75ebf6","ACT-dd55bf75ebf6","admin | owner | sonasp","artisan-minier","/artisan-minier/cartes/expirations | /artisan-minier/cartes/suivi | /artisan-minier/cartes/validation","Qualifier puis exécuter dans les contextes applicables ; variantes et champs à instancier après revue","UI_AUTH_API_DB","NON EXÉCUTÉ","Qualification détaillée et environnement isolé requis","","Lot artisans et affiliations"
"REC-ACT-dd6ff371f33f","ACT-dd6ff371f33f","admin | owner | sonasp","artisan-minier","/artisan-minier/cartes/expirations | /artisan-minier/cartes/suivi | /artisan-minier/cartes/validation","Qualifier puis exécuter dans les contextes applicables ; variantes et champs à instancier après revue","UI_AUTH_API_DB","NON EXÉCUTÉ","Qualification détaillée et environnement isolé requis","","Lot artisans et affiliations"
"REC-ACT-dd81195870a7","ACT-dd81195870a7","admin | owner | sonasp","artisan-minier","/artisan-minier/cartes/expirations | /artisan-minier/cartes/suivi | /artisan-minier/cartes/validation","Qualifier puis exécuter dans les contextes applicables ; variantes et champs à instancier après revue","UI_AUTH_API_DB","NON EXÉCUTÉ","Qualification détaillée et environnement isolé requis","","Lot artisans et affiliations"
"REC-ACT-dd99d93b94f9","ACT-dd99d93b94f9","admin | dgmg | owner | sonasp","mining_sites","/artisan-sites","Qualifier puis exécuter dans les contextes applicables ; variantes et champs à instancier après revue","UI_AUTH_API_DB","NON EXÉCUTÉ","Qualification détaillée et environnement isolé requis","","Lot sites artisanaux"
"REC-ACT-de906ad7f9a8","ACT-de906ad7f9a8","admin | comptoir | owner | sonasp","artisan_gold_market","/artisan-minier/paiements","Qualifier puis exécuter dans les contextes applicables ; variantes et champs à instancier après revue","UI_AUTH_API_DB","NON EXÉCUTÉ","Qualification détaillée et environnement isolé requis","","Lot marché artisanal et paiements"
"REC-ACT-dea15e51fffc","ACT-dea15e51fffc","admin | comptoir | owner | sonasp","artisan_gold_market","/artisan-minier/rapports","Qualifier puis exécuter dans les contextes applicables ; variantes et champs à instancier après revue","UI_AUTH_API_DB","NON EXÉCUTÉ","Qualification détaillée et environnement isolé requis","","Lot marché artisanal et paiements"
"REC-ACT-dedb16b71924","ACT-dedb16b71924","admin | collector | comptoir | dgmg | owner | sonasp","artisan-minier","/artisan-minier/:id | /artisan-minier/cartes/expirations | /artisan-minier/cartes/suivi | /artisan-minier/cartes/validation","Qualifier puis exécuter dans les contextes applicables ; variantes et champs à instancier après revue","UI_AUTH_API_DB","NON EXÉCUTÉ","Qualification détaillée et environnement isolé requis","","Lot artisans et affiliations"
"REC-ACT-df3755ff4108","ACT-df3755ff4108","admin | owner | sonasp","artisan-minier","/artisan-minier/:artisanId/infractions/:infractionId/modifier | /artisan-minier/:artisanId/infractions/nouvelle","Qualifier puis exécuter dans les contextes applicables ; variantes et champs à instancier après revue","UI_AUTH_API_DB","NON EXÉCUTÉ","Qualification détaillée et environnement isolé requis","","Lot artisans et affiliations"
"REC-ACT-e0952f69322b","ACT-e0952f69322b","admin | comptoir | owner | sonasp","artisan_gold_market","/artisan-minier/rapports","Qualifier puis exécuter dans les contextes applicables ; variantes et champs à instancier après revue","UI_AUTH_API_DB","NON EXÉCUTÉ","Qualification détaillée et environnement isolé requis","","Lot marché artisanal et paiements"
"REC-ACT-e09bd8637671","ACT-e09bd8637671","admin | collector | comptoir | owner | sonasp","artisan_gold_market","/artisan-minier/paiements/historique","Qualifier puis exécuter dans les contextes applicables ; variantes et champs à instancier après revue","UI_AUTH_API_DB","NON EXÉCUTÉ","Qualification détaillée et environnement isolé requis","","Lot marché artisanal et paiements"
"REC-ACT-e0dbeb185dae","ACT-e0dbeb185dae","admin | comptoir | owner | sonasp","artisan_gold_market","/artisan-minier/ventes-or/:id/modifier | /artisan-minier/ventes-or/nouvelle","Qualifier puis exécuter dans les contextes applicables ; variantes et champs à instancier après revue","UI_AUTH_API_DB","NON EXÉCUTÉ","Qualification détaillée et environnement isolé requis","","Lot marché artisanal et paiements"
"REC-ACT-e12a0f032e1a","ACT-e12a0f032e1a","admin | collector | comptoir | dgmg | owner | sonasp","artisan-minier","/artisan-minier/:id | /artisan-minier/cartes/expirations | /artisan-minier/cartes/suivi | /artisan-minier/cartes/validation","Qualifier puis exécuter dans les contextes applicables ; variantes et champs à instancier après revue","UI_AUTH_API_DB","NON EXÉCUTÉ","Qualification détaillée et environnement isolé requis","","Lot artisans et affiliations"
"REC-ACT-e1981e2c3700","ACT-e1981e2c3700","admin | owner | sonasp","artisan-minier","/artisan-minier/cartes/expirations | /artisan-minier/cartes/suivi | /artisan-minier/cartes/validation","Qualifier puis exécuter dans les contextes applicables ; variantes et champs à instancier après revue","UI_AUTH_API_DB","NON EXÉCUTÉ","Qualification détaillée et environnement isolé requis","","Lot artisans et affiliations"
"REC-ACT-e4aac3b87971","ACT-e4aac3b87971","collector | owner","portal-collector","/portail-collecteur","Qualifier puis exécuter dans les contextes applicables ; variantes et champs à instancier après revue","UI_AUTH_API_DB","NON EXÉCUTÉ","Qualification détaillée et environnement isolé requis","","Lot portal-collector"
"REC-ACT-e4b5d361a786","ACT-e4b5d361a786","admin | collector | comptoir | dgmg | owner | sonasp","artisan-minier","/artisan-minier/:id/edit | /artisan-minier/liste","Qualifier puis exécuter dans les contextes applicables ; variantes et champs à instancier après revue","UI_AUTH_API_DB","NON EXÉCUTÉ","Qualification détaillée et environnement isolé requis","","Lot artisans et affiliations"
"REC-ACT-e5d78ac9aa7f","ACT-e5d78ac9aa7f","admin | dgmg | owner | sonasp","mining_sites","/artisan-sites","Qualifier puis exécuter dans les contextes applicables ; variantes et champs à instancier après revue","UI_AUTH_API_DB","NON EXÉCUTÉ","Qualification détaillée et environnement isolé requis","","Lot sites artisanaux"
"REC-ACT-e6aefffaa21b","ACT-e6aefffaa21b","admin | dgmg | owner","artisan-minier","/artisan-minier/collecteurs/:id/modifier | /artisan-minier/collecteurs/nouveau","Qualifier puis exécuter dans les contextes applicables ; variantes et champs à instancier après revue","UI_AUTH_API_DB","NON EXÉCUTÉ","Qualification détaillée et environnement isolé requis","","Lot artisans et affiliations"
"REC-ACT-e6b04a576576","ACT-e6b04a576576","admin | collector | comptoir | dgmg | owner | sonasp","artisan-minier","/artisan-minier/:id | /artisan-minier/cartes/expirations | /artisan-minier/cartes/suivi | /artisan-minier/cartes/validation","Qualifier puis exécuter dans les contextes applicables ; variantes et champs à instancier après revue","UI_AUTH_API_DB","NON EXÉCUTÉ","Qualification détaillée et environnement isolé requis","","Lot artisans et affiliations"
"REC-ACT-e6cb1f9959b8","ACT-e6cb1f9959b8","admin | collector | comptoir | dgmg | owner | sonasp","artisan-minier | artisan_gold_market","/artisan-minier/:id/edit | /artisan-minier/collecteurs/:id/modifier | /artisan-minier/collecteurs/nouveau | /artisan-minier/comptoirs/:id | /artisan-minier/comptoirs/:id/modifier | /artisan-minier/comptoirs/nouveau | /artisan-minier/liste | /collecte/ventes | /collecte/ventes/nouvelle","Qualifier puis exécuter dans les contextes applicables ; variantes et champs à instancier après revue","UI_AUTH_API_DB","NON EXÉCUTÉ","Qualification détaillée et environnement isolé requis","","Lot partagé : propriétaire à affecter par orchestrateur"
"REC-ACT-e813194aab8d","ACT-e813194aab8d","admin | comptoir | owner | sonasp","artisan_gold_market","/artisan-minier/paiements","Qualifier puis exécuter dans les contextes applicables ; variantes et champs à instancier après revue","UI_AUTH_API_DB","NON EXÉCUTÉ","Qualification détaillée et environnement isolé requis","","Lot marché artisanal et paiements"
"REC-ACT-e840120a498a","ACT-e840120a498a","admin | dgmg | owner | sonasp","mining_sites","/artisan-sites/production","Qualifier puis exécuter dans les contextes applicables ; variantes et champs à instancier après revue","UI_AUTH_API_DB","NON EXÉCUTÉ","Qualification détaillée et environnement isolé requis","","Lot sites artisanaux"
"REC-ACT-e926d0452d1a","ACT-e926d0452d1a","admin | owner | sonasp","artisan-minier","/artisan-minier/:artisanId/infractions/:infractionId","Qualifier puis exécuter dans les contextes applicables ; variantes et champs à instancier après revue","UI_AUTH_API_DB","NON EXÉCUTÉ","Qualification détaillée et environnement isolé requis","","Lot artisans et affiliations"
"REC-ACT-e9cb03f6e04d","ACT-e9cb03f6e04d","admin | collector | comptoir | dgi | owner | sonasp","artisan_gold_market","/artisan-minier/ventes-or","Qualifier puis exécuter dans les contextes applicables ; variantes et champs à instancier après revue","UI_AUTH_API_DB","NON EXÉCUTÉ","Qualification détaillée et environnement isolé requis","","Lot marché artisanal et paiements"
"REC-ACT-ea0397a04f64","ACT-ea0397a04f64","admin | collector | comptoir | dgi | owner | sonasp","artisan_gold_market","/artisan-minier/ventes-or","Qualifier puis exécuter dans les contextes applicables ; variantes et champs à instancier après revue","UI_AUTH_API_DB","NON EXÉCUTÉ","Qualification détaillée et environnement isolé requis","","Lot marché artisanal et paiements"
"REC-ACT-eb9692ed64a2","ACT-eb9692ed64a2","admin | collector | comptoir | dgi | owner | sonasp","artisan_gold_market","/artisan-minier/rapports/taxes","Qualifier puis exécuter dans les contextes applicables ; variantes et champs à instancier après revue","UI_AUTH_API_DB","NON EXÉCUTÉ","Qualification détaillée et environnement isolé requis","","Lot marché artisanal et paiements"
"REC-ACT-edfd6f1ac5cc","ACT-edfd6f1ac5cc","admin | collector | comptoir | owner | sonasp","artisan_gold_market","/artisan-minier/paiements/historique","Qualifier puis exécuter dans les contextes applicables ; variantes et champs à instancier après revue","UI_AUTH_API_DB","NON EXÉCUTÉ","Qualification détaillée et environnement isolé requis","","Lot marché artisanal et paiements"
"REC-ACT-efd2c7d2de40","ACT-efd2c7d2de40","admin | collector | comptoir | owner | sonasp","artisan_gold_market","/artisan-minier/paiements/:venteId/nouveau","Qualifier puis exécuter dans les contextes applicables ; variantes et champs à instancier après revue","UI_AUTH_API_DB","NON EXÉCUTÉ","Qualification détaillée et environnement isolé requis","","Lot marché artisanal et paiements"
"REC-ACT-f045910095e1","ACT-f045910095e1","admin | dgmg | owner","mining_sites","/artisan-sites/:siteId/modifier | /artisan-sites/nouveau","Qualifier puis exécuter dans les contextes applicables ; variantes et champs à instancier après revue","UI_AUTH_API_DB","NON EXÉCUTÉ","Qualification détaillée et environnement isolé requis","","Lot sites artisanaux"
"REC-ACT-f04f44143961","ACT-f04f44143961","admin | dgmg | owner | sonasp","mining_sites","/artisan-sites","Qualifier puis exécuter dans les contextes applicables ; variantes et champs à instancier après revue","UI_AUTH_API_DB","NON EXÉCUTÉ","Qualification détaillée et environnement isolé requis","","Lot sites artisanaux"
"REC-ACT-f0a48c72ef9e","ACT-f0a48c72ef9e","admin | dgmg | owner | sonasp","artisan-minier | mining_sites","/artisan-minier | /artisan-sites","Qualifier puis exécuter dans les contextes applicables ; variantes et champs à instancier après revue","UI_AUTH_API_DB","NON EXÉCUTÉ","Qualification détaillée et environnement isolé requis","","Lot partagé : propriétaire à affecter par orchestrateur"
"REC-ACT-f4263d3ee30b","ACT-f4263d3ee30b","admin | owner | sonasp","artisan-minier","/artisan-minier/cartes/expirations | /artisan-minier/cartes/suivi | /artisan-minier/cartes/validation","Qualifier puis exécuter dans les contextes applicables ; variantes et champs à instancier après revue","UI_AUTH_API_DB","NON EXÉCUTÉ","Qualification détaillée et environnement isolé requis","","Lot artisans et affiliations"
"REC-ACT-f43d35a53ecd","ACT-f43d35a53ecd","admin | collector | comptoir | dgmg | owner | sonasp","artisan-minier","/artisan-minier/:id | /artisan-minier/cartes/expirations | /artisan-minier/cartes/suivi | /artisan-minier/cartes/validation","Qualifier puis exécuter dans les contextes applicables ; variantes et champs à instancier après revue","UI_AUTH_API_DB","NON EXÉCUTÉ","Qualification détaillée et environnement isolé requis","","Lot artisans et affiliations"
"REC-ACT-f594ae81365d","ACT-f594ae81365d","admin | collector | comptoir | dgmg | owner | sonasp","artisan-minier","/artisan-minier/:id | /artisan-minier/cartes/expirations | /artisan-minier/cartes/suivi | /artisan-minier/cartes/validation","Qualifier puis exécuter dans les contextes applicables ; variantes et champs à instancier après revue","UI_AUTH_API_DB","NON EXÉCUTÉ","Qualification détaillée et environnement isolé requis","","Lot artisans et affiliations"
"REC-ACT-f69767e89731","ACT-f69767e89731","admin | dgmg | owner | sonasp","mining_sites","/artisan-sites","Qualifier puis exécuter dans les contextes applicables ; variantes et champs à instancier après revue","UI_AUTH_API_DB","NON EXÉCUTÉ","Qualification détaillée et environnement isolé requis","","Lot sites artisanaux"
"REC-ACT-f8445a0f2bd1","ACT-f8445a0f2bd1","admin | collector | comptoir | dgmg | owner | sonasp","artisan-minier","/artisan-minier/:id | /artisan-minier/cartes/expirations | /artisan-minier/cartes/suivi | /artisan-minier/cartes/validation","Qualifier puis exécuter dans les contextes applicables ; variantes et champs à instancier après revue","UI_AUTH_API_DB","NON EXÉCUTÉ","Qualification détaillée et environnement isolé requis","","Lot artisans et affiliations"
"REC-ACT-f885e07f67cc","ACT-f885e07f67cc","admin | dgmg | owner | sonasp","mining_sites","/artisan-sites","Qualifier puis exécuter dans les contextes applicables ; variantes et champs à instancier après revue","UI_AUTH_API_DB","NON EXÉCUTÉ","Qualification détaillée et environnement isolé requis","","Lot sites artisanaux"
"REC-ACT-f8e550ab0f70","ACT-f8e550ab0f70","admin | collector | comptoir | dgmg | owner | sonasp","artisan-minier","/artisan-minier/liste","Qualifier puis exécuter dans les contextes applicables ; variantes et champs à instancier après revue","UI_AUTH_API_DB","NON EXÉCUTÉ","Qualification détaillée et environnement isolé requis","","Lot artisans et affiliations"
"REC-ACT-f906f93b5c38","ACT-f906f93b5c38","admin | dgmg | owner","artisan-minier","/artisan-minier/comptoirs/:id | /artisan-minier/comptoirs/:id/modifier | /artisan-minier/comptoirs/nouveau","Qualifier puis exécuter dans les contextes applicables ; variantes et champs à instancier après revue","UI_AUTH_API_DB","NON EXÉCUTÉ","Qualification détaillée et environnement isolé requis","","Lot artisans et affiliations"
"REC-ACT-f9ccc113c895","ACT-f9ccc113c895","admin | collector | comptoir | dgmg | owner | sonasp","artisan-minier","/artisan-minier/collecteurs | /artisan-minier/collecteurs/:id","Qualifier puis exécuter dans les contextes applicables ; variantes et champs à instancier après revue","UI_AUTH_API_DB","NON EXÉCUTÉ","Qualification détaillée et environnement isolé requis","","Lot artisans et affiliations"
"REC-ACT-f9cf741cdef5","ACT-f9cf741cdef5","admin | collector | comptoir | dgmg | owner | sonasp","artisan-minier","/artisan-minier/:id/edit | /artisan-minier/liste","Qualifier puis exécuter dans les contextes applicables ; variantes et champs à instancier après revue","UI_AUTH_API_DB","NON EXÉCUTÉ","Qualification détaillée et environnement isolé requis","","Lot artisans et affiliations"
"REC-ACT-f9e93adf403c","ACT-f9e93adf403c","admin | dgmg | owner","mining_sites","/artisan-sites/:siteId/modifier | /artisan-sites/nouveau","Qualifier puis exécuter dans les contextes applicables ; variantes et champs à instancier après revue","UI_AUTH_API_DB","NON EXÉCUTÉ","Qualification détaillée et environnement isolé requis","","Lot sites artisanaux"
"REC-ACT-fa6a4202fc1e","ACT-fa6a4202fc1e","admin | dgmg | owner","artisan-minier","/artisan-minier/comptoirs/:id | /artisan-minier/comptoirs/:id/modifier | /artisan-minier/comptoirs/nouveau","Qualifier puis exécuter dans les contextes applicables ; variantes et champs à instancier après revue","UI_AUTH_API_DB","NON EXÉCUTÉ","Qualification détaillée et environnement isolé requis","","Lot artisans et affiliations"
"REC-ACT-faec9b88d510","ACT-faec9b88d510","admin | collector | comptoir | dgmg | owner | sonasp","artisan-minier","/artisan-minier/collecteurs | /artisan-minier/collecteurs/:id","Qualifier puis exécuter dans les contextes applicables ; variantes et champs à instancier après revue","UI_AUTH_API_DB","NON EXÉCUTÉ","Qualification détaillée et environnement isolé requis","","Lot artisans et affiliations"
"REC-ACT-fb3e9547a1d3","ACT-fb3e9547a1d3","admin | dgmg | owner | sonasp","mining_sites","/artisan-sites","Qualifier puis exécuter dans les contextes applicables ; variantes et champs à instancier après revue","UI_AUTH_API_DB","NON EXÉCUTÉ","Qualification détaillée et environnement isolé requis","","Lot sites artisanaux"
"REC-ACT-fb8d9926e087","ACT-fb8d9926e087","admin | owner | sonasp","public-et-alias","/sonasp/cessions-comptoirs","Qualifier puis exécuter dans les contextes applicables ; variantes et champs à instancier après revue","UI_AUTH_API_DB","NON EXÉCUTÉ","Qualification détaillée et environnement isolé requis","","Lot public-et-alias"
"REC-ACT-fe4ab69b0c93","ACT-fe4ab69b0c93","admin | collector | comptoir | dgmg | owner | sonasp","artisan_gold_market","/collecte/ventes | /collecte/ventes/nouvelle","Qualifier puis exécuter dans les contextes applicables ; variantes et champs à instancier après revue","UI_AUTH_API_DB","NON EXÉCUTÉ","Qualification détaillée et environnement isolé requis","","Lot marché artisanal et paiements"
"REC-ACT-fe78c1070cf8","ACT-fe78c1070cf8","admin | dgmg | owner | sonasp","mining_sites","/artisan-sites/production","Qualifier puis exécuter dans les contextes applicables ; variantes et champs à instancier après revue","UI_AUTH_API_DB","NON EXÉCUTÉ","Qualification détaillée et environnement isolé requis","","Lot sites artisanaux"
"REC-CMP-19535765d688","CMP-19535765d688","admin | collector | comptoir | dgi | owner | sonasp","artisan_gold_market","/artisan-minier/rapports/taxes","Qualifier puis exécuter dans les contextes applicables ; variantes et champs à instancier après revue","UI_AUTH_API_DB","NON EXÉCUTÉ","Qualification détaillée et environnement isolé requis","","Lot marché artisanal et paiements"
"REC-CMP-1b1c3f91f0ed","CMP-1b1c3f91f0ed","admin | owner | sonasp","public-et-alias","/sonasp/cessions-comptoirs","Qualifier puis exécuter dans les contextes applicables ; variantes et champs à instancier après revue","UI_AUTH_API_DB","NON EXÉCUTÉ","Qualification détaillée et environnement isolé requis","","Lot public-et-alias"
"REC-CMP-250b8cba16f0","CMP-250b8cba16f0","collector | owner","portal-collector","/portail-collecteur/stock","Qualifier puis exécuter dans les contextes applicables ; variantes et champs à instancier après revue","UI_AUTH_API_DB","NON EXÉCUTÉ","Qualification détaillée et environnement isolé requis","","Lot portal-collector"
"REC-CMP-2f59832771d2","CMP-2f59832771d2","admin | comptoir | owner | sonasp","artisan_gold_market","/artisan-minier/rapports/quantites","Qualifier puis exécuter dans les contextes applicables ; variantes et champs à instancier après revue","UI_AUTH_API_DB","NON EXÉCUTÉ","Qualification détaillée et environnement isolé requis","","Lot marché artisanal et paiements"
"REC-CMP-2ff0ffc58de5","CMP-2ff0ffc58de5","admin | collector | comptoir | owner | sonasp","artisan_gold_market","/artisan-minier/paiements/historique","Qualifier puis exécuter dans les contextes applicables ; variantes et champs à instancier après revue","UI_AUTH_API_DB","NON EXÉCUTÉ","Qualification détaillée et environnement isolé requis","","Lot marché artisanal et paiements"
"REC-CMP-349a05f1f65b","CMP-349a05f1f65b","admin | collector | comptoir | dgmg | owner | sonasp","artisan-minier","/artisan-minier/:id","Qualifier puis exécuter dans les contextes applicables ; variantes et champs à instancier après revue","UI_AUTH_API_DB","NON EXÉCUTÉ","Qualification détaillée et environnement isolé requis","","Lot artisans et affiliations"
"REC-CMP-37f995ddb6c0","CMP-37f995ddb6c0","admin | collector | comptoir | dgmg | owner | sonasp","artisan-minier","/artisan-minier/collecteurs | /artisan-minier/collecteurs/:id","Qualifier puis exécuter dans les contextes applicables ; variantes et champs à instancier après revue","UI_AUTH_API_DB","NON EXÉCUTÉ","Qualification détaillée et environnement isolé requis","","Lot artisans et affiliations"
"REC-CMP-42711649360c","CMP-42711649360c","comptoir | owner","portal-comptoir","/portail-comptoir/stock","Qualifier puis exécuter dans les contextes applicables ; variantes et champs à instancier après revue","UI_AUTH_API_DB","NON EXÉCUTÉ","Qualification détaillée et environnement isolé requis","","Lot portal-comptoir"
"REC-CMP-44f66ccde9b1","CMP-44f66ccde9b1","admin | dgmg | owner | sonasp","mining_sites","/artisan-sites/production","Qualifier puis exécuter dans les contextes applicables ; variantes et champs à instancier après revue","UI_AUTH_API_DB","NON EXÉCUTÉ","Qualification détaillée et environnement isolé requis","","Lot sites artisanaux"
"REC-CMP-45d3210ab5fd","CMP-45d3210ab5fd","admin | dgmg | owner | sonasp","mining_sites","/artisan-sites","Qualifier puis exécuter dans les contextes applicables ; variantes et champs à instancier après revue","UI_AUTH_API_DB","NON EXÉCUTÉ","Qualification détaillée et environnement isolé requis","","Lot sites artisanaux"
"REC-CMP-47abf2fe7878","CMP-47abf2fe7878","CONSOMMATEUR_NON_RESOLU","TRANSVERSE_OU_ORPHELIN_A_QUALIFIER","","Qualifier puis exécuter dans les contextes applicables ; variantes et champs à instancier après revue","UI_AUTH_API_DB","NON EXÉCUTÉ","Qualification détaillée et environnement isolé requis","","Lot partagé : propriétaire à affecter par orchestrateur"
"REC-CMP-49468731b1e3","CMP-49468731b1e3","admin | dgmg | owner | sonasp","mining_sites","/artisan-sites/:siteId","Qualifier puis exécuter dans les contextes applicables ; variantes et champs à instancier après revue","UI_AUTH_API_DB","NON EXÉCUTÉ","Qualification détaillée et environnement isolé requis","","Lot sites artisanaux"
"REC-CMP-4ce6f0ab832b","CMP-4ce6f0ab832b","admin | collector | comptoir | dgmg | owner | sonasp","artisan_gold_market","/collecte/ventes | /collecte/ventes/nouvelle","Qualifier puis exécuter dans les contextes applicables ; variantes et champs à instancier après revue","UI_AUTH_API_DB","NON EXÉCUTÉ","Qualification détaillée et environnement isolé requis","","Lot marché artisanal et paiements"
"REC-CMP-5e0c549195ec","CMP-5e0c549195ec","admin | dgmg | owner","artisan-minier","/artisan-minier/comptoirs","Qualifier puis exécuter dans les contextes applicables ; variantes et champs à instancier après revue","UI_AUTH_API_DB","NON EXÉCUTÉ","Qualification détaillée et environnement isolé requis","","Lot artisans et affiliations"
"REC-CMP-664b484e9df5","CMP-664b484e9df5","admin | owner | sonasp","artisan-minier","/artisan-minier","Qualifier puis exécuter dans les contextes applicables ; variantes et champs à instancier après revue","UI_AUTH_API_DB","NON EXÉCUTÉ","Qualification détaillée et environnement isolé requis","","Lot artisans et affiliations"
"REC-CMP-677981cc11f5","CMP-677981cc11f5","comptoir | owner","portal-comptoir","/portail-comptoir/ventes-sonasp","Qualifier puis exécuter dans les contextes applicables ; variantes et champs à instancier après revue","UI_AUTH_API_DB","NON EXÉCUTÉ","Qualification détaillée et environnement isolé requis","","Lot portal-comptoir"
"REC-CMP-69d5bdc4a4ab","CMP-69d5bdc4a4ab","admin | collector | comptoir | dgmg | owner | sonasp","artisan-minier","/artisan-minier/liste","Qualifier puis exécuter dans les contextes applicables ; variantes et champs à instancier après revue","UI_AUTH_API_DB","NON EXÉCUTÉ","Qualification détaillée et environnement isolé requis","","Lot artisans et affiliations"
"REC-CMP-6c190f606ccc","CMP-6c190f606ccc","admin | collector | comptoir | owner | sonasp","artisan_gold_market","/artisan-minier/paiements/historique/:paiementId","Qualifier puis exécuter dans les contextes applicables ; variantes et champs à instancier après revue","UI_AUTH_API_DB","NON EXÉCUTÉ","Qualification détaillée et environnement isolé requis","","Lot marché artisanal et paiements"
"REC-CMP-805dc9f572d9","CMP-805dc9f572d9","collector | owner","portal-collector","/portail-collecteur/documents","Qualifier puis exécuter dans les contextes applicables ; variantes et champs à instancier après revue","UI_AUTH_API_DB","NON EXÉCUTÉ","Qualification détaillée et environnement isolé requis","","Lot portal-collector"
"REC-CMP-953e8798c302","CMP-953e8798c302","admin | collector | comptoir | dgi | owner | sonasp","artisan_gold_market","/artisan-minier/ventes-or/:id","Qualifier puis exécuter dans les contextes applicables ; variantes et champs à instancier après revue","UI_AUTH_API_DB","NON EXÉCUTÉ","Qualification détaillée et environnement isolé requis","","Lot marché artisanal et paiements"
"REC-CMP-99bb656b88da","CMP-99bb656b88da","admin | owner | sonasp","artisan-minier","/artisan-minier/:artisanId/infractions/:infractionId","Qualifier puis exécuter dans les contextes applicables ; variantes et champs à instancier après revue","UI_AUTH_API_DB","NON EXÉCUTÉ","Qualification détaillée et environnement isolé requis","","Lot artisans et affiliations"
"REC-CMP-9ac7fe7611d3","CMP-9ac7fe7611d3","admin | collector | comptoir | dgmg | owner | sonasp","artisan-minier","/artisan-minier/:id","Qualifier puis exécuter dans les contextes applicables ; variantes et champs à instancier après revue","UI_AUTH_API_DB","NON EXÉCUTÉ","Qualification détaillée et environnement isolé requis","","Lot artisans et affiliations"
"REC-CMP-a3ce75542242","CMP-a3ce75542242","admin | owner | sonasp","artisan-minier","/artisan-minier/cartes/expirations | /artisan-minier/cartes/suivi | /artisan-minier/cartes/validation","Qualifier puis exécuter dans les contextes applicables ; variantes et champs à instancier après revue","UI_AUTH_API_DB","NON EXÉCUTÉ","Qualification détaillée et environnement isolé requis","","Lot artisans et affiliations"
"REC-CMP-a4b5f53bdcaa","CMP-a4b5f53bdcaa","admin | comptoir | owner | sonasp","artisan_gold_market","/artisan-minier/rapports/chiffre-affaires","Qualifier puis exécuter dans les contextes applicables ; variantes et champs à instancier après revue","UI_AUTH_API_DB","NON EXÉCUTÉ","Qualification détaillée et environnement isolé requis","","Lot marché artisanal et paiements"
"REC-CMP-ab372fdbf9ad","CMP-ab372fdbf9ad","admin | collector | comptoir | dgmg | owner | sonasp","artisan-minier","/artisan-minier/liste","Qualifier puis exécuter dans les contextes applicables ; variantes et champs à instancier après revue","UI_AUTH_API_DB","NON EXÉCUTÉ","Qualification détaillée et environnement isolé requis","","Lot artisans et affiliations"
"REC-CMP-b51a78e8b146","CMP-b51a78e8b146","admin | dgmg | owner | sonasp","mining_sites","/artisan-sites","Qualifier puis exécuter dans les contextes applicables ; variantes et champs à instancier après revue","UI_AUTH_API_DB","NON EXÉCUTÉ","Qualification détaillée et environnement isolé requis","","Lot sites artisanaux"
"REC-CMP-bc415303ae3e","CMP-bc415303ae3e","comptoir | owner","portal-comptoir","/portail-comptoir","Qualifier puis exécuter dans les contextes applicables ; variantes et champs à instancier après revue","UI_AUTH_API_DB","NON EXÉCUTÉ","Qualification détaillée et environnement isolé requis","","Lot portal-comptoir"
"REC-CMP-c152031e94f1","CMP-c152031e94f1","collector | owner","portal-collector","/portail-collecteur","Qualifier puis exécuter dans les contextes applicables ; variantes et champs à instancier après revue","UI_AUTH_API_DB","NON EXÉCUTÉ","Qualification détaillée et environnement isolé requis","","Lot portal-collector"
"REC-CMP-ca4a0d0d5e4e","CMP-ca4a0d0d5e4e","admin | collector | comptoir | dgi | owner | sonasp","artisan_gold_market","/artisan-minier/ventes-or","Qualifier puis exécuter dans les contextes applicables ; variantes et champs à instancier après revue","UI_AUTH_API_DB","NON EXÉCUTÉ","Qualification détaillée et environnement isolé requis","","Lot marché artisanal et paiements"
"REC-CMP-cdf35fb2df1e","CMP-cdf35fb2df1e","admin | comptoir | owner | sonasp","artisan_gold_market","/artisan-minier/paiements","Qualifier puis exécuter dans les contextes applicables ; variantes et champs à instancier après revue","UI_AUTH_API_DB","NON EXÉCUTÉ","Qualification détaillée et environnement isolé requis","","Lot marché artisanal et paiements"
"REC-CMP-df10171f0548","CMP-df10171f0548","CONSOMMATEUR_NON_RESOLU","TRANSVERSE_OU_ORPHELIN_A_QUALIFIER","","Qualifier puis exécuter dans les contextes applicables ; variantes et champs à instancier après revue","UI_AUTH_API_DB","NON EXÉCUTÉ","Qualification détaillée et environnement isolé requis","","Lot partagé : propriétaire à affecter par orchestrateur"
"REC-CMP-df61f80455f2","CMP-df61f80455f2","admin | comptoir | owner | sonasp","artisan_gold_market","/artisan-minier/rapports/chiffre-affaires","Qualifier puis exécuter dans les contextes applicables ; variantes et champs à instancier après revue","UI_AUTH_API_DB","NON EXÉCUTÉ","Qualification détaillée et environnement isolé requis","","Lot marché artisanal et paiements"
"REC-CMP-e8070831565c","CMP-e8070831565c","admin | comptoir | owner | sonasp","artisan_gold_market","/artisan-minier/ventes-or/:id/facture","Qualifier puis exécuter dans les contextes applicables ; variantes et champs à instancier après revue","UI_AUTH_API_DB","NON EXÉCUTÉ","Qualification détaillée et environnement isolé requis","","Lot marché artisanal et paiements"
"REC-CMP-eb353f901b0d","CMP-eb353f901b0d","admin | owner | sonasp","artisan-minier","/artisan-minier","Qualifier puis exécuter dans les contextes applicables ; variantes et champs à instancier après revue","UI_AUTH_API_DB","NON EXÉCUTÉ","Qualification détaillée et environnement isolé requis","","Lot artisans et affiliations"
"REC-CMP-ecd10c09f5c3","CMP-ecd10c09f5c3","admin | comptoir | owner | sonasp","artisan_gold_market","/artisan-minier/ventes-or/:id/facture","Qualifier puis exécuter dans les contextes applicables ; variantes et champs à instancier après revue","UI_AUTH_API_DB","NON EXÉCUTÉ","Qualification détaillée et environnement isolé requis","","Lot marché artisanal et paiements"
"REC-CMP-f1c387d2ce42","CMP-f1c387d2ce42","admin | collector | comptoir | dgmg | owner | sonasp","artisan-minier","/artisan-minier/collecteurs | /artisan-minier/collecteurs/:id","Qualifier puis exécuter dans les contextes applicables ; variantes et champs à instancier après revue","UI_AUTH_API_DB","NON EXÉCUTÉ","Qualification détaillée et environnement isolé requis","","Lot artisans et affiliations"
"REC-CMP-fd2cbaa28916","CMP-fd2cbaa28916","admin | comptoir | owner | sonasp","artisan_gold_market","/artisan-minier/rapports/chiffre-affaires","Qualifier puis exécuter dans les contextes applicables ; variantes et champs à instancier après revue","UI_AUTH_API_DB","NON EXÉCUTÉ","Qualification détaillée et environnement isolé requis","","Lot marché artisanal et paiements"
"REC-CMP-ffa0d2225102","CMP-ffa0d2225102","admin | collector | comptoir | dgmg | owner | sonasp","artisan-minier","/artisan-minier/:id","Qualifier puis exécuter dans les contextes applicables ; variantes et champs à instancier après revue","UI_AUTH_API_DB","NON EXÉCUTÉ","Qualification détaillée et environnement isolé requis","","Lot artisans et affiliations"
"REC-ECR-00f6da2c533c","ECR-00f6da2c533c","admin | dgmg | owner | sonasp","mining_sites","/artisan-sites","Qualifier puis exécuter dans les contextes applicables ; variantes et champs à instancier après revue","UI_AUTH_API_DB","NON EXÉCUTÉ","Qualification détaillée et environnement isolé requis","","Lot sites artisanaux"
"REC-ECR-01f2725fa489","ECR-01f2725fa489","admin | comptoir | owner | sonasp","artisan_gold_market","/artisan-minier/ventes-or/:id/facture","Qualifier puis exécuter dans les contextes applicables ; variantes et champs à instancier après revue","UI_AUTH_API_DB","NON EXÉCUTÉ","Qualification détaillée et environnement isolé requis","","Lot marché artisanal et paiements"
"REC-ECR-08382d506700","ECR-08382d506700","admin | comptoir | owner | sonasp","artisan_gold_market","/artisan-minier/ventes-or/:id/modifier","Qualifier puis exécuter dans les contextes applicables ; variantes et champs à instancier après revue","UI_AUTH_API_DB","NON EXÉCUTÉ","Qualification détaillée et environnement isolé requis","","Lot marché artisanal et paiements"
"REC-ECR-0cdb411789a6","ECR-0cdb411789a6","admin | collector | comptoir | dgmg | owner | sonasp","artisan-minier","/artisan-minier/liste","Qualifier puis exécuter dans les contextes applicables ; variantes et champs à instancier après revue","UI_AUTH_API_DB","NON EXÉCUTÉ","Qualification détaillée et environnement isolé requis","","Lot artisans et affiliations"
"REC-ECR-0e813dbd9294","ECR-0e813dbd9294","admin | owner | sonasp","artisan-minier","/artisan-minier","Qualifier puis exécuter dans les contextes applicables ; variantes et champs à instancier après revue","UI_AUTH_API_DB","NON EXÉCUTÉ","Qualification détaillée et environnement isolé requis","","Lot artisans et affiliations"
"REC-ECR-1233e46effe6","ECR-1233e46effe6","admin | dgmg | owner","mining_sites","/artisan-sites/:siteId/modifier","Qualifier puis exécuter dans les contextes applicables ; variantes et champs à instancier après revue","UI_AUTH_API_DB","NON EXÉCUTÉ","Qualification détaillée et environnement isolé requis","","Lot sites artisanaux"
"REC-ECR-1762936f8aec","ECR-1762936f8aec","admin | owner | sonasp","public-et-alias","/sonasp/cessions-comptoirs","Qualifier puis exécuter dans les contextes applicables ; variantes et champs à instancier après revue","UI_AUTH_API_DB","NON EXÉCUTÉ","Qualification détaillée et environnement isolé requis","","Lot public-et-alias"
"REC-ECR-1dcaa2fdf139","ECR-1dcaa2fdf139","admin | collector | comptoir | dgmg | owner | sonasp","artisan-minier","/artisan-minier/:id","Qualifier puis exécuter dans les contextes applicables ; variantes et champs à instancier après revue","UI_AUTH_API_DB","NON EXÉCUTÉ","Qualification détaillée et environnement isolé requis","","Lot artisans et affiliations"
"REC-ECR-1e77851487b8","ECR-1e77851487b8","admin | dgmg | owner","artisan-minier","/artisan-minier/comptoirs/nouveau","Qualifier puis exécuter dans les contextes applicables ; variantes et champs à instancier après revue","UI_AUTH_API_DB","NON EXÉCUTÉ","Qualification détaillée et environnement isolé requis","","Lot artisans et affiliations"
"REC-ECR-2c9bb1f48f6a","ECR-2c9bb1f48f6a","admin | owner | sonasp","artisan-minier","/artisan-minier/cartes/validation","Qualifier puis exécuter dans les contextes applicables ; variantes et champs à instancier après revue","UI_AUTH_API_DB","NON EXÉCUTÉ","Qualification détaillée et environnement isolé requis","","Lot artisans et affiliations"
"REC-ECR-2dc6a8d8d23a","ECR-2dc6a8d8d23a","admin | owner | sonasp","artisan-minier","/artisan-minier/:artisanId/infractions/:infractionId","Qualifier puis exécuter dans les contextes applicables ; variantes et champs à instancier après revue","UI_AUTH_API_DB","NON EXÉCUTÉ","Qualification détaillée et environnement isolé requis","","Lot artisans et affiliations"
"REC-ECR-30de0e786835","ECR-30de0e786835","admin | dgmg | owner | sonasp","artisan-minier","/artisan-minier/:id/edit","Qualifier puis exécuter dans les contextes applicables ; variantes et champs à instancier après revue","UI_AUTH_API_DB","NON EXÉCUTÉ","Qualification détaillée et environnement isolé requis","","Lot artisans et affiliations"
"REC-ECR-3fb461cca8ae","ECR-3fb461cca8ae","collector | owner","portal-collector","/portail-collecteur/stock","Qualifier puis exécuter dans les contextes applicables ; variantes et champs à instancier après revue","UI_AUTH_API_DB","NON EXÉCUTÉ","Qualification détaillée et environnement isolé requis","","Lot portal-collector"
"REC-ECR-439ea720ad40","ECR-439ea720ad40","admin | collector | comptoir | dgmg | owner | sonasp","artisan-minier","/artisan-minier/collecteurs/:id","Qualifier puis exécuter dans les contextes applicables ; variantes et champs à instancier après revue","UI_AUTH_API_DB","NON EXÉCUTÉ","Qualification détaillée et environnement isolé requis","","Lot artisans et affiliations"
"REC-ECR-46584f345d54","ECR-46584f345d54","admin | comptoir | owner | sonasp","artisan_gold_market","/artisan-minier/rapports","Qualifier puis exécuter dans les contextes applicables ; variantes et champs à instancier après revue","UI_AUTH_API_DB","NON EXÉCUTÉ","Qualification détaillée et environnement isolé requis","","Lot marché artisanal et paiements"
"REC-ECR-47359061c0a4","ECR-47359061c0a4","admin | dgmg | owner | sonasp","mining_sites","/artisan-sites/:siteId","Qualifier puis exécuter dans les contextes applicables ; variantes et champs à instancier après revue","UI_AUTH_API_DB","NON EXÉCUTÉ","Qualification détaillée et environnement isolé requis","","Lot sites artisanaux"
"REC-ECR-4c5d3c783124","ECR-4c5d3c783124","comptoir | owner","portal-comptoir","/portail-comptoir/ventes-sonasp","Qualifier puis exécuter dans les contextes applicables ; variantes et champs à instancier après revue","UI_AUTH_API_DB","NON EXÉCUTÉ","Qualification détaillée et environnement isolé requis","","Lot portal-comptoir"
"REC-ECR-56f132093507","ECR-56f132093507","admin | collector | owner","artisan_gold_market","/collecte/ventes/nouvelle","Qualifier puis exécuter dans les contextes applicables ; variantes et champs à instancier après revue","UI_AUTH_API_DB","NON EXÉCUTÉ","Qualification détaillée et environnement isolé requis","","Lot marché artisanal et paiements"
"REC-ECR-5c03cd8d1445","ECR-5c03cd8d1445","admin | comptoir | owner | sonasp","artisan_gold_market","/artisan-minier/paiements","Qualifier puis exécuter dans les contextes applicables ; variantes et champs à instancier après revue","UI_AUTH_API_DB","NON EXÉCUTÉ","Qualification détaillée et environnement isolé requis","","Lot marché artisanal et paiements"
"REC-ECR-5fa05385b496","ECR-5fa05385b496","admin | collector | comptoir | dgi | owner | sonasp","artisan_gold_market","/artisan-minier/ventes-or","Qualifier puis exécuter dans les contextes applicables ; variantes et champs à instancier après revue","UI_AUTH_API_DB","NON EXÉCUTÉ","Qualification détaillée et environnement isolé requis","","Lot marché artisanal et paiements"
"REC-ECR-69ce3b828c90","ECR-69ce3b828c90","admin | dgmg | owner","artisan-minier","/artisan-minier/comptoirs/:id","Qualifier puis exécuter dans les contextes applicables ; variantes et champs à instancier après revue","UI_AUTH_API_DB","NON EXÉCUTÉ","Qualification détaillée et environnement isolé requis","","Lot artisans et affiliations"
"REC-ECR-6d3d3720e08c","ECR-6d3d3720e08c","admin | collector | comptoir | dgi | owner | sonasp","artisan_gold_market","/artisan-minier/rapports/taxes","Qualifier puis exécuter dans les contextes applicables ; variantes et champs à instancier après revue","UI_AUTH_API_DB","NON EXÉCUTÉ","Qualification détaillée et environnement isolé requis","","Lot marché artisanal et paiements"
"REC-ECR-7826fa22914f","ECR-7826fa22914f","collector | owner","portal-collector","/portail-collecteur/documents","Qualifier puis exécuter dans les contextes applicables ; variantes et champs à instancier après revue","UI_AUTH_API_DB","NON EXÉCUTÉ","Qualification détaillée et environnement isolé requis","","Lot portal-collector"
"REC-ECR-80df7f001976","ECR-80df7f001976","admin | dgmg | owner","artisan-minier","/artisan-minier/collecteurs/:id/modifier","Qualifier puis exécuter dans les contextes applicables ; variantes et champs à instancier après revue","UI_AUTH_API_DB","NON EXÉCUTÉ","Qualification détaillée et environnement isolé requis","","Lot artisans et affiliations"
"REC-ECR-9303df3d4d44","ECR-9303df3d4d44","admin | collector | comptoir | dgmg | owner | sonasp","artisan-minier","/artisan-minier/collecteurs","Qualifier puis exécuter dans les contextes applicables ; variantes et champs à instancier après revue","UI_AUTH_API_DB","NON EXÉCUTÉ","Qualification détaillée et environnement isolé requis","","Lot artisans et affiliations"
"REC-ECR-93eef5843659","ECR-93eef5843659","admin | dgmg | owner | sonasp","mining_sites","/artisan-sites/production","Qualifier puis exécuter dans les contextes applicables ; variantes et champs à instancier après revue","UI_AUTH_API_DB","NON EXÉCUTÉ","Qualification détaillée et environnement isolé requis","","Lot sites artisanaux"
"REC-ECR-a0e16fa02ff4","ECR-a0e16fa02ff4","admin | comptoir | owner | sonasp","artisan_gold_market","/artisan-minier/rapports/chiffre-affaires","Qualifier puis exécuter dans les contextes applicables ; variantes et champs à instancier après revue","UI_AUTH_API_DB","NON EXÉCUTÉ","Qualification détaillée et environnement isolé requis","","Lot marché artisanal et paiements"
"REC-ECR-a1903fae2d54","ECR-a1903fae2d54","admin | comptoir | owner | sonasp","artisan_gold_market","/artisan-minier/ventes-or/nouvelle","Qualifier puis exécuter dans les contextes applicables ; variantes et champs à instancier après revue","UI_AUTH_API_DB","NON EXÉCUTÉ","Qualification détaillée et environnement isolé requis","","Lot marché artisanal et paiements"
"REC-ECR-a49722885e39","ECR-a49722885e39","admin | owner | sonasp","artisan-minier","/artisan-minier/:artisanId/infractions/:infractionId/modifier","Qualifier puis exécuter dans les contextes applicables ; variantes et champs à instancier après revue","UI_AUTH_API_DB","NON EXÉCUTÉ","Qualification détaillée et environnement isolé requis","","Lot artisans et affiliations"
"REC-ECR-b1b53750fe4a","ECR-b1b53750fe4a","admin | owner | sonasp","artisan-minier","/artisan-minier/cartes/expirations","Qualifier puis exécuter dans les contextes applicables ; variantes et champs à instancier après revue","UI_AUTH_API_DB","NON EXÉCUTÉ","Qualification détaillée et environnement isolé requis","","Lot artisans et affiliations"
"REC-ECR-b9056a6b82b8","ECR-b9056a6b82b8","admin | dgmg | owner","artisan-minier","/artisan-minier/comptoirs","Qualifier puis exécuter dans les contextes applicables ; variantes et champs à instancier après revue","UI_AUTH_API_DB","NON EXÉCUTÉ","Qualification détaillée et environnement isolé requis","","Lot artisans et affiliations"
"REC-ECR-c516af07c6ef","ECR-c516af07c6ef","admin | dgmg | owner","artisan-minier","/artisan-minier/collecteurs/nouveau","Qualifier puis exécuter dans les contextes applicables ; variantes et champs à instancier après revue","UI_AUTH_API_DB","NON EXÉCUTÉ","Qualification détaillée et environnement isolé requis","","Lot artisans et affiliations"
"REC-ECR-c76ea0cb4831","ECR-c76ea0cb4831","admin | collector | comptoir | owner | sonasp","artisan_gold_market","/artisan-minier/paiements/historique/:paiementId","Qualifier puis exécuter dans les contextes applicables ; variantes et champs à instancier après revue","UI_AUTH_API_DB","NON EXÉCUTÉ","Qualification détaillée et environnement isolé requis","","Lot marché artisanal et paiements"
"REC-ECR-c860d1b76e23","ECR-c860d1b76e23","admin | collector | comptoir | owner | sonasp","artisan_gold_market","/artisan-minier/paiements/historique","Qualifier puis exécuter dans les contextes applicables ; variantes et champs à instancier après revue","UI_AUTH_API_DB","NON EXÉCUTÉ","Qualification détaillée et environnement isolé requis","","Lot marché artisanal et paiements"
"REC-ECR-c986476416a6","ECR-c986476416a6","admin | owner | sonasp","artisan-minier","/artisan-minier/cartes/suivi","Qualifier puis exécuter dans les contextes applicables ; variantes et champs à instancier après revue","UI_AUTH_API_DB","NON EXÉCUTÉ","Qualification détaillée et environnement isolé requis","","Lot artisans et affiliations"
"REC-ECR-d1eab4a516e6","ECR-d1eab4a516e6","admin | dgmg | owner","artisan-minier","/artisan-minier/comptoirs/:id/modifier","Qualifier puis exécuter dans les contextes applicables ; variantes et champs à instancier après revue","UI_AUTH_API_DB","NON EXÉCUTÉ","Qualification détaillée et environnement isolé requis","","Lot artisans et affiliations"
"REC-ECR-d63f3748f377","ECR-d63f3748f377","admin | dgmg | owner","mining_sites","/artisan-sites/nouveau","Qualifier puis exécuter dans les contextes applicables ; variantes et champs à instancier après revue","UI_AUTH_API_DB","NON EXÉCUTÉ","Qualification détaillée et environnement isolé requis","","Lot sites artisanaux"
"REC-ECR-d7987b218bd4","ECR-d7987b218bd4","admin | comptoir | owner | sonasp","artisan_gold_market","/artisan-minier/rapports/quantites","Qualifier puis exécuter dans les contextes applicables ; variantes et champs à instancier après revue","UI_AUTH_API_DB","NON EXÉCUTÉ","Qualification détaillée et environnement isolé requis","","Lot marché artisanal et paiements"
"REC-ECR-e4ffd18d8901","ECR-e4ffd18d8901","collector | owner","portal-collector","/portail-collecteur","Qualifier puis exécuter dans les contextes applicables ; variantes et champs à instancier après revue","UI_AUTH_API_DB","NON EXÉCUTÉ","Qualification détaillée et environnement isolé requis","","Lot portal-collector"
"REC-ECR-e8de0b9b3561","ECR-e8de0b9b3561","admin | collector | comptoir | owner | sonasp","artisan_gold_market","/artisan-minier/paiements/:venteId/nouveau","Qualifier puis exécuter dans les contextes applicables ; variantes et champs à instancier après revue","UI_AUTH_API_DB","NON EXÉCUTÉ","Qualification détaillée et environnement isolé requis","","Lot marché artisanal et paiements"
"REC-ECR-ef73675cf7d7","ECR-ef73675cf7d7","admin | collector | comptoir | dgmg | owner | sonasp","artisan_gold_market","/collecte/ventes","Qualifier puis exécuter dans les contextes applicables ; variantes et champs à instancier après revue","UI_AUTH_API_DB","NON EXÉCUTÉ","Qualification détaillée et environnement isolé requis","","Lot marché artisanal et paiements"
"REC-ECR-f4823a238d5b","ECR-f4823a238d5b","comptoir | owner","portal-comptoir","/portail-comptoir","Qualifier puis exécuter dans les contextes applicables ; variantes et champs à instancier après revue","UI_AUTH_API_DB","NON EXÉCUTÉ","Qualification détaillée et environnement isolé requis","","Lot portal-comptoir"
"REC-ECR-f73d6ea6eb66","ECR-f73d6ea6eb66","public","public-et-alias","/verifier-carte/:reference","Qualifier puis exécuter dans les contextes applicables ; variantes et champs à instancier après revue","UI_AUTH_API_DB","NON EXÉCUTÉ","Qualification détaillée et environnement isolé requis","","Lot public-et-alias"
"REC-ECR-f7a1e4b837d7","ECR-f7a1e4b837d7","admin | collector | comptoir | dgi | owner | sonasp","artisan_gold_market","/artisan-minier/ventes-or/:id","Qualifier puis exécuter dans les contextes applicables ; variantes et champs à instancier après revue","UI_AUTH_API_DB","NON EXÉCUTÉ","Qualification détaillée et environnement isolé requis","","Lot marché artisanal et paiements"
"REC-ECR-fc0058e62d5c","ECR-fc0058e62d5c","admin | owner | sonasp","artisan-minier","/artisan-minier/:artisanId/infractions/nouvelle","Qualifier puis exécuter dans les contextes applicables ; variantes et champs à instancier après revue","UI_AUTH_API_DB","NON EXÉCUTÉ","Qualification détaillée et environnement isolé requis","","Lot artisans et affiliations"
"REC-ECR-ffad663f93d2","ECR-ffad663f93d2","comptoir | owner","portal-comptoir","/portail-comptoir/stock","Qualifier puis exécuter dans les contextes applicables ; variantes et champs à instancier après revue","UI_AUTH_API_DB","NON EXÉCUTÉ","Qualification détaillée et environnement isolé requis","","Lot portal-comptoir"
"REC-FRM-046d5ec4e7ad","FRM-046d5ec4e7ad","admin | dgmg | owner","artisan-minier","/artisan-minier/comptoirs/:id | /artisan-minier/comptoirs/:id/modifier | /artisan-minier/comptoirs/nouveau","Qualifier puis exécuter dans les contextes applicables ; variantes et champs à instancier après revue","UI_AUTH_API_DB","NON EXÉCUTÉ","Qualification détaillée et environnement isolé requis","","Lot artisans et affiliations"
"REC-FRM-12b443c57756","FRM-12b443c57756","admin | dgmg | owner","mining_sites","/artisan-sites/:siteId/modifier | /artisan-sites/nouveau","Qualifier puis exécuter dans les contextes applicables ; variantes et champs à instancier après revue","UI_AUTH_API_DB","NON EXÉCUTÉ","Qualification détaillée et environnement isolé requis","","Lot sites artisanaux"
"REC-FRM-13ee7e1567c2","FRM-13ee7e1567c2","admin | collector | comptoir | dgmg | owner | sonasp","artisan_gold_market","/collecte/ventes | /collecte/ventes/nouvelle","Qualifier puis exécuter dans les contextes applicables ; variantes et champs à instancier après revue","UI_AUTH_API_DB","NON EXÉCUTÉ","Qualification détaillée et environnement isolé requis","","Lot marché artisanal et paiements"
"REC-FRM-2db1b98950e7","FRM-2db1b98950e7","admin | dgmg | owner","artisan-minier","/artisan-minier/collecteurs/:id/modifier | /artisan-minier/collecteurs/nouveau","Qualifier puis exécuter dans les contextes applicables ; variantes et champs à instancier après revue","UI_AUTH_API_DB","NON EXÉCUTÉ","Qualification détaillée et environnement isolé requis","","Lot artisans et affiliations"
"REC-FRM-459cb9a8b141","FRM-459cb9a8b141","admin | owner | sonasp","artisan-minier","/artisan-minier/:artisanId/infractions/:infractionId/modifier | /artisan-minier/:artisanId/infractions/nouvelle","Qualifier puis exécuter dans les contextes applicables ; variantes et champs à instancier après revue","UI_AUTH_API_DB","NON EXÉCUTÉ","Qualification détaillée et environnement isolé requis","","Lot artisans et affiliations"
"REC-FRM-55b825314fd7","FRM-55b825314fd7","admin | collector | comptoir | dgmg | owner | sonasp","artisan-minier","/artisan-minier/:id/edit | /artisan-minier/liste","Qualifier puis exécuter dans les contextes applicables ; variantes et champs à instancier après revue","UI_AUTH_API_DB","NON EXÉCUTÉ","Qualification détaillée et environnement isolé requis","","Lot artisans et affiliations"
"REC-FRM-6331f565ec07","FRM-6331f565ec07","admin | comptoir | owner | sonasp","artisan_gold_market","/artisan-minier/ventes-or/:id/modifier | /artisan-minier/ventes-or/nouvelle","Qualifier puis exécuter dans les contextes applicables ; variantes et champs à instancier après revue","UI_AUTH_API_DB","NON EXÉCUTÉ","Qualification détaillée et environnement isolé requis","","Lot marché artisanal et paiements"
"REC-FRM-66687f7913bb","FRM-66687f7913bb","admin | dgmg | owner","artisan-minier","/artisan-minier/comptoirs/:id | /artisan-minier/comptoirs/:id/modifier | /artisan-minier/comptoirs/nouveau","Qualifier puis exécuter dans les contextes applicables ; variantes et champs à instancier après revue","UI_AUTH_API_DB","NON EXÉCUTÉ","Qualification détaillée et environnement isolé requis","","Lot artisans et affiliations"
"REC-FRM-6be9f447941e","FRM-6be9f447941e","admin | collector | comptoir | dgmg | owner | sonasp","artisan-minier","/artisan-minier/:id | /artisan-minier/cartes/expirations | /artisan-minier/cartes/suivi | /artisan-minier/cartes/validation","Qualifier puis exécuter dans les contextes applicables ; variantes et champs à instancier après revue","UI_AUTH_API_DB","NON EXÉCUTÉ","Qualification détaillée et environnement isolé requis","","Lot artisans et affiliations"
"REC-FRM-6c243975b147","FRM-6c243975b147","admin | owner | sonasp","artisan-minier","/artisan-minier/:artisanId/infractions/:infractionId/modifier | /artisan-minier/:artisanId/infractions/nouvelle","Qualifier puis exécuter dans les contextes applicables ; variantes et champs à instancier après revue","UI_AUTH_API_DB","NON EXÉCUTÉ","Qualification détaillée et environnement isolé requis","","Lot artisans et affiliations"
"REC-FRM-7a807094d7e6","FRM-7a807094d7e6","admin | collector | comptoir | dgmg | owner | sonasp","artisan-minier","/artisan-minier/:id | /artisan-minier/cartes/expirations | /artisan-minier/cartes/suivi | /artisan-minier/cartes/validation","Qualifier puis exécuter dans les contextes applicables ; variantes et champs à instancier après revue","UI_AUTH_API_DB","NON EXÉCUTÉ","Qualification détaillée et environnement isolé requis","","Lot artisans et affiliations"
"REC-FRM-7ada765dcbed","FRM-7ada765dcbed","admin | collector | comptoir | owner | sonasp","artisan_gold_market","/artisan-minier/paiements/:venteId/nouveau","Qualifier puis exécuter dans les contextes applicables ; variantes et champs à instancier après revue","UI_AUTH_API_DB","NON EXÉCUTÉ","Qualification détaillée et environnement isolé requis","","Lot marché artisanal et paiements"
"REC-FRM-7cdbb137893b","FRM-7cdbb137893b","admin | comptoir | owner | sonasp","artisan_gold_market","/artisan-minier/ventes-or/:id/modifier | /artisan-minier/ventes-or/nouvelle","Qualifier puis exécuter dans les contextes applicables ; variantes et champs à instancier après revue","UI_AUTH_API_DB","NON EXÉCUTÉ","Qualification détaillée et environnement isolé requis","","Lot marché artisanal et paiements"
"REC-FRM-8c14aab2ee6a","FRM-8c14aab2ee6a","admin | dgmg | owner","mining_sites","/artisan-sites/:siteId/modifier | /artisan-sites/nouveau","Qualifier puis exécuter dans les contextes applicables ; variantes et champs à instancier après revue","UI_AUTH_API_DB","NON EXÉCUTÉ","Qualification détaillée et environnement isolé requis","","Lot sites artisanaux"
"REC-FRM-92653b3274ce","FRM-92653b3274ce","admin | collector | comptoir | dgmg | owner | sonasp","artisan_gold_market","/collecte/ventes | /collecte/ventes/nouvelle","Qualifier puis exécuter dans les contextes applicables ; variantes et champs à instancier après revue","UI_AUTH_API_DB","NON EXÉCUTÉ","Qualification détaillée et environnement isolé requis","","Lot marché artisanal et paiements"
"REC-FRM-936f7c56741c","FRM-936f7c56741c","admin | owner | sonasp","artisan-minier","/artisan-minier/:artisanId/infractions/:infractionId/modifier | /artisan-minier/:artisanId/infractions/nouvelle","Qualifier puis exécuter dans les contextes applicables ; variantes et champs à instancier après revue","UI_AUTH_API_DB","NON EXÉCUTÉ","Qualification détaillée et environnement isolé requis","","Lot artisans et affiliations"
"REC-FRM-93eb215ab2b6","FRM-93eb215ab2b6","admin | collector | comptoir | owner | sonasp","artisan_gold_market","/artisan-minier/paiements/:venteId/nouveau","Qualifier puis exécuter dans les contextes applicables ; variantes et champs à instancier après revue","UI_AUTH_API_DB","NON EXÉCUTÉ","Qualification détaillée et environnement isolé requis","","Lot marché artisanal et paiements"
"REC-FRM-9618b877725e","FRM-9618b877725e","admin | dgmg | owner","mining_sites","/artisan-sites/:siteId/modifier | /artisan-sites/nouveau","Qualifier puis exécuter dans les contextes applicables ; variantes et champs à instancier après revue","UI_AUTH_API_DB","NON EXÉCUTÉ","Qualification détaillée et environnement isolé requis","","Lot sites artisanaux"
"REC-FRM-9c2e8ec9b00f","FRM-9c2e8ec9b00f","admin | collector | comptoir | dgmg | owner | sonasp","artisan-minier","/artisan-minier/:id | /artisan-minier/cartes/expirations | /artisan-minier/cartes/suivi | /artisan-minier/cartes/validation","Qualifier puis exécuter dans les contextes applicables ; variantes et champs à instancier après revue","UI_AUTH_API_DB","NON EXÉCUTÉ","Qualification détaillée et environnement isolé requis","","Lot artisans et affiliations"
"REC-FRM-9f2255a5da29","FRM-9f2255a5da29","admin | dgmg | owner","artisan-minier","/artisan-minier/comptoirs/:id | /artisan-minier/comptoirs/:id/modifier | /artisan-minier/comptoirs/nouveau","Qualifier puis exécuter dans les contextes applicables ; variantes et champs à instancier après revue","UI_AUTH_API_DB","NON EXÉCUTÉ","Qualification détaillée et environnement isolé requis","","Lot artisans et affiliations"
"REC-FRM-a46e55c07841","FRM-a46e55c07841","admin | collector | comptoir | dgmg | owner | sonasp","artisan-minier","/artisan-minier/:id/edit | /artisan-minier/liste","Qualifier puis exécuter dans les contextes applicables ; variantes et champs à instancier après revue","UI_AUTH_API_DB","NON EXÉCUTÉ","Qualification détaillée et environnement isolé requis","","Lot artisans et affiliations"
"REC-FRM-aac68ed247be","FRM-aac68ed247be","admin | collector | comptoir | dgmg | owner | sonasp","artisan-minier","/artisan-minier/:id | /artisan-minier/cartes/expirations | /artisan-minier/cartes/suivi | /artisan-minier/cartes/validation","Qualifier puis exécuter dans les contextes applicables ; variantes et champs à instancier après revue","UI_AUTH_API_DB","NON EXÉCUTÉ","Qualification détaillée et environnement isolé requis","","Lot artisans et affiliations"
"REC-FRM-ab65fa50a125","FRM-ab65fa50a125","comptoir | owner","portal-comptoir","/portail-comptoir/ventes-sonasp","Qualifier puis exécuter dans les contextes applicables ; variantes et champs à instancier après revue","UI_AUTH_API_DB","NON EXÉCUTÉ","Qualification détaillée et environnement isolé requis","","Lot portal-comptoir"
"REC-FRM-cb7d88bed5f6","FRM-cb7d88bed5f6","admin | dgmg | owner","artisan-minier","/artisan-minier/collecteurs/:id/modifier | /artisan-minier/collecteurs/nouveau","Qualifier puis exécuter dans les contextes applicables ; variantes et champs à instancier après revue","UI_AUTH_API_DB","NON EXÉCUTÉ","Qualification détaillée et environnement isolé requis","","Lot artisans et affiliations"
"REC-FRM-cf6b7e8e7ab1","FRM-cf6b7e8e7ab1","admin | collector | comptoir | dgmg | owner | sonasp","artisan-minier","/artisan-minier/:id/edit | /artisan-minier/liste","Qualifier puis exécuter dans les contextes applicables ; variantes et champs à instancier après revue","UI_AUTH_API_DB","NON EXÉCUTÉ","Qualification détaillée et environnement isolé requis","","Lot artisans et affiliations"
"REC-FRM-de7504c50b05","FRM-de7504c50b05","admin | dgmg | owner","artisan-minier","/artisan-minier/collecteurs/:id/modifier | /artisan-minier/collecteurs/nouveau","Qualifier puis exécuter dans les contextes applicables ; variantes et champs à instancier après revue","UI_AUTH_API_DB","NON EXÉCUTÉ","Qualification détaillée et environnement isolé requis","","Lot artisans et affiliations"
"REC-FRM-e0453531a1c8","FRM-e0453531a1c8","admin | dgmg | owner","mining_sites","/artisan-sites/:siteId/modifier | /artisan-sites/nouveau","Qualifier puis exécuter dans les contextes applicables ; variantes et champs à instancier après revue","UI_AUTH_API_DB","NON EXÉCUTÉ","Qualification détaillée et environnement isolé requis","","Lot sites artisanaux"
"REC-FRM-e8c760612161","FRM-e8c760612161","admin | collector | comptoir | dgmg | owner | sonasp","artisan-minier","/artisan-minier/:id | /artisan-minier/cartes/expirations | /artisan-minier/cartes/suivi | /artisan-minier/cartes/validation","Qualifier puis exécuter dans les contextes applicables ; variantes et champs à instancier après revue","UI_AUTH_API_DB","NON EXÉCUTÉ","Qualification détaillée et environnement isolé requis","","Lot artisans et affiliations"
"REC-FRM-ee54e0f7befc","FRM-ee54e0f7befc","admin | owner | sonasp","artisan-minier","/artisan-minier/cartes/expirations | /artisan-minier/cartes/suivi | /artisan-minier/cartes/validation","Qualifier puis exécuter dans les contextes applicables ; variantes et champs à instancier après revue","UI_AUTH_API_DB","NON EXÉCUTÉ","Qualification détaillée et environnement isolé requis","","Lot artisans et affiliations"
"REC-FRM-ef7490f3098d","FRM-ef7490f3098d","admin | collector | comptoir | dgmg | owner | sonasp","artisan-minier","/artisan-minier/:id | /artisan-minier/cartes/expirations | /artisan-minier/cartes/suivi | /artisan-minier/cartes/validation","Qualifier puis exécuter dans les contextes applicables ; variantes et champs à instancier après revue","UI_AUTH_API_DB","NON EXÉCUTÉ","Qualification détaillée et environnement isolé requis","","Lot artisans et affiliations"
"REC-FRM-fd1a9749d8b6","FRM-fd1a9749d8b6","admin | owner | sonasp","public-et-alias","/sonasp/cessions-comptoirs","Qualifier puis exécuter dans les contextes applicables ; variantes et champs à instancier après revue","UI_AUTH_API_DB","NON EXÉCUTÉ","Qualification détaillée et environnement isolé requis","","Lot public-et-alias"
"REC-MOD-0e430121e9c0","MOD-0e430121e9c0","admin | collector | comptoir | dgi | owner | sonasp","artisan_gold_market","/artisan-minier/ventes-or","Qualifier puis exécuter dans les contextes applicables ; variantes et champs à instancier après revue","UI_AUTH_API_DB","NON EXÉCUTÉ","Qualification détaillée et environnement isolé requis","","Lot marché artisanal et paiements"
"REC-MOD-365bef4fcb20","MOD-365bef4fcb20","admin | owner | sonasp","artisan-minier","/artisan-minier","Qualifier puis exécuter dans les contextes applicables ; variantes et champs à instancier après revue","UI_AUTH_API_DB","NON EXÉCUTÉ","Qualification détaillée et environnement isolé requis","","Lot artisans et affiliations"
"REC-MOD-3bb27bfd7eca","MOD-3bb27bfd7eca","admin | owner | sonasp","public-et-alias","/sonasp/cessions-comptoirs","Qualifier puis exécuter dans les contextes applicables ; variantes et champs à instancier après revue","UI_AUTH_API_DB","NON EXÉCUTÉ","Qualification détaillée et environnement isolé requis","","Lot public-et-alias"
"REC-MOD-5013bd8debb2","MOD-5013bd8debb2","comptoir | owner","portal-comptoir","/portail-comptoir/ventes-sonasp","Qualifier puis exécuter dans les contextes applicables ; variantes et champs à instancier après revue","UI_AUTH_API_DB","NON EXÉCUTÉ","Qualification détaillée et environnement isolé requis","","Lot portal-comptoir"
"REC-MOD-7917e32ec6e1","MOD-7917e32ec6e1","admin | collector | comptoir | dgi | owner | sonasp","artisan_gold_market","/artisan-minier/ventes-or","Qualifier puis exécuter dans les contextes applicables ; variantes et champs à instancier après revue","UI_AUTH_API_DB","NON EXÉCUTÉ","Qualification détaillée et environnement isolé requis","","Lot marché artisanal et paiements"
"REC-MOD-7f7e1c4c1a91","MOD-7f7e1c4c1a91","admin | owner | sonasp","artisan-minier","/artisan-minier/cartes/expirations | /artisan-minier/cartes/suivi | /artisan-minier/cartes/validation","Qualifier puis exécuter dans les contextes applicables ; variantes et champs à instancier après revue","UI_AUTH_API_DB","NON EXÉCUTÉ","Qualification détaillée et environnement isolé requis","","Lot artisans et affiliations"
"REC-MOD-c49f81ed2ae6","MOD-c49f81ed2ae6","admin | collector | comptoir | dgi | owner | sonasp","artisan_gold_market","/artisan-minier/ventes-or/:id","Qualifier puis exécuter dans les contextes applicables ; variantes et champs à instancier après revue","UI_AUTH_API_DB","NON EXÉCUTÉ","Qualification détaillée et environnement isolé requis","","Lot marché artisanal et paiements"
"REC-MOD-e0fb5e059a9b","MOD-e0fb5e059a9b","admin | owner | sonasp","artisan-minier","/artisan-minier/cartes/expirations | /artisan-minier/cartes/suivi | /artisan-minier/cartes/validation","Qualifier puis exécuter dans les contextes applicables ; variantes et champs à instancier après revue","UI_AUTH_API_DB","NON EXÉCUTÉ","Qualification détaillée et environnement isolé requis","","Lot artisans et affiliations"
"REC-MOD-f5d7bd2b8def","MOD-f5d7bd2b8def","admin | collector | comptoir | owner | sonasp","artisan_gold_market","/artisan-minier/paiements/historique/:paiementId","Qualifier puis exécuter dans les contextes applicables ; variantes et champs à instancier après revue","UI_AUTH_API_DB","NON EXÉCUTÉ","Qualification détaillée et environnement isolé requis","","Lot marché artisanal et paiements"
"REC-MOD-fd4eed2b56c8","MOD-fd4eed2b56c8","admin | collector | comptoir | owner | sonasp","artisan_gold_market","/artisan-minier/paiements/:venteId/nouveau","Qualifier puis exécuter dans les contextes applicables ; variantes et champs à instancier après revue","UI_AUTH_API_DB","NON EXÉCUTÉ","Qualification détaillée et environnement isolé requis","","Lot marché artisanal et paiements"
"REC-NAV-008ff3a8cc41","NAV-008ff3a8cc41","dgmg | sonasp","mining_sites","/artisan-sites","Qualifier puis exécuter dans les contextes applicables ; variantes et champs à instancier après revue","UI_AUTH_API_DB","NON EXÉCUTÉ","Qualification détaillée et environnement isolé requis","","Lot sites artisanaux"
"REC-NAV-05ca7fb2483e","NAV-05ca7fb2483e","collector | comptoir | dgi | sonasp","artisan_gold_market","/artisan-minier/ventes-or","Qualifier puis exécuter dans les contextes applicables ; variantes et champs à instancier après revue","UI_AUTH_API_DB","NON EXÉCUTÉ","Qualification détaillée et environnement isolé requis","","Lot marché artisanal et paiements"
"REC-NAV-071733309a3b","NAV-071733309a3b","comptoir","portal-comptoir","/portail-comptoir/ventes-sonasp","Qualifier puis exécuter dans les contextes applicables ; variantes et champs à instancier après revue","UI_AUTH_API_DB","NON EXÉCUTÉ","Qualification détaillée et environnement isolé requis","","Lot portal-comptoir"
"REC-NAV-095d6ac7a032","NAV-095d6ac7a032","dgmg | sonasp","mining_sites","/artisan-sites/production","Qualifier puis exécuter dans les contextes applicables ; variantes et champs à instancier après revue","UI_AUTH_API_DB","NON EXÉCUTÉ","Qualification détaillée et environnement isolé requis","","Lot sites artisanaux"
"REC-NAV-0c5c460d85cc","NAV-0c5c460d85cc","collector | comptoir | dgi | sonasp","artisan_gold_market","/artisan-minier/ventes-or","Qualifier puis exécuter dans les contextes applicables ; variantes et champs à instancier après revue","UI_AUTH_API_DB","NON EXÉCUTÉ","Qualification détaillée et environnement isolé requis","","Lot marché artisanal et paiements"
"REC-NAV-0d82c17da754","NAV-0d82c17da754","admin | dgmg | owner","artisan-minier","/artisan-minier/comptoirs","Qualifier puis exécuter dans les contextes applicables ; variantes et champs à instancier après revue","UI_AUTH_API_DB","NON EXÉCUTÉ","Qualification détaillée et environnement isolé requis","","Lot artisans et affiliations"
"REC-NAV-0dce0dd8a3d8","NAV-0dce0dd8a3d8","sonasp","artisan-minier","/artisan-minier/cartes/suivi","Qualifier puis exécuter dans les contextes applicables ; variantes et champs à instancier après revue","UI_AUTH_API_DB","NON EXÉCUTÉ","Qualification détaillée et environnement isolé requis","","Lot artisans et affiliations"
"REC-NAV-128e7937d32b","NAV-128e7937d32b","comptoir","portal-comptoir","/portail-comptoir/stock","Qualifier puis exécuter dans les contextes applicables ; variantes et champs à instancier après revue","UI_AUTH_API_DB","NON EXÉCUTÉ","Qualification détaillée et environnement isolé requis","","Lot portal-comptoir"
"REC-NAV-1960b7de951b","NAV-1960b7de951b","sonasp","artisan-minier","/artisan-minier/cartes/validation","Qualifier puis exécuter dans les contextes applicables ; variantes et champs à instancier après revue","UI_AUTH_API_DB","NON EXÉCUTÉ","Qualification détaillée et environnement isolé requis","","Lot artisans et affiliations"
"REC-NAV-1a0115492dbd","NAV-1a0115492dbd","collector | comptoir | sonasp","artisan_gold_market","/artisan-minier/paiements/historique","Qualifier puis exécuter dans les contextes applicables ; variantes et champs à instancier après revue","UI_AUTH_API_DB","NON EXÉCUTÉ","Qualification détaillée et environnement isolé requis","","Lot marché artisanal et paiements"
"REC-NAV-2240d321fb12","NAV-2240d321fb12","collector","portal-collector","/portail-collecteur/documents","Qualifier puis exécuter dans les contextes applicables ; variantes et champs à instancier après revue","UI_AUTH_API_DB","NON EXÉCUTÉ","Qualification détaillée et environnement isolé requis","","Lot portal-collector"
"REC-NAV-237970d3060c","NAV-237970d3060c","comptoir | sonasp","artisan_gold_market","/artisan-minier/ventes-or/nouvelle","Qualifier puis exécuter dans les contextes applicables ; variantes et champs à instancier après revue","UI_AUTH_API_DB","NON EXÉCUTÉ","Qualification détaillée et environnement isolé requis","","Lot marché artisanal et paiements"
"REC-NAV-26662e5de902","NAV-26662e5de902","comptoir | sonasp","artisan_gold_market","/artisan-minier/paiements","Qualifier puis exécuter dans les contextes applicables ; variantes et champs à instancier après revue","UI_AUTH_API_DB","NON EXÉCUTÉ","Qualification détaillée et environnement isolé requis","","Lot marché artisanal et paiements"
"REC-NAV-33142ced98c2","NAV-33142ced98c2","admin | collector | comptoir | dgmg | owner | sonasp","artisan_gold_market","/collecte/ventes","Qualifier puis exécuter dans les contextes applicables ; variantes et champs à instancier après revue","UI_AUTH_API_DB","NON EXÉCUTÉ","Qualification détaillée et environnement isolé requis","","Lot marché artisanal et paiements"
"REC-NAV-3b5eea4ce9cd","NAV-3b5eea4ce9cd","collector | comptoir | sonasp","artisan_gold_market","/artisan-minier/paiements/historique","Qualifier puis exécuter dans les contextes applicables ; variantes et champs à instancier après revue","UI_AUTH_API_DB","NON EXÉCUTÉ","Qualification détaillée et environnement isolé requis","","Lot marché artisanal et paiements"
"REC-NAV-3ef2d70c86e5","NAV-3ef2d70c86e5","comptoir | sonasp","artisan_gold_market","/artisan-minier/rapports/chiffre-affaires","Qualifier puis exécuter dans les contextes applicables ; variantes et champs à instancier après revue","UI_AUTH_API_DB","NON EXÉCUTÉ","Qualification détaillée et environnement isolé requis","","Lot marché artisanal et paiements"
"REC-NAV-43db09628f4e","NAV-43db09628f4e","comptoir | sonasp","artisan_gold_market","/artisan-minier/rapports","Qualifier puis exécuter dans les contextes applicables ; variantes et champs à instancier après revue","UI_AUTH_API_DB","NON EXÉCUTÉ","Qualification détaillée et environnement isolé requis","","Lot marché artisanal et paiements"
"REC-NAV-48130dee52c7","NAV-48130dee52c7","collector | comptoir | dgi | sonasp","artisan_gold_market","/artisan-minier/rapports/taxes","Qualifier puis exécuter dans les contextes applicables ; variantes et champs à instancier après revue","UI_AUTH_API_DB","NON EXÉCUTÉ","Qualification détaillée et environnement isolé requis","","Lot marché artisanal et paiements"
"REC-NAV-4f008d3c66d7","NAV-4f008d3c66d7","admin | collector | comptoir | dgmg | owner | sonasp","artisan-minier","/artisan-minier/collecteurs","Qualifier puis exécuter dans les contextes applicables ; variantes et champs à instancier après revue","UI_AUTH_API_DB","NON EXÉCUTÉ","Qualification détaillée et environnement isolé requis","","Lot artisans et affiliations"
"REC-NAV-5c58fe1d11cf","NAV-5c58fe1d11cf","collector | comptoir | dgi | sonasp","artisan_gold_market","/artisan-minier/ventes-or","Qualifier puis exécuter dans les contextes applicables ; variantes et champs à instancier après revue","UI_AUTH_API_DB","NON EXÉCUTÉ","Qualification détaillée et environnement isolé requis","","Lot marché artisanal et paiements"
"REC-NAV-5dbaf4b0156f","NAV-5dbaf4b0156f","collector | comptoir | dgmg | sonasp","artisan-minier","/artisan-minier/liste","Qualifier puis exécuter dans les contextes applicables ; variantes et champs à instancier après revue","UI_AUTH_API_DB","NON EXÉCUTÉ","Qualification détaillée et environnement isolé requis","","Lot artisans et affiliations"
"REC-NAV-5e243b2cf585","NAV-5e243b2cf585","collector | comptoir | dgi | sonasp","artisan_gold_market","/artisan-minier/rapports/taxes","Qualifier puis exécuter dans les contextes applicables ; variantes et champs à instancier après revue","UI_AUTH_API_DB","NON EXÉCUTÉ","Qualification détaillée et environnement isolé requis","","Lot marché artisanal et paiements"
"REC-NAV-60bbb2b9020e","NAV-60bbb2b9020e","sonasp","artisan-minier","/artisan-minier","Qualifier puis exécuter dans les contextes applicables ; variantes et champs à instancier après revue","UI_AUTH_API_DB","NON EXÉCUTÉ","Qualification détaillée et environnement isolé requis","","Lot artisans et affiliations"
"REC-NAV-65dece7d791f","NAV-65dece7d791f","collector | comptoir | dgi | sonasp","artisan_gold_market","/artisan-minier/ventes-or","Qualifier puis exécuter dans les contextes applicables ; variantes et champs à instancier après revue","UI_AUTH_API_DB","NON EXÉCUTÉ","Qualification détaillée et environnement isolé requis","","Lot marché artisanal et paiements"
"REC-NAV-682cfc842373","NAV-682cfc842373","collector","portal-collector","/portail-collecteur","Qualifier puis exécuter dans les contextes applicables ; variantes et champs à instancier après revue","UI_AUTH_API_DB","NON EXÉCUTÉ","Qualification détaillée et environnement isolé requis","","Lot portal-collector"
"REC-NAV-7184ee387760","NAV-7184ee387760","dgmg | sonasp","mining_sites","/artisan-sites","Qualifier puis exécuter dans les contextes applicables ; variantes et champs à instancier après revue","UI_AUTH_API_DB","NON EXÉCUTÉ","Qualification détaillée et environnement isolé requis","","Lot sites artisanaux"
"REC-NAV-7de2507454c2","NAV-7de2507454c2","collector | comptoir | dgmg | sonasp","artisan-minier","/artisan-minier/liste","Qualifier puis exécuter dans les contextes applicables ; variantes et champs à instancier après revue","UI_AUTH_API_DB","NON EXÉCUTÉ","Qualification détaillée et environnement isolé requis","","Lot artisans et affiliations"
"REC-NAV-8b8aeb2b2954","NAV-8b8aeb2b2954","collector | comptoir | dgmg | sonasp","artisan-minier","/artisan-minier/liste","Qualifier puis exécuter dans les contextes applicables ; variantes et champs à instancier après revue","UI_AUTH_API_DB","NON EXÉCUTÉ","Qualification détaillée et environnement isolé requis","","Lot artisans et affiliations"
"REC-NAV-8e1ff1676fb7","NAV-8e1ff1676fb7","collector | comptoir | dgi | sonasp","artisan_gold_market","/artisan-minier/rapports/taxes","Qualifier puis exécuter dans les contextes applicables ; variantes et champs à instancier après revue","UI_AUTH_API_DB","NON EXÉCUTÉ","Qualification détaillée et environnement isolé requis","","Lot marché artisanal et paiements"
"REC-NAV-90b83d60d9e5","NAV-90b83d60d9e5","comptoir | sonasp","artisan_gold_market","/artisan-minier/paiements","Qualifier puis exécuter dans les contextes applicables ; variantes et champs à instancier après revue","UI_AUTH_API_DB","NON EXÉCUTÉ","Qualification détaillée et environnement isolé requis","","Lot marché artisanal et paiements"
"REC-NAV-9c1289af3eed","NAV-9c1289af3eed","admin | collector | comptoir | dgmg | owner | sonasp","artisan_gold_market","/collecte/ventes","Qualifier puis exécuter dans les contextes applicables ; variantes et champs à instancier après revue","UI_AUTH_API_DB","NON EXÉCUTÉ","Qualification détaillée et environnement isolé requis","","Lot marché artisanal et paiements"
"REC-NAV-a4f78183d154","NAV-a4f78183d154","collector | comptoir | sonasp","artisan_gold_market","/artisan-minier/paiements/historique","Qualifier puis exécuter dans les contextes applicables ; variantes et champs à instancier après revue","UI_AUTH_API_DB","NON EXÉCUTÉ","Qualification détaillée et environnement isolé requis","","Lot marché artisanal et paiements"
"REC-NAV-a6ff6366ab78","NAV-a6ff6366ab78","dgmg | sonasp","mining_sites","/artisan-sites","Qualifier puis exécuter dans les contextes applicables ; variantes et champs à instancier après revue","UI_AUTH_API_DB","NON EXÉCUTÉ","Qualification détaillée et environnement isolé requis","","Lot sites artisanaux"
"REC-NAV-b2d768c064b7","NAV-b2d768c064b7","comptoir | sonasp","artisan_gold_market","/artisan-minier/rapports/quantites","Qualifier puis exécuter dans les contextes applicables ; variantes et champs à instancier après revue","UI_AUTH_API_DB","NON EXÉCUTÉ","Qualification détaillée et environnement isolé requis","","Lot marché artisanal et paiements"
"REC-NAV-b3455dd4eb6c","NAV-b3455dd4eb6c","comptoir | sonasp","artisan_gold_market","/artisan-minier/paiements","Qualifier puis exécuter dans les contextes applicables ; variantes et champs à instancier après revue","UI_AUTH_API_DB","NON EXÉCUTÉ","Qualification détaillée et environnement isolé requis","","Lot marché artisanal et paiements"
"REC-NAV-bbbaedef7f1f","NAV-bbbaedef7f1f","sonasp","artisan-minier","/artisan-minier/cartes/expirations","Qualifier puis exécuter dans les contextes applicables ; variantes et champs à instancier après revue","UI_AUTH_API_DB","NON EXÉCUTÉ","Qualification détaillée et environnement isolé requis","","Lot artisans et affiliations"
"REC-NAV-c203c268189a","NAV-c203c268189a","comptoir | sonasp","artisan_gold_market","/artisan-minier/rapports","Qualifier puis exécuter dans les contextes applicables ; variantes et champs à instancier après revue","UI_AUTH_API_DB","NON EXÉCUTÉ","Qualification détaillée et environnement isolé requis","","Lot marché artisanal et paiements"
"REC-NAV-c63156f791dc","NAV-c63156f791dc","collector | comptoir | dgmg | sonasp","artisan-minier","/artisan-minier/liste","Qualifier puis exécuter dans les contextes applicables ; variantes et champs à instancier après revue","UI_AUTH_API_DB","NON EXÉCUTÉ","Qualification détaillée et environnement isolé requis","","Lot artisans et affiliations"
"REC-NAV-ca725ea3d03e","NAV-ca725ea3d03e","admin | collector | comptoir | dgmg | owner | sonasp","artisan-minier","/artisan-minier/collecteurs","Qualifier puis exécuter dans les contextes applicables ; variantes et champs à instancier après revue","UI_AUTH_API_DB","NON EXÉCUTÉ","Qualification détaillée et environnement isolé requis","","Lot artisans et affiliations"
"REC-NAV-d238478de6fe","NAV-d238478de6fe","admin | sonasp","public-et-alias","/sonasp/cessions-comptoirs","Qualifier puis exécuter dans les contextes applicables ; variantes et champs à instancier après revue","UI_AUTH_API_DB","NON EXÉCUTÉ","Qualification détaillée et environnement isolé requis","","Lot public-et-alias"
"REC-NAV-d5856fa5f189","NAV-d5856fa5f189","collector | comptoir | dgmg | sonasp","artisan-minier","/artisan-minier/liste","Qualifier puis exécuter dans les contextes applicables ; variantes et champs à instancier après revue","UI_AUTH_API_DB","NON EXÉCUTÉ","Qualification détaillée et environnement isolé requis","","Lot artisans et affiliations"
"REC-NAV-f008791a3f98","NAV-f008791a3f98","collector","portal-collector","/portail-collecteur/stock","Qualifier puis exécuter dans les contextes applicables ; variantes et champs à instancier après revue","UI_AUTH_API_DB","NON EXÉCUTÉ","Qualification détaillée et environnement isolé requis","","Lot portal-collector"
"REC-NAV-f3b96238a5b0","NAV-f3b96238a5b0","comptoir | sonasp","artisan_gold_market","/artisan-minier/paiements","Qualifier puis exécuter dans les contextes applicables ; variantes et champs à instancier après revue","UI_AUTH_API_DB","NON EXÉCUTÉ","Qualification détaillée et environnement isolé requis","","Lot marché artisanal et paiements"
"REC-NAV-f9fd867ce076","NAV-f9fd867ce076","admin | collector | comptoir | dgmg | owner | sonasp","artisan-minier","/artisan-minier/collecteurs","Qualifier puis exécuter dans les contextes applicables ; variantes et champs à instancier après revue","UI_AUTH_API_DB","NON EXÉCUTÉ","Qualification détaillée et environnement isolé requis","","Lot artisans et affiliations"
