"id","formulaire","champ","nature","variante","libelle","controle_id","obligation_enregistrement","payload","rpc_service","stockage","transformation_relation","restitution_detail","ecart_detail","source_ui_candidat","source_payload_candidat","source_stockage_candidat","source_detail_candidat","statut","source_baseline","source_version_candidat","candidate_commit"
"MAP-SITE-name","SITE","name","SAISIE_METIER","Création et modification","Nom du site","Sans id explicite ; label englobant","Requis","p_site.name","snp_save_artisanal_site","artisanal_sites.name","","RESTITUE_STATIQUEMENT","","src/pages/artisanal-sites/ArtisanalSiteForm.tsx:454","src/services/artisanalSiteService.ts:41","supabase/migrations/20260906093115_sites_artisanaux_formalisation_aea.sql:111","src/pages/artisanal-sites/ArtisanalSiteDetails.tsx:61","A_CONTROLER — correspondance statique relue ; UI_API_BASE_NON_EXECUTE","83f8c74e:src/pages/artisanal-sites/ArtisanalSiteForm.tsx:454 (texte identique)","a6c3b13953a9b7bbca0df50b26379a8938e90bef4579a05ab8fb332c971e2345","07ffc71ab9e1320df845694736a3f5af88141431"
"MAP-SITE-status","SITE","status","SAISIE_METIER","Création et modification","Statut","name=site-status","Requis ; planned par défaut","p_site.status","snp_save_artisanal_site","artisanal_sites.status","","RESTITUE_STATIQUEMENT","","src/pages/artisanal-sites/ArtisanalSiteForm.tsx:468","src/services/artisanalSiteService.ts:42","supabase/migrations/20260906093115_sites_artisanaux_formalisation_aea.sql:111","src/pages/artisanal-sites/ArtisanalSiteDetails.tsx:68","A_CONTROLER — correspondance statique relue ; UI_API_BASE_NON_EXECUTE","83f8c74e:src/pages/artisanal-sites/ArtisanalSiteForm.tsx:468 (texte identique)","a6c3b13953a9b7bbca0df50b26379a8938e90bef4579a05ab8fb332c971e2345","07ffc71ab9e1320df845694736a3f5af88141431"
"MAP-SITE-formalization","SITE","formalization","SAISIE_METIER","Création et modification","Catégorie du site","name=formalization","Requis","p_site.formalization","snp_save_artisanal_site","artisanal_sites.formalization","formalized / non_formalized ; branche non formalisée efface les références AEA côté payload/trigger.","RESTITUE_STATIQUEMENT","","src/pages/artisanal-sites/ArtisanalSiteForm.tsx:490","src/services/artisanalSiteService.ts:48","supabase/migrations/20260906093115_sites_artisanaux_formalisation_aea.sql:111","src/pages/artisanal-sites/ArtisanalSiteDetails.tsx:67","A_CONTROLER — correspondance statique relue ; UI_API_BASE_NON_EXECUTE","83f8c74e:src/pages/artisanal-sites/ArtisanalSiteForm.tsx:490 (texte identique)","a6c3b13953a9b7bbca0df50b26379a8938e90bef4579a05ab8fb332c971e2345","07ffc71ab9e1320df845694736a3f5af88141431"
"MAP-SITE-region","SITE","region","SAISIE_METIER","Création et modification","Région","Sans id explicite ; label englobant","Requis","p_site.region","snp_save_artisanal_site","artisanal_sites.region","Le changement de région efface province/localité ; clic carte renseigne région/province/GPS.","RESTITUE_STATIQUEMENT","","src/pages/artisanal-sites/ArtisanalSiteForm.tsx:547","src/services/artisanalSiteService.ts:43","supabase/migrations/20260906093115_sites_artisanaux_formalisation_aea.sql:111","src/pages/artisanal-sites/ArtisanalSiteDetails.tsx:62","A_CONTROLER — correspondance statique relue ; UI_API_BASE_NON_EXECUTE","83f8c74e:src/pages/artisanal-sites/ArtisanalSiteForm.tsx:547 (texte identique)","a6c3b13953a9b7bbca0df50b26379a8938e90bef4579a05ab8fb332c971e2345","07ffc71ab9e1320df845694736a3f5af88141431"
"MAP-SITE-province","SITE","province","SAISIE_METIER","Création et modification","Province","Sans id explicite ; label englobant","Requis","p_site.province","snp_save_artisanal_site","artisanal_sites.province","","RESTITUE_STATIQUEMENT","","src/pages/artisanal-sites/ArtisanalSiteForm.tsx:558","src/services/artisanalSiteService.ts:44","supabase/migrations/20260906093115_sites_artisanaux_formalisation_aea.sql:111","src/pages/artisanal-sites/ArtisanalSiteDetails.tsx:62","A_CONTROLER — correspondance statique relue ; UI_API_BASE_NON_EXECUTE","83f8c74e:src/pages/artisanal-sites/ArtisanalSiteForm.tsx:558 (texte identique)","a6c3b13953a9b7bbca0df50b26379a8938e90bef4579a05ab8fb332c971e2345","07ffc71ab9e1320df845694736a3f5af88141431"
"MAP-SITE-locality","SITE","locality","SAISIE_METIER","Création et modification","Localité","Sans id explicite ; label englobant","Requis","p_site.locality","snp_save_artisanal_site","artisanal_sites.locality","","RESTITUE_STATIQUEMENT","","src/pages/artisanal-sites/ArtisanalSiteForm.tsx:566","src/services/artisanalSiteService.ts:45","supabase/migrations/20260906093115_sites_artisanaux_formalisation_aea.sql:111","src/pages/artisanal-sites/ArtisanalSiteDetails.tsx:62","A_CONTROLER — correspondance statique relue ; UI_API_BASE_NON_EXECUTE","83f8c74e:src/pages/artisanal-sites/ArtisanalSiteForm.tsx:566 (texte identique)","a6c3b13953a9b7bbca0df50b26379a8938e90bef4579a05ab8fb332c971e2345","07ffc71ab9e1320df845694736a3f5af88141431"
"MAP-SITE-areaHectares","SITE","areaHectares","SAISIE_METIER","Création et modification","Superficie (hectares)","Sans id explicite ; label englobant","Requis ; > 0","p_site.area_hectares","snp_save_artisanal_site","artisanal_sites.area_hectares","","RESTITUE_STATIQUEMENT","","src/pages/artisanal-sites/ArtisanalSiteForm.tsx:593","src/services/artisanalSiteService.ts:154","supabase/migrations/20260906093115_sites_artisanaux_formalisation_aea.sql:111","src/pages/artisanal-sites/ArtisanalSiteDetails.tsx:81","A_CONTROLER — correspondance statique relue ; UI_API_BASE_NON_EXECUTE","83f8c74e:src/pages/artisanal-sites/ArtisanalSiteForm.tsx:593 (texte identique)","a6c3b13953a9b7bbca0df50b26379a8938e90bef4579a05ab8fb332c971e2345","07ffc71ab9e1320df845694736a3f5af88141431"
"MAP-SITE-latitude","SITE","latitude","SAISIE_METIER","Création et modification","Latitude","Sans id explicite ; label englobant","Requis ; 9 à 16","p_site.latitude","snp_save_artisanal_site","artisanal_sites.latitude","","RESTITUE_STATIQUEMENT","","src/pages/artisanal-sites/ArtisanalSiteForm.tsx:596","src/services/artisanalSiteService.ts:60","supabase/migrations/20260906093115_sites_artisanaux_formalisation_aea.sql:111","src/pages/artisanal-sites/ArtisanalSiteDetails.tsx:81","A_CONTROLER — correspondance statique relue ; UI_API_BASE_NON_EXECUTE","83f8c74e:src/pages/artisanal-sites/ArtisanalSiteForm.tsx:596 (texte identique)","a6c3b13953a9b7bbca0df50b26379a8938e90bef4579a05ab8fb332c971e2345","07ffc71ab9e1320df845694736a3f5af88141431"
"MAP-SITE-longitude","SITE","longitude","SAISIE_METIER","Création et modification","Longitude","Sans id explicite ; label englobant","Requis ; -6 à 3","p_site.longitude","snp_save_artisanal_site","artisanal_sites.longitude","","RESTITUE_STATIQUEMENT","","src/pages/artisanal-sites/ArtisanalSiteForm.tsx:599","src/services/artisanalSiteService.ts:61","supabase/migrations/20260906093115_sites_artisanaux_formalisation_aea.sql:111","src/pages/artisanal-sites/ArtisanalSiteDetails.tsx:81","A_CONTROLER — correspondance statique relue ; UI_API_BASE_NON_EXECUTE","83f8c74e:src/pages/artisanal-sites/ArtisanalSiteForm.tsx:599 (texte identique)","a6c3b13953a9b7bbca0df50b26379a8938e90bef4579a05ab8fb332c971e2345","07ffc71ab9e1320df845694736a3f5af88141431"
"MAP-SITE-authorizedMiners","SITE","authorizedMiners","SAISIE_METIER","Création et modification","Artisans autorisés","Sans id explicite ; label englobant","Requis ; entier >= 0","p_site.authorized_miners","snp_save_artisanal_site","artisanal_sites.authorized_miners","","RESTITUE_STATIQUEMENT","","src/pages/artisanal-sites/ArtisanalSiteForm.tsx:618","src/services/artisanalSiteService.ts:159","supabase/migrations/20260906093115_sites_artisanaux_formalisation_aea.sql:111","src/pages/artisanal-sites/ArtisanalSiteDetails.tsx:69","A_CONTROLER — correspondance statique relue ; UI_API_BASE_NON_EXECUTE","83f8c74e:src/pages/artisanal-sites/ArtisanalSiteForm.tsx:618 (texte identique)","a6c3b13953a9b7bbca0df50b26379a8938e90bef4579a05ab8fb332c971e2345","07ffc71ab9e1320df845694736a3f5af88141431"
"MAP-SITE-activeMiners","SITE","activeMiners","SAISIE_METIER","Création et modification","Artisans actifs","Sans id explicite ; label englobant","Requis ; entier >= 0 et <= autorisés","p_site.active_miners","snp_save_artisanal_site","artisanal_sites.active_miners","","RESTITUE_STATIQUEMENT","","src/pages/artisanal-sites/ArtisanalSiteForm.tsx:621","src/services/artisanalSiteService.ts:159","supabase/migrations/20260906093115_sites_artisanaux_formalisation_aea.sql:111","src/pages/artisanal-sites/ArtisanalSiteDetails.tsx:69","A_CONTROLER — correspondance statique relue ; UI_API_BASE_NON_EXECUTE","83f8c74e:src/pages/artisanal-sites/ArtisanalSiteForm.tsx:621 (texte identique)","a6c3b13953a9b7bbca0df50b26379a8938e90bef4579a05ab8fb332c971e2345","07ffc71ab9e1320df845694736a3f5af88141431"
"MAP-SITE-averageHoleDepthMeters","SITE","averageHoleDepthMeters","SAISIE_METIER","Création et modification","Profondeur moyenne (m)","Sans id explicite ; label englobant","Requis ; >= 0","p_site.average_hole_depth_m","snp_save_artisanal_site","artisanal_sites.average_hole_depth_m","","RESTITUE_STATIQUEMENT","","src/pages/artisanal-sites/ArtisanalSiteForm.tsx:624","src/services/artisanalSiteService.ts:160","supabase/migrations/20260906093115_sites_artisanaux_formalisation_aea.sql:111","src/pages/artisanal-sites/ArtisanalSiteDetails.tsx:81","A_CONTROLER — correspondance statique relue ; UI_API_BASE_NON_EXECUTE","83f8c74e:src/pages/artisanal-sites/ArtisanalSiteForm.tsx:624 (texte identique)","a6c3b13953a9b7bbca0df50b26379a8938e90bef4579a05ab8fb332c971e2345","07ffc71ab9e1320df845694736a3f5af88141431"
"MAP-SITE-authorizedChemicals","SITE","authorizedChemicals","SAISIE_METIER","Création et modification","Produits chimiques autorisés","Sans id explicite ; label englobant","Facultatif ; cases existantes","p_site.authorized_chemicals","snp_save_artisanal_site","artisanal_sites.authorized_chemicals","","RESTITUE_STATIQUEMENT","","src/pages/artisanal-sites/ArtisanalSiteForm.tsx:633","src/services/artisanalSiteService.ts:160","supabase/migrations/20260906093115_sites_artisanaux_formalisation_aea.sql:111","src/pages/artisanal-sites/ArtisanalSiteDetails.tsx:81","A_CONTROLER — correspondance statique relue ; UI_API_BASE_NON_EXECUTE","83f8c74e:src/pages/artisanal-sites/ArtisanalSiteForm.tsx:633 (texte identique)","a6c3b13953a9b7bbca0df50b26379a8938e90bef4579a05ab8fb332c971e2345","07ffc71ab9e1320df845694736a3f5af88141431"
"MAP-SITE-notes","SITE","notes","SAISIE_METIER","Création et modification","Notes et observations","Sans id explicite ; label englobant","Facultatif","p_site.notes","snp_save_artisanal_site","artisanal_sites.notes","","RESTITUE_STATIQUEMENT","","src/pages/artisanal-sites/ArtisanalSiteForm.tsx:719","src/services/artisanalSiteService.ts:65","supabase/migrations/20260906093115_sites_artisanaux_formalisation_aea.sql:111","src/pages/artisanal-sites/ArtisanalSiteDetails.tsx:86","A_CONTROLER — correspondance statique relue ; UI_API_BASE_NON_EXECUTE","83f8c74e:src/pages/artisanal-sites/ArtisanalSiteForm.tsx:719 (texte identique)","a6c3b13953a9b7bbca0df50b26379a8938e90bef4579a05ab8fb332c971e2345","07ffc71ab9e1320df845694736a3f5af88141431"
"MAP-SITE-manager.fullName","SITE","manager.fullName","SAISIE_METIER","Création et modification","Responsable du site — Nom complet","Sans id explicite ; label englobant dans chaque carte responsable","Requis","p_assignments[role=site_manager].full_name","snp_save_artisanal_site","artisanal_site_assignments.full_name","Relation site_id + role=site_manager; UPSERT sur (site_id,role).","RESTITUE_STATIQUEMENT","","src/pages/artisanal-sites/ArtisanalSiteForm.tsx:694","src/services/artisanalSiteService.ts:163","supabase/migrations/20260906093115_sites_artisanaux_formalisation_aea.sql:126","src/pages/artisanal-sites/ArtisanalSiteDetails.tsx:83","A_CONTROLER — correspondance statique relue ; UI_API_BASE_NON_EXECUTE","83f8c74e:src/pages/artisanal-sites/ArtisanalSiteForm.tsx:694 (texte identique)","a6c3b13953a9b7bbca0df50b26379a8938e90bef4579a05ab8fb332c971e2345","07ffc71ab9e1320df845694736a3f5af88141431"
"MAP-SITE-manager.phone","SITE","manager.phone","SAISIE_METIER","Création et modification","Responsable du site — Téléphone","Sans id explicite ; label englobant dans chaque carte responsable","Requis","p_assignments[role=site_manager].phone","snp_save_artisanal_site","artisanal_site_assignments.phone","Relation site_id + role=site_manager; UPSERT sur (site_id,role).","RESTITUE_STATIQUEMENT","","src/pages/artisanal-sites/ArtisanalSiteForm.tsx:699","src/services/artisanalSiteService.ts:163","supabase/migrations/20260906093115_sites_artisanaux_formalisation_aea.sql:126","src/pages/artisanal-sites/ArtisanalSiteDetails.tsx:83","A_CONTROLER — correspondance statique relue ; UI_API_BASE_NON_EXECUTE","83f8c74e:src/pages/artisanal-sites/ArtisanalSiteForm.tsx:699 (texte identique)","a6c3b13953a9b7bbca0df50b26379a8938e90bef4579a05ab8fb332c971e2345","07ffc71ab9e1320df845694736a3f5af88141431"
"MAP-SITE-manager.email","SITE","manager.email","SAISIE_METIER","Création et modification","Responsable du site — Adresse e-mail","Sans id explicite ; label englobant dans chaque carte responsable","Facultatif ; e-mail","p_assignments[role=site_manager].email","snp_save_artisanal_site","artisanal_site_assignments.email","Relation site_id + role=site_manager; UPSERT sur (site_id,role).","RESTITUE_STATIQUEMENT","","src/pages/artisanal-sites/ArtisanalSiteForm.tsx:703","src/services/artisanalSiteService.ts:163","supabase/migrations/20260906093115_sites_artisanaux_formalisation_aea.sql:126","src/pages/artisanal-sites/ArtisanalSiteDetails.tsx:83","A_CONTROLER — correspondance statique relue ; UI_API_BASE_NON_EXECUTE","83f8c74e:src/pages/artisanal-sites/ArtisanalSiteForm.tsx:703 (texte identique)","a6c3b13953a9b7bbca0df50b26379a8938e90bef4579a05ab8fb332c971e2345","07ffc71ab9e1320df845694736a3f5af88141431"
"MAP-SITE-collectionOfficer.fullName","SITE","collectionOfficer.fullName","SAISIE_METIER","Création et modification","Chargé de collecte — Nom complet","Sans id explicite ; label englobant dans chaque carte responsable","Requis","p_assignments[role=collection_officer].full_name","snp_save_artisanal_site","artisanal_site_assignments.full_name","Relation site_id + role=collection_officer; UPSERT sur (site_id,role).","RESTITUE_STATIQUEMENT","","src/pages/artisanal-sites/ArtisanalSiteForm.tsx:694","src/services/artisanalSiteService.ts:163","supabase/migrations/20260906093115_sites_artisanaux_formalisation_aea.sql:126","src/pages/artisanal-sites/ArtisanalSiteDetails.tsx:83","A_CONTROLER — correspondance statique relue ; UI_API_BASE_NON_EXECUTE","83f8c74e:src/pages/artisanal-sites/ArtisanalSiteForm.tsx:694 (texte identique)","a6c3b13953a9b7bbca0df50b26379a8938e90bef4579a05ab8fb332c971e2345","07ffc71ab9e1320df845694736a3f5af88141431"
"MAP-SITE-collectionOfficer.phone","SITE","collectionOfficer.phone","SAISIE_METIER","Création et modification","Chargé de collecte — Téléphone","Sans id explicite ; label englobant dans chaque carte responsable","Requis","p_assignments[role=collection_officer].phone","snp_save_artisanal_site","artisanal_site_assignments.phone","Relation site_id + role=collection_officer; UPSERT sur (site_id,role).","RESTITUE_STATIQUEMENT","","src/pages/artisanal-sites/ArtisanalSiteForm.tsx:699","src/services/artisanalSiteService.ts:163","supabase/migrations/20260906093115_sites_artisanaux_formalisation_aea.sql:126","src/pages/artisanal-sites/ArtisanalSiteDetails.tsx:83","A_CONTROLER — correspondance statique relue ; UI_API_BASE_NON_EXECUTE","83f8c74e:src/pages/artisanal-sites/ArtisanalSiteForm.tsx:699 (texte identique)","a6c3b13953a9b7bbca0df50b26379a8938e90bef4579a05ab8fb332c971e2345","07ffc71ab9e1320df845694736a3f5af88141431"
"MAP-SITE-collectionOfficer.email","SITE","collectionOfficer.email","SAISIE_METIER","Création et modification","Chargé de collecte — Adresse e-mail","Sans id explicite ; label englobant dans chaque carte responsable","Facultatif ; e-mail","p_assignments[role=collection_officer].email","snp_save_artisanal_site","artisanal_site_assignments.email","Relation site_id + role=collection_officer; UPSERT sur (site_id,role).","RESTITUE_STATIQUEMENT","","src/pages/artisanal-sites/ArtisanalSiteForm.tsx:703","src/services/artisanalSiteService.ts:163","supabase/migrations/20260906093115_sites_artisanaux_formalisation_aea.sql:126","src/pages/artisanal-sites/ArtisanalSiteDetails.tsx:83","A_CONTROLER — correspondance statique relue ; UI_API_BASE_NON_EXECUTE","83f8c74e:src/pages/artisanal-sites/ArtisanalSiteForm.tsx:703 (texte identique)","a6c3b13953a9b7bbca0df50b26379a8938e90bef4579a05ab8fb332c971e2345","07ffc71ab9e1320df845694736a3f5af88141431"
"MAP-SITE-aea.number","SITE","aea.number","SAISIE_METIER","Site formalisé uniquement","Numéro de l’AEA","Sans id explicite ; label englobant","Requis pour site formalisé ; absent du payload non formalisé","p_site.aea_number","snp_save_artisanal_site","artisanal_sites.aea_number","trim ; longueur 1 à 120","RESTITUE_STATIQUEMENT","","src/pages/artisanal-sites/ArtisanalSiteForm.tsx:504","src/services/artisanalSiteService.ts:156","supabase/migrations/20260906093115_sites_artisanaux_formalisation_aea.sql:111","src/pages/artisanal-sites/ArtisanalSiteDetails.tsx:94","A_CONTROLER — correspondance statique relue ; UI_API_BASE_NON_EXECUTE","83f8c74e:src/pages/artisanal-sites/ArtisanalSiteForm.tsx:504 (texte identique)","a6c3b13953a9b7bbca0df50b26379a8938e90bef4579a05ab8fb332c971e2345","07ffc71ab9e1320df845694736a3f5af88141431"
"MAP-SITE-aea.issuedOn","SITE","aea.issuedOn","SAISIE_METIER","Site formalisé uniquement","Date d’émission","Sans id explicite ; label englobant","Requis pour site formalisé ; absent du payload non formalisé","p_site.aea_issued_on","snp_save_artisanal_site","artisanal_sites.aea_issued_on","Date ISO ; validation AEA existante.","RESTITUE_STATIQUEMENT","","src/pages/artisanal-sites/ArtisanalSiteForm.tsx:508","src/services/artisanalSiteService.ts:156","supabase/migrations/20260906093115_sites_artisanaux_formalisation_aea.sql:111","src/pages/artisanal-sites/ArtisanalSiteDetails.tsx:94","A_CONTROLER — correspondance statique relue ; UI_API_BASE_NON_EXECUTE","83f8c74e:src/pages/artisanal-sites/ArtisanalSiteForm.tsx:508 (texte identique)","a6c3b13953a9b7bbca0df50b26379a8938e90bef4579a05ab8fb332c971e2345","07ffc71ab9e1320df845694736a3f5af88141431"
"MAP-SITE-aea.durationMonths","SITE","aea.durationMonths","SAISIE_METIER","Site formalisé uniquement","Durée de validité (mois)","Sans id explicite ; label englobant","Requis pour site formalisé ; absent du payload non formalisé","p_site.aea_duration_months","snp_save_artisanal_site","artisanal_sites.aea_duration_months","Nombre entier de mois, 1 à 1200 ; date d’expiration calculée, pas saisie.","RESTITUE_STATIQUEMENT","","src/pages/artisanal-sites/ArtisanalSiteForm.tsx:512","src/services/artisanalSiteService.ts:157","supabase/migrations/20260906093115_sites_artisanaux_formalisation_aea.sql:111","src/pages/artisanal-sites/ArtisanalSiteDetails.tsx:94","A_CONTROLER — correspondance statique relue ; UI_API_BASE_NON_EXECUTE","83f8c74e:src/pages/artisanal-sites/ArtisanalSiteForm.tsx:512 (texte identique)","a6c3b13953a9b7bbca0df50b26379a8938e90bef4579a05ab8fb332c971e2345","07ffc71ab9e1320df845694736a3f5af88141431"
"MAP-SITE-aeaFile","SITE","aeaFile","FICHIER","Site formalisé uniquement","Justificatif AEA","aea-file","Justificatif nouveau ou déjà rattaché requis","saveSite(input,aeaFile) puis p_site.aea_document_path/name","siteAeaDocumentService.upload puis snp_save_artisanal_site","storage.objects[artisanal-site-aea] + artisanal_sites.aea_document_path / aea_document_name","PDF/JPEG/PNG <= 10 Mo ; dépôt avant RPC ; suppression de brouillon si sauvegarde échoue selon protection serveur.","RESTITUE_STATIQUEMENT","","src/pages/artisanal-sites/ArtisanalSiteForm.tsx:522","src/services/artisanalSiteService.ts:147","supabase/migrations/20260906093115_sites_artisanaux_formalisation_aea.sql:111","src/pages/artisanal-sites/ArtisanalSiteDetails.tsx:95","A_CONTROLER — correspondance statique relue ; UI_API_BASE_NON_EXECUTE","83f8c74e:src/pages/artisanal-sites/ArtisanalSiteForm.tsx:522 (texte identique)","a6c3b13953a9b7bbca0df50b26379a8938e90bef4579a05ab8fb332c971e2345","07ffc71ab9e1320df845694736a3f5af88141431"
"MAP-SITE-photos","SITE","photos","FICHIER","Création et modification","Photos du site","Sans id explicite ; label englobant","Facultatif ; contrôles de format si renseigné","p_site.photos[]","uploadSitePhoto puis snp_save_artisanal_site","artisanal_sites.photos ; Storage ou repli data URL dans sitePhotoService","Sélection multiple, compression ; compteur MAX_SITE_PHOTOS. Voir SITE-DOC-007 pour les erreurs de dépôt/lecture.","RESTITUE_SOUS_RESERVE_LECTURE","","src/pages/artisanal-sites/ArtisanalSiteForm.tsx:669","src/services/artisanalSiteService.ts:161","supabase/migrations/20260906093115_sites_artisanaux_formalisation_aea.sql:111","src/pages/artisanal-sites/ArtisanalSiteDetails.tsx:85","A_CONTROLER — correspondance statique relue ; UI_API_BASE_NON_EXECUTE","83f8c74e:src/pages/artisanal-sites/ArtisanalSiteForm.tsx:669 (texte identique)","a6c3b13953a9b7bbca0df50b26379a8938e90bef4579a05ab8fb332c971e2345","07ffc71ab9e1320df845694736a3f5af88141431"
"MAP-ARTISAN-type_personne","ARTISAN","type_personne","SAISIE_METIER","Branches physique/morale","Qualité juridique","name=type-personne","Requis ; figé en édition","p_dossier.type_personne","artisanDossierPayload puis snp_save_artisan_dossier","snp_artisans_miniers.type_personne","Seule la branche juridique active est transmise ; les champs de l’autre branche ne sont pas envoyés.","RESTITUE_STATIQUEMENT","","src/components/artisan/ArtisanDossierFields.tsx:350","src/lib/artisanDossier.ts:274","supabase/migrations/20260906111030_refonte_dossier_artisan.sql:221","src/components/artisan/ArtisanDossierSummary.tsx:89","A_CONTROLER — correspondance statique relue ; UI_API_BASE_NON_EXECUTE","83f8c74e:src/components/artisan/ArtisanDossierFields.tsx:350 (texte identique)","56f6b9d1e2ed8f1664c363cd5a32cdb99b820a2afd8165a61caa6cc311ddf9ba","07ffc71ab9e1320df845694736a3f5af88141431"
"MAP-ARTISAN-type_artisan","ARTISAN","type_artisan","SAISIE_METIER","Branches physique/morale","Rôle dans la filière","name=type-artisan ; role-{valeur}","Requis ; transition confirmée en édition","p_dossier.type_artisan","artisanDossierPayload puis snp_save_artisan_dossier","snp_artisans_miniers.type_artisan","Seule la branche juridique active est transmise ; les champs de l’autre branche ne sont pas envoyés.","RESTITUE_STATIQUEMENT","","src/components/artisan/ArtisanDossierFields.tsx:381","src/lib/artisanDossier.ts:275","supabase/migrations/20260906111030_refonte_dossier_artisan.sql:221","src/components/artisan/ArtisanDossierSummary.tsx:105","A_CONTROLER — correspondance statique relue ; UI_API_BASE_NON_EXECUTE","83f8c74e:src/components/artisan/ArtisanDossierFields.tsx:381 (texte identique)","56f6b9d1e2ed8f1664c363cd5a32cdb99b820a2afd8165a61caa6cc311ddf9ba","07ffc71ab9e1320df845694736a3f5af88141431"
"MAP-ARTISAN-pays","ARTISAN","pays","SAISIE_METIER","Branches physique/morale","Pays","pays","Requis","p_dossier.pays","artisanDossierPayload puis snp_save_artisan_dossier","snp_artisans_miniers.pays","Seule la branche juridique active est transmise ; les champs de l’autre branche ne sont pas envoyés.","RESTITUE_STATIQUEMENT","","src/components/artisan/ArtisanDossierFields.tsx:221","src/lib/artisanDossier.ts:276","supabase/migrations/20260906111030_refonte_dossier_artisan.sql:221","src/components/artisan/ArtisanDossierSummary.tsx:149","A_CONTROLER — correspondance statique relue ; UI_API_BASE_NON_EXECUTE","83f8c74e:src/components/artisan/ArtisanDossierFields.tsx:221 (texte identique)","56f6b9d1e2ed8f1664c363cd5a32cdb99b820a2afd8165a61caa6cc311ddf9ba","07ffc71ab9e1320df845694736a3f5af88141431"
"MAP-ARTISAN-region","ARTISAN","region","SAISIE_METIER","Branches physique/morale","Région","region","Requis","p_dossier.region","artisanDossierPayload puis snp_save_artisan_dossier","snp_artisans_miniers.region","Seule la branche juridique active est transmise ; les champs de l’autre branche ne sont pas envoyés.","RESTITUE_STATIQUEMENT","","src/components/artisan/ArtisanDossierFields.tsx:222","src/lib/artisanDossier.ts:277","supabase/migrations/20260906111030_refonte_dossier_artisan.sql:221","src/components/artisan/ArtisanDossierSummary.tsx:150","A_CONTROLER — correspondance statique relue ; UI_API_BASE_NON_EXECUTE","83f8c74e:src/components/artisan/ArtisanDossierFields.tsx:222 (texte identique)","56f6b9d1e2ed8f1664c363cd5a32cdb99b820a2afd8165a61caa6cc311ddf9ba","07ffc71ab9e1320df845694736a3f5af88141431"
"MAP-ARTISAN-commune","ARTISAN","commune","SAISIE_METIER","Branches physique/morale","Commune","commune","Requis","p_dossier.commune","artisanDossierPayload puis snp_save_artisan_dossier","snp_artisans_miniers.commune","Seule la branche juridique active est transmise ; les champs de l’autre branche ne sont pas envoyés.","RESTITUE_STATIQUEMENT","","src/components/artisan/ArtisanDossierFields.tsx:223","src/lib/artisanDossier.ts:278","supabase/migrations/20260906111030_refonte_dossier_artisan.sql:221","src/components/artisan/ArtisanDossierSummary.tsx:151","A_CONTROLER — correspondance statique relue ; UI_API_BASE_NON_EXECUTE","83f8c74e:src/components/artisan/ArtisanDossierFields.tsx:223 (texte identique)","56f6b9d1e2ed8f1664c363cd5a32cdb99b820a2afd8165a61caa6cc311ddf9ba","07ffc71ab9e1320df845694736a3f5af88141431"
"MAP-ARTISAN-adresse","ARTISAN","adresse","SAISIE_METIER","Branches physique/morale","Adresse du lieu d’exercice","adresse","Facultatif","p_dossier.adresse","artisanDossierPayload puis snp_save_artisan_dossier","snp_artisans_miniers.adresse","Seule la branche juridique active est transmise ; les champs de l’autre branche ne sont pas envoyés.","RESTITUE_STATIQUEMENT","","src/components/artisan/ArtisanDossierFields.tsx:587","src/lib/artisanDossier.ts:279","supabase/migrations/20260906111030_refonte_dossier_artisan.sql:221","src/components/artisan/ArtisanDossierSummary.tsx:152","A_CONTROLER — correspondance statique relue ; UI_API_BASE_NON_EXECUTE","83f8c74e:src/components/artisan/ArtisanDossierFields.tsx:587 (texte identique)","56f6b9d1e2ed8f1664c363cd5a32cdb99b820a2afd8165a61caa6cc311ddf9ba","07ffc71ab9e1320df845694736a3f5af88141431"
"MAP-ARTISAN-telephone","ARTISAN","telephone","SAISIE_METIER","Branches physique/morale","Téléphone","telephone","Requis","p_dossier.telephone","artisanDossierPayload puis snp_save_artisan_dossier","snp_artisans_miniers.telephone","Seule la branche juridique active est transmise ; les champs de l’autre branche ne sont pas envoyés.","RESTITUE_STATIQUEMENT","","src/components/artisan/ArtisanDossierFields.tsx:181","src/lib/artisanDossier.ts:280","supabase/migrations/20260906111030_refonte_dossier_artisan.sql:221","src/components/artisan/ArtisanDossierSummary.tsx:145","A_CONTROLER — correspondance statique relue ; UI_API_BASE_NON_EXECUTE","83f8c74e:src/components/artisan/ArtisanDossierFields.tsx:181 (texte identique)","56f6b9d1e2ed8f1664c363cd5a32cdb99b820a2afd8165a61caa6cc311ddf9ba","07ffc71ab9e1320df845694736a3f5af88141431"
"MAP-ARTISAN-whatsapp","ARTISAN","whatsapp","SAISIE_METIER","Branches physique/morale","Téléphone WhatsApp","whatsapp","Facultatif","p_dossier.whatsapp","artisanDossierPayload puis snp_save_artisan_dossier","snp_artisans_miniers.whatsapp","WhatsApp reprend le téléphone lorsque la case est cochée.","RESTITUE_STATIQUEMENT","","src/components/artisan/ArtisanDossierFields.tsx:200","src/lib/artisanDossier.ts:283","supabase/migrations/20260906111030_refonte_dossier_artisan.sql:221","src/components/artisan/ArtisanDossierSummary.tsx:147","A_CONTROLER — correspondance statique relue ; UI_API_BASE_NON_EXECUTE","83f8c74e:src/components/artisan/ArtisanDossierFields.tsx:200 (texte identique)","56f6b9d1e2ed8f1664c363cd5a32cdb99b820a2afd8165a61caa6cc311ddf9ba","07ffc71ab9e1320df845694736a3f5af88141431"
"MAP-ARTISAN-whatsapp_identique","ARTISAN","whatsapp_identique","SAISIE_METIER","Branches physique/morale","Identique au téléphone","Sans id explicite ; label englobant","Facultatif","p_dossier.whatsapp_identique","artisanDossierPayload puis snp_save_artisan_dossier","snp_artisans_miniers.whatsapp_identique","WhatsApp reprend le téléphone lorsque la case est cochée.","RESTITUTION_DERIVEE","","src/components/artisan/ArtisanDossierFields.tsx:212","src/lib/artisanDossier.ts:284","supabase/migrations/20260906111030_refonte_dossier_artisan.sql:221","src/components/artisan/ArtisanDossierSummary.tsx:147","A_CONTROLER — correspondance statique relue ; UI_API_BASE_NON_EXECUTE","83f8c74e:src/components/artisan/ArtisanDossierFields.tsx:212 (texte identique)","56f6b9d1e2ed8f1664c363cd5a32cdb99b820a2afd8165a61caa6cc311ddf9ba","07ffc71ab9e1320df845694736a3f5af88141431"
"MAP-ARTISAN-email","ARTISAN","email","SAISIE_METIER","Branches physique/morale","E-mail","email","Facultatif","p_dossier.email","artisanDossierPayload puis snp_save_artisan_dossier","snp_artisans_miniers.email","Seule la branche juridique active est transmise ; les champs de l’autre branche ne sont pas envoyés.","RESTITUE_STATIQUEMENT","","src/components/artisan/ArtisanDossierFields.tsx:580","src/lib/artisanDossier.ts:281","supabase/migrations/20260906111030_refonte_dossier_artisan.sql:221","src/components/artisan/ArtisanDossierSummary.tsx:148","A_CONTROLER — correspondance statique relue ; UI_API_BASE_NON_EXECUTE","83f8c74e:src/components/artisan/ArtisanDossierFields.tsx:580 (texte identique)","56f6b9d1e2ed8f1664c363cd5a32cdb99b820a2afd8165a61caa6cc311ddf9ba","07ffc71ab9e1320df845694736a3f5af88141431"
"MAP-ARTISAN-artisanal_site_id","ARTISAN","artisanal_site_id","SAISIE_METIER","Tous rôles hors aide exploitant","Site artisanal de rattachement","ComboBox — id généré par le composant","Facultatif hors aide exploitant","p_dossier.artisanal_site_id","artisanDossierPayload puis snp_save_artisan_dossier","snp_artisans_miniers.artisanal_site_id","Relation vers artisanal_sites.id ; null envoyé pour aide exploitant (site hérité).","RESTITUE_STATIQUEMENT","","src/components/artisan/ArtisanDossierFields.tsx:547","src/lib/artisanDossier.ts:285","supabase/migrations/20260906111030_refonte_dossier_artisan.sql:221","src/components/artisan/ArtisanDossierSummary.tsx:72","A_CONTROLER — correspondance statique relue ; UI_API_BASE_NON_EXECUTE","83f8c74e:src/components/artisan/ArtisanDossierFields.tsx:547 (texte identique)","56f6b9d1e2ed8f1664c363cd5a32cdb99b820a2afd8165a61caa6cc311ddf9ba","07ffc71ab9e1320df845694736a3f5af88141431"
"MAP-ARTISAN-exploitant_id","ARTISAN","exploitant_id","SAISIE_METIER","Aide exploitant","Exploitant de rattachement","exploitant_id","Requis pour aide exploitant","p_dossier.exploitant_id","artisanDossierPayload puis snp_save_artisan_dossier","snp_artisans_miniers.exploitant_id","Relation vers exploitant existant ; recherche puis choix, texte de recherche non persisté.","RESTITUE_STATIQUEMENT","","src/components/artisan/ArtisanDossierFields.tsx:485","src/lib/artisanDossier.ts:287","supabase/migrations/20260906111030_refonte_dossier_artisan.sql:221","src/components/artisan/ArtisanDossierSummary.tsx:60","A_CONTROLER — correspondance statique relue ; UI_API_BASE_NON_EXECUTE","83f8c74e:src/components/artisan/ArtisanDossierFields.tsx:485 (texte identique)","56f6b9d1e2ed8f1664c363cd5a32cdb99b820a2afd8165a61caa6cc311ddf9ba","07ffc71ab9e1320df845694736a3f5af88141431"
"MAP-ARTISAN-observations","ARTISAN","observations","SAISIE_METIER","Branches physique/morale","Observations","observations","Facultatif","p_dossier.observations","artisanDossierPayload puis snp_save_artisan_dossier","snp_artisans_miniers.observations","Seule la branche juridique active est transmise ; les champs de l’autre branche ne sont pas envoyés.","RESTITUE_STATIQUEMENT","","src/components/artisan/ArtisanDossierFields.tsx:593","src/lib/artisanDossier.ts:282","supabase/migrations/20260906111030_refonte_dossier_artisan.sql:221","src/components/artisan/ArtisanDossierSummary.tsx:159","A_CONTROLER — correspondance statique relue ; UI_API_BASE_NON_EXECUTE","83f8c74e:src/components/artisan/ArtisanDossierFields.tsx:593 (texte identique)","56f6b9d1e2ed8f1664c363cd5a32cdb99b820a2afd8165a61caa6cc311ddf9ba","07ffc71ab9e1320df845694736a3f5af88141431"
"MAP-ARTISAN-nom","ARTISAN","nom","SAISIE_METIER","Personne physique","Nom","nom","Requis","p_dossier.nom","artisanDossierPayload puis snp_save_artisan_dossier","snp_artisans_miniers.nom","Seule la branche juridique active est transmise ; les champs de l’autre branche ne sont pas envoyés.","RESTITUE_STATIQUEMENT","","src/components/artisan/ArtisanDossierFields.tsx:454","src/lib/artisanDossier.ts:309","supabase/migrations/20260906111030_refonte_dossier_artisan.sql:221","src/components/artisan/ArtisanDossierSummary.tsx:106","A_CONTROLER — correspondance statique relue ; UI_API_BASE_NON_EXECUTE","83f8c74e:src/components/artisan/ArtisanDossierFields.tsx:454 (texte identique)","56f6b9d1e2ed8f1664c363cd5a32cdb99b820a2afd8165a61caa6cc311ddf9ba","07ffc71ab9e1320df845694736a3f5af88141431"
"MAP-ARTISAN-prenoms","ARTISAN","prenoms","SAISIE_METIER","Personne physique","Prénom(s)","prenoms","Facultatif","p_dossier.prenoms","artisanDossierPayload puis snp_save_artisan_dossier","snp_artisans_miniers.prenoms","Seule la branche juridique active est transmise ; les champs de l’autre branche ne sont pas envoyés.","RESTITUE_STATIQUEMENT","","src/components/artisan/ArtisanDossierFields.tsx:455","src/lib/artisanDossier.ts:310","supabase/migrations/20260906111030_refonte_dossier_artisan.sql:221","src/components/artisan/ArtisanDossierSummary.tsx:106","A_CONTROLER — correspondance statique relue ; UI_API_BASE_NON_EXECUTE","83f8c74e:src/components/artisan/ArtisanDossierFields.tsx:455 (texte identique)","56f6b9d1e2ed8f1664c363cd5a32cdb99b820a2afd8165a61caa6cc311ddf9ba","07ffc71ab9e1320df845694736a3f5af88141431"
"MAP-ARTISAN-date_naissance","ARTISAN","date_naissance","SAISIE_METIER","Personne physique","Date de naissance","date_naissance","Requis ; adulte >= 18 ans","p_dossier.date_naissance","artisanDossierPayload puis snp_save_artisan_dossier","snp_artisans_miniers.date_naissance","Seule la branche juridique active est transmise ; les champs de l’autre branche ne sont pas envoyés.","RESTITUE_STATIQUEMENT","","src/components/artisan/ArtisanDossierFields.tsx:458","src/lib/artisanDossier.ts:311","supabase/migrations/20260906111030_refonte_dossier_artisan.sql:221","src/components/artisan/ArtisanDossierSummary.tsx:117","A_CONTROLER — correspondance statique relue ; UI_API_BASE_NON_EXECUTE","83f8c74e:src/components/artisan/ArtisanDossierFields.tsx:458 (texte identique)","56f6b9d1e2ed8f1664c363cd5a32cdb99b820a2afd8165a61caa6cc311ddf9ba","07ffc71ab9e1320df845694736a3f5af88141431"
"MAP-ARTISAN-lieu_naissance","ARTISAN","lieu_naissance","SAISIE_METIER","Personne physique","Lieu de naissance","lieu_naissance","Facultatif","p_dossier.lieu_naissance","artisanDossierPayload puis snp_save_artisan_dossier","snp_artisans_miniers.lieu_naissance","Seule la branche juridique active est transmise ; les champs de l’autre branche ne sont pas envoyés.","RESTITUE_STATIQUEMENT","","src/components/artisan/ArtisanDossierFields.tsx:459","src/lib/artisanDossier.ts:312","supabase/migrations/20260906111030_refonte_dossier_artisan.sql:221","src/components/artisan/ArtisanDossierSummary.tsx:118","A_CONTROLER — correspondance statique relue ; UI_API_BASE_NON_EXECUTE","83f8c74e:src/components/artisan/ArtisanDossierFields.tsx:459 (texte identique)","56f6b9d1e2ed8f1664c363cd5a32cdb99b820a2afd8165a61caa6cc311ddf9ba","07ffc71ab9e1320df845694736a3f5af88141431"
"MAP-ARTISAN-sexe","ARTISAN","sexe","SAISIE_METIER","Personne physique","Sexe","sexe","Facultatif ; M/F uniquement dans la liste","p_dossier.sexe","artisanDossierPayload puis snp_save_artisan_dossier","snp_artisans_miniers.sexe","Seule la branche juridique active est transmise ; les champs de l’autre branche ne sont pas envoyés.","RESTITUE_STATIQUEMENT","","src/components/artisan/ArtisanDossierFields.tsx:460","src/lib/artisanDossier.ts:314","supabase/migrations/20260906111030_refonte_dossier_artisan.sql:221","src/components/artisan/ArtisanDossierSummary.tsx:121","A_CONTROLER — correspondance statique relue ; UI_API_BASE_NON_EXECUTE","83f8c74e:src/components/artisan/ArtisanDossierFields.tsx:460 (texte identique)","56f6b9d1e2ed8f1664c363cd5a32cdb99b820a2afd8165a61caa6cc311ddf9ba","07ffc71ab9e1320df845694736a3f5af88141431"
"MAP-ARTISAN-nationalite","ARTISAN","nationalite","SAISIE_METIER","Personne physique","Nationalité","nationalite","Facultatif","p_dossier.nationalite","artisanDossierPayload puis snp_save_artisan_dossier","snp_artisans_miniers.nationalite","Seule la branche juridique active est transmise ; les champs de l’autre branche ne sont pas envoyés.","RESTITUE_STATIQUEMENT","","src/components/artisan/ArtisanDossierFields.tsx:465","src/lib/artisanDossier.ts:313","supabase/migrations/20260906111030_refonte_dossier_artisan.sql:221","src/components/artisan/ArtisanDossierSummary.tsx:127","A_CONTROLER — correspondance statique relue ; UI_API_BASE_NON_EXECUTE","83f8c74e:src/components/artisan/ArtisanDossierFields.tsx:465 (texte identique)","56f6b9d1e2ed8f1664c363cd5a32cdb99b820a2afd8165a61caa6cc311ddf9ba","07ffc71ab9e1320df845694736a3f5af88141431"
"MAP-ARTISAN-type_piece_identite","ARTISAN","type_piece_identite","SAISIE_METIER","Personne physique","Type de pièce","type_piece_identite","Requis","p_dossier.type_piece_identite","artisanDossierPayload puis snp_save_artisan_dossier","snp_artisans_miniers.type_piece_identite","Seule la branche juridique active est transmise ; les champs de l’autre branche ne sont pas envoyés.","RESTITUE_STATIQUEMENT","","src/components/artisan/ArtisanDossierFields.tsx:302","src/lib/artisanDossier.ts:315","supabase/migrations/20260906111030_refonte_dossier_artisan.sql:221","src/components/artisan/ArtisanDossierSummary.tsx:128","A_CONTROLER — correspondance statique relue ; UI_API_BASE_NON_EXECUTE","83f8c74e:src/components/artisan/ArtisanDossierFields.tsx:302 (texte identique)","56f6b9d1e2ed8f1664c363cd5a32cdb99b820a2afd8165a61caa6cc311ddf9ba","07ffc71ab9e1320df845694736a3f5af88141431"
"MAP-ARTISAN-numero_piece_identite","ARTISAN","numero_piece_identite","SAISIE_METIER","Personne physique","Numéro de pièce","numero_piece_identite","Requis","p_dossier.numero_piece_identite","artisanDossierPayload puis snp_save_artisan_dossier","snp_artisans_miniers.numero_piece_identite","Seule la branche juridique active est transmise ; les champs de l’autre branche ne sont pas envoyés.","RESTITUE_STATIQUEMENT","","src/components/artisan/ArtisanDossierFields.tsx:312","src/lib/artisanDossier.ts:316","supabase/migrations/20260906111030_refonte_dossier_artisan.sql:221","src/components/artisan/ArtisanDossierSummary.tsx:129","A_CONTROLER — correspondance statique relue ; UI_API_BASE_NON_EXECUTE","83f8c74e:src/components/artisan/ArtisanDossierFields.tsx:312 (texte identique)","56f6b9d1e2ed8f1664c363cd5a32cdb99b820a2afd8165a61caa6cc311ddf9ba","07ffc71ab9e1320df845694736a3f5af88141431"
"MAP-ARTISAN-date_delivrance_piece","ARTISAN","date_delivrance_piece","SAISIE_METIER","Personne physique","Date de délivrance","date_delivrance_piece","Facultatif ; pas future","p_dossier.date_delivrance_piece","artisanDossierPayload puis snp_save_artisan_dossier","snp_artisans_miniers.date_delivrance_piece","Seule la branche juridique active est transmise ; les champs de l’autre branche ne sont pas envoyés.","RESTITUE_STATIQUEMENT","","src/components/artisan/ArtisanDossierFields.tsx:316","src/lib/artisanDossier.ts:317","supabase/migrations/20260906111030_refonte_dossier_artisan.sql:221","src/components/artisan/ArtisanDossierSummary.tsx:130","A_CONTROLER — correspondance statique relue ; UI_API_BASE_NON_EXECUTE","83f8c74e:src/components/artisan/ArtisanDossierFields.tsx:316 (texte identique)","56f6b9d1e2ed8f1664c363cd5a32cdb99b820a2afd8165a61caa6cc311ddf9ba","07ffc71ab9e1320df845694736a3f5af88141431"
"MAP-ARTISAN-date_expiration_piece","ARTISAN","date_expiration_piece","SAISIE_METIER","Personne physique","Date d’expiration","date_expiration_piece","Facultatif ; >= délivrance","p_dossier.date_expiration_piece","artisanDossierPayload puis snp_save_artisan_dossier","snp_artisans_miniers.date_expiration_piece","Seule la branche juridique active est transmise ; les champs de l’autre branche ne sont pas envoyés.","RESTITUE_STATIQUEMENT","","src/components/artisan/ArtisanDossierFields.tsx:322","src/lib/artisanDossier.ts:318","supabase/migrations/20260906111030_refonte_dossier_artisan.sql:221","src/components/artisan/ArtisanDossierSummary.tsx:131","A_CONTROLER — correspondance statique relue ; UI_API_BASE_NON_EXECUTE","83f8c74e:src/components/artisan/ArtisanDossierFields.tsx:322 (texte identique)","56f6b9d1e2ed8f1664c363cd5a32cdb99b820a2afd8165a61caa6cc311ddf9ba","07ffc71ab9e1320df845694736a3f5af88141431"
"MAP-ARTISAN-lieu_delivrance_piece","ARTISAN","lieu_delivrance_piece","SAISIE_METIER","Personne physique","Lieu de délivrance","lieu_delivrance_piece","Facultatif","p_dossier.lieu_delivrance_piece","artisanDossierPayload puis snp_save_artisan_dossier","snp_artisans_miniers.lieu_delivrance_piece","Seule la branche juridique active est transmise ; les champs de l’autre branche ne sont pas envoyés.","RESTITUE_STATIQUEMENT","","src/components/artisan/ArtisanDossierFields.tsx:327","src/lib/artisanDossier.ts:319","supabase/migrations/20260906111030_refonte_dossier_artisan.sql:221","src/components/artisan/ArtisanDossierSummary.tsx:132","A_CONTROLER — correspondance statique relue ; UI_API_BASE_NON_EXECUTE","83f8c74e:src/components/artisan/ArtisanDossierFields.tsx:327 (texte identique)","56f6b9d1e2ed8f1664c363cd5a32cdb99b820a2afd8165a61caa6cc311ddf9ba","07ffc71ab9e1320df845694736a3f5af88141431"
"MAP-ARTISAN-raison_sociale","ARTISAN","raison_sociale","SAISIE_METIER","Personne morale","Raison sociale","raison_sociale","Requis pour personne morale","p_dossier.raison_sociale","artisanDossierPayload puis snp_save_artisan_dossier","snp_artisans_miniers.raison_sociale","Seule la branche juridique active est transmise ; les champs de l’autre branche ne sont pas envoyés.","RESTITUE_STATIQUEMENT","","src/components/artisan/ArtisanDossierFields.tsx:408","src/lib/artisanDossier.ts:293","supabase/migrations/20260906111030_refonte_dossier_artisan.sql:221","src/components/artisan/ArtisanDossierSummary.tsx:106","A_CONTROLER — correspondance statique relue ; UI_API_BASE_NON_EXECUTE","83f8c74e:src/components/artisan/ArtisanDossierFields.tsx:408 (texte identique)","56f6b9d1e2ed8f1664c363cd5a32cdb99b820a2afd8165a61caa6cc311ddf9ba","07ffc71ab9e1320df845694736a3f5af88141431"
"MAP-ARTISAN-numero_registre_commerce","ARTISAN","numero_registre_commerce","SAISIE_METIER","Personne morale","Numéro RCCM","numero_registre_commerce","Requis pour personne morale","p_dossier.numero_registre_commerce","artisanDossierPayload puis snp_save_artisan_dossier","snp_artisans_miniers.numero_registre_commerce","Seule la branche juridique active est transmise ; les champs de l’autre branche ne sont pas envoyés.","RESTITUE_STATIQUEMENT","","src/components/artisan/ArtisanDossierFields.tsx:410","src/lib/artisanDossier.ts:294","supabase/migrations/20260906111030_refonte_dossier_artisan.sql:221","src/components/artisan/ArtisanDossierSummary.tsx:109","A_CONTROLER — correspondance statique relue ; UI_API_BASE_NON_EXECUTE","83f8c74e:src/components/artisan/ArtisanDossierFields.tsx:410 (texte identique)","56f6b9d1e2ed8f1664c363cd5a32cdb99b820a2afd8165a61caa6cc311ddf9ba","07ffc71ab9e1320df845694736a3f5af88141431"
"MAP-ARTISAN-numero_ifu","ARTISAN","numero_ifu","SAISIE_METIER","Personne morale","Numéro IFU","numero_ifu","Requis pour personne morale","p_dossier.numero_ifu","artisanDossierPayload puis snp_save_artisan_dossier","snp_artisans_miniers.numero_ifu","Seule la branche juridique active est transmise ; les champs de l’autre branche ne sont pas envoyés.","RESTITUE_STATIQUEMENT","","src/components/artisan/ArtisanDossierFields.tsx:411","src/lib/artisanDossier.ts:295","supabase/migrations/20260906111030_refonte_dossier_artisan.sql:221","src/components/artisan/ArtisanDossierSummary.tsx:110","A_CONTROLER — correspondance statique relue ; UI_API_BASE_NON_EXECUTE","83f8c74e:src/components/artisan/ArtisanDossierFields.tsx:411 (texte identique)","56f6b9d1e2ed8f1664c363cd5a32cdb99b820a2afd8165a61caa6cc311ddf9ba","07ffc71ab9e1320df845694736a3f5af88141431"
"MAP-ARTISAN-siege_pays","ARTISAN","siege_pays","SAISIE_METIER","Personne morale","Pays du siège","siege_pays","Requis pour personne morale","p_dossier.siege_pays","artisanDossierPayload puis snp_save_artisan_dossier","snp_artisans_miniers.siege_pays","Seule la branche juridique active est transmise ; les champs de l’autre branche ne sont pas envoyés.","RESTITUE_STATIQUEMENT","","src/components/artisan/ArtisanDossierFields.tsx:221","src/lib/artisanDossier.ts:296","supabase/migrations/20260906111030_refonte_dossier_artisan.sql:221","src/components/artisan/ArtisanDossierSummary.tsx:111","A_CONTROLER — correspondance statique relue ; UI_API_BASE_NON_EXECUTE","83f8c74e:src/components/artisan/ArtisanDossierFields.tsx:221 (texte identique)","56f6b9d1e2ed8f1664c363cd5a32cdb99b820a2afd8165a61caa6cc311ddf9ba","07ffc71ab9e1320df845694736a3f5af88141431"
"MAP-ARTISAN-siege_region","ARTISAN","siege_region","SAISIE_METIER","Personne morale","Région du siège","siege_region","Requis pour personne morale","p_dossier.siege_region","artisanDossierPayload puis snp_save_artisan_dossier","snp_artisans_miniers.siege_region","Seule la branche juridique active est transmise ; les champs de l’autre branche ne sont pas envoyés.","RESTITUE_STATIQUEMENT","","src/components/artisan/ArtisanDossierFields.tsx:222","src/lib/artisanDossier.ts:297","supabase/migrations/20260906111030_refonte_dossier_artisan.sql:221","src/components/artisan/ArtisanDossierSummary.tsx:112","A_CONTROLER — correspondance statique relue ; UI_API_BASE_NON_EXECUTE","83f8c74e:src/components/artisan/ArtisanDossierFields.tsx:222 (texte identique)","56f6b9d1e2ed8f1664c363cd5a32cdb99b820a2afd8165a61caa6cc311ddf9ba","07ffc71ab9e1320df845694736a3f5af88141431"
"MAP-ARTISAN-siege_commune","ARTISAN","siege_commune","SAISIE_METIER","Personne morale","Commune du siège","siege_commune","Requis pour personne morale","p_dossier.siege_commune","artisanDossierPayload puis snp_save_artisan_dossier","snp_artisans_miniers.siege_commune","Seule la branche juridique active est transmise ; les champs de l’autre branche ne sont pas envoyés.","RESTITUE_STATIQUEMENT","","src/components/artisan/ArtisanDossierFields.tsx:223","src/lib/artisanDossier.ts:298","supabase/migrations/20260906111030_refonte_dossier_artisan.sql:221","src/components/artisan/ArtisanDossierSummary.tsx:113","A_CONTROLER — correspondance statique relue ; UI_API_BASE_NON_EXECUTE","83f8c74e:src/components/artisan/ArtisanDossierFields.tsx:223 (texte identique)","56f6b9d1e2ed8f1664c363cd5a32cdb99b820a2afd8165a61caa6cc311ddf9ba","07ffc71ab9e1320df845694736a3f5af88141431"
"MAP-ARTISAN-siege_adresse","ARTISAN","siege_adresse","SAISIE_METIER","Personne morale","Adresse complète du siège","siege_adresse","Requis pour personne morale","p_dossier.siege_adresse","artisanDossierPayload puis snp_save_artisan_dossier","snp_artisans_miniers.siege_adresse","Seule la branche juridique active est transmise ; les champs de l’autre branche ne sont pas envoyés.","RESTITUE_STATIQUEMENT","","src/components/artisan/ArtisanDossierFields.tsx:414","src/lib/artisanDossier.ts:299","supabase/migrations/20260906111030_refonte_dossier_artisan.sql:221","src/components/artisan/ArtisanDossierSummary.tsx:114","A_CONTROLER — correspondance statique relue ; UI_API_BASE_NON_EXECUTE","83f8c74e:src/components/artisan/ArtisanDossierFields.tsx:414 (texte identique)","56f6b9d1e2ed8f1664c363cd5a32cdb99b820a2afd8165a61caa6cc311ddf9ba","07ffc71ab9e1320df845694736a3f5af88141431"
"MAP-ARTISAN-responsable.nom","ARTISAN","responsable.nom","SAISIE_METIER","Personne morale — responsable","Nom du responsable","responsable.nom","Requis pour personne morale","p_dossier.responsable.nom","artisanDossierPayload puis snp_save_artisan_dossier","snp_artisan_responsables.nom","Objet responsable lié par artisan_id ; champs vides des dates pièce convertis à null.","RESTITUE_STATIQUEMENT","","src/components/artisan/ArtisanDossierFields.tsx:423","src/lib/artisanDossier.ts:301","supabase/migrations/20260906111030_refonte_dossier_artisan.sql:239","src/components/artisan/ArtisanDossierSummary.tsx:173","A_CONTROLER — correspondance statique relue ; UI_API_BASE_NON_EXECUTE","83f8c74e:src/components/artisan/ArtisanDossierFields.tsx:423 (texte identique)","56f6b9d1e2ed8f1664c363cd5a32cdb99b820a2afd8165a61caa6cc311ddf9ba","07ffc71ab9e1320df845694736a3f5af88141431"
"MAP-ARTISAN-responsable.prenoms","ARTISAN","responsable.prenoms","SAISIE_METIER","Personne morale — responsable","Prénom(s) du responsable","responsable.prenoms","Requis pour personne morale","p_dossier.responsable.prenoms","artisanDossierPayload puis snp_save_artisan_dossier","snp_artisan_responsables.prenoms","Objet responsable lié par artisan_id ; champs vides des dates pièce convertis à null.","RESTITUE_STATIQUEMENT","","src/components/artisan/ArtisanDossierFields.tsx:424","src/lib/artisanDossier.ts:301","supabase/migrations/20260906111030_refonte_dossier_artisan.sql:239","src/components/artisan/ArtisanDossierSummary.tsx:173","A_CONTROLER — correspondance statique relue ; UI_API_BASE_NON_EXECUTE","83f8c74e:src/components/artisan/ArtisanDossierFields.tsx:424 (texte identique)","56f6b9d1e2ed8f1664c363cd5a32cdb99b820a2afd8165a61caa6cc311ddf9ba","07ffc71ab9e1320df845694736a3f5af88141431"
"MAP-ARTISAN-responsable.date_naissance","ARTISAN","responsable.date_naissance","SAISIE_METIER","Personne morale — responsable","Date de naissance du responsable","responsable.date_naissance","Requis pour personne morale","p_dossier.responsable.date_naissance","artisanDossierPayload puis snp_save_artisan_dossier","snp_artisan_responsables.date_naissance","Objet responsable lié par artisan_id ; champs vides des dates pièce convertis à null.","RESTITUE_STATIQUEMENT","","src/components/artisan/ArtisanDossierFields.tsx:425","src/lib/artisanDossier.ts:301","supabase/migrations/20260906111030_refonte_dossier_artisan.sql:239","src/components/artisan/ArtisanDossierSummary.tsx:174","A_CONTROLER — correspondance statique relue ; UI_API_BASE_NON_EXECUTE","83f8c74e:src/components/artisan/ArtisanDossierFields.tsx:425 (texte identique)","56f6b9d1e2ed8f1664c363cd5a32cdb99b820a2afd8165a61caa6cc311ddf9ba","07ffc71ab9e1320df845694736a3f5af88141431"
"MAP-ARTISAN-responsable.telephone","ARTISAN","responsable.telephone","SAISIE_METIER","Personne morale — responsable","Téléphone du responsable","responsable.telephone","Requis pour personne morale","p_dossier.responsable.telephone","artisanDossierPayload puis snp_save_artisan_dossier","snp_artisan_responsables.telephone","Objet responsable lié par artisan_id ; champs vides des dates pièce convertis à null.","RESTITUE_STATIQUEMENT","","src/components/artisan/ArtisanDossierFields.tsx:181","src/lib/artisanDossier.ts:301","supabase/migrations/20260906111030_refonte_dossier_artisan.sql:239","src/components/artisan/ArtisanDossierSummary.tsx:176","A_CONTROLER — correspondance statique relue ; UI_API_BASE_NON_EXECUTE","83f8c74e:src/components/artisan/ArtisanDossierFields.tsx:181 (texte identique)","56f6b9d1e2ed8f1664c363cd5a32cdb99b820a2afd8165a61caa6cc311ddf9ba","07ffc71ab9e1320df845694736a3f5af88141431"
"MAP-ARTISAN-responsable.whatsapp","ARTISAN","responsable.whatsapp","SAISIE_METIER","Personne morale — responsable","WhatsApp du responsable","responsable.whatsapp","Facultatif","p_dossier.responsable.whatsapp","artisanDossierPayload puis snp_save_artisan_dossier","snp_artisan_responsables.whatsapp","Objet responsable lié par artisan_id ; champs vides des dates pièce convertis à null.","RESTITUE_STATIQUEMENT","","src/components/artisan/ArtisanDossierFields.tsx:200","src/lib/artisanDossier.ts:301","supabase/migrations/20260906111030_refonte_dossier_artisan.sql:239","src/components/artisan/ArtisanDossierSummary.tsx:177","A_CONTROLER — correspondance statique relue ; UI_API_BASE_NON_EXECUTE","83f8c74e:src/components/artisan/ArtisanDossierFields.tsx:200 (texte identique)","56f6b9d1e2ed8f1664c363cd5a32cdb99b820a2afd8165a61caa6cc311ddf9ba","07ffc71ab9e1320df845694736a3f5af88141431"
"MAP-ARTISAN-responsable.whatsapp_identique","ARTISAN","responsable.whatsapp_identique","SAISIE_METIER","Personne morale — responsable","WhatsApp identique au téléphone du responsable","Sans id explicite ; label englobant","Facultatif","p_dossier.responsable.whatsapp_identique","artisanDossierPayload puis snp_save_artisan_dossier","snp_artisan_responsables.whatsapp_identique","Objet responsable lié par artisan_id ; champs vides des dates pièce convertis à null.","RESTITUTION_DERIVEE","","src/components/artisan/ArtisanDossierFields.tsx:212","src/lib/artisanDossier.ts:301","supabase/migrations/20260906111030_refonte_dossier_artisan.sql:239","src/components/artisan/ArtisanDossierSummary.tsx:177","A_CONTROLER — correspondance statique relue ; UI_API_BASE_NON_EXECUTE","83f8c74e:src/components/artisan/ArtisanDossierFields.tsx:212 (texte identique)","56f6b9d1e2ed8f1664c363cd5a32cdb99b820a2afd8165a61caa6cc311ddf9ba","07ffc71ab9e1320df845694736a3f5af88141431"
"MAP-ARTISAN-responsable.email","ARTISAN","responsable.email","SAISIE_METIER","Personne morale — responsable","E-mail du responsable","responsable.email","Facultatif","p_dossier.responsable.email","artisanDossierPayload puis snp_save_artisan_dossier","snp_artisan_responsables.email","Objet responsable lié par artisan_id ; champs vides des dates pièce convertis à null.","RESTITUE_STATIQUEMENT","","src/components/artisan/ArtisanDossierFields.tsx:434","src/lib/artisanDossier.ts:301","supabase/migrations/20260906111030_refonte_dossier_artisan.sql:239","src/components/artisan/ArtisanDossierSummary.tsx:178","A_CONTROLER — correspondance statique relue ; UI_API_BASE_NON_EXECUTE","83f8c74e:src/components/artisan/ArtisanDossierFields.tsx:434 (texte identique)","56f6b9d1e2ed8f1664c363cd5a32cdb99b820a2afd8165a61caa6cc311ddf9ba","07ffc71ab9e1320df845694736a3f5af88141431"
"MAP-ARTISAN-responsable.fonction","ARTISAN","responsable.fonction","SAISIE_METIER","Personne morale — responsable","Fonction du responsable","responsable.fonction","Requis pour personne morale","p_dossier.responsable.fonction","artisanDossierPayload puis snp_save_artisan_dossier","snp_artisan_responsables.fonction","Objet responsable lié par artisan_id ; champs vides des dates pièce convertis à null.","RESTITUE_STATIQUEMENT","","src/components/artisan/ArtisanDossierFields.tsx:431","src/lib/artisanDossier.ts:301","supabase/migrations/20260906111030_refonte_dossier_artisan.sql:239","src/components/artisan/ArtisanDossierSummary.tsx:175","A_CONTROLER — correspondance statique relue ; UI_API_BASE_NON_EXECUTE","83f8c74e:src/components/artisan/ArtisanDossierFields.tsx:431 (texte identique)","56f6b9d1e2ed8f1664c363cd5a32cdb99b820a2afd8165a61caa6cc311ddf9ba","07ffc71ab9e1320df845694736a3f5af88141431"
"MAP-ARTISAN-responsable.type_piece_identite","ARTISAN","responsable.type_piece_identite","SAISIE_METIER","Personne morale — responsable","Type de pièce du responsable","responsable.type_piece_identite","Requis pour personne morale","p_dossier.responsable.type_piece_identite","artisanDossierPayload puis snp_save_artisan_dossier","snp_artisan_responsables.type_piece_identite","Objet responsable lié par artisan_id ; champs vides des dates pièce convertis à null.","RESTITUE_STATIQUEMENT","","src/components/artisan/ArtisanDossierFields.tsx:302","src/lib/artisanDossier.ts:301","supabase/migrations/20260906111030_refonte_dossier_artisan.sql:239","src/components/artisan/ArtisanDossierSummary.tsx:179","A_CONTROLER — correspondance statique relue ; UI_API_BASE_NON_EXECUTE","83f8c74e:src/components/artisan/ArtisanDossierFields.tsx:302 (texte identique)","56f6b9d1e2ed8f1664c363cd5a32cdb99b820a2afd8165a61caa6cc311ddf9ba","07ffc71ab9e1320df845694736a3f5af88141431"
"MAP-ARTISAN-responsable.numero_piece_identite","ARTISAN","responsable.numero_piece_identite","SAISIE_METIER","Personne morale — responsable","Numéro de pièce du responsable","responsable.numero_piece_identite","Requis pour personne morale","p_dossier.responsable.numero_piece_identite","artisanDossierPayload puis snp_save_artisan_dossier","snp_artisan_responsables.numero_piece_identite","Objet responsable lié par artisan_id ; champs vides des dates pièce convertis à null.","RESTITUE_STATIQUEMENT","","src/components/artisan/ArtisanDossierFields.tsx:312","src/lib/artisanDossier.ts:301","supabase/migrations/20260906111030_refonte_dossier_artisan.sql:239","src/components/artisan/ArtisanDossierSummary.tsx:180","A_CONTROLER — correspondance statique relue ; UI_API_BASE_NON_EXECUTE","83f8c74e:src/components/artisan/ArtisanDossierFields.tsx:312 (texte identique)","56f6b9d1e2ed8f1664c363cd5a32cdb99b820a2afd8165a61caa6cc311ddf9ba","07ffc71ab9e1320df845694736a3f5af88141431"
"MAP-ARTISAN-responsable.date_delivrance_piece","ARTISAN","responsable.date_delivrance_piece","SAISIE_METIER","Personne morale — responsable","Date de délivrance du responsable","responsable.date_delivrance_piece","Facultatif","p_dossier.responsable.date_delivrance_piece","artisanDossierPayload puis snp_save_artisan_dossier","snp_artisan_responsables.date_delivrance_piece","Objet responsable lié par artisan_id ; champs vides des dates pièce convertis à null.","RESTITUE_STATIQUEMENT","","src/components/artisan/ArtisanDossierFields.tsx:316","src/lib/artisanDossier.ts:301","supabase/migrations/20260906111030_refonte_dossier_artisan.sql:239","src/components/artisan/ArtisanDossierSummary.tsx:181","A_CONTROLER — correspondance statique relue ; UI_API_BASE_NON_EXECUTE","83f8c74e:src/components/artisan/ArtisanDossierFields.tsx:316 (texte identique)","56f6b9d1e2ed8f1664c363cd5a32cdb99b820a2afd8165a61caa6cc311ddf9ba","07ffc71ab9e1320df845694736a3f5af88141431"
"MAP-ARTISAN-responsable.date_expiration_piece","ARTISAN","responsable.date_expiration_piece","SAISIE_METIER","Personne morale — responsable","Date d’expiration du responsable","responsable.date_expiration_piece","Facultatif","p_dossier.responsable.date_expiration_piece","artisanDossierPayload puis snp_save_artisan_dossier","snp_artisan_responsables.date_expiration_piece","Objet responsable lié par artisan_id ; champs vides des dates pièce convertis à null.","RESTITUE_STATIQUEMENT","","src/components/artisan/ArtisanDossierFields.tsx:322","src/lib/artisanDossier.ts:301","supabase/migrations/20260906111030_refonte_dossier_artisan.sql:239","src/components/artisan/ArtisanDossierSummary.tsx:182","A_CONTROLER — correspondance statique relue ; UI_API_BASE_NON_EXECUTE","83f8c74e:src/components/artisan/ArtisanDossierFields.tsx:322 (texte identique)","56f6b9d1e2ed8f1664c363cd5a32cdb99b820a2afd8165a61caa6cc311ddf9ba","07ffc71ab9e1320df845694736a3f5af88141431"
"MAP-ARTISAN-responsable.lieu_delivrance_piece","ARTISAN","responsable.lieu_delivrance_piece","SAISIE_METIER","Personne morale — responsable","Lieu de délivrance du responsable","responsable.lieu_delivrance_piece","Facultatif","p_dossier.responsable.lieu_delivrance_piece","artisanDossierPayload puis snp_save_artisan_dossier","snp_artisan_responsables.lieu_delivrance_piece","Objet responsable lié par artisan_id ; champs vides des dates pièce convertis à null.","RESTITUE_STATIQUEMENT","","src/components/artisan/ArtisanDossierFields.tsx:327","src/lib/artisanDossier.ts:301","supabase/migrations/20260906111030_refonte_dossier_artisan.sql:239","src/components/artisan/ArtisanDossierSummary.tsx:183","A_CONTROLER — correspondance statique relue ; UI_API_BASE_NON_EXECUTE","83f8c74e:src/components/artisan/ArtisanDossierFields.tsx:327 (texte identique)","56f6b9d1e2ed8f1664c363cd5a32cdb99b820a2afd8165a61caa6cc311ddf9ba","07ffc71ab9e1320df845694736a3f5af88141431"
"MAP-ARTISAN-documents.artisan.type","ARTISAN","documents.artisan.type","SAISIE_DOCUMENTAIRE","Personne physique","Type de justificatif","Sans id explicite ; label englobant","Facultatif dans la création principale ; validé si déposé","metadata.documentType","artisanDocumentService.upload / sensitiveUploadGateway / snp_register_artisan_document","snp_artisan_documents.type_document","owner_kind=artisan; artisan_id ; responsable_id pour owner responsable. ","RESTITUE_STATIQUEMENT","","src/components/artisan/ArtisanDocuments.tsx:78","src/services/artisanDocumentService.ts:72","supabase/migrations/20260906111030_refonte_dossier_artisan.sql:330","src/components/artisan/ArtisanDossierSummary.tsx:206","A_CONTROLER — correspondance statique relue ; UI_API_BASE_NON_EXECUTE","83f8c74e:src/components/artisan/ArtisanDocuments.tsx:78 (texte identique)","ce2e0779087598e3a213e362035287062767b52cfed63cb2e420b3d93057979b","07ffc71ab9e1320df845694736a3f5af88141431"
"MAP-ARTISAN-documents.artisan.title","ARTISAN","documents.artisan.title","SAISIE_DOCUMENTAIRE","Personne physique","Titre des pièces","Sans id explicite ; label englobant","Facultatif dans la création principale ; validé si déposé","metadata.title","artisanDocumentService.upload / sensitiveUploadGateway / snp_register_artisan_document","snp_artisan_documents.titre","owner_kind=artisan; artisan_id ; responsable_id pour owner responsable. Titre vide remplacé par nom du fichier.","RESTITUE_STATIQUEMENT","","src/components/artisan/ArtisanDocuments.tsx:92","src/services/artisanDocumentService.ts:31","supabase/migrations/20260906111030_refonte_dossier_artisan.sql:330","src/components/artisan/ArtisanDossierSummary.tsx:206","A_CONTROLER — correspondance statique relue ; UI_API_BASE_NON_EXECUTE","83f8c74e:src/components/artisan/ArtisanDocuments.tsx:92 (texte identique)","ce2e0779087598e3a213e362035287062767b52cfed63cb2e420b3d93057979b","07ffc71ab9e1320df845694736a3f5af88141431"
"MAP-ARTISAN-documents.artisan.file","ARTISAN","documents.artisan.file","FICHIER","Personne physique","Fichiers justificatifs","files-artisan-documents","Facultatif dans la création principale ; validé si déposé","file (binaire)","artisanDocumentService.upload / sensitiveUploadGateway / snp_register_artisan_document","snp_artisan_documents.chemin_fichier + Storage artisan-dossiers","owner_kind=artisan; artisan_id ; responsable_id pour owner responsable. ","RESTITUE_STATIQUEMENT","","src/components/artisan/ArtisanDocuments.tsx:126","src/services/artisanDocumentService.ts:62","supabase/migrations/20260906111030_refonte_dossier_artisan.sql:330","src/components/artisan/ArtisanDossierSummary.tsx:206","A_CONTROLER — correspondance statique relue ; UI_API_BASE_NON_EXECUTE","83f8c74e:src/components/artisan/ArtisanDocuments.tsx:126 (texte identique)","ce2e0779087598e3a213e362035287062767b52cfed63cb2e420b3d93057979b","07ffc71ab9e1320df845694736a3f5af88141431"
"MAP-ARTISAN-documents.societe.type","ARTISAN","documents.societe.type","SAISIE_DOCUMENTAIRE","Personne morale — societe","Type de justificatif","Sans id explicite ; label englobant","Facultatif dans la création principale ; validé si déposé","metadata.documentType","artisanDocumentService.upload / sensitiveUploadGateway / snp_register_artisan_document","snp_artisan_documents.type_document","owner_kind=societe; artisan_id ; responsable_id pour owner responsable. ","RESTITUE_STATIQUEMENT","","src/components/artisan/ArtisanDocuments.tsx:78","src/services/artisanDocumentService.ts:72","supabase/migrations/20260906111030_refonte_dossier_artisan.sql:330","src/components/artisan/ArtisanDossierSummary.tsx:206","A_CONTROLER — correspondance statique relue ; UI_API_BASE_NON_EXECUTE","83f8c74e:src/components/artisan/ArtisanDocuments.tsx:78 (texte identique)","ce2e0779087598e3a213e362035287062767b52cfed63cb2e420b3d93057979b","07ffc71ab9e1320df845694736a3f5af88141431"
"MAP-ARTISAN-documents.societe.title","ARTISAN","documents.societe.title","SAISIE_DOCUMENTAIRE","Personne morale — societe","Titre des pièces","Sans id explicite ; label englobant","Facultatif dans la création principale ; validé si déposé","metadata.title","artisanDocumentService.upload / sensitiveUploadGateway / snp_register_artisan_document","snp_artisan_documents.titre","owner_kind=societe; artisan_id ; responsable_id pour owner responsable. Titre vide remplacé par nom du fichier.","RESTITUE_STATIQUEMENT","","src/components/artisan/ArtisanDocuments.tsx:92","src/services/artisanDocumentService.ts:31","supabase/migrations/20260906111030_refonte_dossier_artisan.sql:330","src/components/artisan/ArtisanDossierSummary.tsx:206","A_CONTROLER — correspondance statique relue ; UI_API_BASE_NON_EXECUTE","83f8c74e:src/components/artisan/ArtisanDocuments.tsx:92 (texte identique)","ce2e0779087598e3a213e362035287062767b52cfed63cb2e420b3d93057979b","07ffc71ab9e1320df845694736a3f5af88141431"
"MAP-ARTISAN-documents.societe.file","ARTISAN","documents.societe.file","FICHIER","Personne morale — societe","Fichiers justificatifs","files-societe-documents","Facultatif dans la création principale ; validé si déposé","file (binaire)","artisanDocumentService.upload / sensitiveUploadGateway / snp_register_artisan_document","snp_artisan_documents.chemin_fichier + Storage artisan-dossiers","owner_kind=societe; artisan_id ; responsable_id pour owner responsable. ","RESTITUE_STATIQUEMENT","","src/components/artisan/ArtisanDocuments.tsx:126","src/services/artisanDocumentService.ts:62","supabase/migrations/20260906111030_refonte_dossier_artisan.sql:330","src/components/artisan/ArtisanDossierSummary.tsx:206","A_CONTROLER — correspondance statique relue ; UI_API_BASE_NON_EXECUTE","83f8c74e:src/components/artisan/ArtisanDocuments.tsx:126 (texte identique)","ce2e0779087598e3a213e362035287062767b52cfed63cb2e420b3d93057979b","07ffc71ab9e1320df845694736a3f5af88141431"
"MAP-ARTISAN-documents.responsable.type","ARTISAN","documents.responsable.type","SAISIE_DOCUMENTAIRE","Personne morale — responsable","Type de justificatif","Sans id explicite ; label englobant","Facultatif dans la création principale ; validé si déposé","metadata.documentType","artisanDocumentService.upload / sensitiveUploadGateway / snp_register_artisan_document","snp_artisan_documents.type_document","owner_kind=responsable; artisan_id ; responsable_id pour owner responsable. ","RESTITUE_STATIQUEMENT","","src/components/artisan/ArtisanDocuments.tsx:78","src/services/artisanDocumentService.ts:72","supabase/migrations/20260906111030_refonte_dossier_artisan.sql:330","src/components/artisan/ArtisanDossierSummary.tsx:206","A_CONTROLER — correspondance statique relue ; UI_API_BASE_NON_EXECUTE","83f8c74e:src/components/artisan/ArtisanDocuments.tsx:78 (texte identique)","ce2e0779087598e3a213e362035287062767b52cfed63cb2e420b3d93057979b","07ffc71ab9e1320df845694736a3f5af88141431"
"MAP-ARTISAN-documents.responsable.title","ARTISAN","documents.responsable.title","SAISIE_DOCUMENTAIRE","Personne morale — responsable","Titre des pièces","Sans id explicite ; label englobant","Facultatif dans la création principale ; validé si déposé","metadata.title","artisanDocumentService.upload / sensitiveUploadGateway / snp_register_artisan_document","snp_artisan_documents.titre","owner_kind=responsable; artisan_id ; responsable_id pour owner responsable. Titre vide remplacé par nom du fichier.","RESTITUE_STATIQUEMENT","","src/components/artisan/ArtisanDocuments.tsx:92","src/services/artisanDocumentService.ts:31","supabase/migrations/20260906111030_refonte_dossier_artisan.sql:330","src/components/artisan/ArtisanDossierSummary.tsx:206","A_CONTROLER — correspondance statique relue ; UI_API_BASE_NON_EXECUTE","83f8c74e:src/components/artisan/ArtisanDocuments.tsx:92 (texte identique)","ce2e0779087598e3a213e362035287062767b52cfed63cb2e420b3d93057979b","07ffc71ab9e1320df845694736a3f5af88141431"
"MAP-ARTISAN-documents.responsable.file","ARTISAN","documents.responsable.file","FICHIER","Personne morale — responsable","Fichiers justificatifs","files-responsable-documents","Facultatif dans la création principale ; validé si déposé","file (binaire)","artisanDocumentService.upload / sensitiveUploadGateway / snp_register_artisan_document","snp_artisan_documents.chemin_fichier + Storage artisan-dossiers","owner_kind=responsable; artisan_id ; responsable_id pour owner responsable. ","RESTITUE_STATIQUEMENT","","src/components/artisan/ArtisanDocuments.tsx:126","src/services/artisanDocumentService.ts:62","supabase/migrations/20260906111030_refonte_dossier_artisan.sql:330","src/components/artisan/ArtisanDossierSummary.tsx:206","A_CONTROLER — correspondance statique relue ; UI_API_BASE_NON_EXECUTE","83f8c74e:src/components/artisan/ArtisanDocuments.tsx:126 (texte identique)","ce2e0779087598e3a213e362035287062767b52cfed63cb2e420b3d93057979b","07ffc71ab9e1320df845694736a3f5af88141431"
"MAP-ARTISAN-photoFile","ARTISAN","photoFile","FICHIER","Personne physique uniquement","Photo d’identité","files-artisan-photo","Facultatif ; contrôles de format si renseigné","file + metadata.documentType=photo","artisanDocumentService.upload / snp_register_artisan_document","snp_artisan_documents + Storage artisan-dossiers ; snp_artisans_miniers.photo_url mis à jour côté serveur","JPEG/PNG <= 2 Mo ; section photo absente de la branche personne morale.","RESTITUE_COMME_DOCUMENT","","src/components/artisan/ArtisanMinierForm.tsx:936","src/services/artisanDocumentService.ts:62","supabase/migrations/20260906111030_refonte_dossier_artisan.sql:332","src/components/artisan/ArtisanDossierSummary.tsx:206","A_CONTROLER — correspondance statique relue ; UI_API_BASE_NON_EXECUTE","83f8c74e:src/components/artisan/ArtisanMinierForm.tsx:936 (texte identique)","d9f3427ceff7f846e2176ecd5f2e625b96d0f3aa14f41cf00f7fb3003d01126e","07ffc71ab9e1320df845694736a3f5af88141431"
"MAP-ARTISAN-moyens.type","ARTISAN","moyens.type","SAISIE_METIER","Tous moyens ; habilitation requise pour modifier","Type","Sans id explicite ; label englobant","Requis selon type du moyen","p_type","artisanMoyenPaiementService.remplacerPourArtisan / snp_upsert_artisan_moyen_paiement","snp_artisan_moyens_paiement.type","Sauvegarde séparée après le dossier ; reprise explicite en cas d’échec. Révision distincte avant règlement.","ABSENT_DU_DETAIL_PRINCIPAL","Aucun bloc moyens de paiement dans ArtisanDossierSummary ou ArtisanMinierDetails ; relisible en édition, pas dans ce détail.","src/components/artisan/ArtisanMinierForm.tsx:734","src/services/artisanMoyenPaiementService.ts:70","supabase/migrations/20260824235950_lot_4b_separation_fonctions_et_integrite_reglementaire.sql:1037","src/components/artisan/ArtisanDossierSummary.tsx:36","A_CONTROLER — correspondance statique relue ; UI_API_BASE_NON_EXECUTE","83f8c74e:src/components/artisan/ArtisanMinierForm.tsx:734 (texte identique)","d9f3427ceff7f846e2176ecd5f2e625b96d0f3aa14f41cf00f7fb3003d01126e","07ffc71ab9e1320df845694736a3f5af88141431"
"MAP-ARTISAN-moyens.titulaire","ARTISAN","moyens.titulaire","SAISIE_METIER","Tous moyens ; habilitation requise pour modifier","Titulaire du compte","Sans id explicite ; label englobant","Requis selon type du moyen","p_titulaire","artisanMoyenPaiementService.remplacerPourArtisan / snp_upsert_artisan_moyen_paiement","snp_artisan_moyens_paiement.titulaire","Sauvegarde séparée après le dossier ; reprise explicite en cas d’échec. Révision distincte avant règlement.","ABSENT_DU_DETAIL_PRINCIPAL","Aucun bloc moyens de paiement dans ArtisanDossierSummary ou ArtisanMinierDetails ; relisible en édition, pas dans ce détail.","src/components/artisan/ArtisanMinierForm.tsx:762","src/services/artisanMoyenPaiementService.ts:71","supabase/migrations/20260824235950_lot_4b_separation_fonctions_et_integrite_reglementaire.sql:1037","src/components/artisan/ArtisanDossierSummary.tsx:36","A_CONTROLER — correspondance statique relue ; UI_API_BASE_NON_EXECUTE","83f8c74e:src/components/artisan/ArtisanMinierForm.tsx:762 (texte identique)","d9f3427ceff7f846e2176ecd5f2e625b96d0f3aa14f41cf00f7fb3003d01126e","07ffc71ab9e1320df845694736a3f5af88141431"
"MAP-ARTISAN-moyens.numero_telephone","ARTISAN","moyens.numero_telephone","SAISIE_METIER","Moyen mobile","Numéro de téléphone","Sans id explicite ; label englobant","Requis selon type du moyen","p_numero_telephone","artisanMoyenPaiementService.remplacerPourArtisan / snp_upsert_artisan_moyen_paiement","snp_artisan_moyens_paiement.numero_telephone","Sauvegarde séparée après le dossier ; reprise explicite en cas d’échec. Révision distincte avant règlement.","ABSENT_DU_DETAIL_PRINCIPAL","Aucun bloc moyens de paiement dans ArtisanDossierSummary ou ArtisanMinierDetails ; relisible en édition, pas dans ce détail.","src/components/artisan/ArtisanMinierForm.tsx:778","src/services/artisanMoyenPaiementService.ts:74","supabase/migrations/20260824235950_lot_4b_separation_fonctions_et_integrite_reglementaire.sql:1037","src/components/artisan/ArtisanDossierSummary.tsx:36","A_CONTROLER — correspondance statique relue ; UI_API_BASE_NON_EXECUTE","83f8c74e:src/components/artisan/ArtisanMinierForm.tsx:778 (texte identique)","d9f3427ceff7f846e2176ecd5f2e625b96d0f3aa14f41cf00f7fb3003d01126e","07ffc71ab9e1320df845694736a3f5af88141431"
"MAP-ARTISAN-moyens.banque","ARTISAN","moyens.banque","SAISIE_METIER","Virement bancaire ou chèque","Banque","Sans id explicite ; label englobant","Requis selon type du moyen","p_banque","artisanMoyenPaiementService.remplacerPourArtisan / snp_upsert_artisan_moyen_paiement","snp_artisan_moyens_paiement.banque","Sauvegarde séparée après le dossier ; reprise explicite en cas d’échec. Révision distincte avant règlement.","ABSENT_DU_DETAIL_PRINCIPAL","Aucun bloc moyens de paiement dans ArtisanDossierSummary ou ArtisanMinierDetails ; relisible en édition, pas dans ce détail.","src/components/artisan/ArtisanMinierForm.tsx:796","src/services/artisanMoyenPaiementService.ts:75","supabase/migrations/20260824235950_lot_4b_separation_fonctions_et_integrite_reglementaire.sql:1037","src/components/artisan/ArtisanDossierSummary.tsx:36","A_CONTROLER — correspondance statique relue ; UI_API_BASE_NON_EXECUTE","83f8c74e:src/components/artisan/ArtisanMinierForm.tsx:796 (texte identique)","d9f3427ceff7f846e2176ecd5f2e625b96d0f3aa14f41cf00f7fb3003d01126e","07ffc71ab9e1320df845694736a3f5af88141431"
"MAP-ARTISAN-moyens.numero_compte","ARTISAN","moyens.numero_compte","SAISIE_METIER","Virement bancaire ou chèque","Numéro de compte","Sans id explicite ; label englobant","Requis selon type du moyen","p_numero_compte","artisanMoyenPaiementService.remplacerPourArtisan / snp_upsert_artisan_moyen_paiement","snp_artisan_moyens_paiement.numero_compte","Sauvegarde séparée après le dossier ; reprise explicite en cas d’échec. Révision distincte avant règlement.","ABSENT_DU_DETAIL_PRINCIPAL","Aucun bloc moyens de paiement dans ArtisanDossierSummary ou ArtisanMinierDetails ; relisible en édition, pas dans ce détail.","src/components/artisan/ArtisanMinierForm.tsx:810","src/services/artisanMoyenPaiementService.ts:76","supabase/migrations/20260824235950_lot_4b_separation_fonctions_et_integrite_reglementaire.sql:1037","src/components/artisan/ArtisanDossierSummary.tsx:36","A_CONTROLER — correspondance statique relue ; UI_API_BASE_NON_EXECUTE","83f8c74e:src/components/artisan/ArtisanMinierForm.tsx:810 (texte identique)","d9f3427ceff7f846e2176ecd5f2e625b96d0f3aa14f41cf00f7fb3003d01126e","07ffc71ab9e1320df845694736a3f5af88141431"
"MAP-ARTISAN-moyens.code_swift","ARTISAN","moyens.code_swift","SAISIE_METIER","Virement bancaire ou chèque","Code SWIFT","Sans id explicite ; label englobant","Facultatif","p_code_swift","artisanMoyenPaiementService.remplacerPourArtisan / snp_upsert_artisan_moyen_paiement","snp_artisan_moyens_paiement.code_swift","Sauvegarde séparée après le dossier ; reprise explicite en cas d’échec. Révision distincte avant règlement.","ABSENT_DU_DETAIL_PRINCIPAL","Aucun bloc moyens de paiement dans ArtisanDossierSummary ou ArtisanMinierDetails ; relisible en édition, pas dans ce détail.","src/components/artisan/ArtisanMinierForm.tsx:827","src/services/artisanMoyenPaiementService.ts:77","supabase/migrations/20260824235950_lot_4b_separation_fonctions_et_integrite_reglementaire.sql:1037","src/components/artisan/ArtisanDossierSummary.tsx:36","A_CONTROLER — correspondance statique relue ; UI_API_BASE_NON_EXECUTE","83f8c74e:src/components/artisan/ArtisanMinierForm.tsx:827 (texte identique)","d9f3427ceff7f846e2176ecd5f2e625b96d0f3aa14f41cf00f7fb3003d01126e","07ffc71ab9e1320df845694736a3f5af88141431"
"MAP-ARTISAN-moyens.est_principal","ARTISAN","moyens.est_principal","SAISIE_METIER","Tous moyens ; habilitation requise pour modifier","Principal","name=moyen-principal","Facultatif","p_est_principal","artisanMoyenPaiementService.remplacerPourArtisan / snp_upsert_artisan_moyen_paiement","snp_artisan_moyens_paiement.est_principal","Sauvegarde séparée après le dossier ; reprise explicite en cas d’échec. Révision distincte avant règlement.","ABSENT_DU_DETAIL_PRINCIPAL","Aucun bloc moyens de paiement dans ArtisanDossierSummary ou ArtisanMinierDetails ; relisible en édition, pas dans ce détail.","src/components/artisan/ArtisanMinierForm.tsx:687","src/services/artisanMoyenPaiementService.ts:78","supabase/migrations/20260824235950_lot_4b_separation_fonctions_et_integrite_reglementaire.sql:1037","src/components/artisan/ArtisanDossierSummary.tsx:36","A_CONTROLER — correspondance statique relue ; UI_API_BASE_NON_EXECUTE","83f8c74e:src/components/artisan/ArtisanMinierForm.tsx:687 (texte identique)","d9f3427ceff7f846e2176ecd5f2e625b96d0f3aa14f41cf00f7fb3003d01126e","07ffc71ab9e1320df845694736a3f5af88141431"
"MAP-ARTISAN-reviewReason","ARTISAN","reviewReason","SAISIE_ACTION_REVUE","Moyen sauvegardé, actif, non vérifié ; habilitation requise","Motif de rejet d’un moyen","review-reason-{moyen.id}","Au moins 10 caractères pour rejeter ; action distincte de sauvegarde dossier","p_motif","artisanMoyenPaiementService.verifier / snp_verifier_artisan_moyen_paiement","snp_artisan_moyens_paiement.observations (rejet) + événement de workflow reviewed","","ABSENT_DU_DETAIL_PRINCIPAL","Décision accessible dans le formulaire, pas de bloc de restitution dans le détail principal.","src/components/artisan/ArtisanMinierForm.tsx:851","src/services/artisanMoyenPaiementService.ts:225","supabase/migrations/20260824235950_lot_4b_separation_fonctions_et_integrite_reglementaire.sql:1112","src/components/artisan/ArtisanDossierSummary.tsx:36","A_CONTROLER — correspondance statique relue ; UI_API_BASE_NON_EXECUTE","83f8c74e:src/components/artisan/ArtisanMinierForm.tsx:851 (texte identique)","d9f3427ceff7f846e2176ecd5f2e625b96d0f3aa14f41cf00f7fb3003d01126e","07ffc71ab9e1320df845694736a3f5af88141431"
"MAP-COLLECTEUR-pays","COLLECTEUR","pays","SAISIE_METIER","Création et modification","Pays","collector-pays","Requis","p_dossier.identity.pays","collectorPayload / snp_save_collector","snp_artisans_miniers.pays","Identité forcée physique/collecteur ; payload partagé artisanDossierPayload.","RESTITUE_STATIQUEMENT","","src/pages/collector/CollectorForm.tsx:469","src/lib/collectorDossier.ts:89","supabase/migrations/20260906145430_collecteurs_comptoirs_ventes.sql:127","src/pages/collector/CollectorDetails.tsx:376","A_CONTROLER — correspondance statique relue ; UI_API_BASE_NON_EXECUTE","83f8c74e:src/pages/collector/CollectorForm.tsx:469 (texte identique)","963d98140888ab8e9ec794785ad458251dfaf378d7ce235c07106e8f70761ec7","07ffc71ab9e1320df845694736a3f5af88141431"
"MAP-COLLECTEUR-region","COLLECTEUR","region","SAISIE_METIER","Création et modification","Région","ComboBox — id généré par le composant","Requis","p_dossier.identity.region","collectorPayload / snp_save_collector","snp_artisans_miniers.region","Identité forcée physique/collecteur ; payload partagé artisanDossierPayload.","RESTITUE_STATIQUEMENT","","src/pages/collector/CollectorForm.tsx:488","src/lib/collectorDossier.ts:89","supabase/migrations/20260906145430_collecteurs_comptoirs_ventes.sql:127","src/pages/collector/CollectorDetails.tsx:241","A_CONTROLER — correspondance statique relue ; UI_API_BASE_NON_EXECUTE","83f8c74e:src/pages/collector/CollectorForm.tsx:488 (texte identique)","963d98140888ab8e9ec794785ad458251dfaf378d7ce235c07106e8f70761ec7","07ffc71ab9e1320df845694736a3f5af88141431"
"MAP-COLLECTEUR-commune","COLLECTEUR","commune","SAISIE_METIER","Création et modification","Commune","ComboBox — id généré par le composant","Requis","p_dossier.identity.commune","collectorPayload / snp_save_collector","snp_artisans_miniers.commune","Identité forcée physique/collecteur ; payload partagé artisanDossierPayload.","RESTITUE_STATIQUEMENT","","src/pages/collector/CollectorForm.tsx:506","src/lib/collectorDossier.ts:89","supabase/migrations/20260906145430_collecteurs_comptoirs_ventes.sql:127","src/pages/collector/CollectorDetails.tsx:241","A_CONTROLER — correspondance statique relue ; UI_API_BASE_NON_EXECUTE","83f8c74e:src/pages/collector/CollectorForm.tsx:506 (texte identique)","963d98140888ab8e9ec794785ad458251dfaf378d7ce235c07106e8f70761ec7","07ffc71ab9e1320df845694736a3f5af88141431"
"MAP-COLLECTEUR-adresse","COLLECTEUR","adresse","SAISIE_METIER","Création et modification","Adresse du lieu d’exercice","collector-adresse","Facultatif","p_dossier.identity.adresse","collectorPayload / snp_save_collector","snp_artisans_miniers.adresse","Identité forcée physique/collecteur ; payload partagé artisanDossierPayload.","RESTITUE_STATIQUEMENT","","src/pages/collector/CollectorForm.tsx:518","src/lib/collectorDossier.ts:89","supabase/migrations/20260906145430_collecteurs_comptoirs_ventes.sql:127","src/pages/collector/CollectorDetails.tsx:378","A_CONTROLER — correspondance statique relue ; UI_API_BASE_NON_EXECUTE","83f8c74e:src/pages/collector/CollectorForm.tsx:518 (texte identique)","963d98140888ab8e9ec794785ad458251dfaf378d7ce235c07106e8f70761ec7","07ffc71ab9e1320df845694736a3f5af88141431"
"MAP-COLLECTEUR-telephone","COLLECTEUR","telephone","SAISIE_METIER","Création et modification","Téléphone","collector-telephone","Requis","p_dossier.identity.telephone","collectorPayload / snp_save_collector","snp_artisans_miniers.telephone","Identité forcée physique/collecteur ; payload partagé artisanDossierPayload.","RESTITUE_STATIQUEMENT","","src/pages/collector/CollectorForm.tsx:426","src/lib/collectorDossier.ts:89","supabase/migrations/20260906145430_collecteurs_comptoirs_ventes.sql:127","src/pages/collector/CollectorDetails.tsx:367","A_CONTROLER — correspondance statique relue ; UI_API_BASE_NON_EXECUTE","83f8c74e:src/pages/collector/CollectorForm.tsx:426 (texte identique)","963d98140888ab8e9ec794785ad458251dfaf378d7ce235c07106e8f70761ec7","07ffc71ab9e1320df845694736a3f5af88141431"
"MAP-COLLECTEUR-whatsapp","COLLECTEUR","whatsapp","SAISIE_METIER","Création et modification","Téléphone WhatsApp","collector-whatsapp","Facultatif","p_dossier.identity.whatsapp","collectorPayload / snp_save_collector","snp_artisans_miniers.whatsapp","Identité forcée physique/collecteur ; payload partagé artisanDossierPayload.","RESTITUE_STATIQUEMENT","","src/pages/collector/CollectorForm.tsx:440","src/lib/collectorDossier.ts:89","supabase/migrations/20260906145430_collecteurs_comptoirs_ventes.sql:127","src/pages/collector/CollectorDetails.tsx:370","A_CONTROLER — correspondance statique relue ; UI_API_BASE_NON_EXECUTE","83f8c74e:src/pages/collector/CollectorForm.tsx:440 (texte identique)","963d98140888ab8e9ec794785ad458251dfaf378d7ce235c07106e8f70761ec7","07ffc71ab9e1320df845694736a3f5af88141431"
"MAP-COLLECTEUR-whatsapp_identique","COLLECTEUR","whatsapp_identique","SAISIE_METIER","Création et modification","Identique au téléphone","Sans id explicite ; label englobant","Facultatif","p_dossier.identity.whatsapp_identique","collectorPayload / snp_save_collector","snp_artisans_miniers.whatsapp_identique","Identité forcée physique/collecteur ; payload partagé artisanDossierPayload.","RESTITUTION_DERIVEE","","src/pages/collector/CollectorForm.tsx:451","src/lib/collectorDossier.ts:89","supabase/migrations/20260906145430_collecteurs_comptoirs_ventes.sql:127","src/pages/collector/CollectorDetails.tsx:370","A_CONTROLER — correspondance statique relue ; UI_API_BASE_NON_EXECUTE","83f8c74e:src/pages/collector/CollectorForm.tsx:451 (texte identique)","963d98140888ab8e9ec794785ad458251dfaf378d7ce235c07106e8f70761ec7","07ffc71ab9e1320df845694736a3f5af88141431"
"MAP-COLLECTEUR-email","COLLECTEUR","email","SAISIE_METIER","Création et modification","E-mail","collector-email","Facultatif","p_dossier.identity.email","collectorPayload / snp_save_collector","snp_artisans_miniers.email","Identité forcée physique/collecteur ; payload partagé artisanDossierPayload.","RESTITUE_STATIQUEMENT","","src/pages/collector/CollectorForm.tsx:459","src/lib/collectorDossier.ts:89","supabase/migrations/20260906145430_collecteurs_comptoirs_ventes.sql:127","src/pages/collector/CollectorDetails.tsx:373","A_CONTROLER — correspondance statique relue ; UI_API_BASE_NON_EXECUTE","83f8c74e:src/pages/collector/CollectorForm.tsx:459 (texte identique)","963d98140888ab8e9ec794785ad458251dfaf378d7ce235c07106e8f70761ec7","07ffc71ab9e1320df845694736a3f5af88141431"
"MAP-COLLECTEUR-observations","COLLECTEUR","observations","SAISIE_METIER","Création et modification","Observations","collector-observations","Facultatif","p_dossier.identity.observations","collectorPayload / snp_save_collector","snp_artisans_miniers.observations","Identité forcée physique/collecteur ; payload partagé artisanDossierPayload.","ABSENT_DU_DETAIL_PRINCIPAL","Saisi et transmis ; aucune restitution de ce champ dans CollectorDetails.","src/pages/collector/CollectorForm.tsx:692","src/lib/collectorDossier.ts:89","supabase/migrations/20260906145430_collecteurs_comptoirs_ventes.sql:127","src/pages/collector/CollectorDetails.tsx:357","A_CONTROLER — correspondance statique relue ; UI_API_BASE_NON_EXECUTE","83f8c74e:src/pages/collector/CollectorForm.tsx:692 (texte identique)","963d98140888ab8e9ec794785ad458251dfaf378d7ce235c07106e8f70761ec7","07ffc71ab9e1320df845694736a3f5af88141431"
"MAP-COLLECTEUR-nom","COLLECTEUR","nom","SAISIE_METIER","Création et modification","Nom","collector-nom","Requis","p_dossier.identity.nom","collectorPayload / snp_save_collector","snp_artisans_miniers.nom","Identité forcée physique/collecteur ; payload partagé artisanDossierPayload.","RESTITUE_STATIQUEMENT","","src/pages/collector/CollectorForm.tsx:385","src/lib/collectorDossier.ts:89","supabase/migrations/20260906145430_collecteurs_comptoirs_ventes.sql:127","src/pages/collector/CollectorDetails.tsx:222","A_CONTROLER — correspondance statique relue ; UI_API_BASE_NON_EXECUTE","83f8c74e:src/pages/collector/CollectorForm.tsx:385 (texte identique)","963d98140888ab8e9ec794785ad458251dfaf378d7ce235c07106e8f70761ec7","07ffc71ab9e1320df845694736a3f5af88141431"
"MAP-COLLECTEUR-prenoms","COLLECTEUR","prenoms","SAISIE_METIER","Création et modification","Prénom(s)","collector-prenoms","Facultatif","p_dossier.identity.prenoms","collectorPayload / snp_save_collector","snp_artisans_miniers.prenoms","Identité forcée physique/collecteur ; payload partagé artisanDossierPayload.","RESTITUE_STATIQUEMENT","","src/pages/collector/CollectorForm.tsx:386","src/lib/collectorDossier.ts:89","supabase/migrations/20260906145430_collecteurs_comptoirs_ventes.sql:127","src/pages/collector/CollectorDetails.tsx:222","A_CONTROLER — correspondance statique relue ; UI_API_BASE_NON_EXECUTE","83f8c74e:src/pages/collector/CollectorForm.tsx:386 (texte identique)","963d98140888ab8e9ec794785ad458251dfaf378d7ce235c07106e8f70761ec7","07ffc71ab9e1320df845694736a3f5af88141431"
"MAP-COLLECTEUR-date_naissance","COLLECTEUR","date_naissance","SAISIE_METIER","Création et modification","Date de naissance","collector-date_naissance","Requis ; adulte >= 18 ans","p_dossier.identity.date_naissance","collectorPayload / snp_save_collector","snp_artisans_miniers.date_naissance","Identité forcée physique/collecteur ; payload partagé artisanDossierPayload.","ABSENT_DU_DETAIL_PRINCIPAL","Saisi et transmis ; aucune restitution de ce champ dans CollectorDetails.","src/pages/collector/CollectorForm.tsx:389","src/lib/collectorDossier.ts:89","supabase/migrations/20260906145430_collecteurs_comptoirs_ventes.sql:127","src/pages/collector/CollectorDetails.tsx:357","A_CONTROLER — correspondance statique relue ; UI_API_BASE_NON_EXECUTE","83f8c74e:src/pages/collector/CollectorForm.tsx:389 (texte identique)","963d98140888ab8e9ec794785ad458251dfaf378d7ce235c07106e8f70761ec7","07ffc71ab9e1320df845694736a3f5af88141431"
"MAP-COLLECTEUR-lieu_naissance","COLLECTEUR","lieu_naissance","SAISIE_METIER","Création et modification","Lieu de naissance","collector-lieu_naissance","Facultatif","p_dossier.identity.lieu_naissance","collectorPayload / snp_save_collector","snp_artisans_miniers.lieu_naissance","Identité forcée physique/collecteur ; payload partagé artisanDossierPayload.","ABSENT_DU_DETAIL_PRINCIPAL","Saisi et transmis ; aucune restitution de ce champ dans CollectorDetails.","src/pages/collector/CollectorForm.tsx:390","src/lib/collectorDossier.ts:89","supabase/migrations/20260906145430_collecteurs_comptoirs_ventes.sql:127","src/pages/collector/CollectorDetails.tsx:357","A_CONTROLER — correspondance statique relue ; UI_API_BASE_NON_EXECUTE","83f8c74e:src/pages/collector/CollectorForm.tsx:390 (texte identique)","963d98140888ab8e9ec794785ad458251dfaf378d7ce235c07106e8f70761ec7","07ffc71ab9e1320df845694736a3f5af88141431"
"MAP-COLLECTEUR-sexe","COLLECTEUR","sexe","SAISIE_METIER","Création et modification","Sexe","collector-sexe","Facultatif ; M/F uniquement dans la liste","p_dossier.identity.sexe","collectorPayload / snp_save_collector","snp_artisans_miniers.sexe","Identité forcée physique/collecteur ; payload partagé artisanDossierPayload.","ABSENT_DU_DETAIL_PRINCIPAL","Saisi et transmis ; aucune restitution de ce champ dans CollectorDetails.","src/pages/collector/CollectorForm.tsx:400","src/lib/collectorDossier.ts:89","supabase/migrations/20260906145430_collecteurs_comptoirs_ventes.sql:127","src/pages/collector/CollectorDetails.tsx:357","A_CONTROLER — correspondance statique relue ; UI_API_BASE_NON_EXECUTE","83f8c74e:src/pages/collector/CollectorForm.tsx:400 (texte identique)","963d98140888ab8e9ec794785ad458251dfaf378d7ce235c07106e8f70761ec7","07ffc71ab9e1320df845694736a3f5af88141431"
"MAP-COLLECTEUR-nationalite","COLLECTEUR","nationalite","SAISIE_METIER","Création et modification","Nationalité","collector-nationalite","Facultatif","p_dossier.identity.nationalite","collectorPayload / snp_save_collector","snp_artisans_miniers.nationalite","Identité forcée physique/collecteur ; payload partagé artisanDossierPayload.","ABSENT_DU_DETAIL_PRINCIPAL","Saisi et transmis ; aucune restitution de ce champ dans CollectorDetails.","src/pages/collector/CollectorForm.tsx:408","src/lib/collectorDossier.ts:89","supabase/migrations/20260906145430_collecteurs_comptoirs_ventes.sql:127","src/pages/collector/CollectorDetails.tsx:357","A_CONTROLER — correspondance statique relue ; UI_API_BASE_NON_EXECUTE","83f8c74e:src/pages/collector/CollectorForm.tsx:408 (texte identique)","963d98140888ab8e9ec794785ad458251dfaf378d7ce235c07106e8f70761ec7","07ffc71ab9e1320df845694736a3f5af88141431"
"MAP-COLLECTEUR-type_piece_identite","COLLECTEUR","type_piece_identite","SAISIE_METIER","Création et modification","Type de pièce","collector-type_piece_identite","Requis","p_dossier.identity.type_piece_identite","collectorPayload / snp_save_collector","snp_artisans_miniers.type_piece_identite","Identité forcée physique/collecteur ; payload partagé artisanDossierPayload.","ABSENT_DU_DETAIL_PRINCIPAL","Saisi et transmis ; aucune restitution de ce champ dans CollectorDetails.","src/pages/collector/CollectorForm.tsx:646","src/lib/collectorDossier.ts:89","supabase/migrations/20260906145430_collecteurs_comptoirs_ventes.sql:127","src/pages/collector/CollectorDetails.tsx:357","A_CONTROLER — correspondance statique relue ; UI_API_BASE_NON_EXECUTE","83f8c74e:src/pages/collector/CollectorForm.tsx:646 (texte identique)","963d98140888ab8e9ec794785ad458251dfaf378d7ce235c07106e8f70761ec7","07ffc71ab9e1320df845694736a3f5af88141431"
"MAP-COLLECTEUR-numero_piece_identite","COLLECTEUR","numero_piece_identite","SAISIE_METIER","Création et modification","Numéro de pièce","collector-numero_piece_identite","Requis","p_dossier.identity.numero_piece_identite","collectorPayload / snp_save_collector","snp_artisans_miniers.numero_piece_identite","Identité forcée physique/collecteur ; payload partagé artisanDossierPayload.","ABSENT_DU_DETAIL_PRINCIPAL","Saisi et transmis ; aucune restitution de ce champ dans CollectorDetails.","src/pages/collector/CollectorForm.tsx:657","src/lib/collectorDossier.ts:89","supabase/migrations/20260906145430_collecteurs_comptoirs_ventes.sql:127","src/pages/collector/CollectorDetails.tsx:357","A_CONTROLER — correspondance statique relue ; UI_API_BASE_NON_EXECUTE","83f8c74e:src/pages/collector/CollectorForm.tsx:657 (texte identique)","963d98140888ab8e9ec794785ad458251dfaf378d7ce235c07106e8f70761ec7","07ffc71ab9e1320df845694736a3f5af88141431"
"MAP-COLLECTEUR-date_delivrance_piece","COLLECTEUR","date_delivrance_piece","SAISIE_METIER","Création et modification","Date de délivrance","collector-date_delivrance_piece","Facultatif ; pas future","p_dossier.identity.date_delivrance_piece","collectorPayload / snp_save_collector","snp_artisans_miniers.date_delivrance_piece","Identité forcée physique/collecteur ; payload partagé artisanDossierPayload.","ABSENT_DU_DETAIL_PRINCIPAL","Saisi et transmis ; aucune restitution de ce champ dans CollectorDetails.","src/pages/collector/CollectorForm.tsx:666","src/lib/collectorDossier.ts:89","supabase/migrations/20260906145430_collecteurs_comptoirs_ventes.sql:127","src/pages/collector/CollectorDetails.tsx:357","A_CONTROLER — correspondance statique relue ; UI_API_BASE_NON_EXECUTE","83f8c74e:src/pages/collector/CollectorForm.tsx:666 (texte identique)","963d98140888ab8e9ec794785ad458251dfaf378d7ce235c07106e8f70761ec7","07ffc71ab9e1320df845694736a3f5af88141431"
"MAP-COLLECTEUR-date_expiration_piece","COLLECTEUR","date_expiration_piece","SAISIE_METIER","Création et modification","Date d’expiration","collector-date_expiration_piece","Facultatif ; >= délivrance","p_dossier.identity.date_expiration_piece","collectorPayload / snp_save_collector","snp_artisans_miniers.date_expiration_piece","Identité forcée physique/collecteur ; payload partagé artisanDossierPayload.","ABSENT_DU_DETAIL_PRINCIPAL","Saisi et transmis ; aucune restitution de ce champ dans CollectorDetails.","src/pages/collector/CollectorForm.tsx:667","src/lib/collectorDossier.ts:89","supabase/migrations/20260906145430_collecteurs_comptoirs_ventes.sql:127","src/pages/collector/CollectorDetails.tsx:357","A_CONTROLER — correspondance statique relue ; UI_API_BASE_NON_EXECUTE","83f8c74e:src/pages/collector/CollectorForm.tsx:667 (texte identique)","963d98140888ab8e9ec794785ad458251dfaf378d7ce235c07106e8f70761ec7","07ffc71ab9e1320df845694736a3f5af88141431"
"MAP-COLLECTEUR-lieu_delivrance_piece","COLLECTEUR","lieu_delivrance_piece","SAISIE_METIER","Création et modification","Lieu de délivrance","collector-lieu_delivrance_piece","Facultatif","p_dossier.identity.lieu_delivrance_piece","collectorPayload / snp_save_collector","snp_artisans_miniers.lieu_delivrance_piece","Identité forcée physique/collecteur ; payload partagé artisanDossierPayload.","ABSENT_DU_DETAIL_PRINCIPAL","Saisi et transmis ; aucune restitution de ce champ dans CollectorDetails.","src/pages/collector/CollectorForm.tsx:668","src/lib/collectorDossier.ts:89","supabase/migrations/20260906145430_collecteurs_comptoirs_ventes.sql:127","src/pages/collector/CollectorDetails.tsx:357","A_CONTROLER — correspondance statique relue ; UI_API_BASE_NON_EXECUTE","83f8c74e:src/pages/collector/CollectorForm.tsx:668 (texte identique)","963d98140888ab8e9ec794785ad458251dfaf378d7ce235c07106e8f70761ec7","07ffc71ab9e1320df845694736a3f5af88141431"
"MAP-COLLECTEUR-site_ids","COLLECTEUR","site_ids","SAISIE_METIER","Création et modification","Sites de collecte","ComboBox — id généré par le composant","Au moins un site","p_dossier.site_ids","collectorPayload / snp_save_collector","snp_collector_sites.site_id","Dédupliqué ; références artisanal_sites ; historique valid_from/valid_until conservé.","RESTITUE_STATIQUEMENT","","src/pages/collector/CollectorForm.tsx:550","src/lib/collectorDossier.ts:89","supabase/migrations/20260906145430_collecteurs_comptoirs_ventes.sql:144","src/pages/collector/CollectorDetails.tsx:418","A_CONTROLER — correspondance statique relue ; UI_API_BASE_NON_EXECUTE","83f8c74e:src/pages/collector/CollectorForm.tsx:550 (texte identique)","963d98140888ab8e9ec794785ad458251dfaf378d7ce235c07106e8f70761ec7","07ffc71ab9e1320df845694736a3f5af88141431"
"MAP-COLLECTEUR-organization_id","COLLECTEUR","organization_id","SAISIE_METIER","Création et modification","Organisme de rattachement","ComboBox — id généré par le composant","Requis","p_dossier.organization_id","collectorPayload / snp_save_collector","snp_collectors.organization_id","Un organisme actif SONASP ou comptoir ; compte/ventes existants contraignent les changements.","RESTITUE_STATIQUEMENT","","src/pages/collector/CollectorForm.tsx:606","src/lib/collectorDossier.ts:89","supabase/migrations/20260906145430_collecteurs_comptoirs_ventes.sql:133","src/pages/collector/CollectorDetails.tsx:402","A_CONTROLER — correspondance statique relue ; UI_API_BASE_NON_EXECUTE","83f8c74e:src/pages/collector/CollectorForm.tsx:606 (texte identique)","963d98140888ab8e9ec794785ad458251dfaf378d7ce235c07106e8f70761ec7","07ffc71ab9e1320df845694736a3f5af88141431"
"MAP-COLLECTEUR-identityFiles","COLLECTEUR","identityFiles","FICHIER","Création et modification","Pièces du collecteur","aria-label=Pièces du collecteur","Facultatif ; contrôles de format si renseigné","file + owner=artisan + documentType/photo","artisanDocumentService.upload / snp_register_artisan_document","snp_artisan_documents + Storage artisan-dossiers","JPG/PNG/PDF <= 5 Mo par fichier ; type dérivé du type de pièce, titre imposé","ABSENT_DU_DETAIL_PRINCIPAL","Pièces relisibles dans CollectorForm ; aucun chargement/galerie de pièces ou photo réelle dans CollectorDetails.","src/pages/collector/CollectorForm.tsx:242","src/services/artisanDocumentService.ts:62","supabase/migrations/20260906111030_refonte_dossier_artisan.sql:330","src/pages/collector/CollectorDetails.tsx:357","A_CONTROLER — correspondance statique relue ; UI_API_BASE_NON_EXECUTE","83f8c74e:src/pages/collector/CollectorForm.tsx:242 (texte identique)","963d98140888ab8e9ec794785ad458251dfaf378d7ce235c07106e8f70761ec7","07ffc71ab9e1320df845694736a3f5af88141431"
"MAP-COLLECTEUR-photoFile","COLLECTEUR","photoFile","FICHIER","Création et modification","Photo du collecteur","aria-label=Photo du collecteur","Facultatif ; contrôles de format si renseigné","file + owner=artisan + documentType/photo","artisanDocumentService.upload / snp_register_artisan_document","snp_artisan_documents + Storage artisan-dossiers ; snp_artisans_miniers.photo_url","JPEG/PNG <= 2 Mo ; une photo","ABSENT_DU_DETAIL_PRINCIPAL","Pièces relisibles dans CollectorForm ; aucun chargement/galerie de pièces ou photo réelle dans CollectorDetails.","src/pages/collector/CollectorForm.tsx:242","src/services/artisanDocumentService.ts:62","supabase/migrations/20260906111030_refonte_dossier_artisan.sql:330","src/pages/collector/CollectorDetails.tsx:357","A_CONTROLER — correspondance statique relue ; UI_API_BASE_NON_EXECUTE","83f8c74e:src/pages/collector/CollectorForm.tsx:242 (texte identique)","963d98140888ab8e9ec794785ad458251dfaf378d7ce235c07106e8f70761ec7","07ffc71ab9e1320df845694736a3f5af88141431"
"MAP-COMPTOIR-name","COMPTOIR","name","SAISIE_METIER","Création et modification","Dénomination sociale","comptoir-name","Requis pour sauvegarder","p_values.name","comptoirService.save / snp_save_comptoir_dossier","snp_comptoir_dossiers.data->>'name' ; miroir snp_organizations.name","JSON métier de chaînes ; trim côté RPC ; même composant en lecture seule.","RESTITUE_STATIQUEMENT","","src/pages/collector/ComptoirForm.tsx:575","src/services/comptoirService.ts:112","supabase/migrations/20260906174800_dossiers_comptoirs_entreprises.sql:202","src/pages/collector/ComptoirForm.tsx:310","A_CONTROLER — correspondance statique relue ; UI_API_BASE_NON_EXECUTE","83f8c74e:src/pages/collector/ComptoirForm.tsx:575 (texte identique)","ad95df441430fdbd643140cfce29a2b32497d24013cb51d65f8944516ba29f32","07ffc71ab9e1320df845694736a3f5af88141431"
"MAP-COMPTOIR-short_name","COMPTOIR","short_name","SAISIE_METIER","Création et modification","Sigle / nom commercial","comptoir-short_name","Facultatif pour sauvegarder ; peut compter dans la complétude","p_values.short_name","comptoirService.save / snp_save_comptoir_dossier","snp_comptoir_dossiers.data->>'short_name' ; miroir snp_organizations.short_name","JSON métier de chaînes ; trim côté RPC ; même composant en lecture seule.","RESTITUE_STATIQUEMENT","","src/pages/collector/ComptoirForm.tsx:576","src/services/comptoirService.ts:112","supabase/migrations/20260906174800_dossiers_comptoirs_entreprises.sql:202","src/pages/collector/ComptoirForm.tsx:310","A_CONTROLER — correspondance statique relue ; UI_API_BASE_NON_EXECUTE","83f8c74e:src/pages/collector/ComptoirForm.tsx:576 (texte identique)","ad95df441430fdbd643140cfce29a2b32497d24013cb51d65f8944516ba29f32","07ffc71ab9e1320df845694736a3f5af88141431"
"MAP-COMPTOIR-legal_form","COMPTOIR","legal_form","SAISIE_METIER","Création et modification","Type d’entreprise","comptoir-legal_form","Requis pour sauvegarder","p_values.legal_form","comptoirService.save / snp_save_comptoir_dossier","snp_comptoir_dossiers.data->>'legal_form' ; miroir snp_organizations.legal_form","JSON métier de chaînes ; trim côté RPC ; même composant en lecture seule.","RESTITUE_STATIQUEMENT","","src/pages/collector/ComptoirForm.tsx:579","src/services/comptoirService.ts:112","supabase/migrations/20260906174800_dossiers_comptoirs_entreprises.sql:202","src/pages/collector/ComptoirForm.tsx:310","A_CONTROLER — correspondance statique relue ; UI_API_BASE_NON_EXECUTE","83f8c74e:src/pages/collector/ComptoirForm.tsx:579 (texte identique)","ad95df441430fdbd643140cfce29a2b32497d24013cb51d65f8944516ba29f32","07ffc71ab9e1320df845694736a3f5af88141431"
"MAP-COMPTOIR-capital","COMPTOIR","capital","SAISIE_METIER","Création et modification","Capital social (FCFA)","comptoir-capital","Facultatif pour sauvegarder ; peut compter dans la complétude","p_values.capital","comptoirService.save / snp_save_comptoir_dossier","snp_comptoir_dossiers.data->>'capital'","JSON métier de chaînes ; trim côté RPC ; même composant en lecture seule.","RESTITUE_STATIQUEMENT","","src/pages/collector/ComptoirForm.tsx:580","src/services/comptoirService.ts:112","supabase/migrations/20260906174800_dossiers_comptoirs_entreprises.sql:202","src/pages/collector/ComptoirForm.tsx:310","A_CONTROLER — correspondance statique relue ; UI_API_BASE_NON_EXECUTE","83f8c74e:src/pages/collector/ComptoirForm.tsx:580 (texte identique)","ad95df441430fdbd643140cfce29a2b32497d24013cb51d65f8944516ba29f32","07ffc71ab9e1320df845694736a3f5af88141431"
"MAP-COMPTOIR-rccm_number","COMPTOIR","rccm_number","SAISIE_METIER","Création et modification","Numéro RCCM","comptoir-rccm_number","Facultatif pour sauvegarder ; peut compter dans la complétude","p_values.rccm_number","comptoirService.save / snp_save_comptoir_dossier","snp_comptoir_dossiers.data->>'rccm_number'","JSON métier de chaînes ; trim côté RPC ; même composant en lecture seule.","RESTITUE_STATIQUEMENT","","src/pages/collector/ComptoirForm.tsx:595","src/services/comptoirService.ts:112","supabase/migrations/20260906174800_dossiers_comptoirs_entreprises.sql:202","src/pages/collector/ComptoirForm.tsx:310","A_CONTROLER — correspondance statique relue ; UI_API_BASE_NON_EXECUTE","83f8c74e:src/pages/collector/ComptoirForm.tsx:595 (texte identique)","ad95df441430fdbd643140cfce29a2b32497d24013cb51d65f8944516ba29f32","07ffc71ab9e1320df845694736a3f5af88141431"
"MAP-COMPTOIR-rccm_issued_on","COMPTOIR","rccm_issued_on","SAISIE_METIER","Création et modification","Date d’immatriculation","comptoir-rccm_issued_on","Facultatif pour sauvegarder ; peut compter dans la complétude","p_values.rccm_issued_on","comptoirService.save / snp_save_comptoir_dossier","snp_comptoir_dossiers.data->>'rccm_issued_on'","JSON métier de chaînes ; trim côté RPC ; même composant en lecture seule.","RESTITUE_STATIQUEMENT","","src/pages/collector/ComptoirForm.tsx:596","src/services/comptoirService.ts:112","supabase/migrations/20260906174800_dossiers_comptoirs_entreprises.sql:202","src/pages/collector/ComptoirForm.tsx:310","A_CONTROLER — correspondance statique relue ; UI_API_BASE_NON_EXECUTE","83f8c74e:src/pages/collector/ComptoirForm.tsx:596 (texte identique)","ad95df441430fdbd643140cfce29a2b32497d24013cb51d65f8944516ba29f32","07ffc71ab9e1320df845694736a3f5af88141431"
"MAP-COMPTOIR-ifu_number","COMPTOIR","ifu_number","SAISIE_METIER","Création et modification","Numéro IFU","comptoir-ifu_number","Facultatif pour sauvegarder ; peut compter dans la complétude","p_values.ifu_number","comptoirService.save / snp_save_comptoir_dossier","snp_comptoir_dossiers.data->>'ifu_number'","JSON métier de chaînes ; trim côté RPC ; même composant en lecture seule.","RESTITUE_STATIQUEMENT","","src/pages/collector/ComptoirForm.tsx:600","src/services/comptoirService.ts:112","supabase/migrations/20260906174800_dossiers_comptoirs_entreprises.sql:202","src/pages/collector/ComptoirForm.tsx:310","A_CONTROLER — correspondance statique relue ; UI_API_BASE_NON_EXECUTE","83f8c74e:src/pages/collector/ComptoirForm.tsx:600 (texte identique)","ad95df441430fdbd643140cfce29a2b32497d24013cb51d65f8944516ba29f32","07ffc71ab9e1320df845694736a3f5af88141431"
"MAP-COMPTOIR-ifu_issued_on","COMPTOIR","ifu_issued_on","SAISIE_METIER","Création et modification","Date de délivrance de l’IFU","comptoir-ifu_issued_on","Facultatif pour sauvegarder ; peut compter dans la complétude","p_values.ifu_issued_on","comptoirService.save / snp_save_comptoir_dossier","snp_comptoir_dossiers.data->>'ifu_issued_on'","JSON métier de chaînes ; trim côté RPC ; même composant en lecture seule.","RESTITUE_STATIQUEMENT","","src/pages/collector/ComptoirForm.tsx:601","src/services/comptoirService.ts:112","supabase/migrations/20260906174800_dossiers_comptoirs_entreprises.sql:202","src/pages/collector/ComptoirForm.tsx:310","A_CONTROLER — correspondance statique relue ; UI_API_BASE_NON_EXECUTE","83f8c74e:src/pages/collector/ComptoirForm.tsx:601 (texte identique)","ad95df441430fdbd643140cfce29a2b32497d24013cb51d65f8944516ba29f32","07ffc71ab9e1320df845694736a3f5af88141431"
"MAP-COMPTOIR-tax_regime","COMPTOIR","tax_regime","SAISIE_METIER","Création et modification","Régime d’imposition","comptoir-tax_regime","Facultatif pour sauvegarder ; peut compter dans la complétude","p_values.tax_regime","comptoirService.save / snp_save_comptoir_dossier","snp_comptoir_dossiers.data->>'tax_regime'","JSON métier de chaînes ; trim côté RPC ; même composant en lecture seule.","RESTITUE_STATIQUEMENT","","src/pages/collector/ComptoirForm.tsx:604","src/services/comptoirService.ts:112","supabase/migrations/20260906174800_dossiers_comptoirs_entreprises.sql:202","src/pages/collector/ComptoirForm.tsx:310","A_CONTROLER — correspondance statique relue ; UI_API_BASE_NON_EXECUTE","83f8c74e:src/pages/collector/ComptoirForm.tsx:604 (texte identique)","ad95df441430fdbd643140cfce29a2b32497d24013cb51d65f8944516ba29f32","07ffc71ab9e1320df845694736a3f5af88141431"
"MAP-COMPTOIR-tax_office_code","COMPTOIR","tax_office_code","SAISIE_METIER","Création et modification","Direction / centre DGI de rattachement","ComboBox — id généré par le composant","Facultatif pour sauvegarder ; peut compter dans la complétude","p_values.tax_office_code","comptoirService.save / snp_save_comptoir_dossier","snp_comptoir_dossiers.data->>'tax_office_code'","Référence code vers snp_comptoir_tax_offices ; liste locale affichée.","RESTITUE_STATIQUEMENT","","src/pages/collector/ComptoirForm.tsx:618","src/services/comptoirService.ts:112","supabase/migrations/20260906174800_dossiers_comptoirs_entreprises.sql:202","src/pages/collector/ComptoirForm.tsx:609","A_CONTROLER — correspondance statique relue ; UI_API_BASE_NON_EXECUTE","83f8c74e:src/pages/collector/ComptoirForm.tsx:618 (texte identique)","ad95df441430fdbd643140cfce29a2b32497d24013cb51d65f8944516ba29f32","07ffc71ab9e1320df845694736a3f5af88141431"
"MAP-COMPTOIR-authorization_number","COMPTOIR","authorization_number","SAISIE_METIER","Création et modification","Numéro de l’autorisation","comptoir-authorization_number","Facultatif pour sauvegarder ; peut compter dans la complétude","p_values.authorization_number","comptoirService.save / snp_save_comptoir_dossier","snp_comptoir_dossiers.data->>'authorization_number'","JSON métier de chaînes ; trim côté RPC ; même composant en lecture seule.","RESTITUE_STATIQUEMENT","","src/pages/collector/ComptoirForm.tsx:652","src/services/comptoirService.ts:112","supabase/migrations/20260906174800_dossiers_comptoirs_entreprises.sql:202","src/pages/collector/ComptoirForm.tsx:310","A_CONTROLER — correspondance statique relue ; UI_API_BASE_NON_EXECUTE","83f8c74e:src/pages/collector/ComptoirForm.tsx:652 (texte identique)","ad95df441430fdbd643140cfce29a2b32497d24013cb51d65f8944516ba29f32","07ffc71ab9e1320df845694736a3f5af88141431"
"MAP-COMPTOIR-authorization_issuer","COMPTOIR","authorization_issuer","SAISIE_METIER","Création et modification","Autorité de délivrance","comptoir-authorization_issuer","Facultatif pour sauvegarder ; peut compter dans la complétude","p_values.authorization_issuer","comptoirService.save / snp_save_comptoir_dossier","snp_comptoir_dossiers.data->>'authorization_issuer'","JSON métier de chaînes ; trim côté RPC ; même composant en lecture seule.","RESTITUE_STATIQUEMENT","","src/pages/collector/ComptoirForm.tsx:653","src/services/comptoirService.ts:112","supabase/migrations/20260906174800_dossiers_comptoirs_entreprises.sql:202","src/pages/collector/ComptoirForm.tsx:310","A_CONTROLER — correspondance statique relue ; UI_API_BASE_NON_EXECUTE","83f8c74e:src/pages/collector/ComptoirForm.tsx:653 (texte identique)","ad95df441430fdbd643140cfce29a2b32497d24013cb51d65f8944516ba29f32","07ffc71ab9e1320df845694736a3f5af88141431"
"MAP-COMPTOIR-authorization_issued_on","COMPTOIR","authorization_issued_on","SAISIE_METIER","Création et modification","Date de délivrance de l’autorisation","comptoir-authorization_issued_on","Facultatif pour sauvegarder ; peut compter dans la complétude","p_values.authorization_issued_on","comptoirService.save / snp_save_comptoir_dossier","snp_comptoir_dossiers.data->>'authorization_issued_on'","JSON métier de chaînes ; trim côté RPC ; même composant en lecture seule.","RESTITUE_STATIQUEMENT","","src/pages/collector/ComptoirForm.tsx:656","src/services/comptoirService.ts:112","supabase/migrations/20260906174800_dossiers_comptoirs_entreprises.sql:202","src/pages/collector/ComptoirForm.tsx:310","A_CONTROLER — correspondance statique relue ; UI_API_BASE_NON_EXECUTE","83f8c74e:src/pages/collector/ComptoirForm.tsx:656 (texte identique)","ad95df441430fdbd643140cfce29a2b32497d24013cb51d65f8944516ba29f32","07ffc71ab9e1320df845694736a3f5af88141431"
"MAP-COMPTOIR-authorization_expires_on","COMPTOIR","authorization_expires_on","SAISIE_METIER","Création et modification","Date d’expiration de l’autorisation","comptoir-authorization_expires_on","Facultatif pour sauvegarder ; peut compter dans la complétude","p_values.authorization_expires_on","comptoirService.save / snp_save_comptoir_dossier","snp_comptoir_dossiers.data->>'authorization_expires_on'","JSON métier de chaînes ; trim côté RPC ; même composant en lecture seule.","RESTITUE_STATIQUEMENT","","src/pages/collector/ComptoirForm.tsx:657","src/services/comptoirService.ts:112","supabase/migrations/20260906174800_dossiers_comptoirs_entreprises.sql:202","src/pages/collector/ComptoirForm.tsx:310","A_CONTROLER — correspondance statique relue ; UI_API_BASE_NON_EXECUTE","83f8c74e:src/pages/collector/ComptoirForm.tsx:657 (texte identique)","ad95df441430fdbd643140cfce29a2b32497d24013cb51d65f8944516ba29f32","07ffc71ab9e1320df845694736a3f5af88141431"
"MAP-COMPTOIR-country","COMPTOIR","country","VALEUR_IMPOSEE","Création et modification","Pays","Aucun contrôle ; Burkina Faso affiché","BF imposé et contrôlé serveur","p_values.country","comptoirService.save / snp_save_comptoir_dossier","snp_comptoir_dossiers.data->>'country'","BF fixe dans le formulaire et dans la relecture RPC.","RESTITUE_STATIQUEMENT","","src/pages/collector/ComptoirForm.tsx:680","src/services/comptoirService.ts:112","supabase/migrations/20260906174800_dossiers_comptoirs_entreprises.sql:202","src/pages/collector/ComptoirForm.tsx:680","A_CONTROLER — correspondance statique relue ; UI_API_BASE_NON_EXECUTE","83f8c74e:src/pages/collector/ComptoirForm.tsx:680 (texte identique)","ad95df441430fdbd643140cfce29a2b32497d24013cb51d65f8944516ba29f32","07ffc71ab9e1320df845694736a3f5af88141431"
"MAP-COMPTOIR-region","COMPTOIR","region","SAISIE_METIER","Création et modification","Région","comptoir-region","Facultatif pour sauvegarder ; peut compter dans la complétude","p_values.region","comptoirService.save / snp_save_comptoir_dossier","snp_comptoir_dossiers.data->>'region' ; miroir snp_organizations.administrative_region","JSON métier de chaînes ; trim côté RPC ; même composant en lecture seule.","RESTITUE_STATIQUEMENT","","src/pages/collector/ComptoirForm.tsx:683","src/services/comptoirService.ts:112","supabase/migrations/20260906174800_dossiers_comptoirs_entreprises.sql:202","src/pages/collector/ComptoirForm.tsx:310","A_CONTROLER — correspondance statique relue ; UI_API_BASE_NON_EXECUTE","83f8c74e:src/pages/collector/ComptoirForm.tsx:683 (texte identique)","ad95df441430fdbd643140cfce29a2b32497d24013cb51d65f8944516ba29f32","07ffc71ab9e1320df845694736a3f5af88141431"
"MAP-COMPTOIR-city","COMPTOIR","city","SAISIE_METIER","Création et modification","Ville / commune","comptoir-city","Requis pour sauvegarder","p_values.city","comptoirService.save / snp_save_comptoir_dossier","snp_comptoir_dossiers.data->>'city' ; miroir snp_organizations.address (concaténée)","JSON métier de chaînes ; trim côté RPC ; même composant en lecture seule.","RESTITUE_STATIQUEMENT","","src/pages/collector/ComptoirForm.tsx:692","src/services/comptoirService.ts:112","supabase/migrations/20260906174800_dossiers_comptoirs_entreprises.sql:202","src/pages/collector/ComptoirForm.tsx:310","A_CONTROLER — correspondance statique relue ; UI_API_BASE_NON_EXECUTE","83f8c74e:src/pages/collector/ComptoirForm.tsx:692 (texte identique)","ad95df441430fdbd643140cfce29a2b32497d24013cb51d65f8944516ba29f32","07ffc71ab9e1320df845694736a3f5af88141431"
"MAP-COMPTOIR-district","COMPTOIR","district","SAISIE_METIER","Création et modification","Quartier / secteur","comptoir-district","Facultatif pour sauvegarder ; peut compter dans la complétude","p_values.district","comptoirService.save / snp_save_comptoir_dossier","snp_comptoir_dossiers.data->>'district' ; miroir snp_organizations.address (concaténée)","JSON métier de chaînes ; trim côté RPC ; même composant en lecture seule.","RESTITUE_STATIQUEMENT","","src/pages/collector/ComptoirForm.tsx:693","src/services/comptoirService.ts:112","supabase/migrations/20260906174800_dossiers_comptoirs_entreprises.sql:202","src/pages/collector/ComptoirForm.tsx:310","A_CONTROLER — correspondance statique relue ; UI_API_BASE_NON_EXECUTE","83f8c74e:src/pages/collector/ComptoirForm.tsx:693 (texte identique)","ad95df441430fdbd643140cfce29a2b32497d24013cb51d65f8944516ba29f32","07ffc71ab9e1320df845694736a3f5af88141431"
"MAP-COMPTOIR-street","COMPTOIR","street","SAISIE_METIER","Création et modification","Rue, porte et repère","comptoir-street","Facultatif pour sauvegarder ; peut compter dans la complétude","p_values.street","comptoirService.save / snp_save_comptoir_dossier","snp_comptoir_dossiers.data->>'street' ; miroir snp_organizations.address (concaténée)","JSON métier de chaînes ; trim côté RPC ; même composant en lecture seule.","RESTITUE_STATIQUEMENT","","src/pages/collector/ComptoirForm.tsx:696","src/services/comptoirService.ts:112","supabase/migrations/20260906174800_dossiers_comptoirs_entreprises.sql:202","src/pages/collector/ComptoirForm.tsx:310","A_CONTROLER — correspondance statique relue ; UI_API_BASE_NON_EXECUTE","83f8c74e:src/pages/collector/ComptoirForm.tsx:696 (texte identique)","ad95df441430fdbd643140cfce29a2b32497d24013cb51d65f8944516ba29f32","07ffc71ab9e1320df845694736a3f5af88141431"
"MAP-COMPTOIR-postal_address","COMPTOIR","postal_address","SAISIE_METIER","Création et modification","Adresse postale","comptoir-postal_address","Facultatif pour sauvegarder ; peut compter dans la complétude","p_values.postal_address","comptoirService.save / snp_save_comptoir_dossier","snp_comptoir_dossiers.data->>'postal_address'","JSON métier de chaînes ; trim côté RPC ; même composant en lecture seule.","RESTITUE_STATIQUEMENT","","src/pages/collector/ComptoirForm.tsx:697","src/services/comptoirService.ts:112","supabase/migrations/20260906174800_dossiers_comptoirs_entreprises.sql:202","src/pages/collector/ComptoirForm.tsx:310","A_CONTROLER — correspondance statique relue ; UI_API_BASE_NON_EXECUTE","83f8c74e:src/pages/collector/ComptoirForm.tsx:697 (texte identique)","ad95df441430fdbd643140cfce29a2b32497d24013cb51d65f8944516ba29f32","07ffc71ab9e1320df845694736a3f5af88141431"
"MAP-COMPTOIR-phone","COMPTOIR","phone","SAISIE_METIER","Création et modification","Téléphone de la société","comptoir-phone","Facultatif pour sauvegarder ; peut compter dans la complétude","p_values.phone","comptoirService.save / snp_save_comptoir_dossier","snp_comptoir_dossiers.data->>'phone' ; miroir snp_organizations.phone","JSON métier de chaînes ; trim côté RPC ; même composant en lecture seule.","RESTITUE_STATIQUEMENT","","src/pages/collector/ComptoirForm.tsx:700","src/services/comptoirService.ts:112","supabase/migrations/20260906174800_dossiers_comptoirs_entreprises.sql:202","src/pages/collector/ComptoirForm.tsx:310","A_CONTROLER — correspondance statique relue ; UI_API_BASE_NON_EXECUTE","83f8c74e:src/pages/collector/ComptoirForm.tsx:700 (texte identique)","ad95df441430fdbd643140cfce29a2b32497d24013cb51d65f8944516ba29f32","07ffc71ab9e1320df845694736a3f5af88141431"
"MAP-COMPTOIR-email","COMPTOIR","email","SAISIE_METIER","Création et modification","E-mail de la société","comptoir-email","Facultatif pour sauvegarder ; peut compter dans la complétude","p_values.email","comptoirService.save / snp_save_comptoir_dossier","snp_comptoir_dossiers.data->>'email' ; miroir snp_organizations.email","JSON métier de chaînes ; trim côté RPC ; même composant en lecture seule.","RESTITUE_STATIQUEMENT","","src/pages/collector/ComptoirForm.tsx:701","src/services/comptoirService.ts:112","supabase/migrations/20260906174800_dossiers_comptoirs_entreprises.sql:202","src/pages/collector/ComptoirForm.tsx:310","A_CONTROLER — correspondance statique relue ; UI_API_BASE_NON_EXECUTE","83f8c74e:src/pages/collector/ComptoirForm.tsx:701 (texte identique)","ad95df441430fdbd643140cfce29a2b32497d24013cb51d65f8944516ba29f32","07ffc71ab9e1320df845694736a3f5af88141431"
"MAP-COMPTOIR-website","COMPTOIR","website","SAISIE_METIER","Création et modification","Site internet","comptoir-website","Facultatif pour sauvegarder ; peut compter dans la complétude","p_values.website","comptoirService.save / snp_save_comptoir_dossier","snp_comptoir_dossiers.data->>'website' ; miroir snp_organizations.website","JSON métier de chaînes ; trim côté RPC ; même composant en lecture seule.","RESTITUE_STATIQUEMENT","","src/pages/collector/ComptoirForm.tsx:703","src/services/comptoirService.ts:112","supabase/migrations/20260906174800_dossiers_comptoirs_entreprises.sql:202","src/pages/collector/ComptoirForm.tsx:310","A_CONTROLER — correspondance statique relue ; UI_API_BASE_NON_EXECUTE","83f8c74e:src/pages/collector/ComptoirForm.tsx:703 (texte identique)","ad95df441430fdbd643140cfce29a2b32497d24013cb51d65f8944516ba29f32","07ffc71ab9e1320df845694736a3f5af88141431"
"MAP-COMPTOIR-representative_last_name","COMPTOIR","representative_last_name","SAISIE_METIER","Création et modification","Nom du responsable","comptoir-representative_last_name","Facultatif pour sauvegarder ; peut compter dans la complétude","p_values.representative_last_name","comptoirService.save / snp_save_comptoir_dossier","snp_comptoir_dossiers.data->>'representative_last_name'","JSON métier de chaînes ; trim côté RPC ; même composant en lecture seule.","RESTITUE_STATIQUEMENT","","src/pages/collector/ComptoirForm.tsx:711","src/services/comptoirService.ts:112","supabase/migrations/20260906174800_dossiers_comptoirs_entreprises.sql:202","src/pages/collector/ComptoirForm.tsx:310","A_CONTROLER — correspondance statique relue ; UI_API_BASE_NON_EXECUTE","83f8c74e:src/pages/collector/ComptoirForm.tsx:711 (texte identique)","ad95df441430fdbd643140cfce29a2b32497d24013cb51d65f8944516ba29f32","07ffc71ab9e1320df845694736a3f5af88141431"
"MAP-COMPTOIR-representative_first_name","COMPTOIR","representative_first_name","SAISIE_METIER","Création et modification","Prénom(s) du responsable","comptoir-representative_first_name","Facultatif pour sauvegarder ; peut compter dans la complétude","p_values.representative_first_name","comptoirService.save / snp_save_comptoir_dossier","snp_comptoir_dossiers.data->>'representative_first_name'","JSON métier de chaînes ; trim côté RPC ; même composant en lecture seule.","RESTITUE_STATIQUEMENT","","src/pages/collector/ComptoirForm.tsx:712","src/services/comptoirService.ts:112","supabase/migrations/20260906174800_dossiers_comptoirs_entreprises.sql:202","src/pages/collector/ComptoirForm.tsx:310","A_CONTROLER — correspondance statique relue ; UI_API_BASE_NON_EXECUTE","83f8c74e:src/pages/collector/ComptoirForm.tsx:712 (texte identique)","ad95df441430fdbd643140cfce29a2b32497d24013cb51d65f8944516ba29f32","07ffc71ab9e1320df845694736a3f5af88141431"
"MAP-COMPTOIR-representative_position","COMPTOIR","representative_position","SAISIE_METIER","Création et modification","Fonction","comptoir-representative_position","Facultatif pour sauvegarder ; peut compter dans la complétude","p_values.representative_position","comptoirService.save / snp_save_comptoir_dossier","snp_comptoir_dossiers.data->>'representative_position'","JSON métier de chaînes ; trim côté RPC ; même composant en lecture seule.","RESTITUE_STATIQUEMENT","","src/pages/collector/ComptoirForm.tsx:714","src/services/comptoirService.ts:112","supabase/migrations/20260906174800_dossiers_comptoirs_entreprises.sql:202","src/pages/collector/ComptoirForm.tsx:310","A_CONTROLER — correspondance statique relue ; UI_API_BASE_NON_EXECUTE","83f8c74e:src/pages/collector/ComptoirForm.tsx:714 (texte identique)","ad95df441430fdbd643140cfce29a2b32497d24013cb51d65f8944516ba29f32","07ffc71ab9e1320df845694736a3f5af88141431"
"MAP-COMPTOIR-representative_phone","COMPTOIR","representative_phone","SAISIE_METIER","Création et modification","Téléphone du responsable","comptoir-representative_phone","Facultatif pour sauvegarder ; peut compter dans la complétude","p_values.representative_phone","comptoirService.save / snp_save_comptoir_dossier","snp_comptoir_dossiers.data->>'representative_phone'","JSON métier de chaînes ; trim côté RPC ; même composant en lecture seule.","RESTITUE_STATIQUEMENT","","src/pages/collector/ComptoirForm.tsx:716","src/services/comptoirService.ts:112","supabase/migrations/20260906174800_dossiers_comptoirs_entreprises.sql:202","src/pages/collector/ComptoirForm.tsx:310","A_CONTROLER — correspondance statique relue ; UI_API_BASE_NON_EXECUTE","83f8c74e:src/pages/collector/ComptoirForm.tsx:716 (texte identique)","ad95df441430fdbd643140cfce29a2b32497d24013cb51d65f8944516ba29f32","07ffc71ab9e1320df845694736a3f5af88141431"
"MAP-COMPTOIR-representative_email","COMPTOIR","representative_email","SAISIE_METIER","Création et modification","E-mail du responsable","comptoir-representative_email","Facultatif pour sauvegarder ; peut compter dans la complétude","p_values.representative_email","comptoirService.save / snp_save_comptoir_dossier","snp_comptoir_dossiers.data->>'representative_email'","JSON métier de chaînes ; trim côté RPC ; même composant en lecture seule.","RESTITUE_STATIQUEMENT","","src/pages/collector/ComptoirForm.tsx:722","src/services/comptoirService.ts:112","supabase/migrations/20260906174800_dossiers_comptoirs_entreprises.sql:202","src/pages/collector/ComptoirForm.tsx:310","A_CONTROLER — correspondance statique relue ; UI_API_BASE_NON_EXECUTE","83f8c74e:src/pages/collector/ComptoirForm.tsx:722 (texte identique)","ad95df441430fdbd643140cfce29a2b32497d24013cb51d65f8944516ba29f32","07ffc71ab9e1320df845694736a3f5af88141431"
"MAP-COMPTOIR-representative_identity_type","COMPTOIR","representative_identity_type","SAISIE_METIER","Création et modification","Type de pièce d’identité","comptoir-representative_identity_type","Facultatif pour sauvegarder ; peut compter dans la complétude","p_values.representative_identity_type","comptoirService.save / snp_save_comptoir_dossier","snp_comptoir_dossiers.data->>'representative_identity_type'","JSON métier de chaînes ; trim côté RPC ; même composant en lecture seule.","RESTITUE_STATIQUEMENT","","src/pages/collector/ComptoirForm.tsx:725","src/services/comptoirService.ts:112","supabase/migrations/20260906174800_dossiers_comptoirs_entreprises.sql:202","src/pages/collector/ComptoirForm.tsx:310","A_CONTROLER — correspondance statique relue ; UI_API_BASE_NON_EXECUTE","83f8c74e:src/pages/collector/ComptoirForm.tsx:725 (texte identique)","ad95df441430fdbd643140cfce29a2b32497d24013cb51d65f8944516ba29f32","07ffc71ab9e1320df845694736a3f5af88141431"
"MAP-COMPTOIR-representative_identity_number","COMPTOIR","representative_identity_number","SAISIE_METIER","Création et modification","Numéro de pièce d’identité","comptoir-representative_identity_number","Facultatif pour sauvegarder ; peut compter dans la complétude","p_values.representative_identity_number","comptoirService.save / snp_save_comptoir_dossier","snp_comptoir_dossiers.data->>'representative_identity_number'","JSON métier de chaînes ; trim côté RPC ; même composant en lecture seule.","RESTITUE_STATIQUEMENT","","src/pages/collector/ComptoirForm.tsx:726","src/services/comptoirService.ts:112","supabase/migrations/20260906174800_dossiers_comptoirs_entreprises.sql:202","src/pages/collector/ComptoirForm.tsx:310","A_CONTROLER — correspondance statique relue ; UI_API_BASE_NON_EXECUTE","83f8c74e:src/pages/collector/ComptoirForm.tsx:726 (texte identique)","ad95df441430fdbd643140cfce29a2b32497d24013cb51d65f8944516ba29f32","07ffc71ab9e1320df845694736a3f5af88141431"
"MAP-COMPTOIR-representative_identity_issued_on","COMPTOIR","representative_identity_issued_on","SAISIE_METIER","Création et modification","Date de délivrance de la pièce","comptoir-representative_identity_issued_on","Facultatif pour sauvegarder ; peut compter dans la complétude","p_values.representative_identity_issued_on","comptoirService.save / snp_save_comptoir_dossier","snp_comptoir_dossiers.data->>'representative_identity_issued_on'","JSON métier de chaînes ; trim côté RPC ; même composant en lecture seule.","RESTITUE_STATIQUEMENT","","src/pages/collector/ComptoirForm.tsx:729","src/services/comptoirService.ts:112","supabase/migrations/20260906174800_dossiers_comptoirs_entreprises.sql:202","src/pages/collector/ComptoirForm.tsx:310","A_CONTROLER — correspondance statique relue ; UI_API_BASE_NON_EXECUTE","83f8c74e:src/pages/collector/ComptoirForm.tsx:729 (texte identique)","ad95df441430fdbd643140cfce29a2b32497d24013cb51d65f8944516ba29f32","07ffc71ab9e1320df845694736a3f5af88141431"
"MAP-COMPTOIR-representative_identity_expires_on","COMPTOIR","representative_identity_expires_on","SAISIE_METIER","Création et modification","Date d’expiration de la pièce","comptoir-representative_identity_expires_on","Facultatif pour sauvegarder ; peut compter dans la complétude","p_values.representative_identity_expires_on","comptoirService.save / snp_save_comptoir_dossier","snp_comptoir_dossiers.data->>'representative_identity_expires_on'","JSON métier de chaînes ; trim côté RPC ; même composant en lecture seule.","RESTITUE_STATIQUEMENT","","src/pages/collector/ComptoirForm.tsx:730","src/services/comptoirService.ts:112","supabase/migrations/20260906174800_dossiers_comptoirs_entreprises.sql:202","src/pages/collector/ComptoirForm.tsx:310","A_CONTROLER — correspondance statique relue ; UI_API_BASE_NON_EXECUTE","83f8c74e:src/pages/collector/ComptoirForm.tsx:730 (texte identique)","ad95df441430fdbd643140cfce29a2b32497d24013cb51d65f8944516ba29f32","07ffc71ab9e1320df845694736a3f5af88141431"
"MAP-COMPTOIR-notes","COMPTOIR","notes","SAISIE_METIER","Création et modification","Observations","comptoir-notes","Facultatif pour sauvegarder ; peut compter dans la complétude","p_values.notes","comptoirService.save / snp_save_comptoir_dossier","snp_comptoir_dossiers.data->>'notes' ; miroir snp_organizations.notes","JSON métier de chaînes ; trim côté RPC ; même composant en lecture seule.","RESTITUE_STATIQUEMENT","","src/pages/collector/ComptoirForm.tsx:753","src/services/comptoirService.ts:112","supabase/migrations/20260906174800_dossiers_comptoirs_entreprises.sql:202","src/pages/collector/ComptoirForm.tsx:744","A_CONTROLER — correspondance statique relue ; UI_API_BASE_NON_EXECUTE","83f8c74e:src/pages/collector/ComptoirForm.tsx:753 (texte identique)","ad95df441430fdbd643140cfce29a2b32497d24013cb51d65f8944516ba29f32","07ffc71ab9e1320df845694736a3f5af88141431"
"MAP-COMPTOIR-documents.logo","COMPTOIR","documents.logo","FICHIER","Création et modification","Logo de la société","Bloc comptoir-document-logo ; input aria-label=Joindre — Logo de la société","Facultatif pour enregistrer ; certaines pièces contribuent à la complétude","file + metadata.documentKind=logo","comptoirService.upload / passerelle comptoir-document / snp_register_comptoir_document_gateway","snp_comptoir_documents + Storage comptoir-dossiers","Relation organization_id ; document typé ; empreinte SHA256, MIME et taille contrôlés ; retrait = archivage.","RESTITUE_STATIQUEMENT","","src/pages/collector/ComptoirForm.tsx:587","src/services/comptoirService.ts:136","supabase/migrations/20260906174800_dossiers_comptoirs_entreprises.sql:92","src/pages/collector/ComptoirForm.tsx:198","A_CONTROLER — correspondance statique relue ; UI_API_BASE_NON_EXECUTE","83f8c74e:src/pages/collector/ComptoirForm.tsx:587 (texte identique)","ad95df441430fdbd643140cfce29a2b32497d24013cb51d65f8944516ba29f32","07ffc71ab9e1320df845694736a3f5af88141431"
"MAP-COMPTOIR-documents.rccm","COMPTOIR","documents.rccm","FICHIER","Création et modification","Extrait RCCM","Bloc comptoir-document-rccm ; input aria-label=Joindre — Extrait RCCM","Facultatif pour enregistrer ; certaines pièces contribuent à la complétude","file + metadata.documentKind=rccm","comptoirService.upload / passerelle comptoir-document / snp_register_comptoir_document_gateway","snp_comptoir_documents + Storage comptoir-dossiers","Relation organization_id ; document typé ; empreinte SHA256, MIME et taille contrôlés ; retrait = archivage.","RESTITUE_STATIQUEMENT","","src/pages/collector/ComptoirForm.tsx:598","src/services/comptoirService.ts:136","supabase/migrations/20260906174800_dossiers_comptoirs_entreprises.sql:92","src/pages/collector/ComptoirForm.tsx:198","A_CONTROLER — correspondance statique relue ; UI_API_BASE_NON_EXECUTE","83f8c74e:src/pages/collector/ComptoirForm.tsx:598 (texte identique)","ad95df441430fdbd643140cfce29a2b32497d24013cb51d65f8944516ba29f32","07ffc71ab9e1320df845694736a3f5af88141431"
"MAP-COMPTOIR-documents.ifu","COMPTOIR","documents.ifu","FICHIER","Création et modification","Attestation IFU","Bloc comptoir-document-ifu ; input aria-label=Joindre — Attestation IFU","Facultatif pour enregistrer ; certaines pièces contribuent à la complétude","file + metadata.documentKind=ifu","comptoirService.upload / passerelle comptoir-document / snp_register_comptoir_document_gateway","snp_comptoir_documents + Storage comptoir-dossiers","Relation organization_id ; document typé ; empreinte SHA256, MIME et taille contrôlés ; retrait = archivage.","RESTITUE_STATIQUEMENT","","src/pages/collector/ComptoirForm.tsx:603","src/services/comptoirService.ts:136","supabase/migrations/20260906174800_dossiers_comptoirs_entreprises.sql:92","src/pages/collector/ComptoirForm.tsx:198","A_CONTROLER — correspondance statique relue ; UI_API_BASE_NON_EXECUTE","83f8c74e:src/pages/collector/ComptoirForm.tsx:603 (texte identique)","ad95df441430fdbd643140cfce29a2b32497d24013cb51d65f8944516ba29f32","07ffc71ab9e1320df845694736a3f5af88141431"
"MAP-COMPTOIR-documents.purchase_authorization","COMPTOIR","documents.purchase_authorization","FICHIER","Création et modification","Autorisation d’achat d’or","Bloc comptoir-document-purchase_authorization ; input aria-label=Joindre — Autorisation d’achat d’or","Facultatif pour enregistrer ; certaines pièces contribuent à la complétude","file + metadata.documentKind=purchase_authorization","comptoirService.upload / passerelle comptoir-document / snp_register_comptoir_document_gateway","snp_comptoir_documents + Storage comptoir-dossiers","Relation organization_id ; document typé ; empreinte SHA256, MIME et taille contrôlés ; retrait = archivage.","RESTITUE_STATIQUEMENT","","src/pages/collector/ComptoirForm.tsx:671","src/services/comptoirService.ts:136","supabase/migrations/20260906174800_dossiers_comptoirs_entreprises.sql:92","src/pages/collector/ComptoirForm.tsx:198","A_CONTROLER — correspondance statique relue ; UI_API_BASE_NON_EXECUTE","83f8c74e:src/pages/collector/ComptoirForm.tsx:671 (texte identique)","ad95df441430fdbd643140cfce29a2b32497d24013cb51d65f8944516ba29f32","07ffc71ab9e1320df845694736a3f5af88141431"
"MAP-COMPTOIR-documents.representative_identity","COMPTOIR","documents.representative_identity","FICHIER","Création et modification","Pièce d’identité du responsable","Bloc comptoir-document-representative_identity ; input aria-label=Joindre — Pièce d’identité du responsable","Facultatif pour enregistrer ; certaines pièces contribuent à la complétude","file + metadata.documentKind=representative_identity","comptoirService.upload / passerelle comptoir-document / snp_register_comptoir_document_gateway","snp_comptoir_documents + Storage comptoir-dossiers","Relation organization_id ; document typé ; empreinte SHA256, MIME et taille contrôlés ; retrait = archivage.","RESTITUE_STATIQUEMENT","","src/pages/collector/ComptoirForm.tsx:732","src/services/comptoirService.ts:136","supabase/migrations/20260906174800_dossiers_comptoirs_entreprises.sql:92","src/pages/collector/ComptoirForm.tsx:198","A_CONTROLER — correspondance statique relue ; UI_API_BASE_NON_EXECUTE","83f8c74e:src/pages/collector/ComptoirForm.tsx:732 (texte identique)","ad95df441430fdbd643140cfce29a2b32497d24013cb51d65f8944516ba29f32","07ffc71ab9e1320df845694736a3f5af88141431"
"MAP-COMPTOIR-documents.representative_photo","COMPTOIR","documents.representative_photo","FICHIER","Création et modification","Photo d’identité du responsable","Bloc comptoir-document-representative_photo ; input aria-label=Joindre — Photo d’identité du responsable","Facultatif pour enregistrer ; certaines pièces contribuent à la complétude","file + metadata.documentKind=representative_photo","comptoirService.upload / passerelle comptoir-document / snp_register_comptoir_document_gateway","snp_comptoir_documents + Storage comptoir-dossiers","Relation organization_id ; document typé ; empreinte SHA256, MIME et taille contrôlés ; retrait = archivage.","RESTITUE_STATIQUEMENT","","src/pages/collector/ComptoirForm.tsx:733","src/services/comptoirService.ts:136","supabase/migrations/20260906174800_dossiers_comptoirs_entreprises.sql:92","src/pages/collector/ComptoirForm.tsx:198","A_CONTROLER — correspondance statique relue ; UI_API_BASE_NON_EXECUTE","83f8c74e:src/pages/collector/ComptoirForm.tsx:733 (texte identique)","ad95df441430fdbd643140cfce29a2b32497d24013cb51d65f8944516ba29f32","07ffc71ab9e1320df845694736a3f5af88141431"
"MAP-COMPTOIR-documents.other","COMPTOIR","documents.other","FICHIER","Création et modification","Autre justificatif","Bloc comptoir-document-other ; input aria-label=Joindre — Autre justificatif","Facultatif pour enregistrer ; certaines pièces contribuent à la complétude","file + metadata.documentKind=other","comptoirService.upload / passerelle comptoir-document / snp_register_comptoir_document_gateway","snp_comptoir_documents + Storage comptoir-dossiers","Relation organization_id ; document typé ; empreinte SHA256, MIME et taille contrôlés ; retrait = archivage.","RESTITUE_STATIQUEMENT","","src/pages/collector/ComptoirForm.tsx:740","src/services/comptoirService.ts:136","supabase/migrations/20260906174800_dossiers_comptoirs_entreprises.sql:92","src/pages/collector/ComptoirForm.tsx:198","A_CONTROLER — correspondance statique relue ; UI_API_BASE_NON_EXECUTE","83f8c74e:src/pages/collector/ComptoirForm.tsx:740 (texte identique)","ad95df441430fdbd643140cfce29a2b32497d24013cb51d65f8944516ba29f32","07ffc71ab9e1320df845694736a3f5af88141431"
"MAP-SITE-id","SITE","id","METADONNEE_OU_DERIVE","Création et modification","id","Aucun champ de saisie indépendant","Géré par le logiciel ou dérivé","p_site.id","","artisanal_sites.id","UUID nouveau ou identifiant de route existant","NON_APPLICABLE_COMME_SAISIE","","src/services/artisanalSiteService.ts:142","src/services/artisanalSiteService.ts:142","","","A_CONTROLER — correspondance statique relue ; UI_API_BASE_NON_EXECUTE","83f8c74e:src/services/artisanalSiteService.ts:142 (texte identique)","da4e18077083a12633c8d3e9114c4de3d4f8a57cd9ea4ee90f3eb77ee1e6d4fc","07ffc71ab9e1320df845694736a3f5af88141431"
"MAP-SITE-code","SITE","code","METADONNEE_OU_DERIVE","Création et modification","code","Aucun champ de saisie indépendant","Géré par le logiciel ou dérivé","p_site.code","","artisanal_sites.code","Code généré ; en-tête en lecture seule","NON_APPLICABLE_COMME_SAISIE","","src/pages/artisanal-sites/ArtisanalSiteForm.tsx:128","src/pages/artisanal-sites/ArtisanalSiteForm.tsx:128","","","A_CONTROLER — correspondance statique relue ; UI_API_BASE_NON_EXECUTE","83f8c74e:src/pages/artisanal-sites/ArtisanalSiteForm.tsx:128 (texte identique)","a6c3b13953a9b7bbca0df50b26379a8938e90bef4579a05ab8fb332c971e2345","07ffc71ab9e1320df845694736a3f5af88141431"
"MAP-SITE-exploitationType","SITE","exploitationType","METADONNEE_OU_DERIVE","Création et modification","exploitationType","Aucun champ de saisie indépendant","Géré par le logiciel ou dérivé","p_site.exploitation_type","","artisanal_sites.exploitation_type","artisanale imposé ; aucun choix mixte/semi-mécanisé","NON_APPLICABLE_COMME_SAISIE","","src/services/artisanalSiteService.ts:154","src/services/artisanalSiteService.ts:154","","","A_CONTROLER — correspondance statique relue ; UI_API_BASE_NON_EXECUTE","83f8c74e:src/services/artisanalSiteService.ts:154 (texte identique)","da4e18077083a12633c8d3e9114c4de3d4f8a57cd9ea4ee90f3eb77ee1e6d4fc","07ffc71ab9e1320df845694736a3f5af88141431"
"MAP-SITE-aea.documentPath","SITE","aea.documentPath","METADONNEE_OU_DERIVE","Création et modification","aea.documentPath","Aucun champ de saisie indépendant","Géré par le logiciel ou dérivé","p_site.aea_document_path","","artisanal_sites.aea_document_path","Chemin retourné par upload ; non saisi","NON_APPLICABLE_COMME_SAISIE","","src/services/artisanalSiteService.ts:158","src/services/artisanalSiteService.ts:158","","","A_CONTROLER — correspondance statique relue ; UI_API_BASE_NON_EXECUTE","83f8c74e:src/services/artisanalSiteService.ts:158 (texte identique)","da4e18077083a12633c8d3e9114c4de3d4f8a57cd9ea4ee90f3eb77ee1e6d4fc","07ffc71ab9e1320df845694736a3f5af88141431"
"MAP-SITE-aea.documentName","SITE","aea.documentName","METADONNEE_OU_DERIVE","Création et modification","aea.documentName","Aucun champ de saisie indépendant","Géré par le logiciel ou dérivé","p_site.aea_document_name","","artisanal_sites.aea_document_name","Nom de fichier retourné par upload ; non saisi","NON_APPLICABLE_COMME_SAISIE","","src/services/artisanalSiteService.ts:158","src/services/artisanalSiteService.ts:158","","","A_CONTROLER — correspondance statique relue ; UI_API_BASE_NON_EXECUTE","83f8c74e:src/services/artisanalSiteService.ts:158 (texte identique)","da4e18077083a12633c8d3e9114c4de3d4f8a57cd9ea4ee90f3eb77ee1e6d4fc","07ffc71ab9e1320df845694736a3f5af88141431"
"MAP-SITE-aea.expiresOn","SITE","aea.expiresOn","METADONNEE_OU_DERIVE","Création et modification","aea.expiresOn","Aucun champ de saisie indépendant","Géré par le logiciel ou dérivé","Aucun champ persistant supplémentaire","","Calcul aeaExpiryDate","Dérivé de date émission + durée mois","NON_APPLICABLE_COMME_SAISIE","","src/pages/artisanal-sites/ArtisanalSiteDetails.tsx:94","src/pages/artisanal-sites/ArtisanalSiteDetails.tsx:94","","","A_CONTROLER — correspondance statique relue ; UI_API_BASE_NON_EXECUTE","83f8c74e:src/pages/artisanal-sites/ArtisanalSiteDetails.tsx:94 (texte identique)","b0bbd820167c5ab44b03f0bf01573b3453b8fae8f0959666fa46c7d4555f3f55","07ffc71ab9e1320df845694736a3f5af88141431"
"MAP-SITE-assignments.user_id","SITE","assignments.user_id","METADONNEE_OU_DERIVE","Création et modification","assignments.user_id","Aucun champ de saisie indépendant","Géré par le logiciel ou dérivé","p_assignments[].user_id","","artisanal_site_assignments.user_id","Pas de sélecteur utilisateur dans le formulaire ; référence existante préservée","NON_APPLICABLE_COMME_SAISIE","","src/services/artisanalSiteService.ts:167","src/services/artisanalSiteService.ts:167","","","A_CONTROLER — correspondance statique relue ; UI_API_BASE_NON_EXECUTE","83f8c74e:src/services/artisanalSiteService.ts:167 (texte identique)","da4e18077083a12633c8d3e9114c4de3d4f8a57cd9ea4ee90f3eb77ee1e6d4fc","07ffc71ab9e1320df845694736a3f5af88141431"
"MAP-ARTISAN-id","ARTISAN","id","METADONNEE_OU_DERIVE","Création et modification","id","Aucun champ de saisie indépendant","Géré par le logiciel ou dérivé","p_id / p_creation_id","","snp_artisans_miniers.id","Identité de dossier/idempotence ; non saisi","NON_APPLICABLE_COMME_SAISIE","","src/services/artisanDossierService.ts:41","src/services/artisanDossierService.ts:41","","","A_CONTROLER — correspondance statique relue ; UI_API_BASE_NON_EXECUTE","83f8c74e:src/services/artisanDossierService.ts:41 (texte identique)","63e8bc33c7227a9ad8c184fcc9e726ea6c7d38f37b0f6c3cbf393b1d2399a14a","07ffc71ab9e1320df845694736a3f5af88141431"
"MAP-ARTISAN-expectedUpdatedAt","ARTISAN","expectedUpdatedAt","METADONNEE_OU_DERIVE","Création et modification","expectedUpdatedAt","Aucun champ de saisie indépendant","Géré par le logiciel ou dérivé","p_expected_updated_at","","snp_artisans_miniers.updated_at","Verrou optimiste ; non saisi","NON_APPLICABLE_COMME_SAISIE","","src/services/artisanDossierService.ts:42","src/services/artisanDossierService.ts:42","","","A_CONTROLER — correspondance statique relue ; UI_API_BASE_NON_EXECUTE","83f8c74e:src/services/artisanDossierService.ts:42 (texte identique)","63e8bc33c7227a9ad8c184fcc9e726ea6c7d38f37b0f6c3cbf393b1d2399a14a","07ffc71ab9e1320df845694736a3f5af88141431"
"MAP-ARTISAN-confirmTransition","ARTISAN","confirmTransition","METADONNEE_OU_DERIVE","Création et modification","confirmTransition","Aucun champ de saisie indépendant","Géré par le logiciel ou dérivé","p_confirm_transition","","Événement/transition de rôle ; historique conservé","Confirmation explicite lors changement de rôle/exploitant","NON_APPLICABLE_COMME_SAISIE","","src/services/artisanDossierService.ts:44","src/services/artisanDossierService.ts:44","","","A_CONTROLER — correspondance statique relue ; UI_API_BASE_NON_EXECUTE","83f8c74e:src/services/artisanDossierService.ts:44 (texte identique)","63e8bc33c7227a9ad8c184fcc9e726ea6c7d38f37b0f6c3cbf393b1d2399a14a","07ffc71ab9e1320df845694736a3f5af88141431"
"MAP-ARTISAN-responsable.id","ARTISAN","responsable.id","METADONNEE_OU_DERIVE","Création et modification","responsable.id","Aucun champ de saisie indépendant","Géré par le logiciel ou dérivé","responsable renvoyé après RPC","","snp_artisan_responsables.id / artisan_id","Généré serveur, réutilisé pour pièces du responsable","NON_APPLICABLE_COMME_SAISIE","","src/services/artisanDossierService.ts:49","src/services/artisanDossierService.ts:49","","","A_CONTROLER — correspondance statique relue ; UI_API_BASE_NON_EXECUTE","83f8c74e:src/services/artisanDossierService.ts:49 (texte identique)","63e8bc33c7227a9ad8c184fcc9e726ea6c7d38f37b0f6c3cbf393b1d2399a14a","07ffc71ab9e1320df845694736a3f5af88141431"
"MAP-ARTISAN-photo_url","ARTISAN","photo_url","METADONNEE_OU_DERIVE","Création et modification","photo_url","Aucun champ de saisie indépendant","Géré par le logiciel ou dérivé","Hors artisanDossierPayload","","snp_artisans_miniers.photo_url","Héritage relu ; actualisé par le dépôt photo","NON_APPLICABLE_COMME_SAISIE","","src/lib/artisanDossier.ts:73","src/lib/artisanDossier.ts:73","","","A_CONTROLER — correspondance statique relue ; UI_API_BASE_NON_EXECUTE","83f8c74e:src/lib/artisanDossier.ts:73 (texte identique)","b29527744e94f416f999b81cd38fa532c8c61d40845b525509f85761313df6e8","07ffc71ab9e1320df845694736a3f5af88141431"
"MAP-ARTISAN-piece_identite_url","ARTISAN","piece_identite_url","METADONNEE_OU_DERIVE","Création et modification","piece_identite_url","Aucun champ de saisie indépendant","Géré par le logiciel ou dérivé","Hors artisanDossierPayload","","snp_artisans_miniers.piece_identite_url","Ancienne référence portée dans le modèle ; aucune saisie URL","NON_APPLICABLE_COMME_SAISIE","","src/lib/artisanDossier.ts:74","src/lib/artisanDossier.ts:74","","","A_CONTROLER — correspondance statique relue ; UI_API_BASE_NON_EXECUTE","83f8c74e:src/lib/artisanDossier.ts:74 (texte identique)","b29527744e94f416f999b81cd38fa532c8c61d40845b525509f85761313df6e8","07ffc71ab9e1320df845694736a3f5af88141431"
"MAP-ARTISAN-document.metadata","ARTISAN","document.metadata","METADONNEE_OU_DERIVE","Création et modification","document.metadata","Aucun champ de saisie indépendant","Géré par le logiciel ou dérivé","uploadId,artisanId,ownerKind,responsableId,fileName,mimeType","","snp_artisan_documents.id / artisan_id / owner_kind / responsable_id / nom_fichier / type_mime / taille_fichier / chemin_fichier / storage_bucket / sha256","Métadonnées dérivées du dossier/fichier ; pas des contrôles additionnels","NON_APPLICABLE_COMME_SAISIE","","src/services/artisanDocumentService.ts:68","src/services/artisanDocumentService.ts:68","","","A_CONTROLER — correspondance statique relue ; UI_API_BASE_NON_EXECUTE","83f8c74e:src/services/artisanDocumentService.ts:68 (texte identique)","ddcb8c5d90bacda934005c344d741f6774a1136eecebcdb0f87eaca10218fa41","07ffc71ab9e1320df845694736a3f5af88141431"
"MAP-ARTISAN-moyen.metadata","ARTISAN","moyen.metadata","METADONNEE_OU_DERIVE","Création et modification","moyen.metadata","Aucun champ de saisie indépendant","Géré par le logiciel ou dérivé","p_moyen_id,p_artisan_id,p_actif","","snp_artisan_moyens_paiement.id / artisan_id / actif ; verifie_le/par calculés lors revue","ID, activation/archivage et audit distincts des coordonnées","NON_APPLICABLE_COMME_SAISIE","","src/services/artisanMoyenPaiementService.ts:72","src/services/artisanMoyenPaiementService.ts:72","","","A_CONTROLER — correspondance statique relue ; UI_API_BASE_NON_EXECUTE","83f8c74e:src/services/artisanMoyenPaiementService.ts:72 (texte identique)","7911dd7c5f4cc5a9d516843d67c095ce888c352333d5d81d6fb98817f7579fe0","07ffc71ab9e1320df845694736a3f5af88141431"
"MAP-COLLECTEUR-id","COLLECTEUR","id","METADONNEE_OU_DERIVE","Création et modification","id","Aucun champ de saisie indépendant","Géré par le logiciel ou dérivé","p_id","","snp_artisans_miniers.id = snp_collectors.id","Même UUID pour identité et dossier collecteur","NON_APPLICABLE_COMME_SAISIE","","src/services/collectorService.ts:102","src/services/collectorService.ts:102","","","A_CONTROLER — correspondance statique relue ; UI_API_BASE_NON_EXECUTE","83f8c74e:src/services/collectorService.ts:102 (texte identique)","60b3cafcc78f7e7cbca7ab0add7d93e5709c87296c474b042b8a957ee366b7e8","07ffc71ab9e1320df845694736a3f5af88141431"
"MAP-COLLECTEUR-version","COLLECTEUR","version","METADONNEE_OU_DERIVE","Création et modification","version","Aucun champ de saisie indépendant","Géré par le logiciel ou dérivé","p_expected_version","","snp_collectors.version","Verrou optimiste ; version serveur","NON_APPLICABLE_COMME_SAISIE","","src/services/collectorService.ts:103","src/services/collectorService.ts:103","","","A_CONTROLER — correspondance statique relue ; UI_API_BASE_NON_EXECUTE","83f8c74e:src/services/collectorService.ts:103 (texte identique)","60b3cafcc78f7e7cbca7ab0add7d93e5709c87296c474b042b8a957ee366b7e8","07ffc71ab9e1320df845694736a3f5af88141431"
"MAP-COLLECTEUR-legacyUpdatedAt","COLLECTEUR","legacyUpdatedAt","METADONNEE_OU_DERIVE","Création et modification","legacyUpdatedAt","Aucun champ de saisie indépendant","Géré par le logiciel ou dérivé","p_dossier.legacy_updated_at","","snp_artisans_miniers.updated_at","Seulement dossier historique version 0 ; aucune conversion implicite","NON_APPLICABLE_COMME_SAISIE","","src/services/collectorService.ts:107","src/services/collectorService.ts:107","","","A_CONTROLER — correspondance statique relue ; UI_API_BASE_NON_EXECUTE","83f8c74e:src/services/collectorService.ts:107 (texte identique)","60b3cafcc78f7e7cbca7ab0add7d93e5709c87296c474b042b8a957ee366b7e8","07ffc71ab9e1320df845694736a3f5af88141431"
"MAP-COLLECTEUR-type_personne","COLLECTEUR","type_personne","METADONNEE_OU_DERIVE","Création et modification","type_personne","Aucun champ de saisie indépendant","Géré par le logiciel ou dérivé","p_dossier.identity.type_personne","","snp_artisans_miniers.type_personne","physique imposé","NON_APPLICABLE_COMME_SAISIE","","src/lib/collectorDossier.ts:15","src/lib/collectorDossier.ts:15","","","A_CONTROLER — correspondance statique relue ; UI_API_BASE_NON_EXECUTE","83f8c74e:src/lib/collectorDossier.ts:15 (texte identique)","a94e4df74c851f5bc127600da2173c6b5dc140bda71d41da603e3b46543d33a5","07ffc71ab9e1320df845694736a3f5af88141431"
"MAP-COLLECTEUR-type_artisan","COLLECTEUR","type_artisan","METADONNEE_OU_DERIVE","Création et modification","type_artisan","Aucun champ de saisie indépendant","Géré par le logiciel ou dérivé","p_dossier.identity.type_artisan","","snp_artisans_miniers.type_artisan","collecteur imposé","NON_APPLICABLE_COMME_SAISIE","","src/lib/collectorDossier.ts:14","src/lib/collectorDossier.ts:14","","","A_CONTROLER — correspondance statique relue ; UI_API_BASE_NON_EXECUTE","83f8c74e:src/lib/collectorDossier.ts:14 (texte identique)","a94e4df74c851f5bc127600da2173c6b5dc140bda71d41da603e3b46543d33a5","07ffc71ab9e1320df845694736a3f5af88141431"
"MAP-COLLECTEUR-documents.metadata","COLLECTEUR","documents.metadata","METADONNEE_OU_DERIVE","Création et modification","documents.metadata","Aucun champ de saisie indépendant","Géré par le logiciel ou dérivé","uploadId,ownerKind,documentType,title","","snp_artisan_documents ; owner_kind=artisan","Type dérivé de pièce/photo, titre imposé par formulaire","NON_APPLICABLE_COMME_SAISIE","","src/pages/collector/CollectorForm.tsx:201","src/pages/collector/CollectorForm.tsx:201","","","A_CONTROLER — correspondance statique relue ; UI_API_BASE_NON_EXECUTE","83f8c74e:src/pages/collector/CollectorForm.tsx:201 (texte identique)","963d98140888ab8e9ec794785ad458251dfaf378d7ce235c07106e8f70761ec7","07ffc71ab9e1320df845694736a3f5af88141431"
"MAP-COMPTOIR-id","COMPTOIR","id","METADONNEE_OU_DERIVE","Création et modification","id","Aucun champ de saisie indépendant","Géré par le logiciel ou dérivé","p_id","","snp_organizations.id = snp_comptoir_dossiers.organization_id","UUID du dossier ; code de comptoir généré serveur","NON_APPLICABLE_COMME_SAISIE","","src/services/comptoirService.ts:98","src/services/comptoirService.ts:98","","","A_CONTROLER — correspondance statique relue ; UI_API_BASE_NON_EXECUTE","83f8c74e:src/services/comptoirService.ts:98 (texte identique)","2e2c3ec71c56d2f5576ce3c9ee1a99b9369892bf695a8c80730a44b8d38cbd3d","07ffc71ab9e1320df845694736a3f5af88141431"
"MAP-COMPTOIR-version","COMPTOIR","version","METADONNEE_OU_DERIVE","Création et modification","version","Aucun champ de saisie indépendant","Géré par le logiciel ou dérivé","p_expected_version","","snp_comptoir_dossiers.version","Verrou optimiste ; non saisi","NON_APPLICABLE_COMME_SAISIE","","src/services/comptoirService.ts:113","src/services/comptoirService.ts:113","","","A_CONTROLER — correspondance statique relue ; UI_API_BASE_NON_EXECUTE","83f8c74e:src/services/comptoirService.ts:113 (texte identique)","2e2c3ec71c56d2f5576ce3c9ee1a99b9369892bf695a8c80730a44b8d38cbd3d","07ffc71ab9e1320df845694736a3f5af88141431"
"MAP-COMPTOIR-organizationUpdatedAt","COMPTOIR","organizationUpdatedAt","METADONNEE_OU_DERIVE","Création et modification","organizationUpdatedAt","Aucun champ de saisie indépendant","Géré par le logiciel ou dérivé","p_expected_organization_updated_at","","snp_organizations.updated_at","Protection des écritures concurrentes organisation","NON_APPLICABLE_COMME_SAISIE","","src/services/comptoirService.ts:114","src/services/comptoirService.ts:114","","","A_CONTROLER — correspondance statique relue ; UI_API_BASE_NON_EXECUTE","83f8c74e:src/services/comptoirService.ts:114 (texte identique)","2e2c3ec71c56d2f5576ce3c9ee1a99b9369892bf695a8c80730a44b8d38cbd3d","07ffc71ab9e1320df845694736a3f5af88141431"
"MAP-COMPTOIR-requestId","COMPTOIR","requestId","METADONNEE_OU_DERIVE","Création et modification","requestId","Aucun champ de saisie indépendant","Géré par le logiciel ou dérivé","p_request_id","","snp_comptoir_dossiers.last_request_id","Clé de reprise idempotente ; non saisie","NON_APPLICABLE_COMME_SAISIE","","src/services/comptoirService.ts:116","src/services/comptoirService.ts:116","","","A_CONTROLER — correspondance statique relue ; UI_API_BASE_NON_EXECUTE","83f8c74e:src/services/comptoirService.ts:116 (texte identique)","2e2c3ec71c56d2f5576ce3c9ee1a99b9369892bf695a8c80730a44b8d38cbd3d","07ffc71ab9e1320df845694736a3f5af88141431"
"MAP-COMPTOIR-document.metadata","COMPTOIR","document.metadata","METADONNEE_OU_DERIVE","Création et modification","document.metadata","Aucun champ de saisie indépendant","Géré par le logiciel ou dérivé","uploadId,organizationId,documentKind,fileName,mimeType","","snp_comptoir_documents.id / organization_id / kind / file_name / path / mime_type / size_bytes / sha256","Métadonnées dérivées du fichier et du dossier","NON_APPLICABLE_COMME_SAISIE","","src/services/comptoirService.ts:135","src/services/comptoirService.ts:135","","","A_CONTROLER — correspondance statique relue ; UI_API_BASE_NON_EXECUTE","83f8c74e:src/services/comptoirService.ts:135 (texte identique)","2e2c3ec71c56d2f5576ce3c9ee1a99b9369892bf695a8c80730a44b8d38cbd3d","07ffc71ab9e1320df845694736a3f5af88141431"
