"id","portail_id","portail_libelle","role","organisation","module_id","module_code","module_libelle","routes","donnees_visibles","theme","responsable_propose","sources","nb_routes_candidates","niveau_preuve","statut","test_ui","baseline","version_source","limite"
"PM-admin-administration","POR-admin","Administrateur","admin","Profil et organisation autoritatifs; aucun tenant choisi par UI","LOT-administration","administration","Administration","/access/audit | /access/portals | /access/roles | /admin/audit | /admin/messagerie | /admin/messagerie/:uid | /admin/messagerie/nouveau | /admin/modules | /admin/permissions | /admin/settings | /users | /users/:userId | /users/edit | /users/new","Périmètre candidat du registre frontend; RLS/RPC et permissions effectives NON vérifiés","admin; primary=#00513D; sidebar=#10352F; prescrit=true","Lot administration et IAM","src/PrivateApp.tsx:1013 | src/PrivateApp.tsx:1022 | src/PrivateApp.tsx:1031 | src/PrivateApp.tsx:1040 | src/PrivateApp.tsx:1067 | src/PrivateApp.tsx:1076 | src/PrivateApp.tsx:1077 | src/PrivateApp.tsx:1078 | src/PrivateApp.tsx:1098 | src/PrivateApp.tsx:1188 | src/PrivateApp.tsx:1203 | src/PrivateApp.tsx:1212 | src/PrivateApp.tsx:1221 | src/PrivateApp.tsx:1230 | src/components/layout/portalThemes.ts | src/lib/platformModuleCatalog.ts | src/lib/routeAccessRegistry.ts","14","DETECTION_AUTOMATIQUE; identité des 13 types relue statiquement; couples modules non audités","À INVENTORIER","NON EXÉCUTÉ","83f8c74e","83f8c74ea83c81a2734ef9e086c2edd211573ebe","Association de politique ≠ accès réel; admin module_codes et Owner transversal hors liste brute; aucune validation UI/serveur"
"PM-admin-analytics","POR-admin","Administrateur","admin","Profil et organisation autoritatifs; aucun tenant choisi par UI","LOT-analytics","analytics","Performance nationale","/analytics | /analytics/national","Périmètre candidat du registre frontend; RLS/RPC et permissions effectives NON vérifiés","admin; primary=#00513D; sidebar=#10352F; prescrit=true","Lot analytics","src/PrivateApp.tsx:1590 | src/PrivateApp.tsx:1599 | src/components/layout/portalThemes.ts | src/lib/platformModuleCatalog.ts | src/lib/routeAccessRegistry.ts","2","DETECTION_AUTOMATIQUE; identité des 13 types relue statiquement; couples modules non audités","À INVENTORIER","NON EXÉCUTÉ","83f8c74e","83f8c74ea83c81a2734ef9e086c2edd211573ebe","Association de politique ≠ accès réel; admin module_codes et Owner transversal hors liste brute; aucune validation UI/serveur"
"PM-admin-artisan_gold_market","POR-admin","Administrateur","admin","Profil et organisation autoritatifs; aucun tenant choisi par UI","LOT-artisan_gold_market","artisan_gold_market","Marché d’or artisanal","/artisan-minier/paiements | /artisan-minier/paiements/:venteId/nouveau | /artisan-minier/paiements/historique | /artisan-minier/paiements/historique/:paiementId | /artisan-minier/rapports | /artisan-minier/rapports/chiffre-affaires | /artisan-minier/rapports/quantites | /artisan-minier/rapports/taxes | /artisan-minier/ventes-or | /artisan-minier/ventes-or/:id | /artisan-minier/ventes-or/:id/facture | /artisan-minier/ventes-or/:id/modifier | /artisan-minier/ventes-or/nouvelle | /collecte/ventes | /collecte/ventes/nouvelle","Périmètre candidat du registre frontend; RLS/RPC et permissions effectives NON vérifiés","admin; primary=#00513D; sidebar=#10352F; prescrit=true","Lot marché artisanal et paiements","src/PrivateApp.tsx:330 | src/PrivateApp.tsx:331 | src/PrivateApp.tsx:492 | src/PrivateApp.tsx:501 | src/PrivateApp.tsx:510 | src/PrivateApp.tsx:519 | src/PrivateApp.tsx:528 | src/PrivateApp.tsx:537 | src/PrivateApp.tsx:546 | src/PrivateApp.tsx:555 | src/PrivateApp.tsx:564 | src/PrivateApp.tsx:591 | src/PrivateApp.tsx:600 | src/PrivateApp.tsx:609 | src/PrivateApp.tsx:618 | src/components/layout/portalThemes.ts | src/lib/platformModuleCatalog.ts | src/lib/routeAccessRegistry.ts","15","DETECTION_AUTOMATIQUE; identité des 13 types relue statiquement; couples modules non audités","À INVENTORIER","NON EXÉCUTÉ","83f8c74e","83f8c74ea83c81a2734ef9e086c2edd211573ebe","Association de politique ≠ accès réel; admin module_codes et Owner transversal hors liste brute; aucune validation UI/serveur"
"PM-admin-artisan-minier","POR-admin","Administrateur","admin","Profil et organisation autoritatifs; aucun tenant choisi par UI","LOT-artisan-minier","artisan-minier","Artisans miniers","/artisan-minier | /artisan-minier/:artisanId/infractions/:infractionId | /artisan-minier/:artisanId/infractions/:infractionId/modifier | /artisan-minier/:artisanId/infractions/nouvelle | /artisan-minier/:id | /artisan-minier/:id/edit | /artisan-minier/cartes/expirations | /artisan-minier/cartes/suivi | /artisan-minier/cartes/validation | /artisan-minier/collecteurs | /artisan-minier/collecteurs/:id | /artisan-minier/collecteurs/:id/modifier | /artisan-minier/collecteurs/nouveau | /artisan-minier/comptoirs | /artisan-minier/comptoirs/:id | /artisan-minier/comptoirs/:id/modifier | /artisan-minier/comptoirs/nouveau | /artisan-minier/liste","Périmètre candidat du registre frontend; RLS/RPC et permissions effectives NON vérifiés","admin; primary=#00513D; sidebar=#10352F; prescrit=true","Lot artisans et affiliations","src/PrivateApp.tsx:322 | src/PrivateApp.tsx:323 | src/PrivateApp.tsx:324 | src/PrivateApp.tsx:325 | src/PrivateApp.tsx:326 | src/PrivateApp.tsx:327 | src/PrivateApp.tsx:328 | src/PrivateApp.tsx:329 | src/PrivateApp.tsx:429 | src/PrivateApp.tsx:438 | src/PrivateApp.tsx:447 | src/PrivateApp.tsx:456 | src/PrivateApp.tsx:465 | src/PrivateApp.tsx:474 | src/PrivateApp.tsx:483 | src/PrivateApp.tsx:573 | src/PrivateApp.tsx:582 | src/PrivateApp.tsx:627 | src/components/layout/portalThemes.ts | src/lib/platformModuleCatalog.ts | src/lib/routeAccessRegistry.ts","18","DETECTION_AUTOMATIQUE; identité des 13 types relue statiquement; couples modules non audités","À INVENTORIER","NON EXÉCUTÉ","83f8c74e","83f8c74ea83c81a2734ef9e086c2edd211573ebe","Association de politique ≠ accès réel; admin module_codes et Owner transversal hors liste brute; aucune validation UI/serveur"
"PM-admin-conciliation","POR-admin","Administrateur","admin","Profil et organisation autoritatifs; aucun tenant choisi par UI","LOT-conciliation","conciliation","Conciliation","/conciliation | /conciliation/:id | /conciliation/regles-fiscales","Périmètre candidat du registre frontend; RLS/RPC et permissions effectives NON vérifiés","admin; primary=#00513D; sidebar=#10352F; prescrit=true","Lot conciliation","src/PrivateApp.tsx:840 | src/PrivateApp.tsx:851 | src/PrivateApp.tsx:862 | src/components/layout/portalThemes.ts | src/lib/platformModuleCatalog.ts | src/lib/routeAccessRegistry.ts","3","DETECTION_AUTOMATIQUE; identité des 13 types relue statiquement; couples modules non audités","À INVENTORIER","NON EXÉCUTÉ","83f8c74e","83f8c74ea83c81a2734ef9e086c2edd211573ebe","Association de politique ≠ accès réel; admin module_codes et Owner transversal hors liste brute; aucune validation UI/serveur"
"PM-admin-dashboard","POR-admin","Administrateur","admin","Profil et organisation autoritatifs; aucun tenant choisi par UI","LOT-dashboard","dashboard","Tableau de bord","/dashboard | /dashboard/airport | /dashboard/customer | /dashboard/factory | /dashboard/management | /dashboard/production-modern | /dashboard/refinery","Périmètre candidat du registre frontend; RLS/RPC et permissions effectives NON vérifiés","admin; primary=#00513D; sidebar=#10352F; prescrit=true","Lot pilotage national","src/PrivateApp.tsx:1797 | src/PrivateApp.tsx:1806 | src/PrivateApp.tsx:1815 | src/PrivateApp.tsx:1824 | src/PrivateApp.tsx:1833 | src/PrivateApp.tsx:411 | src/PrivateApp.tsx:420 | src/components/layout/portalThemes.ts | src/lib/platformModuleCatalog.ts | src/lib/routeAccessRegistry.ts","7","DETECTION_AUTOMATIQUE; identité des 13 types relue statiquement; couples modules non audités","À INVENTORIER","NON EXÉCUTÉ","83f8c74e","83f8c74ea83c81a2734ef9e086c2edd211573ebe","Association de politique ≠ accès réel; admin module_codes et Owner transversal hors liste brute; aucune validation UI/serveur"
"PM-admin-documents","POR-admin","Administrateur","admin","Profil et organisation autoritatifs; aucun tenant choisi par UI","LOT-documents","documents","Documents","/documents/assay-certificates","Périmètre candidat du registre frontend; RLS/RPC et permissions effectives NON vérifiés","admin; primary=#00513D; sidebar=#10352F; prescrit=true","Lot documents","src/PrivateApp.tsx:1374 | src/components/layout/portalThemes.ts | src/lib/platformModuleCatalog.ts | src/lib/routeAccessRegistry.ts","1","DETECTION_AUTOMATIQUE; identité des 13 types relue statiquement; couples modules non audités","À INVENTORIER","NON EXÉCUTÉ","83f8c74e","83f8c74ea83c81a2734ef9e086c2edd211573ebe","Association de politique ≠ accès réel; admin module_codes et Owner transversal hors liste brute; aucune validation UI/serveur"
"PM-admin-gold_inventory","POR-admin","Administrateur","admin","Profil et organisation autoritatifs; aucun tenant choisi par UI","LOT-gold_inventory","gold_inventory","Suivi des stocks","/inventory | /inventory/add | /inventory/silver","Périmètre candidat du registre frontend; RLS/RPC et permissions effectives NON vérifiés","admin; primary=#00513D; sidebar=#10352F; prescrit=true","Lot stocks","src/PrivateApp.tsx:1383 | src/PrivateApp.tsx:636 | src/PrivateApp.tsx:645 | src/components/layout/portalThemes.ts | src/lib/platformModuleCatalog.ts | src/lib/routeAccessRegistry.ts","3","DETECTION_AUTOMATIQUE; identité des 13 types relue statiquement; couples modules non audités","À INVENTORIER","NON EXÉCUTÉ","83f8c74e","83f8c74ea83c81a2734ef9e086c2edd211573ebe","Association de politique ≠ accès réel; admin module_codes et Owner transversal hors liste brute; aucune validation UI/serveur"
"PM-admin-gold_purchases","POR-admin","Administrateur","admin","Profil et organisation autoritatifs; aucun tenant choisi par UI","LOT-gold_purchases","gold_purchases","Achats d’or","/achats/comptes | /achats/comptes-paiements | /achats/demandes | /achats/plans | /achats/plans/:id | /achats/reglements | /achats/reglements/nouveau | /contrats | /contrats/:id | /contrats/:id/modifier | /contrats/nouveau | /contrats/pilotage | /requisitions | /requisitions/:id | /requisitions/:id/modifier | /requisitions/nouvelle","Périmètre candidat du registre frontend; RLS/RPC et permissions effectives NON vérifiés","admin; primary=#00513D; sidebar=#10352F; prescrit=true","Lot achats et contrats","src/PrivateApp.tsx:793 | src/PrivateApp.tsx:797 | src/PrivateApp.tsx:801 | src/PrivateApp.tsx:805 | src/PrivateApp.tsx:816 | src/PrivateApp.tsx:827 | src/PrivateApp.tsx:831 | src/PrivateApp.tsx:873 | src/PrivateApp.tsx:884 | src/PrivateApp.tsx:895 | src/PrivateApp.tsx:906 | src/PrivateApp.tsx:917 | src/PrivateApp.tsx:929 | src/PrivateApp.tsx:940 | src/PrivateApp.tsx:951 | src/PrivateApp.tsx:962 | src/components/layout/portalThemes.ts | src/lib/platformModuleCatalog.ts | src/lib/routeAccessRegistry.ts","16","DETECTION_AUTOMATIQUE; identité des 13 types relue statiquement; couples modules non audités","À INVENTORIER","NON EXÉCUTÉ","83f8c74e","83f8c74ea83c81a2734ef9e086c2edd211573ebe","Association de politique ≠ accès réel; admin module_codes et Owner transversal hors liste brute; aucune validation UI/serveur"
"PM-admin-international_markets","POR-admin","Administrateur","admin","Profil et organisation autoritatifs; aucun tenant choisi par UI","LOT-international_markets","international_markets","Marchés internationaux","/fx-rates | /gold-prices | /sales/simulations | /sales/simulator | /sales/trade-space","Périmètre candidat du registre frontend; RLS/RPC et permissions effectives NON vérifiés","admin; primary=#00513D; sidebar=#10352F; prescrit=true","Lot international_markets","src/PrivateApp.tsx:1239 | src/PrivateApp.tsx:1248 | src/PrivateApp.tsx:1451 | src/PrivateApp.tsx:1460 | src/PrivateApp.tsx:1469 | src/components/layout/portalThemes.ts | src/lib/platformModuleCatalog.ts | src/lib/routeAccessRegistry.ts","5","DETECTION_AUTOMATIQUE; identité des 13 types relue statiquement; couples modules non audités","À INVENTORIER","NON EXÉCUTÉ","83f8c74e","83f8c74ea83c81a2734ef9e086c2edd211573ebe","Association de politique ≠ accès réel; admin module_codes et Owner transversal hors liste brute; aucune validation UI/serveur"
"PM-admin-mining_sites","POR-admin","Administrateur","admin","Profil et organisation autoritatifs; aucun tenant choisi par UI","LOT-mining_sites","mining_sites","Sites artisanaux","/artisan-sites | /artisan-sites/:siteId | /artisan-sites/:siteId/modifier | /artisan-sites/nouveau | /artisan-sites/production","Périmètre candidat du registre frontend; RLS/RPC et permissions effectives NON vérifiés","admin; primary=#00513D; sidebar=#10352F; prescrit=true","Lot sites artisanaux","src/PrivateApp.tsx:744 | src/PrivateApp.tsx:753 | src/PrivateApp.tsx:754 | src/PrivateApp.tsx:763 | src/PrivateApp.tsx:772 | src/components/layout/portalThemes.ts | src/lib/platformModuleCatalog.ts | src/lib/routeAccessRegistry.ts","5","DETECTION_AUTOMATIQUE; identité des 13 types relue statiquement; couples modules non audités","À INVENTORIER","NON EXÉCUTÉ","83f8c74e","83f8c74ea83c81a2734ef9e086c2edd211573ebe","Association de politique ≠ accès réel; admin module_codes et Owner transversal hors liste brute; aucune validation UI/serveur"
"PM-admin-national_reserve","POR-admin","Administrateur","admin","Profil et organisation autoritatifs; aucun tenant choisi par UI","LOT-national_reserve","national_reserve","Réserve nationale","/national-reserve | /national-reserve/allocations | /national-reserve/allocations/:id | /national-reserve/allocations/:id/edit | /national-reserve/allocations/new | /national-reserve/audit | /national-reserve/controls | /national-reserve/physical | /national-reserve/valuation","Périmètre candidat du registre frontend; RLS/RPC et permissions effectives NON vérifiés","admin; primary=#00513D; sidebar=#10352F; prescrit=true","Lot réserve nationale","src/PrivateApp.tsx:654 | src/PrivateApp.tsx:663 | src/PrivateApp.tsx:672 | src/PrivateApp.tsx:681 | src/PrivateApp.tsx:690 | src/PrivateApp.tsx:699 | src/PrivateApp.tsx:708 | src/PrivateApp.tsx:717 | src/PrivateApp.tsx:726 | src/components/layout/portalThemes.ts | src/lib/platformModuleCatalog.ts | src/lib/routeAccessRegistry.ts","9","DETECTION_AUTOMATIQUE; identité des 13 types relue statiquement; couples modules non audités","À INVENTORIER","NON EXÉCUTÉ","83f8c74e","83f8c74ea83c81a2734ef9e086c2edd211573ebe","Association de politique ≠ accès réel; admin module_codes et Owner transversal hors liste brute; aucune validation UI/serveur"
"PM-admin-production","POR-admin","Administrateur","admin","Profil et organisation autoritatifs; aucun tenant choisi par UI","LOT-production","production","Collecte de l’or","/performance/budgets | /performance/forecasts | /production/:id | /production/achats-mines | /production/daily | /production/in-safe | /production/licenses | /production/licenses/:id | /production/licenses/edit/:id | /production/licenses/new | /production/licenses/requests","Périmètre candidat du registre frontend; RLS/RPC et permissions effectives NON vérifiés","admin; primary=#00513D; sidebar=#10352F; prescrit=true","Lot production industrielle","src/PrivateApp.tsx:1004 | src/PrivateApp.tsx:1635 | src/PrivateApp.tsx:1644 | src/PrivateApp.tsx:1653 | src/PrivateApp.tsx:1662 | src/PrivateApp.tsx:1671 | src/PrivateApp.tsx:1680 | src/PrivateApp.tsx:781 | src/PrivateApp.tsx:974 | src/PrivateApp.tsx:983 | src/PrivateApp.tsx:992 | src/components/layout/portalThemes.ts | src/lib/platformModuleCatalog.ts | src/lib/routeAccessRegistry.ts","11","DETECTION_AUTOMATIQUE; identité des 13 types relue statiquement; couples modules non audités","À INVENTORIER","NON EXÉCUTÉ","83f8c74e","83f8c74ea83c81a2734ef9e086c2edd211573ebe","Association de politique ≠ accès réel; admin module_codes et Owner transversal hors liste brute; aucune validation UI/serveur"
"PM-admin-production_analytics","POR-admin","Administrateur","admin","Profil et organisation autoritatifs; aucun tenant choisi par UI","LOT-production_analytics","production_analytics","Rapports de production","/analytics/production","Périmètre candidat du registre frontend; RLS/RPC et permissions effectives NON vérifiés","admin; primary=#00513D; sidebar=#10352F; prescrit=true","Lot production_analytics","src/PrivateApp.tsx:1617 | src/components/layout/portalThemes.ts | src/lib/platformModuleCatalog.ts | src/lib/routeAccessRegistry.ts","1","DETECTION_AUTOMATIQUE; identité des 13 types relue statiquement; couples modules non audités","À INVENTORIER","NON EXÉCUTÉ","83f8c74e","83f8c74ea83c81a2734ef9e086c2edd211573ebe","Association de politique ≠ accès réel; admin module_codes et Owner transversal hors liste brute; aucune validation UI/serveur"
"PM-admin-public-et-alias","POR-admin","Administrateur","admin","Profil et organisation autoritatifs; aucun tenant choisi par UI","LOT-public-et-alias","public-et-alias","public-et-alias","/admin/refineries | /admin/refineries/edit/:id | /admin/refineries/new | /admin/transport-companies | /admin/transport-companies/edit/:id | /admin/transport-companies/new | /admin/users | /admin/users/:userId/permissions | /audit | /sonasp/cessions-comptoirs","Périmètre candidat du registre frontend; RLS/RPC et permissions effectives NON vérifiés","admin; primary=#00513D; sidebar=#10352F; prescrit=true","Lot public-et-alias","src/PrivateApp.tsx:1049 | src/PrivateApp.tsx:1058 | src/PrivateApp.tsx:1116 | src/PrivateApp.tsx:1125 | src/PrivateApp.tsx:1134 | src/PrivateApp.tsx:1143 | src/PrivateApp.tsx:1152 | src/PrivateApp.tsx:1161 | src/PrivateApp.tsx:1788 | src/PrivateApp.tsx:392 | src/components/layout/portalThemes.ts | src/lib/platformModuleCatalog.ts | src/lib/routeAccessRegistry.ts","10","DETECTION_AUTOMATIQUE; identité des 13 types relue statiquement; couples modules non audités","À INVENTORIER","NON EXÉCUTÉ","83f8c74e","83f8c74ea83c81a2734ef9e086c2edd211573ebe","Association de politique ≠ accès réel; admin module_codes et Owner transversal hors liste brute; aucune validation UI/serveur"
"PM-admin-refining","POR-admin","Administrateur","admin","Profil et organisation autoritatifs; aucun tenant choisi par UI","LOT-refining","refining","Raffinage","/refining | /refining/:id/process | /refining/freight-shipments","Périmètre candidat du registre frontend; RLS/RPC et permissions effectives NON vérifiés","admin; primary=#00513D; sidebar=#10352F; prescrit=true","Lot raffinage","src/PrivateApp.tsx:1403 | src/PrivateApp.tsx:1412 | src/PrivateApp.tsx:1421 | src/components/layout/portalThemes.ts | src/lib/platformModuleCatalog.ts | src/lib/routeAccessRegistry.ts","3","DETECTION_AUTOMATIQUE; identité des 13 types relue statiquement; couples modules non audités","À INVENTORIER","NON EXÉCUTÉ","83f8c74e","83f8c74ea83c81a2734ef9e086c2edd211573ebe","Association de politique ≠ accès réel; admin module_codes et Owner transversal hors liste brute; aucune validation UI/serveur"
"PM-admin-reports","POR-admin","Administrateur","admin","Profil et organisation autoritatifs; aucun tenant choisi par UI","LOT-reports","reports","Rapports institutionnels","/reports","Périmètre candidat du registre frontend; RLS/RPC et permissions effectives NON vérifiés","admin; primary=#00513D; sidebar=#10352F; prescrit=true","Lot reports","src/PrivateApp.tsx:1626 | src/components/layout/portalThemes.ts | src/lib/platformModuleCatalog.ts | src/lib/routeAccessRegistry.ts","1","DETECTION_AUTOMATIQUE; identité des 13 types relue statiquement; couples modules non audités","À INVENTORIER","NON EXÉCUTÉ","83f8c74e","83f8c74ea83c81a2734ef9e086c2edd211573ebe","Association de politique ≠ accès réel; admin module_codes et Owner transversal hors liste brute; aucune validation UI/serveur"
"PM-admin-sales","POR-admin","Administrateur","admin","Profil et organisation autoritatifs; aucun tenant choisi par UI","LOT-sales","sales","Vente d’or international","/payments | /payments/:id | /payments/create | /payments/record | /payments/virtual | /sales | /sales/:id | /sales/approve/:saleId | /sales/approve/:saleId/:token | /sales/new","Périmètre candidat du registre frontend; RLS/RPC et permissions effectives NON vérifiés","admin; primary=#00513D; sidebar=#10352F; prescrit=true","Lot ventes internationales et paiements","src/PrivateApp.tsx:1433 | src/PrivateApp.tsx:1442 | src/PrivateApp.tsx:1478 | src/PrivateApp.tsx:1487 | src/PrivateApp.tsx:1496 | src/PrivateApp.tsx:1554 | src/PrivateApp.tsx:1563 | src/PrivateApp.tsx:1572 | src/PrivateApp.tsx:1581 | src/PrivateApp.tsx:735 | src/components/layout/portalThemes.ts | src/lib/platformModuleCatalog.ts | src/lib/routeAccessRegistry.ts","10","DETECTION_AUTOMATIQUE; identité des 13 types relue statiquement; couples modules non audités","À INVENTORIER","NON EXÉCUTÉ","83f8c74e","83f8c74ea83c81a2734ef9e086c2edd211573ebe","Association de politique ≠ accès réel; admin module_codes et Owner transversal hors liste brute; aucune validation UI/serveur"
"PM-admin-sales_analytics","POR-admin","Administrateur","admin","Profil et organisation autoritatifs; aucun tenant choisi par UI","LOT-sales_analytics","sales_analytics","Analyses des ventes","/analytics/ventes","Périmètre candidat du registre frontend; RLS/RPC et permissions effectives NON vérifiés","admin; primary=#00513D; sidebar=#10352F; prescrit=true","Lot sales_analytics","src/PrivateApp.tsx:1608 | src/components/layout/portalThemes.ts | src/lib/platformModuleCatalog.ts | src/lib/routeAccessRegistry.ts","1","DETECTION_AUTOMATIQUE; identité des 13 types relue statiquement; couples modules non audités","À INVENTORIER","NON EXÉCUTÉ","83f8c74e","83f8c74ea83c81a2734ef9e086c2edd211573ebe","Association de politique ≠ accès réel; admin module_codes et Owner transversal hors liste brute; aucune validation UI/serveur"
"PM-admin-settings","POR-admin","Administrateur","admin","Profil et organisation autoritatifs; aucun tenant choisi par UI","LOT-settings","settings","Paramètres","/admin/gold-sales-settings | /admin/status-manager | /admin/workflow | /parameters","Périmètre candidat du registre frontend; RLS/RPC et permissions effectives NON vérifiés","admin; primary=#00513D; sidebar=#10352F; prescrit=true","Lot paramètres","src/PrivateApp.tsx:1080 | src/PrivateApp.tsx:1089 | src/PrivateApp.tsx:1170 | src/PrivateApp.tsx:1179 | src/components/layout/portalThemes.ts | src/lib/platformModuleCatalog.ts | src/lib/routeAccessRegistry.ts","4","DETECTION_AUTOMATIQUE; identité des 13 types relue statiquement; couples modules non audités","À INVENTORIER","NON EXÉCUTÉ","83f8c74e","83f8c74ea83c81a2734ef9e086c2edd211573ebe","Association de politique ≠ accès réel; admin module_codes et Owner transversal hors liste brute; aucune validation UI/serveur"
"PM-admin-shipping","POR-admin","Administrateur","admin","Profil et organisation autoritatifs; aucun tenant choisi par UI","LOT-shipping","shipping","Expéditions","/freight | /freight-customs | /freight-customs/:id | /freight-customs/create | /freight/shipments/:id | /freight/shipments/create | /shipping | /shipping/preparation | /shipping/preparation/:id | /shipping/preparation/:id/details | /shipping/preparation/:id/edit | /shipping/preparation/edit/:id | /shipping/preparation/new","Périmètre candidat du registre frontend; RLS/RPC et permissions effectives NON vérifiés","admin; primary=#00513D; sidebar=#10352F; prescrit=true","Lot expéditions","src/PrivateApp.tsx:1266 | src/PrivateApp.tsx:1275 | src/PrivateApp.tsx:1284 | src/PrivateApp.tsx:1293 | src/PrivateApp.tsx:1302 | src/PrivateApp.tsx:1311 | src/PrivateApp.tsx:1320 | src/PrivateApp.tsx:1329 | src/PrivateApp.tsx:1338 | src/PrivateApp.tsx:1347 | src/PrivateApp.tsx:1356 | src/PrivateApp.tsx:1365 | src/PrivateApp.tsx:1392 | src/components/layout/portalThemes.ts | src/lib/platformModuleCatalog.ts | src/lib/routeAccessRegistry.ts","13","DETECTION_AUTOMATIQUE; identité des 13 types relue statiquement; couples modules non audités","À INVENTORIER","NON EXÉCUTÉ","83f8c74e","83f8c74ea83c81a2734ef9e086c2edd211573ebe","Association de politique ≠ accès réel; admin module_codes et Owner transversal hors liste brute; aucune validation UI/serveur"
"PM-admin-stakeholders","POR-admin","Administrateur","admin","Profil et organisation autoritatifs; aucun tenant choisi par UI","LOT-stakeholders","stakeholders","Parties prenantes","/customers | /customers/:id | /customers/:id/edit | /customers/new | /stakeholders/approvers | /stakeholders/depositors | /stakeholders/depositors/:id/edit | /stakeholders/depositors/new | /stakeholders/freight-companies | /stakeholders/mining-companies | /stakeholders/mining-companies/:id | /stakeholders/mining-companies/:id/edit | /stakeholders/mining-companies/new | /stakeholders/organizations | /stakeholders/organizations/:id/edit | /stakeholders/organizations/new | /stakeholders/refinery-plants","Périmètre candidat du registre frontend; RLS/RPC et permissions effectives NON vérifiés","admin; primary=#00513D; sidebar=#10352F; prescrit=true","Lot référentiels (root pilote Clients)","src/PrivateApp.tsx:1505 | src/PrivateApp.tsx:1516 | src/PrivateApp.tsx:1527 | src/PrivateApp.tsx:1538 | src/PrivateApp.tsx:1689 | src/PrivateApp.tsx:1698 | src/PrivateApp.tsx:1707 | src/PrivateApp.tsx:1716 | src/PrivateApp.tsx:1725 | src/PrivateApp.tsx:1734 | src/PrivateApp.tsx:1743 | src/PrivateApp.tsx:1752 | src/PrivateApp.tsx:1761 | src/PrivateApp.tsx:1770 | src/PrivateApp.tsx:1779 | src/PrivateApp.tsx:1842 | src/PrivateApp.tsx:1851 | src/components/layout/portalThemes.ts | src/lib/platformModuleCatalog.ts | src/lib/routeAccessRegistry.ts","17","DETECTION_AUTOMATIQUE; identité des 13 types relue statiquement; couples modules non audités","À INVENTORIER","NON EXÉCUTÉ","83f8c74e","83f8c74ea83c81a2734ef9e086c2edd211573ebe","Association de politique ≠ accès réel; admin module_codes et Owner transversal hors liste brute; aucune validation UI/serveur"
"PM-admin-transverse","POR-admin","Administrateur","admin","Profil et organisation autoritatifs; aucun tenant choisi par UI","LOT-transverse","transverse","transverse","/help | /profile","Périmètre candidat du registre frontend; RLS/RPC et permissions effectives NON vérifiés","admin; primary=#00513D; sidebar=#10352F; prescrit=true","Lot transverse","src/PrivateApp.tsx:1257 | src/PrivateApp.tsx:278 | src/components/layout/portalThemes.ts | src/lib/platformModuleCatalog.ts | src/lib/routeAccessRegistry.ts","2","DETECTION_AUTOMATIQUE; identité des 13 types relue statiquement; couples modules non audités","À INVENTORIER","NON EXÉCUTÉ","83f8c74e","83f8c74ea83c81a2734ef9e086c2edd211573ebe","Association de politique ≠ accès réel; admin module_codes et Owner transversal hors liste brute; aucune validation UI/serveur"
"PM-airport-dashboard","POR-airport","Expéditions","airport","Profil et organisation autoritatifs; aucun tenant choisi par UI","LOT-dashboard","dashboard","Tableau de bord","/dashboard/airport","Périmètre candidat du registre frontend; RLS/RPC et permissions effectives NON vérifiés","airport; primary=#0F7A56; sidebar=#1B2A3A; prescrit=false","Lot pilotage national","src/PrivateApp.tsx:1815 | src/components/layout/portalThemes.ts | src/lib/platformModuleCatalog.ts | src/lib/routeAccessRegistry.ts","1","DETECTION_AUTOMATIQUE; identité des 13 types relue statiquement; couples modules non audités","À INVENTORIER","NON EXÉCUTÉ","83f8c74e","83f8c74ea83c81a2734ef9e086c2edd211573ebe","Association de politique ≠ accès réel; admin module_codes et Owner transversal hors liste brute; aucune validation UI/serveur"
"PM-airport-documents","POR-airport","Expéditions","airport","Profil et organisation autoritatifs; aucun tenant choisi par UI","LOT-documents","documents","Documents","/documents/assay-certificates","Périmètre candidat du registre frontend; RLS/RPC et permissions effectives NON vérifiés","airport; primary=#0F7A56; sidebar=#1B2A3A; prescrit=false","Lot documents","src/PrivateApp.tsx:1374 | src/components/layout/portalThemes.ts | src/lib/platformModuleCatalog.ts | src/lib/routeAccessRegistry.ts","1","DETECTION_AUTOMATIQUE; identité des 13 types relue statiquement; couples modules non audités","À INVENTORIER","NON EXÉCUTÉ","83f8c74e","83f8c74ea83c81a2734ef9e086c2edd211573ebe","Association de politique ≠ accès réel; admin module_codes et Owner transversal hors liste brute; aucune validation UI/serveur"
"PM-airport-international_markets","POR-airport","Expéditions","airport","Profil et organisation autoritatifs; aucun tenant choisi par UI","LOT-international_markets","international_markets","Marchés internationaux","/fx-rates | /gold-prices","Périmètre candidat du registre frontend; RLS/RPC et permissions effectives NON vérifiés","airport; primary=#0F7A56; sidebar=#1B2A3A; prescrit=false","Lot international_markets","src/PrivateApp.tsx:1239 | src/PrivateApp.tsx:1248 | src/components/layout/portalThemes.ts | src/lib/platformModuleCatalog.ts | src/lib/routeAccessRegistry.ts","2","DETECTION_AUTOMATIQUE; identité des 13 types relue statiquement; couples modules non audités","À INVENTORIER","NON EXÉCUTÉ","83f8c74e","83f8c74ea83c81a2734ef9e086c2edd211573ebe","Association de politique ≠ accès réel; admin module_codes et Owner transversal hors liste brute; aucune validation UI/serveur"
"PM-airport-reports","POR-airport","Expéditions","airport","Profil et organisation autoritatifs; aucun tenant choisi par UI","LOT-reports","reports","Rapports institutionnels","/reports","Périmètre candidat du registre frontend; RLS/RPC et permissions effectives NON vérifiés","airport; primary=#0F7A56; sidebar=#1B2A3A; prescrit=false","Lot reports","src/PrivateApp.tsx:1626 | src/components/layout/portalThemes.ts | src/lib/platformModuleCatalog.ts | src/lib/routeAccessRegistry.ts","1","DETECTION_AUTOMATIQUE; identité des 13 types relue statiquement; couples modules non audités","À INVENTORIER","NON EXÉCUTÉ","83f8c74e","83f8c74ea83c81a2734ef9e086c2edd211573ebe","Association de politique ≠ accès réel; admin module_codes et Owner transversal hors liste brute; aucune validation UI/serveur"
"PM-airport-shipping","POR-airport","Expéditions","airport","Profil et organisation autoritatifs; aucun tenant choisi par UI","LOT-shipping","shipping","Expéditions","/freight | /freight-customs | /freight-customs/:id | /freight-customs/create | /freight/shipments/:id | /freight/shipments/create | /shipping | /shipping/preparation | /shipping/preparation/:id | /shipping/preparation/:id/details | /shipping/preparation/:id/edit | /shipping/preparation/edit/:id | /shipping/preparation/new","Périmètre candidat du registre frontend; RLS/RPC et permissions effectives NON vérifiés","airport; primary=#0F7A56; sidebar=#1B2A3A; prescrit=false","Lot expéditions","src/PrivateApp.tsx:1266 | src/PrivateApp.tsx:1275 | src/PrivateApp.tsx:1284 | src/PrivateApp.tsx:1293 | src/PrivateApp.tsx:1302 | src/PrivateApp.tsx:1311 | src/PrivateApp.tsx:1320 | src/PrivateApp.tsx:1329 | src/PrivateApp.tsx:1338 | src/PrivateApp.tsx:1347 | src/PrivateApp.tsx:1356 | src/PrivateApp.tsx:1365 | src/PrivateApp.tsx:1392 | src/components/layout/portalThemes.ts | src/lib/platformModuleCatalog.ts | src/lib/routeAccessRegistry.ts","13","DETECTION_AUTOMATIQUE; identité des 13 types relue statiquement; couples modules non audités","À INVENTORIER","NON EXÉCUTÉ","83f8c74e","83f8c74ea83c81a2734ef9e086c2edd211573ebe","Association de politique ≠ accès réel; admin module_codes et Owner transversal hors liste brute; aucune validation UI/serveur"
"PM-airport-transverse","POR-airport","Expéditions","airport","Profil et organisation autoritatifs; aucun tenant choisi par UI","LOT-transverse","transverse","transverse","/help | /profile","Périmètre candidat du registre frontend; RLS/RPC et permissions effectives NON vérifiés","airport; primary=#0F7A56; sidebar=#1B2A3A; prescrit=false","Lot transverse","src/PrivateApp.tsx:1257 | src/PrivateApp.tsx:278 | src/components/layout/portalThemes.ts | src/lib/platformModuleCatalog.ts | src/lib/routeAccessRegistry.ts","2","DETECTION_AUTOMATIQUE; identité des 13 types relue statiquement; couples modules non audités","À INVENTORIER","NON EXÉCUTÉ","83f8c74e","83f8c74ea83c81a2734ef9e086c2edd211573ebe","Association de politique ≠ accès réel; admin module_codes et Owner transversal hors liste brute; aucune validation UI/serveur"
"PM-collector-artisan_gold_market","POR-collector","Agent collecteur","collector","organization_id/rattachements autorisés; 2 organismes à tester","LOT-artisan_gold_market","artisan_gold_market","Marché d’or artisanal","/artisan-minier/paiements/:venteId/nouveau | /artisan-minier/paiements/historique | /artisan-minier/paiements/historique/:paiementId | /artisan-minier/rapports/taxes | /artisan-minier/ventes-or | /artisan-minier/ventes-or/:id | /collecte/ventes | /collecte/ventes/nouvelle","Périmètre candidat du registre frontend; RLS/RPC et permissions effectives NON vérifiés","collector; primary=#8B431F; sidebar=#402B25; prescrit=true","Lot marché artisanal et paiements","src/PrivateApp.tsx:330 | src/PrivateApp.tsx:331 | src/PrivateApp.tsx:492 | src/PrivateApp.tsx:510 | src/PrivateApp.tsx:546 | src/PrivateApp.tsx:555 | src/PrivateApp.tsx:564 | src/PrivateApp.tsx:618 | src/components/layout/portalThemes.ts | src/lib/platformModuleCatalog.ts | src/lib/routeAccessRegistry.ts","8","DETECTION_AUTOMATIQUE; identité des 13 types relue statiquement; couples modules non audités","À INVENTORIER","NON EXÉCUTÉ","83f8c74e","83f8c74ea83c81a2734ef9e086c2edd211573ebe","Association de politique ≠ accès réel; admin module_codes et Owner transversal hors liste brute; aucune validation UI/serveur"
"PM-collector-artisan-minier","POR-collector","Agent collecteur","collector","organization_id/rattachements autorisés; 2 organismes à tester","LOT-artisan-minier","artisan-minier","Artisans miniers","/artisan-minier/:id | /artisan-minier/collecteurs | /artisan-minier/collecteurs/:id | /artisan-minier/liste","Périmètre candidat du registre frontend; RLS/RPC et permissions effectives NON vérifiés","collector; primary=#8B431F; sidebar=#402B25; prescrit=true","Lot artisans et affiliations","src/PrivateApp.tsx:322 | src/PrivateApp.tsx:323 | src/PrivateApp.tsx:438 | src/PrivateApp.tsx:456 | src/components/layout/portalThemes.ts | src/lib/platformModuleCatalog.ts | src/lib/routeAccessRegistry.ts","4","DETECTION_AUTOMATIQUE; identité des 13 types relue statiquement; couples modules non audités","À INVENTORIER","NON EXÉCUTÉ","83f8c74e","83f8c74ea83c81a2734ef9e086c2edd211573ebe","Association de politique ≠ accès réel; admin module_codes et Owner transversal hors liste brute; aucune validation UI/serveur"
"PM-collector-portal-collector","POR-collector","Agent collecteur","collector","organization_id/rattachements autorisés; 2 organismes à tester","LOT-portal-collector","portal-collector","portal-collector","/portail-collecteur | /portail-collecteur/documents | /portail-collecteur/stock","Périmètre candidat du registre frontend; RLS/RPC et permissions effectives NON vérifiés","collector; primary=#8B431F; sidebar=#402B25; prescrit=true","Lot portal-collector","src/PrivateApp.tsx:332 | src/PrivateApp.tsx:342 | src/PrivateApp.tsx:352 | src/components/layout/portalThemes.ts | src/lib/platformModuleCatalog.ts | src/lib/routeAccessRegistry.ts","3","DETECTION_AUTOMATIQUE; identité des 13 types relue statiquement; couples modules non audités","À INVENTORIER","NON EXÉCUTÉ","83f8c74e","83f8c74ea83c81a2734ef9e086c2edd211573ebe","Association de politique ≠ accès réel; admin module_codes et Owner transversal hors liste brute; aucune validation UI/serveur"
"PM-collector-transverse","POR-collector","Agent collecteur","collector","organization_id/rattachements autorisés; 2 organismes à tester","LOT-transverse","transverse","transverse","/help | /profile","Périmètre candidat du registre frontend; RLS/RPC et permissions effectives NON vérifiés","collector; primary=#8B431F; sidebar=#402B25; prescrit=true","Lot transverse","src/PrivateApp.tsx:1257 | src/PrivateApp.tsx:278 | src/components/layout/portalThemes.ts | src/lib/platformModuleCatalog.ts | src/lib/routeAccessRegistry.ts","2","DETECTION_AUTOMATIQUE; identité des 13 types relue statiquement; couples modules non audités","À INVENTORIER","NON EXÉCUTÉ","83f8c74e","83f8c74ea83c81a2734ef9e086c2edd211573ebe","Association de politique ≠ accès réel; admin module_codes et Owner transversal hors liste brute; aucune validation UI/serveur"
"PM-comptoir-artisan_gold_market","POR-comptoir","Comptoir","comptoir","organization_id/rattachements autorisés; 2 organismes à tester","LOT-artisan_gold_market","artisan_gold_market","Marché d’or artisanal","/artisan-minier/paiements | /artisan-minier/paiements/:venteId/nouveau | /artisan-minier/paiements/historique | /artisan-minier/paiements/historique/:paiementId | /artisan-minier/rapports | /artisan-minier/rapports/chiffre-affaires | /artisan-minier/rapports/quantites | /artisan-minier/rapports/taxes | /artisan-minier/ventes-or | /artisan-minier/ventes-or/:id | /artisan-minier/ventes-or/:id/facture | /artisan-minier/ventes-or/:id/modifier | /artisan-minier/ventes-or/nouvelle | /collecte/ventes","Périmètre candidat du registre frontend; RLS/RPC et permissions effectives NON vérifiés","comptoir; primary=#284972; sidebar=#202F46; prescrit=true","Lot marché artisanal et paiements","src/PrivateApp.tsx:330 | src/PrivateApp.tsx:492 | src/PrivateApp.tsx:501 | src/PrivateApp.tsx:510 | src/PrivateApp.tsx:519 | src/PrivateApp.tsx:528 | src/PrivateApp.tsx:537 | src/PrivateApp.tsx:546 | src/PrivateApp.tsx:555 | src/PrivateApp.tsx:564 | src/PrivateApp.tsx:591 | src/PrivateApp.tsx:600 | src/PrivateApp.tsx:609 | src/PrivateApp.tsx:618 | src/components/layout/portalThemes.ts | src/lib/platformModuleCatalog.ts | src/lib/routeAccessRegistry.ts","14","DETECTION_AUTOMATIQUE; identité des 13 types relue statiquement; couples modules non audités","À INVENTORIER","NON EXÉCUTÉ","83f8c74e","83f8c74ea83c81a2734ef9e086c2edd211573ebe","Association de politique ≠ accès réel; admin module_codes et Owner transversal hors liste brute; aucune validation UI/serveur"
"PM-comptoir-artisan-minier","POR-comptoir","Comptoir","comptoir","organization_id/rattachements autorisés; 2 organismes à tester","LOT-artisan-minier","artisan-minier","Artisans miniers","/artisan-minier/:id | /artisan-minier/collecteurs | /artisan-minier/collecteurs/:id | /artisan-minier/liste","Périmètre candidat du registre frontend; RLS/RPC et permissions effectives NON vérifiés","comptoir; primary=#284972; sidebar=#202F46; prescrit=true","Lot artisans et affiliations","src/PrivateApp.tsx:322 | src/PrivateApp.tsx:323 | src/PrivateApp.tsx:438 | src/PrivateApp.tsx:456 | src/components/layout/portalThemes.ts | src/lib/platformModuleCatalog.ts | src/lib/routeAccessRegistry.ts","4","DETECTION_AUTOMATIQUE; identité des 13 types relue statiquement; couples modules non audités","À INVENTORIER","NON EXÉCUTÉ","83f8c74e","83f8c74ea83c81a2734ef9e086c2edd211573ebe","Association de politique ≠ accès réel; admin module_codes et Owner transversal hors liste brute; aucune validation UI/serveur"
"PM-comptoir-portal-comptoir","POR-comptoir","Comptoir","comptoir","organization_id/rattachements autorisés; 2 organismes à tester","LOT-portal-comptoir","portal-comptoir","portal-comptoir","/portail-comptoir | /portail-comptoir/stock | /portail-comptoir/ventes-sonasp","Périmètre candidat du registre frontend; RLS/RPC et permissions effectives NON vérifiés","comptoir; primary=#284972; sidebar=#202F46; prescrit=true","Lot portal-comptoir","src/PrivateApp.tsx:362 | src/PrivateApp.tsx:372 | src/PrivateApp.tsx:382 | src/components/layout/portalThemes.ts | src/lib/platformModuleCatalog.ts | src/lib/routeAccessRegistry.ts","3","DETECTION_AUTOMATIQUE; identité des 13 types relue statiquement; couples modules non audités","À INVENTORIER","NON EXÉCUTÉ","83f8c74e","83f8c74ea83c81a2734ef9e086c2edd211573ebe","Association de politique ≠ accès réel; admin module_codes et Owner transversal hors liste brute; aucune validation UI/serveur"
"PM-comptoir-transverse","POR-comptoir","Comptoir","comptoir","organization_id/rattachements autorisés; 2 organismes à tester","LOT-transverse","transverse","transverse","/help | /profile","Périmètre candidat du registre frontend; RLS/RPC et permissions effectives NON vérifiés","comptoir; primary=#284972; sidebar=#202F46; prescrit=true","Lot transverse","src/PrivateApp.tsx:1257 | src/PrivateApp.tsx:278 | src/components/layout/portalThemes.ts | src/lib/platformModuleCatalog.ts | src/lib/routeAccessRegistry.ts","2","DETECTION_AUTOMATIQUE; identité des 13 types relue statiquement; couples modules non audités","À INVENTORIER","NON EXÉCUTÉ","83f8c74e","83f8c74ea83c81a2734ef9e086c2edd211573ebe","Association de politique ≠ accès réel; admin module_codes et Owner transversal hors liste brute; aucune validation UI/serveur"
"PM-customer-dashboard","POR-customer","Client","customer","Profil et organisation autoritatifs; aucun tenant choisi par UI","LOT-dashboard","dashboard","Tableau de bord","/dashboard/customer","Périmètre candidat du registre frontend; RLS/RPC et permissions effectives NON vérifiés","customer; primary=#475A6A; sidebar=#29353F; prescrit=true","Lot pilotage national","src/PrivateApp.tsx:1833 | src/components/layout/portalThemes.ts | src/lib/platformModuleCatalog.ts | src/lib/routeAccessRegistry.ts","1","DETECTION_AUTOMATIQUE; identité des 13 types relue statiquement; couples modules non audités","À INVENTORIER","NON EXÉCUTÉ","83f8c74e","83f8c74ea83c81a2734ef9e086c2edd211573ebe","Association de politique ≠ accès réel; admin module_codes et Owner transversal hors liste brute; aucune validation UI/serveur"
"PM-customer-international_markets","POR-customer","Client","customer","Profil et organisation autoritatifs; aucun tenant choisi par UI","LOT-international_markets","international_markets","Marchés internationaux","/fx-rates | /gold-prices","Périmètre candidat du registre frontend; RLS/RPC et permissions effectives NON vérifiés","customer; primary=#475A6A; sidebar=#29353F; prescrit=true","Lot international_markets","src/PrivateApp.tsx:1239 | src/PrivateApp.tsx:1248 | src/components/layout/portalThemes.ts | src/lib/platformModuleCatalog.ts | src/lib/routeAccessRegistry.ts","2","DETECTION_AUTOMATIQUE; identité des 13 types relue statiquement; couples modules non audités","À INVENTORIER","NON EXÉCUTÉ","83f8c74e","83f8c74ea83c81a2734ef9e086c2edd211573ebe","Association de politique ≠ accès réel; admin module_codes et Owner transversal hors liste brute; aucune validation UI/serveur"
"PM-customer-reports","POR-customer","Client","customer","Profil et organisation autoritatifs; aucun tenant choisi par UI","LOT-reports","reports","Rapports institutionnels","/reports","Périmètre candidat du registre frontend; RLS/RPC et permissions effectives NON vérifiés","customer; primary=#475A6A; sidebar=#29353F; prescrit=true","Lot reports","src/PrivateApp.tsx:1626 | src/components/layout/portalThemes.ts | src/lib/platformModuleCatalog.ts | src/lib/routeAccessRegistry.ts","1","DETECTION_AUTOMATIQUE; identité des 13 types relue statiquement; couples modules non audités","À INVENTORIER","NON EXÉCUTÉ","83f8c74e","83f8c74ea83c81a2734ef9e086c2edd211573ebe","Association de politique ≠ accès réel; admin module_codes et Owner transversal hors liste brute; aucune validation UI/serveur"
"PM-customer-sales","POR-customer","Client","customer","Profil et organisation autoritatifs; aucun tenant choisi par UI","LOT-sales","sales","Vente d’or international","/payments | /payments/:id | /payments/create | /payments/record | /payments/virtual | /sales | /sales/:id | /sales/approve/:saleId | /sales/approve/:saleId/:token","Périmètre candidat du registre frontend; RLS/RPC et permissions effectives NON vérifiés","customer; primary=#475A6A; sidebar=#29353F; prescrit=true","Lot ventes internationales et paiements","src/PrivateApp.tsx:1433 | src/PrivateApp.tsx:1478 | src/PrivateApp.tsx:1487 | src/PrivateApp.tsx:1496 | src/PrivateApp.tsx:1554 | src/PrivateApp.tsx:1563 | src/PrivateApp.tsx:1572 | src/PrivateApp.tsx:1581 | src/PrivateApp.tsx:735 | src/components/layout/portalThemes.ts | src/lib/platformModuleCatalog.ts | src/lib/routeAccessRegistry.ts","9","DETECTION_AUTOMATIQUE; identité des 13 types relue statiquement; couples modules non audités","À INVENTORIER","NON EXÉCUTÉ","83f8c74e","83f8c74ea83c81a2734ef9e086c2edd211573ebe","Association de politique ≠ accès réel; admin module_codes et Owner transversal hors liste brute; aucune validation UI/serveur"
"PM-customer-transverse","POR-customer","Client","customer","Profil et organisation autoritatifs; aucun tenant choisi par UI","LOT-transverse","transverse","transverse","/help | /profile","Périmètre candidat du registre frontend; RLS/RPC et permissions effectives NON vérifiés","customer; primary=#475A6A; sidebar=#29353F; prescrit=true","Lot transverse","src/PrivateApp.tsx:1257 | src/PrivateApp.tsx:278 | src/components/layout/portalThemes.ts | src/lib/platformModuleCatalog.ts | src/lib/routeAccessRegistry.ts","2","DETECTION_AUTOMATIQUE; identité des 13 types relue statiquement; couples modules non audités","À INVENTORIER","NON EXÉCUTÉ","83f8c74e","83f8c74ea83c81a2734ef9e086c2edd211573ebe","Association de politique ≠ accès réel; admin module_codes et Owner transversal hors liste brute; aucune validation UI/serveur"
"PM-dgi-artisan_gold_market","POR-dgi","Finances · DGI","dgi","organization_id + organization_type=dgi","LOT-artisan_gold_market","artisan_gold_market","Marché d’or artisanal","/artisan-minier/rapports/taxes | /artisan-minier/ventes-or | /artisan-minier/ventes-or/:id | /portail-dgi/paiements","Périmètre candidat du registre frontend; RLS/RPC et permissions effectives NON vérifiés","dgi; primary=#0B665C; sidebar=#123C3C; prescrit=true","Lot marché artisanal et paiements","src/PrivateApp.tsx:314 | src/PrivateApp.tsx:492 | src/PrivateApp.tsx:510 | src/PrivateApp.tsx:618 | src/components/layout/portalThemes.ts | src/lib/platformModuleCatalog.ts | src/lib/routeAccessRegistry.ts","4","DETECTION_AUTOMATIQUE; identité des 13 types relue statiquement; couples modules non audités","À INVENTORIER","NON EXÉCUTÉ","83f8c74e","83f8c74ea83c81a2734ef9e086c2edd211573ebe","Association de politique ≠ accès réel; admin module_codes et Owner transversal hors liste brute; aucune validation UI/serveur"
"PM-dgi-conciliation","POR-dgi","Finances · DGI","dgi","organization_id + organization_type=dgi","LOT-conciliation","conciliation","Conciliation","/conciliation | /conciliation/:id | /conciliation/regles-fiscales","Périmètre candidat du registre frontend; RLS/RPC et permissions effectives NON vérifiés","dgi; primary=#0B665C; sidebar=#123C3C; prescrit=true","Lot conciliation","src/PrivateApp.tsx:840 | src/PrivateApp.tsx:851 | src/PrivateApp.tsx:862 | src/components/layout/portalThemes.ts | src/lib/platformModuleCatalog.ts | src/lib/routeAccessRegistry.ts","3","DETECTION_AUTOMATIQUE; identité des 13 types relue statiquement; couples modules non audités","À INVENTORIER","NON EXÉCUTÉ","83f8c74e","83f8c74ea83c81a2734ef9e086c2edd211573ebe","Association de politique ≠ accès réel; admin module_codes et Owner transversal hors liste brute; aucune validation UI/serveur"
"PM-dgi-portal-dgi","POR-dgi","Finances · DGI","dgi","organization_id + organization_type=dgi","LOT-portal-dgi","portal-dgi","portal-dgi","/portail-dgi | /portail-dgi/*","Périmètre candidat du registre frontend; RLS/RPC et permissions effectives NON vérifiés","dgi; primary=#0B665C; sidebar=#123C3C; prescrit=true","Lot portal-dgi","src/PrivateApp.tsx:306 | src/components/layout/portalThemes.ts | src/lib/platformModuleCatalog.ts | src/lib/routeAccessRegistry.ts | src/lib/routeAccessRegistry.ts:112","2","DETECTION_AUTOMATIQUE; identité des 13 types relue statiquement; couples modules non audités","À INVENTORIER","NON EXÉCUTÉ","83f8c74e","83f8c74ea83c81a2734ef9e086c2edd211573ebe","Association de politique ≠ accès réel; admin module_codes et Owner transversal hors liste brute; aucune validation UI/serveur"
"PM-dgi-production","POR-dgi","Finances · DGI","dgi","organization_id + organization_type=dgi","LOT-production","production","Collecte de l’or","/production/:id | /production/daily | /production/in-safe","Périmètre candidat du registre frontend; RLS/RPC et permissions effectives NON vérifiés","dgi; primary=#0B665C; sidebar=#123C3C; prescrit=true","Lot production industrielle","src/PrivateApp.tsx:1635 | src/PrivateApp.tsx:1644 | src/PrivateApp.tsx:974 | src/components/layout/portalThemes.ts | src/lib/platformModuleCatalog.ts | src/lib/routeAccessRegistry.ts","3","DETECTION_AUTOMATIQUE; identité des 13 types relue statiquement; couples modules non audités","À INVENTORIER","NON EXÉCUTÉ","83f8c74e","83f8c74ea83c81a2734ef9e086c2edd211573ebe","Association de politique ≠ accès réel; admin module_codes et Owner transversal hors liste brute; aucune validation UI/serveur"
"PM-dgi-transverse","POR-dgi","Finances · DGI","dgi","organization_id + organization_type=dgi","LOT-transverse","transverse","transverse","/help | /profile","Périmètre candidat du registre frontend; RLS/RPC et permissions effectives NON vérifiés","dgi; primary=#0B665C; sidebar=#123C3C; prescrit=true","Lot transverse","src/PrivateApp.tsx:1257 | src/PrivateApp.tsx:278 | src/components/layout/portalThemes.ts | src/lib/platformModuleCatalog.ts | src/lib/routeAccessRegistry.ts","2","DETECTION_AUTOMATIQUE; identité des 13 types relue statiquement; couples modules non audités","À INVENTORIER","NON EXÉCUTÉ","83f8c74e","83f8c74ea83c81a2734ef9e086c2edd211573ebe","Association de politique ≠ accès réel; admin module_codes et Owner transversal hors liste brute; aucune validation UI/serveur"
"PM-dgmg-artisan_gold_market","POR-dgmg","Mines · DGMG","dgmg","organization_id + organization_type=dgmg","LOT-artisan_gold_market","artisan_gold_market","Marché d’or artisanal","/collecte/ventes","Périmètre candidat du registre frontend; RLS/RPC et permissions effectives NON vérifiés","dgmg; primary=#1F5070; sidebar=#153447; prescrit=true","Lot marché artisanal et paiements","src/PrivateApp.tsx:330 | src/components/layout/portalThemes.ts | src/lib/platformModuleCatalog.ts | src/lib/routeAccessRegistry.ts","1","DETECTION_AUTOMATIQUE; identité des 13 types relue statiquement; couples modules non audités","À INVENTORIER","NON EXÉCUTÉ","83f8c74e","83f8c74ea83c81a2734ef9e086c2edd211573ebe","Association de politique ≠ accès réel; admin module_codes et Owner transversal hors liste brute; aucune validation UI/serveur"
"PM-dgmg-artisan-minier","POR-dgmg","Mines · DGMG","dgmg","organization_id + organization_type=dgmg","LOT-artisan-minier","artisan-minier","Artisans miniers","/artisan-minier/:id | /artisan-minier/:id/edit | /artisan-minier/collecteurs | /artisan-minier/collecteurs/:id | /artisan-minier/collecteurs/:id/modifier | /artisan-minier/collecteurs/nouveau | /artisan-minier/comptoirs | /artisan-minier/comptoirs/:id | /artisan-minier/comptoirs/:id/modifier | /artisan-minier/comptoirs/nouveau | /artisan-minier/liste","Périmètre candidat du registre frontend; RLS/RPC et permissions effectives NON vérifiés","dgmg; primary=#1F5070; sidebar=#153447; prescrit=true","Lot artisans et affiliations","src/PrivateApp.tsx:322 | src/PrivateApp.tsx:323 | src/PrivateApp.tsx:324 | src/PrivateApp.tsx:325 | src/PrivateApp.tsx:326 | src/PrivateApp.tsx:327 | src/PrivateApp.tsx:328 | src/PrivateApp.tsx:329 | src/PrivateApp.tsx:438 | src/PrivateApp.tsx:456 | src/PrivateApp.tsx:465 | src/components/layout/portalThemes.ts | src/lib/platformModuleCatalog.ts | src/lib/routeAccessRegistry.ts","11","DETECTION_AUTOMATIQUE; identité des 13 types relue statiquement; couples modules non audités","À INVENTORIER","NON EXÉCUTÉ","83f8c74e","83f8c74ea83c81a2734ef9e086c2edd211573ebe","Association de politique ≠ accès réel; admin module_codes et Owner transversal hors liste brute; aucune validation UI/serveur"
"PM-dgmg-mining_sites","POR-dgmg","Mines · DGMG","dgmg","organization_id + organization_type=dgmg","LOT-mining_sites","mining_sites","Sites artisanaux","/artisan-sites | /artisan-sites/:siteId | /artisan-sites/:siteId/modifier | /artisan-sites/nouveau | /artisan-sites/production","Périmètre candidat du registre frontend; RLS/RPC et permissions effectives NON vérifiés","dgmg; primary=#1F5070; sidebar=#153447; prescrit=true","Lot sites artisanaux","src/PrivateApp.tsx:744 | src/PrivateApp.tsx:753 | src/PrivateApp.tsx:754 | src/PrivateApp.tsx:763 | src/PrivateApp.tsx:772 | src/components/layout/portalThemes.ts | src/lib/platformModuleCatalog.ts | src/lib/routeAccessRegistry.ts","5","DETECTION_AUTOMATIQUE; identité des 13 types relue statiquement; couples modules non audités","À INVENTORIER","NON EXÉCUTÉ","83f8c74e","83f8c74ea83c81a2734ef9e086c2edd211573ebe","Association de politique ≠ accès réel; admin module_codes et Owner transversal hors liste brute; aucune validation UI/serveur"
"PM-dgmg-national_reserve","POR-dgmg","Mines · DGMG","dgmg","organization_id + organization_type=dgmg","LOT-national_reserve","national_reserve","Réserve nationale","/portail-dgmg/reserve-validations","Périmètre candidat du registre frontend; RLS/RPC et permissions effectives NON vérifiés","dgmg; primary=#1F5070; sidebar=#153447; prescrit=true","Lot réserve nationale","src/PrivateApp.tsx:298 | src/components/layout/portalThemes.ts | src/lib/platformModuleCatalog.ts | src/lib/routeAccessRegistry.ts","1","DETECTION_AUTOMATIQUE; identité des 13 types relue statiquement; couples modules non audités","À INVENTORIER","NON EXÉCUTÉ","83f8c74e","83f8c74ea83c81a2734ef9e086c2edd211573ebe","Association de politique ≠ accès réel; admin module_codes et Owner transversal hors liste brute; aucune validation UI/serveur"
"PM-dgmg-portal-dgmg","POR-dgmg","Mines · DGMG","dgmg","organization_id + organization_type=dgmg","LOT-portal-dgmg","portal-dgmg","portal-dgmg","/portail-dgmg | /portail-dgmg/*","Périmètre candidat du registre frontend; RLS/RPC et permissions effectives NON vérifiés","dgmg; primary=#1F5070; sidebar=#153447; prescrit=true","Lot portal-dgmg","src/PrivateApp.tsx:290 | src/components/layout/portalThemes.ts | src/lib/platformModuleCatalog.ts | src/lib/routeAccessRegistry.ts | src/lib/routeAccessRegistry.ts:104","2","DETECTION_AUTOMATIQUE; identité des 13 types relue statiquement; couples modules non audités","À INVENTORIER","NON EXÉCUTÉ","83f8c74e","83f8c74ea83c81a2734ef9e086c2edd211573ebe","Association de politique ≠ accès réel; admin module_codes et Owner transversal hors liste brute; aucune validation UI/serveur"
"PM-dgmg-production","POR-dgmg","Mines · DGMG","dgmg","organization_id + organization_type=dgmg","LOT-production","production","Collecte de l’or","/production/:id | /production/daily | /production/in-safe","Périmètre candidat du registre frontend; RLS/RPC et permissions effectives NON vérifiés","dgmg; primary=#1F5070; sidebar=#153447; prescrit=true","Lot production industrielle","src/PrivateApp.tsx:1635 | src/PrivateApp.tsx:1644 | src/PrivateApp.tsx:974 | src/components/layout/portalThemes.ts | src/lib/platformModuleCatalog.ts | src/lib/routeAccessRegistry.ts","3","DETECTION_AUTOMATIQUE; identité des 13 types relue statiquement; couples modules non audités","À INVENTORIER","NON EXÉCUTÉ","83f8c74e","83f8c74ea83c81a2734ef9e086c2edd211573ebe","Association de politique ≠ accès réel; admin module_codes et Owner transversal hors liste brute; aucune validation UI/serveur"
"PM-dgmg-stakeholders","POR-dgmg","Mines · DGMG","dgmg","organization_id + organization_type=dgmg","LOT-stakeholders","stakeholders","Parties prenantes","/stakeholders/mining-companies | /stakeholders/mining-companies/:id | /stakeholders/mining-companies/:id/edit | /stakeholders/mining-companies/new | /stakeholders/organizations | /stakeholders/organizations/:id/edit | /stakeholders/organizations/new","Périmètre candidat du registre frontend; RLS/RPC et permissions effectives NON vérifiés","dgmg; primary=#1F5070; sidebar=#153447; prescrit=true","Lot référentiels (root pilote Clients)","src/PrivateApp.tsx:1689 | src/PrivateApp.tsx:1698 | src/PrivateApp.tsx:1707 | src/PrivateApp.tsx:1716 | src/PrivateApp.tsx:1725 | src/PrivateApp.tsx:1734 | src/PrivateApp.tsx:1743 | src/components/layout/portalThemes.ts | src/lib/platformModuleCatalog.ts | src/lib/routeAccessRegistry.ts","7","DETECTION_AUTOMATIQUE; identité des 13 types relue statiquement; couples modules non audités","À INVENTORIER","NON EXÉCUTÉ","83f8c74e","83f8c74ea83c81a2734ef9e086c2edd211573ebe","Association de politique ≠ accès réel; admin module_codes et Owner transversal hors liste brute; aucune validation UI/serveur"
"PM-dgmg-transverse","POR-dgmg","Mines · DGMG","dgmg","organization_id + organization_type=dgmg","LOT-transverse","transverse","transverse","/help | /profile","Périmètre candidat du registre frontend; RLS/RPC et permissions effectives NON vérifiés","dgmg; primary=#1F5070; sidebar=#153447; prescrit=true","Lot transverse","src/PrivateApp.tsx:1257 | src/PrivateApp.tsx:278 | src/components/layout/portalThemes.ts | src/lib/platformModuleCatalog.ts | src/lib/routeAccessRegistry.ts","2","DETECTION_AUTOMATIQUE; identité des 13 types relue statiquement; couples modules non audités","À INVENTORIER","NON EXÉCUTÉ","83f8c74e","83f8c74ea83c81a2734ef9e086c2edd211573ebe","Association de politique ≠ accès réel; admin module_codes et Owner transversal hors liste brute; aucune validation UI/serveur"
"PM-direction-portal-direction","POR-direction","Direction SONASP","manager","Profil et organisation autoritatifs; aucun tenant choisi par UI","LOT-portal-direction","portal-direction","portal-direction","/portail-direction/* | /portail-direction/achats | /portail-direction/alertes | /portail-direction/compte | /portail-direction/contrats | /portail-direction/finances | /portail-direction/performance | /portail-direction/previsions | /portail-direction/production | /portail-direction/rapports | /portail-direction/synthese","Vue consolidée en lecture seule; RLS/RPC à vérifier","direction; primary=#385A3F; sidebar=#28372B; prescrit=true","Lot portal-direction","src/PrivateApp.tsx:269 | src/components/layout/portalThemes.ts | src/lib/platformModuleCatalog.ts | src/lib/routeAccessRegistry.ts | src/pages/manager/managerNavigation.ts:10 | src/pages/manager/managerNavigation.ts:11 | src/pages/manager/managerNavigation.ts:12 | src/pages/manager/managerNavigation.ts:13 | src/pages/manager/managerNavigation.ts:14 | src/pages/manager/managerNavigation.ts:15 | src/pages/manager/managerNavigation.ts:6 | src/pages/manager/managerNavigation.ts:7 | src/pages/manager/managerNavigation.ts:8 | src/pages/manager/managerNavigation.ts:9","11","DETECTION_AUTOMATIQUE; identité des 13 types relue statiquement; couples modules non audités","À INVENTORIER","NON EXÉCUTÉ","83f8c74e","83f8c74ea83c81a2734ef9e086c2edd211573ebe","Association de politique ≠ accès réel; admin module_codes et Owner transversal hors liste brute; aucune validation UI/serveur"
"PM-direction-transverse","POR-direction","Direction SONASP","manager","Profil et organisation autoritatifs; aucun tenant choisi par UI","LOT-transverse","transverse","transverse","/help | /profile","Vue consolidée en lecture seule; RLS/RPC à vérifier","direction; primary=#385A3F; sidebar=#28372B; prescrit=true","Lot transverse","src/PrivateApp.tsx:1257 | src/PrivateApp.tsx:278 | src/components/layout/portalThemes.ts | src/lib/platformModuleCatalog.ts | src/lib/routeAccessRegistry.ts","2","DETECTION_AUTOMATIQUE; identité des 13 types relue statiquement; couples modules non audités","À INVENTORIER","NON EXÉCUTÉ","83f8c74e","83f8c74ea83c81a2734ef9e086c2edd211573ebe","Association de politique ≠ accès réel; admin module_codes et Owner transversal hors liste brute; aucune validation UI/serveur"
"PM-factory-dashboard","POR-factory","Production","factory","Profil et organisation autoritatifs; aucun tenant choisi par UI","LOT-dashboard","dashboard","Tableau de bord","/dashboard/factory","Périmètre candidat du registre frontend; RLS/RPC et permissions effectives NON vérifiés","factory; primary=#0F7A56; sidebar=#1B2A3A; prescrit=false","Lot pilotage national","src/PrivateApp.tsx:1806 | src/components/layout/portalThemes.ts | src/lib/platformModuleCatalog.ts | src/lib/routeAccessRegistry.ts","1","DETECTION_AUTOMATIQUE; identité des 13 types relue statiquement; couples modules non audités","À INVENTORIER","NON EXÉCUTÉ","83f8c74e","83f8c74ea83c81a2734ef9e086c2edd211573ebe","Association de politique ≠ accès réel; admin module_codes et Owner transversal hors liste brute; aucune validation UI/serveur"
"PM-factory-documents","POR-factory","Production","factory","Profil et organisation autoritatifs; aucun tenant choisi par UI","LOT-documents","documents","Documents","/documents/assay-certificates","Périmètre candidat du registre frontend; RLS/RPC et permissions effectives NON vérifiés","factory; primary=#0F7A56; sidebar=#1B2A3A; prescrit=false","Lot documents","src/PrivateApp.tsx:1374 | src/components/layout/portalThemes.ts | src/lib/platformModuleCatalog.ts | src/lib/routeAccessRegistry.ts","1","DETECTION_AUTOMATIQUE; identité des 13 types relue statiquement; couples modules non audités","À INVENTORIER","NON EXÉCUTÉ","83f8c74e","83f8c74ea83c81a2734ef9e086c2edd211573ebe","Association de politique ≠ accès réel; admin module_codes et Owner transversal hors liste brute; aucune validation UI/serveur"
"PM-factory-international_markets","POR-factory","Production","factory","Profil et organisation autoritatifs; aucun tenant choisi par UI","LOT-international_markets","international_markets","Marchés internationaux","/fx-rates | /gold-prices","Périmètre candidat du registre frontend; RLS/RPC et permissions effectives NON vérifiés","factory; primary=#0F7A56; sidebar=#1B2A3A; prescrit=false","Lot international_markets","src/PrivateApp.tsx:1239 | src/PrivateApp.tsx:1248 | src/components/layout/portalThemes.ts | src/lib/platformModuleCatalog.ts | src/lib/routeAccessRegistry.ts","2","DETECTION_AUTOMATIQUE; identité des 13 types relue statiquement; couples modules non audités","À INVENTORIER","NON EXÉCUTÉ","83f8c74e","83f8c74ea83c81a2734ef9e086c2edd211573ebe","Association de politique ≠ accès réel; admin module_codes et Owner transversal hors liste brute; aucune validation UI/serveur"
"PM-factory-production","POR-factory","Production","factory","Profil et organisation autoritatifs; aucun tenant choisi par UI","LOT-production","production","Collecte de l’or","/production/:id | /production/daily | /production/in-safe","Périmètre candidat du registre frontend; RLS/RPC et permissions effectives NON vérifiés","factory; primary=#0F7A56; sidebar=#1B2A3A; prescrit=false","Lot production industrielle","src/PrivateApp.tsx:1635 | src/PrivateApp.tsx:1644 | src/PrivateApp.tsx:974 | src/components/layout/portalThemes.ts | src/lib/platformModuleCatalog.ts | src/lib/routeAccessRegistry.ts","3","DETECTION_AUTOMATIQUE; identité des 13 types relue statiquement; couples modules non audités","À INVENTORIER","NON EXÉCUTÉ","83f8c74e","83f8c74ea83c81a2734ef9e086c2edd211573ebe","Association de politique ≠ accès réel; admin module_codes et Owner transversal hors liste brute; aucune validation UI/serveur"
"PM-factory-reports","POR-factory","Production","factory","Profil et organisation autoritatifs; aucun tenant choisi par UI","LOT-reports","reports","Rapports institutionnels","/reports","Périmètre candidat du registre frontend; RLS/RPC et permissions effectives NON vérifiés","factory; primary=#0F7A56; sidebar=#1B2A3A; prescrit=false","Lot reports","src/PrivateApp.tsx:1626 | src/components/layout/portalThemes.ts | src/lib/platformModuleCatalog.ts | src/lib/routeAccessRegistry.ts","1","DETECTION_AUTOMATIQUE; identité des 13 types relue statiquement; couples modules non audités","À INVENTORIER","NON EXÉCUTÉ","83f8c74e","83f8c74ea83c81a2734ef9e086c2edd211573ebe","Association de politique ≠ accès réel; admin module_codes et Owner transversal hors liste brute; aucune validation UI/serveur"
"PM-factory-shipping","POR-factory","Production","factory","Profil et organisation autoritatifs; aucun tenant choisi par UI","LOT-shipping","shipping","Expéditions","/freight | /freight/shipments/:id | /freight/shipments/create | /shipping | /shipping/preparation | /shipping/preparation/:id | /shipping/preparation/:id/details | /shipping/preparation/:id/edit | /shipping/preparation/edit/:id | /shipping/preparation/new","Périmètre candidat du registre frontend; RLS/RPC et permissions effectives NON vérifiés","factory; primary=#0F7A56; sidebar=#1B2A3A; prescrit=false","Lot expéditions","src/PrivateApp.tsx:1266 | src/PrivateApp.tsx:1275 | src/PrivateApp.tsx:1284 | src/PrivateApp.tsx:1293 | src/PrivateApp.tsx:1302 | src/PrivateApp.tsx:1311 | src/PrivateApp.tsx:1320 | src/PrivateApp.tsx:1329 | src/PrivateApp.tsx:1338 | src/PrivateApp.tsx:1392 | src/components/layout/portalThemes.ts | src/lib/platformModuleCatalog.ts | src/lib/routeAccessRegistry.ts","10","DETECTION_AUTOMATIQUE; identité des 13 types relue statiquement; couples modules non audités","À INVENTORIER","NON EXÉCUTÉ","83f8c74e","83f8c74ea83c81a2734ef9e086c2edd211573ebe","Association de politique ≠ accès réel; admin module_codes et Owner transversal hors liste brute; aucune validation UI/serveur"
"PM-factory-transverse","POR-factory","Production","factory","Profil et organisation autoritatifs; aucun tenant choisi par UI","LOT-transverse","transverse","transverse","/help | /profile","Périmètre candidat du registre frontend; RLS/RPC et permissions effectives NON vérifiés","factory; primary=#0F7A56; sidebar=#1B2A3A; prescrit=false","Lot transverse","src/PrivateApp.tsx:1257 | src/PrivateApp.tsx:278 | src/components/layout/portalThemes.ts | src/lib/platformModuleCatalog.ts | src/lib/routeAccessRegistry.ts","2","DETECTION_AUTOMATIQUE; identité des 13 types relue statiquement; couples modules non audités","À INVENTORIER","NON EXÉCUTÉ","83f8c74e","83f8c74ea83c81a2734ef9e086c2edd211573ebe","Association de politique ≠ accès réel; admin module_codes et Owner transversal hors liste brute; aucune validation UI/serveur"
"PM-mine-conciliation","POR-mine","Société minière","mine","mining_company_id autoritatif; 2 sociétés à tester","LOT-conciliation","conciliation","Conciliation","/conciliation | /conciliation/:id | /conciliation/regles-fiscales","Périmètre candidat du registre frontend; RLS/RPC et permissions effectives NON vérifiés","mine; primary=#805614; sidebar=#30271E; prescrit=true","Lot conciliation","src/PrivateApp.tsx:840 | src/PrivateApp.tsx:851 | src/PrivateApp.tsx:862 | src/components/layout/portalThemes.ts | src/lib/platformModuleCatalog.ts | src/lib/routeAccessRegistry.ts","3","DETECTION_AUTOMATIQUE; identité des 13 types relue statiquement; couples modules non audités","À INVENTORIER","NON EXÉCUTÉ","83f8c74e","83f8c74ea83c81a2734ef9e086c2edd211573ebe","Association de politique ≠ accès réel; admin module_codes et Owner transversal hors liste brute; aucune validation UI/serveur"
"PM-mine-documents","POR-mine","Société minière","mine","mining_company_id autoritatif; 2 sociétés à tester","LOT-documents","documents","Documents","/documents/assay-certificates","Périmètre candidat du registre frontend; RLS/RPC et permissions effectives NON vérifiés","mine; primary=#805614; sidebar=#30271E; prescrit=true","Lot documents","src/PrivateApp.tsx:1374 | src/components/layout/portalThemes.ts | src/lib/platformModuleCatalog.ts | src/lib/routeAccessRegistry.ts","1","DETECTION_AUTOMATIQUE; identité des 13 types relue statiquement; couples modules non audités","À INVENTORIER","NON EXÉCUTÉ","83f8c74e","83f8c74ea83c81a2734ef9e086c2edd211573ebe","Association de politique ≠ accès réel; admin module_codes et Owner transversal hors liste brute; aucune validation UI/serveur"
"PM-mine-gold_inventory","POR-mine","Société minière","mine","mining_company_id autoritatif; 2 sociétés à tester","LOT-gold_inventory","gold_inventory","Suivi des stocks","/inventory | /inventory/silver","Périmètre candidat du registre frontend; RLS/RPC et permissions effectives NON vérifiés","mine; primary=#805614; sidebar=#30271E; prescrit=true","Lot stocks","src/PrivateApp.tsx:1383 | src/PrivateApp.tsx:636 | src/components/layout/portalThemes.ts | src/lib/platformModuleCatalog.ts | src/lib/routeAccessRegistry.ts","2","DETECTION_AUTOMATIQUE; identité des 13 types relue statiquement; couples modules non audités","À INVENTORIER","NON EXÉCUTÉ","83f8c74e","83f8c74ea83c81a2734ef9e086c2edd211573ebe","Association de politique ≠ accès réel; admin module_codes et Owner transversal hors liste brute; aucune validation UI/serveur"
"PM-mine-gold_purchases","POR-mine","Société minière","mine","mining_company_id autoritatif; 2 sociétés à tester","LOT-gold_purchases","gold_purchases","Achats d’or","/achats/demandes | /achats/reglements | /contrats | /contrats/:id | /contrats/nouveau | /requisitions | /requisitions/:id","Périmètre candidat du registre frontend; RLS/RPC et permissions effectives NON vérifiés","mine; primary=#805614; sidebar=#30271E; prescrit=true","Lot achats et contrats","src/PrivateApp.tsx:801 | src/PrivateApp.tsx:805 | src/PrivateApp.tsx:873 | src/PrivateApp.tsx:895 | src/PrivateApp.tsx:906 | src/PrivateApp.tsx:929 | src/PrivateApp.tsx:951 | src/components/layout/portalThemes.ts | src/lib/platformModuleCatalog.ts | src/lib/routeAccessRegistry.ts","7","DETECTION_AUTOMATIQUE; identité des 13 types relue statiquement; couples modules non audités","À INVENTORIER","NON EXÉCUTÉ","83f8c74e","83f8c74ea83c81a2734ef9e086c2edd211573ebe","Association de politique ≠ accès réel; admin module_codes et Owner transversal hors liste brute; aucune validation UI/serveur"
"PM-mine-international_markets","POR-mine","Société minière","mine","mining_company_id autoritatif; 2 sociétés à tester","LOT-international_markets","international_markets","Marchés internationaux","/fx-rates | /gold-prices | /sales/simulations | /sales/simulator | /sales/trade-space","Périmètre candidat du registre frontend; RLS/RPC et permissions effectives NON vérifiés","mine; primary=#805614; sidebar=#30271E; prescrit=true","Lot international_markets","src/PrivateApp.tsx:1239 | src/PrivateApp.tsx:1248 | src/PrivateApp.tsx:1451 | src/PrivateApp.tsx:1460 | src/PrivateApp.tsx:1469 | src/components/layout/portalThemes.ts | src/lib/platformModuleCatalog.ts | src/lib/routeAccessRegistry.ts","5","DETECTION_AUTOMATIQUE; identité des 13 types relue statiquement; couples modules non audités","À INVENTORIER","NON EXÉCUTÉ","83f8c74e","83f8c74ea83c81a2734ef9e086c2edd211573ebe","Association de politique ≠ accès réel; admin module_codes et Owner transversal hors liste brute; aucune validation UI/serveur"
"PM-mine-portal-mine","POR-mine","Société minière","mine","mining_company_id autoritatif; 2 sociétés à tester","LOT-portal-mine","portal-mine","portal-mine","/portail-mine","Périmètre candidat du registre frontend; RLS/RPC et permissions effectives NON vérifiés","mine; primary=#805614; sidebar=#30271E; prescrit=true","Lot portal-mine","src/PrivateApp.tsx:400 | src/components/layout/portalThemes.ts | src/lib/platformModuleCatalog.ts | src/lib/routeAccessRegistry.ts","1","DETECTION_AUTOMATIQUE; identité des 13 types relue statiquement; couples modules non audités","À INVENTORIER","NON EXÉCUTÉ","83f8c74e","83f8c74ea83c81a2734ef9e086c2edd211573ebe","Association de politique ≠ accès réel; admin module_codes et Owner transversal hors liste brute; aucune validation UI/serveur"
"PM-mine-production","POR-mine","Société minière","mine","mining_company_id autoritatif; 2 sociétés à tester","LOT-production","production","Collecte de l’or","/performance/budgets | /performance/forecasts | /production/:id | /production/daily | /production/in-safe | /production/licenses | /production/licenses/:id | /production/licenses/new","Périmètre candidat du registre frontend; RLS/RPC et permissions effectives NON vérifiés","mine; primary=#805614; sidebar=#30271E; prescrit=true","Lot production industrielle","src/PrivateApp.tsx:1004 | src/PrivateApp.tsx:1635 | src/PrivateApp.tsx:1644 | src/PrivateApp.tsx:1653 | src/PrivateApp.tsx:1671 | src/PrivateApp.tsx:1680 | src/PrivateApp.tsx:974 | src/PrivateApp.tsx:983 | src/components/layout/portalThemes.ts | src/lib/platformModuleCatalog.ts | src/lib/routeAccessRegistry.ts","8","DETECTION_AUTOMATIQUE; identité des 13 types relue statiquement; couples modules non audités","À INVENTORIER","NON EXÉCUTÉ","83f8c74e","83f8c74ea83c81a2734ef9e086c2edd211573ebe","Association de politique ≠ accès réel; admin module_codes et Owner transversal hors liste brute; aucune validation UI/serveur"
"PM-mine-refining","POR-mine","Société minière","mine","mining_company_id autoritatif; 2 sociétés à tester","LOT-refining","refining","Raffinage","/refining | /refining/freight-shipments","Périmètre candidat du registre frontend; RLS/RPC et permissions effectives NON vérifiés","mine; primary=#805614; sidebar=#30271E; prescrit=true","Lot raffinage","src/PrivateApp.tsx:1403 | src/PrivateApp.tsx:1412 | src/components/layout/portalThemes.ts | src/lib/platformModuleCatalog.ts | src/lib/routeAccessRegistry.ts","2","DETECTION_AUTOMATIQUE; identité des 13 types relue statiquement; couples modules non audités","À INVENTORIER","NON EXÉCUTÉ","83f8c74e","83f8c74ea83c81a2734ef9e086c2edd211573ebe","Association de politique ≠ accès réel; admin module_codes et Owner transversal hors liste brute; aucune validation UI/serveur"
"PM-mine-reports","POR-mine","Société minière","mine","mining_company_id autoritatif; 2 sociétés à tester","LOT-reports","reports","Rapports institutionnels","/reports","Périmètre candidat du registre frontend; RLS/RPC et permissions effectives NON vérifiés","mine; primary=#805614; sidebar=#30271E; prescrit=true","Lot reports","src/PrivateApp.tsx:1626 | src/components/layout/portalThemes.ts | src/lib/platformModuleCatalog.ts | src/lib/routeAccessRegistry.ts","1","DETECTION_AUTOMATIQUE; identité des 13 types relue statiquement; couples modules non audités","À INVENTORIER","NON EXÉCUTÉ","83f8c74e","83f8c74ea83c81a2734ef9e086c2edd211573ebe","Association de politique ≠ accès réel; admin module_codes et Owner transversal hors liste brute; aucune validation UI/serveur"
"PM-mine-sales","POR-mine","Société minière","mine","mining_company_id autoritatif; 2 sociétés à tester","LOT-sales","sales","Vente d’or international","/payments | /payments/:id | /payments/virtual | /sales | /sales/:id | /sales/new","Périmètre candidat du registre frontend; RLS/RPC et permissions effectives NON vérifiés","mine; primary=#805614; sidebar=#30271E; prescrit=true","Lot ventes internationales et paiements","src/PrivateApp.tsx:1433 | src/PrivateApp.tsx:1442 | src/PrivateApp.tsx:1496 | src/PrivateApp.tsx:1563 | src/PrivateApp.tsx:1581 | src/PrivateApp.tsx:735 | src/components/layout/portalThemes.ts | src/lib/platformModuleCatalog.ts | src/lib/routeAccessRegistry.ts","6","DETECTION_AUTOMATIQUE; identité des 13 types relue statiquement; couples modules non audités","À INVENTORIER","NON EXÉCUTÉ","83f8c74e","83f8c74ea83c81a2734ef9e086c2edd211573ebe","Association de politique ≠ accès réel; admin module_codes et Owner transversal hors liste brute; aucune validation UI/serveur"
"PM-mine-shipping","POR-mine","Société minière","mine","mining_company_id autoritatif; 2 sociétés à tester","LOT-shipping","shipping","Expéditions","/freight | /freight-customs | /freight-customs/:id | /freight-customs/create | /freight/shipments/:id | /freight/shipments/create | /shipping | /shipping/preparation | /shipping/preparation/:id | /shipping/preparation/:id/details | /shipping/preparation/:id/edit | /shipping/preparation/edit/:id | /shipping/preparation/new","Périmètre candidat du registre frontend; RLS/RPC et permissions effectives NON vérifiés","mine; primary=#805614; sidebar=#30271E; prescrit=true","Lot expéditions","src/PrivateApp.tsx:1266 | src/PrivateApp.tsx:1275 | src/PrivateApp.tsx:1284 | src/PrivateApp.tsx:1293 | src/PrivateApp.tsx:1302 | src/PrivateApp.tsx:1311 | src/PrivateApp.tsx:1320 | src/PrivateApp.tsx:1329 | src/PrivateApp.tsx:1338 | src/PrivateApp.tsx:1347 | src/PrivateApp.tsx:1356 | src/PrivateApp.tsx:1365 | src/PrivateApp.tsx:1392 | src/components/layout/portalThemes.ts | src/lib/platformModuleCatalog.ts | src/lib/routeAccessRegistry.ts","13","DETECTION_AUTOMATIQUE; identité des 13 types relue statiquement; couples modules non audités","À INVENTORIER","NON EXÉCUTÉ","83f8c74e","83f8c74ea83c81a2734ef9e086c2edd211573ebe","Association de politique ≠ accès réel; admin module_codes et Owner transversal hors liste brute; aucune validation UI/serveur"
"PM-mine-stakeholders","POR-mine","Société minière","mine","mining_company_id autoritatif; 2 sociétés à tester","LOT-stakeholders","stakeholders","Parties prenantes","/customers | /customers/:id | /stakeholders/depositors | /stakeholders/depositors/:id/edit | /stakeholders/depositors/new | /stakeholders/freight-companies | /stakeholders/refinery-plants","Périmètre candidat du registre frontend; RLS/RPC et permissions effectives NON vérifiés","mine; primary=#805614; sidebar=#30271E; prescrit=true","Lot référentiels (root pilote Clients)","src/PrivateApp.tsx:1505 | src/PrivateApp.tsx:1538 | src/PrivateApp.tsx:1761 | src/PrivateApp.tsx:1770 | src/PrivateApp.tsx:1779 | src/PrivateApp.tsx:1842 | src/PrivateApp.tsx:1851 | src/components/layout/portalThemes.ts | src/lib/platformModuleCatalog.ts | src/lib/routeAccessRegistry.ts","7","DETECTION_AUTOMATIQUE; identité des 13 types relue statiquement; couples modules non audités","À INVENTORIER","NON EXÉCUTÉ","83f8c74e","83f8c74ea83c81a2734ef9e086c2edd211573ebe","Association de politique ≠ accès réel; admin module_codes et Owner transversal hors liste brute; aucune validation UI/serveur"
"PM-mine-transverse","POR-mine","Société minière","mine","mining_company_id autoritatif; 2 sociétés à tester","LOT-transverse","transverse","transverse","/help | /profile","Périmètre candidat du registre frontend; RLS/RPC et permissions effectives NON vérifiés","mine; primary=#805614; sidebar=#30271E; prescrit=true","Lot transverse","src/PrivateApp.tsx:1257 | src/PrivateApp.tsx:278 | src/components/layout/portalThemes.ts | src/lib/platformModuleCatalog.ts | src/lib/routeAccessRegistry.ts","2","DETECTION_AUTOMATIQUE; identité des 13 types relue statiquement; couples modules non audités","À INVENTORIER","NON EXÉCUTÉ","83f8c74e","83f8c74ea83c81a2734ef9e086c2edd211573ebe","Association de politique ≠ accès réel; admin module_codes et Owner transversal hors liste brute; aucune validation UI/serveur"
"PM-owner-administration","POR-owner","Administrateur","owner","Profil et organisation autoritatifs; aucun tenant choisi par UI","LOT-administration","administration","Administration","/access/audit | /access/portals | /access/roles | /admin/audit | /admin/messagerie | /admin/messagerie/:uid | /admin/messagerie/nouveau | /admin/modules | /admin/permissions | /admin/settings | /users | /users/:userId | /users/edit | /users/new","Périmètre candidat du registre frontend; RLS/RPC et permissions effectives NON vérifiés","admin; primary=#00513D; sidebar=#10352F; prescrit=true","Lot administration et IAM","src/PrivateApp.tsx:1013 | src/PrivateApp.tsx:1022 | src/PrivateApp.tsx:1031 | src/PrivateApp.tsx:1040 | src/PrivateApp.tsx:1067 | src/PrivateApp.tsx:1076 | src/PrivateApp.tsx:1077 | src/PrivateApp.tsx:1078 | src/PrivateApp.tsx:1098 | src/PrivateApp.tsx:1188 | src/PrivateApp.tsx:1203 | src/PrivateApp.tsx:1212 | src/PrivateApp.tsx:1221 | src/PrivateApp.tsx:1230 | src/components/layout/portalThemes.ts | src/lib/platformModuleCatalog.ts | src/lib/routeAccessRegistry.ts","14","DETECTION_AUTOMATIQUE; identité des 13 types relue statiquement; couples modules non audités","À INVENTORIER","NON EXÉCUTÉ","83f8c74e","83f8c74ea83c81a2734ef9e086c2edd211573ebe","Association de politique ≠ accès réel; admin module_codes et Owner transversal hors liste brute; aucune validation UI/serveur"
"PM-owner-analytics","POR-owner","Administrateur","owner","Profil et organisation autoritatifs; aucun tenant choisi par UI","LOT-analytics","analytics","Performance nationale","/analytics | /analytics/national","Périmètre candidat du registre frontend; RLS/RPC et permissions effectives NON vérifiés","admin; primary=#00513D; sidebar=#10352F; prescrit=true","Lot analytics","src/PrivateApp.tsx:1590 | src/PrivateApp.tsx:1599 | src/components/layout/portalThemes.ts | src/lib/platformModuleCatalog.ts | src/lib/routeAccessRegistry.ts","2","DETECTION_AUTOMATIQUE; identité des 13 types relue statiquement; couples modules non audités","À INVENTORIER","NON EXÉCUTÉ","83f8c74e","83f8c74ea83c81a2734ef9e086c2edd211573ebe","Association de politique ≠ accès réel; admin module_codes et Owner transversal hors liste brute; aucune validation UI/serveur"
"PM-owner-artisan_gold_market","POR-owner","Administrateur","owner","Profil et organisation autoritatifs; aucun tenant choisi par UI","LOT-artisan_gold_market","artisan_gold_market","Marché d’or artisanal","/artisan-minier/paiements | /artisan-minier/paiements/:venteId/nouveau | /artisan-minier/paiements/historique | /artisan-minier/paiements/historique/:paiementId | /artisan-minier/rapports | /artisan-minier/rapports/chiffre-affaires | /artisan-minier/rapports/quantites | /artisan-minier/rapports/taxes | /artisan-minier/ventes-or | /artisan-minier/ventes-or/:id | /artisan-minier/ventes-or/:id/facture | /artisan-minier/ventes-or/:id/modifier | /artisan-minier/ventes-or/nouvelle | /collecte/ventes | /collecte/ventes/nouvelle | /portail-dgi/paiements","Périmètre candidat du registre frontend; RLS/RPC et permissions effectives NON vérifiés","admin; primary=#00513D; sidebar=#10352F; prescrit=true","Lot marché artisanal et paiements","src/PrivateApp.tsx:314 | src/PrivateApp.tsx:330 | src/PrivateApp.tsx:331 | src/PrivateApp.tsx:492 | src/PrivateApp.tsx:501 | src/PrivateApp.tsx:510 | src/PrivateApp.tsx:519 | src/PrivateApp.tsx:528 | src/PrivateApp.tsx:537 | src/PrivateApp.tsx:546 | src/PrivateApp.tsx:555 | src/PrivateApp.tsx:564 | src/PrivateApp.tsx:591 | src/PrivateApp.tsx:600 | src/PrivateApp.tsx:609 | src/PrivateApp.tsx:618 | src/components/layout/portalThemes.ts | src/lib/platformModuleCatalog.ts | src/lib/routeAccessRegistry.ts","16","DETECTION_AUTOMATIQUE; identité des 13 types relue statiquement; couples modules non audités","À INVENTORIER","NON EXÉCUTÉ","83f8c74e","83f8c74ea83c81a2734ef9e086c2edd211573ebe","Association de politique ≠ accès réel; admin module_codes et Owner transversal hors liste brute; aucune validation UI/serveur"
"PM-owner-artisan-minier","POR-owner","Administrateur","owner","Profil et organisation autoritatifs; aucun tenant choisi par UI","LOT-artisan-minier","artisan-minier","Artisans miniers","/artisan-minier | /artisan-minier/:artisanId/infractions/:infractionId | /artisan-minier/:artisanId/infractions/:infractionId/modifier | /artisan-minier/:artisanId/infractions/nouvelle | /artisan-minier/:id | /artisan-minier/:id/edit | /artisan-minier/cartes/expirations | /artisan-minier/cartes/suivi | /artisan-minier/cartes/validation | /artisan-minier/collecteurs | /artisan-minier/collecteurs/:id | /artisan-minier/collecteurs/:id/modifier | /artisan-minier/collecteurs/nouveau | /artisan-minier/comptoirs | /artisan-minier/comptoirs/:id | /artisan-minier/comptoirs/:id/modifier | /artisan-minier/comptoirs/nouveau | /artisan-minier/liste","Périmètre candidat du registre frontend; RLS/RPC et permissions effectives NON vérifiés","admin; primary=#00513D; sidebar=#10352F; prescrit=true","Lot artisans et affiliations","src/PrivateApp.tsx:322 | src/PrivateApp.tsx:323 | src/PrivateApp.tsx:324 | src/PrivateApp.tsx:325 | src/PrivateApp.tsx:326 | src/PrivateApp.tsx:327 | src/PrivateApp.tsx:328 | src/PrivateApp.tsx:329 | src/PrivateApp.tsx:429 | src/PrivateApp.tsx:438 | src/PrivateApp.tsx:447 | src/PrivateApp.tsx:456 | src/PrivateApp.tsx:465 | src/PrivateApp.tsx:474 | src/PrivateApp.tsx:483 | src/PrivateApp.tsx:573 | src/PrivateApp.tsx:582 | src/PrivateApp.tsx:627 | src/components/layout/portalThemes.ts | src/lib/platformModuleCatalog.ts | src/lib/routeAccessRegistry.ts","18","DETECTION_AUTOMATIQUE; identité des 13 types relue statiquement; couples modules non audités","À INVENTORIER","NON EXÉCUTÉ","83f8c74e","83f8c74ea83c81a2734ef9e086c2edd211573ebe","Association de politique ≠ accès réel; admin module_codes et Owner transversal hors liste brute; aucune validation UI/serveur"
"PM-owner-conciliation","POR-owner","Administrateur","owner","Profil et organisation autoritatifs; aucun tenant choisi par UI","LOT-conciliation","conciliation","Conciliation","/conciliation | /conciliation/:id | /conciliation/regles-fiscales","Périmètre candidat du registre frontend; RLS/RPC et permissions effectives NON vérifiés","admin; primary=#00513D; sidebar=#10352F; prescrit=true","Lot conciliation","src/PrivateApp.tsx:840 | src/PrivateApp.tsx:851 | src/PrivateApp.tsx:862 | src/components/layout/portalThemes.ts | src/lib/platformModuleCatalog.ts | src/lib/routeAccessRegistry.ts","3","DETECTION_AUTOMATIQUE; identité des 13 types relue statiquement; couples modules non audités","À INVENTORIER","NON EXÉCUTÉ","83f8c74e","83f8c74ea83c81a2734ef9e086c2edd211573ebe","Association de politique ≠ accès réel; admin module_codes et Owner transversal hors liste brute; aucune validation UI/serveur"
"PM-owner-dashboard","POR-owner","Administrateur","owner","Profil et organisation autoritatifs; aucun tenant choisi par UI","LOT-dashboard","dashboard","Tableau de bord","/dashboard | /dashboard/airport | /dashboard/customer | /dashboard/factory | /dashboard/management | /dashboard/production-modern | /dashboard/refinery","Périmètre candidat du registre frontend; RLS/RPC et permissions effectives NON vérifiés","admin; primary=#00513D; sidebar=#10352F; prescrit=true","Lot pilotage national","src/PrivateApp.tsx:1797 | src/PrivateApp.tsx:1806 | src/PrivateApp.tsx:1815 | src/PrivateApp.tsx:1824 | src/PrivateApp.tsx:1833 | src/PrivateApp.tsx:411 | src/PrivateApp.tsx:420 | src/components/layout/portalThemes.ts | src/lib/platformModuleCatalog.ts | src/lib/routeAccessRegistry.ts","7","DETECTION_AUTOMATIQUE; identité des 13 types relue statiquement; couples modules non audités","À INVENTORIER","NON EXÉCUTÉ","83f8c74e","83f8c74ea83c81a2734ef9e086c2edd211573ebe","Association de politique ≠ accès réel; admin module_codes et Owner transversal hors liste brute; aucune validation UI/serveur"
"PM-owner-documents","POR-owner","Administrateur","owner","Profil et organisation autoritatifs; aucun tenant choisi par UI","LOT-documents","documents","Documents","/documents/assay-certificates","Périmètre candidat du registre frontend; RLS/RPC et permissions effectives NON vérifiés","admin; primary=#00513D; sidebar=#10352F; prescrit=true","Lot documents","src/PrivateApp.tsx:1374 | src/components/layout/portalThemes.ts | src/lib/platformModuleCatalog.ts | src/lib/routeAccessRegistry.ts","1","DETECTION_AUTOMATIQUE; identité des 13 types relue statiquement; couples modules non audités","À INVENTORIER","NON EXÉCUTÉ","83f8c74e","83f8c74ea83c81a2734ef9e086c2edd211573ebe","Association de politique ≠ accès réel; admin module_codes et Owner transversal hors liste brute; aucune validation UI/serveur"
"PM-owner-gold_inventory","POR-owner","Administrateur","owner","Profil et organisation autoritatifs; aucun tenant choisi par UI","LOT-gold_inventory","gold_inventory","Suivi des stocks","/inventory | /inventory/add | /inventory/silver","Périmètre candidat du registre frontend; RLS/RPC et permissions effectives NON vérifiés","admin; primary=#00513D; sidebar=#10352F; prescrit=true","Lot stocks","src/PrivateApp.tsx:1383 | src/PrivateApp.tsx:636 | src/PrivateApp.tsx:645 | src/components/layout/portalThemes.ts | src/lib/platformModuleCatalog.ts | src/lib/routeAccessRegistry.ts","3","DETECTION_AUTOMATIQUE; identité des 13 types relue statiquement; couples modules non audités","À INVENTORIER","NON EXÉCUTÉ","83f8c74e","83f8c74ea83c81a2734ef9e086c2edd211573ebe","Association de politique ≠ accès réel; admin module_codes et Owner transversal hors liste brute; aucune validation UI/serveur"
"PM-owner-gold_purchases","POR-owner","Administrateur","owner","Profil et organisation autoritatifs; aucun tenant choisi par UI","LOT-gold_purchases","gold_purchases","Achats d’or","/achats/comptes | /achats/comptes-paiements | /achats/demandes | /achats/plans | /achats/plans/:id | /achats/reglements | /achats/reglements/nouveau | /contrats | /contrats/:id | /contrats/:id/modifier | /contrats/nouveau | /contrats/pilotage | /requisitions | /requisitions/:id | /requisitions/:id/modifier | /requisitions/nouvelle","Périmètre candidat du registre frontend; RLS/RPC et permissions effectives NON vérifiés","admin; primary=#00513D; sidebar=#10352F; prescrit=true","Lot achats et contrats","src/PrivateApp.tsx:793 | src/PrivateApp.tsx:797 | src/PrivateApp.tsx:801 | src/PrivateApp.tsx:805 | src/PrivateApp.tsx:816 | src/PrivateApp.tsx:827 | src/PrivateApp.tsx:831 | src/PrivateApp.tsx:873 | src/PrivateApp.tsx:884 | src/PrivateApp.tsx:895 | src/PrivateApp.tsx:906 | src/PrivateApp.tsx:917 | src/PrivateApp.tsx:929 | src/PrivateApp.tsx:940 | src/PrivateApp.tsx:951 | src/PrivateApp.tsx:962 | src/components/layout/portalThemes.ts | src/lib/platformModuleCatalog.ts | src/lib/routeAccessRegistry.ts","16","DETECTION_AUTOMATIQUE; identité des 13 types relue statiquement; couples modules non audités","À INVENTORIER","NON EXÉCUTÉ","83f8c74e","83f8c74ea83c81a2734ef9e086c2edd211573ebe","Association de politique ≠ accès réel; admin module_codes et Owner transversal hors liste brute; aucune validation UI/serveur"
"PM-owner-international_markets","POR-owner","Administrateur","owner","Profil et organisation autoritatifs; aucun tenant choisi par UI","LOT-international_markets","international_markets","Marchés internationaux","/fx-rates | /gold-prices | /sales/simulations | /sales/simulator | /sales/trade-space","Périmètre candidat du registre frontend; RLS/RPC et permissions effectives NON vérifiés","admin; primary=#00513D; sidebar=#10352F; prescrit=true","Lot international_markets","src/PrivateApp.tsx:1239 | src/PrivateApp.tsx:1248 | src/PrivateApp.tsx:1451 | src/PrivateApp.tsx:1460 | src/PrivateApp.tsx:1469 | src/components/layout/portalThemes.ts | src/lib/platformModuleCatalog.ts | src/lib/routeAccessRegistry.ts","5","DETECTION_AUTOMATIQUE; identité des 13 types relue statiquement; couples modules non audités","À INVENTORIER","NON EXÉCUTÉ","83f8c74e","83f8c74ea83c81a2734ef9e086c2edd211573ebe","Association de politique ≠ accès réel; admin module_codes et Owner transversal hors liste brute; aucune validation UI/serveur"
"PM-owner-mining_sites","POR-owner","Administrateur","owner","Profil et organisation autoritatifs; aucun tenant choisi par UI","LOT-mining_sites","mining_sites","Sites artisanaux","/artisan-sites | /artisan-sites/:siteId | /artisan-sites/:siteId/modifier | /artisan-sites/nouveau | /artisan-sites/production","Périmètre candidat du registre frontend; RLS/RPC et permissions effectives NON vérifiés","admin; primary=#00513D; sidebar=#10352F; prescrit=true","Lot sites artisanaux","src/PrivateApp.tsx:744 | src/PrivateApp.tsx:753 | src/PrivateApp.tsx:754 | src/PrivateApp.tsx:763 | src/PrivateApp.tsx:772 | src/components/layout/portalThemes.ts | src/lib/platformModuleCatalog.ts | src/lib/routeAccessRegistry.ts","5","DETECTION_AUTOMATIQUE; identité des 13 types relue statiquement; couples modules non audités","À INVENTORIER","NON EXÉCUTÉ","83f8c74e","83f8c74ea83c81a2734ef9e086c2edd211573ebe","Association de politique ≠ accès réel; admin module_codes et Owner transversal hors liste brute; aucune validation UI/serveur"
"PM-owner-national_reserve","POR-owner","Administrateur","owner","Profil et organisation autoritatifs; aucun tenant choisi par UI","LOT-national_reserve","national_reserve","Réserve nationale","/national-reserve | /national-reserve/allocations | /national-reserve/allocations/:id | /national-reserve/allocations/:id/edit | /national-reserve/allocations/new | /national-reserve/audit | /national-reserve/controls | /national-reserve/physical | /national-reserve/valuation | /portail-dgmg/reserve-validations","Périmètre candidat du registre frontend; RLS/RPC et permissions effectives NON vérifiés","admin; primary=#00513D; sidebar=#10352F; prescrit=true","Lot réserve nationale","src/PrivateApp.tsx:298 | src/PrivateApp.tsx:654 | src/PrivateApp.tsx:663 | src/PrivateApp.tsx:672 | src/PrivateApp.tsx:681 | src/PrivateApp.tsx:690 | src/PrivateApp.tsx:699 | src/PrivateApp.tsx:708 | src/PrivateApp.tsx:717 | src/PrivateApp.tsx:726 | src/components/layout/portalThemes.ts | src/lib/platformModuleCatalog.ts | src/lib/routeAccessRegistry.ts","10","DETECTION_AUTOMATIQUE; identité des 13 types relue statiquement; couples modules non audités","À INVENTORIER","NON EXÉCUTÉ","83f8c74e","83f8c74ea83c81a2734ef9e086c2edd211573ebe","Association de politique ≠ accès réel; admin module_codes et Owner transversal hors liste brute; aucune validation UI/serveur"
"PM-owner-portal-collector","POR-owner","Administrateur","owner","Profil et organisation autoritatifs; aucun tenant choisi par UI","LOT-portal-collector","portal-collector","portal-collector","/portail-collecteur | /portail-collecteur/documents | /portail-collecteur/stock","Périmètre candidat du registre frontend; RLS/RPC et permissions effectives NON vérifiés","admin; primary=#00513D; sidebar=#10352F; prescrit=true","Lot portal-collector","src/PrivateApp.tsx:332 | src/PrivateApp.tsx:342 | src/PrivateApp.tsx:352 | src/components/layout/portalThemes.ts | src/lib/platformModuleCatalog.ts | src/lib/routeAccessRegistry.ts","3","DETECTION_AUTOMATIQUE; identité des 13 types relue statiquement; couples modules non audités","À INVENTORIER","NON EXÉCUTÉ","83f8c74e","83f8c74ea83c81a2734ef9e086c2edd211573ebe","Association de politique ≠ accès réel; admin module_codes et Owner transversal hors liste brute; aucune validation UI/serveur"
"PM-owner-portal-comptoir","POR-owner","Administrateur","owner","Profil et organisation autoritatifs; aucun tenant choisi par UI","LOT-portal-comptoir","portal-comptoir","portal-comptoir","/portail-comptoir | /portail-comptoir/stock | /portail-comptoir/ventes-sonasp","Périmètre candidat du registre frontend; RLS/RPC et permissions effectives NON vérifiés","admin; primary=#00513D; sidebar=#10352F; prescrit=true","Lot portal-comptoir","src/PrivateApp.tsx:362 | src/PrivateApp.tsx:372 | src/PrivateApp.tsx:382 | src/components/layout/portalThemes.ts | src/lib/platformModuleCatalog.ts | src/lib/routeAccessRegistry.ts","3","DETECTION_AUTOMATIQUE; identité des 13 types relue statiquement; couples modules non audités","À INVENTORIER","NON EXÉCUTÉ","83f8c74e","83f8c74ea83c81a2734ef9e086c2edd211573ebe","Association de politique ≠ accès réel; admin module_codes et Owner transversal hors liste brute; aucune validation UI/serveur"
"PM-owner-portal-dgi","POR-owner","Administrateur","owner","Profil et organisation autoritatifs; aucun tenant choisi par UI","LOT-portal-dgi","portal-dgi","portal-dgi","/portail-dgi | /portail-dgi/*","Périmètre candidat du registre frontend; RLS/RPC et permissions effectives NON vérifiés","admin; primary=#00513D; sidebar=#10352F; prescrit=true","Lot portal-dgi","src/PrivateApp.tsx:306 | src/components/layout/portalThemes.ts | src/lib/platformModuleCatalog.ts | src/lib/routeAccessRegistry.ts | src/lib/routeAccessRegistry.ts:112","2","DETECTION_AUTOMATIQUE; identité des 13 types relue statiquement; couples modules non audités","À INVENTORIER","NON EXÉCUTÉ","83f8c74e","83f8c74ea83c81a2734ef9e086c2edd211573ebe","Association de politique ≠ accès réel; admin module_codes et Owner transversal hors liste brute; aucune validation UI/serveur"
"PM-owner-portal-dgmg","POR-owner","Administrateur","owner","Profil et organisation autoritatifs; aucun tenant choisi par UI","LOT-portal-dgmg","portal-dgmg","portal-dgmg","/portail-dgmg | /portail-dgmg/*","Périmètre candidat du registre frontend; RLS/RPC et permissions effectives NON vérifiés","admin; primary=#00513D; sidebar=#10352F; prescrit=true","Lot portal-dgmg","src/PrivateApp.tsx:290 | src/components/layout/portalThemes.ts | src/lib/platformModuleCatalog.ts | src/lib/routeAccessRegistry.ts | src/lib/routeAccessRegistry.ts:104","2","DETECTION_AUTOMATIQUE; identité des 13 types relue statiquement; couples modules non audités","À INVENTORIER","NON EXÉCUTÉ","83f8c74e","83f8c74ea83c81a2734ef9e086c2edd211573ebe","Association de politique ≠ accès réel; admin module_codes et Owner transversal hors liste brute; aucune validation UI/serveur"
"PM-owner-portal-direction","POR-owner","Administrateur","owner","Profil et organisation autoritatifs; aucun tenant choisi par UI","LOT-portal-direction","portal-direction","portal-direction","/portail-direction/* | /portail-direction/achats | /portail-direction/alertes | /portail-direction/compte | /portail-direction/contrats | /portail-direction/finances | /portail-direction/performance | /portail-direction/previsions | /portail-direction/production | /portail-direction/rapports | /portail-direction/synthese","Périmètre candidat du registre frontend; RLS/RPC et permissions effectives NON vérifiés","admin; primary=#00513D; sidebar=#10352F; prescrit=true","Lot portal-direction","src/PrivateApp.tsx:269 | src/components/layout/portalThemes.ts | src/lib/platformModuleCatalog.ts | src/lib/routeAccessRegistry.ts | src/pages/manager/managerNavigation.ts:10 | src/pages/manager/managerNavigation.ts:11 | src/pages/manager/managerNavigation.ts:12 | src/pages/manager/managerNavigation.ts:13 | src/pages/manager/managerNavigation.ts:14 | src/pages/manager/managerNavigation.ts:15 | src/pages/manager/managerNavigation.ts:6 | src/pages/manager/managerNavigation.ts:7 | src/pages/manager/managerNavigation.ts:8 | src/pages/manager/managerNavigation.ts:9","11","DETECTION_AUTOMATIQUE; identité des 13 types relue statiquement; couples modules non audités","À INVENTORIER","NON EXÉCUTÉ","83f8c74e","83f8c74ea83c81a2734ef9e086c2edd211573ebe","Association de politique ≠ accès réel; admin module_codes et Owner transversal hors liste brute; aucune validation UI/serveur"
"PM-owner-portal-mine","POR-owner","Administrateur","owner","Profil et organisation autoritatifs; aucun tenant choisi par UI","LOT-portal-mine","portal-mine","portal-mine","/portail-mine","Périmètre candidat du registre frontend; RLS/RPC et permissions effectives NON vérifiés","admin; primary=#00513D; sidebar=#10352F; prescrit=true","Lot portal-mine","src/PrivateApp.tsx:400 | src/components/layout/portalThemes.ts | src/lib/platformModuleCatalog.ts | src/lib/routeAccessRegistry.ts","1","DETECTION_AUTOMATIQUE; identité des 13 types relue statiquement; couples modules non audités","À INVENTORIER","NON EXÉCUTÉ","83f8c74e","83f8c74ea83c81a2734ef9e086c2edd211573ebe","Association de politique ≠ accès réel; admin module_codes et Owner transversal hors liste brute; aucune validation UI/serveur"
"PM-owner-production","POR-owner","Administrateur","owner","Profil et organisation autoritatifs; aucun tenant choisi par UI","LOT-production","production","Collecte de l’or","/performance/budgets | /performance/forecasts | /production/:id | /production/achats-mines | /production/daily | /production/in-safe | /production/licenses | /production/licenses/:id | /production/licenses/edit/:id | /production/licenses/new | /production/licenses/requests","Périmètre candidat du registre frontend; RLS/RPC et permissions effectives NON vérifiés","admin; primary=#00513D; sidebar=#10352F; prescrit=true","Lot production industrielle","src/PrivateApp.tsx:1004 | src/PrivateApp.tsx:1635 | src/PrivateApp.tsx:1644 | src/PrivateApp.tsx:1653 | src/PrivateApp.tsx:1662 | src/PrivateApp.tsx:1671 | src/PrivateApp.tsx:1680 | src/PrivateApp.tsx:781 | src/PrivateApp.tsx:974 | src/PrivateApp.tsx:983 | src/PrivateApp.tsx:992 | src/components/layout/portalThemes.ts | src/lib/platformModuleCatalog.ts | src/lib/routeAccessRegistry.ts","11","DETECTION_AUTOMATIQUE; identité des 13 types relue statiquement; couples modules non audités","À INVENTORIER","NON EXÉCUTÉ","83f8c74e","83f8c74ea83c81a2734ef9e086c2edd211573ebe","Association de politique ≠ accès réel; admin module_codes et Owner transversal hors liste brute; aucune validation UI/serveur"
"PM-owner-production_analytics","POR-owner","Administrateur","owner","Profil et organisation autoritatifs; aucun tenant choisi par UI","LOT-production_analytics","production_analytics","Rapports de production","/analytics/production","Périmètre candidat du registre frontend; RLS/RPC et permissions effectives NON vérifiés","admin; primary=#00513D; sidebar=#10352F; prescrit=true","Lot production_analytics","src/PrivateApp.tsx:1617 | src/components/layout/portalThemes.ts | src/lib/platformModuleCatalog.ts | src/lib/routeAccessRegistry.ts","1","DETECTION_AUTOMATIQUE; identité des 13 types relue statiquement; couples modules non audités","À INVENTORIER","NON EXÉCUTÉ","83f8c74e","83f8c74ea83c81a2734ef9e086c2edd211573ebe","Association de politique ≠ accès réel; admin module_codes et Owner transversal hors liste brute; aucune validation UI/serveur"
"PM-owner-public-et-alias","POR-owner","Administrateur","owner","Profil et organisation autoritatifs; aucun tenant choisi par UI","LOT-public-et-alias","public-et-alias","public-et-alias","/admin/refineries | /admin/refineries/edit/:id | /admin/refineries/new | /admin/transport-companies | /admin/transport-companies/edit/:id | /admin/transport-companies/new | /admin/users | /admin/users/:userId/permissions | /approvals | /audit | /sonasp/cessions-comptoirs","Périmètre candidat du registre frontend; RLS/RPC et permissions effectives NON vérifiés","admin; primary=#00513D; sidebar=#10352F; prescrit=true","Lot public-et-alias","src/PrivateApp.tsx:1049 | src/PrivateApp.tsx:1058 | src/PrivateApp.tsx:1107 | src/PrivateApp.tsx:1116 | src/PrivateApp.tsx:1125 | src/PrivateApp.tsx:1134 | src/PrivateApp.tsx:1143 | src/PrivateApp.tsx:1152 | src/PrivateApp.tsx:1161 | src/PrivateApp.tsx:1788 | src/PrivateApp.tsx:392 | src/components/layout/portalThemes.ts | src/lib/platformModuleCatalog.ts | src/lib/routeAccessRegistry.ts","11","DETECTION_AUTOMATIQUE; identité des 13 types relue statiquement; couples modules non audités","À INVENTORIER","NON EXÉCUTÉ","83f8c74e","83f8c74ea83c81a2734ef9e086c2edd211573ebe","Association de politique ≠ accès réel; admin module_codes et Owner transversal hors liste brute; aucune validation UI/serveur"
"PM-owner-refining","POR-owner","Administrateur","owner","Profil et organisation autoritatifs; aucun tenant choisi par UI","LOT-refining","refining","Raffinage","/refining | /refining/:id/process | /refining/freight-shipments","Périmètre candidat du registre frontend; RLS/RPC et permissions effectives NON vérifiés","admin; primary=#00513D; sidebar=#10352F; prescrit=true","Lot raffinage","src/PrivateApp.tsx:1403 | src/PrivateApp.tsx:1412 | src/PrivateApp.tsx:1421 | src/components/layout/portalThemes.ts | src/lib/platformModuleCatalog.ts | src/lib/routeAccessRegistry.ts","3","DETECTION_AUTOMATIQUE; identité des 13 types relue statiquement; couples modules non audités","À INVENTORIER","NON EXÉCUTÉ","83f8c74e","83f8c74ea83c81a2734ef9e086c2edd211573ebe","Association de politique ≠ accès réel; admin module_codes et Owner transversal hors liste brute; aucune validation UI/serveur"
"PM-owner-reports","POR-owner","Administrateur","owner","Profil et organisation autoritatifs; aucun tenant choisi par UI","LOT-reports","reports","Rapports institutionnels","/reports","Périmètre candidat du registre frontend; RLS/RPC et permissions effectives NON vérifiés","admin; primary=#00513D; sidebar=#10352F; prescrit=true","Lot reports","src/PrivateApp.tsx:1626 | src/components/layout/portalThemes.ts | src/lib/platformModuleCatalog.ts | src/lib/routeAccessRegistry.ts","1","DETECTION_AUTOMATIQUE; identité des 13 types relue statiquement; couples modules non audités","À INVENTORIER","NON EXÉCUTÉ","83f8c74e","83f8c74ea83c81a2734ef9e086c2edd211573ebe","Association de politique ≠ accès réel; admin module_codes et Owner transversal hors liste brute; aucune validation UI/serveur"
"PM-owner-sales","POR-owner","Administrateur","owner","Profil et organisation autoritatifs; aucun tenant choisi par UI","LOT-sales","sales","Vente d’or international","/payments | /payments/:id | /payments/create | /payments/record | /payments/virtual | /sales | /sales/:id | /sales/approve/:saleId | /sales/approve/:saleId/:token | /sales/new","Périmètre candidat du registre frontend; RLS/RPC et permissions effectives NON vérifiés","admin; primary=#00513D; sidebar=#10352F; prescrit=true","Lot ventes internationales et paiements","src/PrivateApp.tsx:1433 | src/PrivateApp.tsx:1442 | src/PrivateApp.tsx:1478 | src/PrivateApp.tsx:1487 | src/PrivateApp.tsx:1496 | src/PrivateApp.tsx:1554 | src/PrivateApp.tsx:1563 | src/PrivateApp.tsx:1572 | src/PrivateApp.tsx:1581 | src/PrivateApp.tsx:735 | src/components/layout/portalThemes.ts | src/lib/platformModuleCatalog.ts | src/lib/routeAccessRegistry.ts","10","DETECTION_AUTOMATIQUE; identité des 13 types relue statiquement; couples modules non audités","À INVENTORIER","NON EXÉCUTÉ","83f8c74e","83f8c74ea83c81a2734ef9e086c2edd211573ebe","Association de politique ≠ accès réel; admin module_codes et Owner transversal hors liste brute; aucune validation UI/serveur"
"PM-owner-sales_analytics","POR-owner","Administrateur","owner","Profil et organisation autoritatifs; aucun tenant choisi par UI","LOT-sales_analytics","sales_analytics","Analyses des ventes","/analytics/ventes","Périmètre candidat du registre frontend; RLS/RPC et permissions effectives NON vérifiés","admin; primary=#00513D; sidebar=#10352F; prescrit=true","Lot sales_analytics","src/PrivateApp.tsx:1608 | src/components/layout/portalThemes.ts | src/lib/platformModuleCatalog.ts | src/lib/routeAccessRegistry.ts","1","DETECTION_AUTOMATIQUE; identité des 13 types relue statiquement; couples modules non audités","À INVENTORIER","NON EXÉCUTÉ","83f8c74e","83f8c74ea83c81a2734ef9e086c2edd211573ebe","Association de politique ≠ accès réel; admin module_codes et Owner transversal hors liste brute; aucune validation UI/serveur"
"PM-owner-settings","POR-owner","Administrateur","owner","Profil et organisation autoritatifs; aucun tenant choisi par UI","LOT-settings","settings","Paramètres","/admin/gold-sales-settings | /admin/status-manager | /admin/workflow | /parameters","Périmètre candidat du registre frontend; RLS/RPC et permissions effectives NON vérifiés","admin; primary=#00513D; sidebar=#10352F; prescrit=true","Lot paramètres","src/PrivateApp.tsx:1080 | src/PrivateApp.tsx:1089 | src/PrivateApp.tsx:1170 | src/PrivateApp.tsx:1179 | src/components/layout/portalThemes.ts | src/lib/platformModuleCatalog.ts | src/lib/routeAccessRegistry.ts","4","DETECTION_AUTOMATIQUE; identité des 13 types relue statiquement; couples modules non audités","À INVENTORIER","NON EXÉCUTÉ","83f8c74e","83f8c74ea83c81a2734ef9e086c2edd211573ebe","Association de politique ≠ accès réel; admin module_codes et Owner transversal hors liste brute; aucune validation UI/serveur"
"PM-owner-shipping","POR-owner","Administrateur","owner","Profil et organisation autoritatifs; aucun tenant choisi par UI","LOT-shipping","shipping","Expéditions","/freight | /freight-customs | /freight-customs/:id | /freight-customs/create | /freight/shipments/:id | /freight/shipments/create | /shipping | /shipping/preparation | /shipping/preparation/:id | /shipping/preparation/:id/details | /shipping/preparation/:id/edit | /shipping/preparation/edit/:id | /shipping/preparation/new","Périmètre candidat du registre frontend; RLS/RPC et permissions effectives NON vérifiés","admin; primary=#00513D; sidebar=#10352F; prescrit=true","Lot expéditions","src/PrivateApp.tsx:1266 | src/PrivateApp.tsx:1275 | src/PrivateApp.tsx:1284 | src/PrivateApp.tsx:1293 | src/PrivateApp.tsx:1302 | src/PrivateApp.tsx:1311 | src/PrivateApp.tsx:1320 | src/PrivateApp.tsx:1329 | src/PrivateApp.tsx:1338 | src/PrivateApp.tsx:1347 | src/PrivateApp.tsx:1356 | src/PrivateApp.tsx:1365 | src/PrivateApp.tsx:1392 | src/components/layout/portalThemes.ts | src/lib/platformModuleCatalog.ts | src/lib/routeAccessRegistry.ts","13","DETECTION_AUTOMATIQUE; identité des 13 types relue statiquement; couples modules non audités","À INVENTORIER","NON EXÉCUTÉ","83f8c74e","83f8c74ea83c81a2734ef9e086c2edd211573ebe","Association de politique ≠ accès réel; admin module_codes et Owner transversal hors liste brute; aucune validation UI/serveur"
"PM-owner-stakeholders","POR-owner","Administrateur","owner","Profil et organisation autoritatifs; aucun tenant choisi par UI","LOT-stakeholders","stakeholders","Parties prenantes","/customers | /customers/:id | /customers/:id/edit | /customers/new | /stakeholders/approvers | /stakeholders/depositors | /stakeholders/depositors/:id/edit | /stakeholders/depositors/new | /stakeholders/freight-companies | /stakeholders/mining-companies | /stakeholders/mining-companies/:id | /stakeholders/mining-companies/:id/edit | /stakeholders/mining-companies/new | /stakeholders/organizations | /stakeholders/organizations/:id/edit | /stakeholders/organizations/new | /stakeholders/refinery-plants","Périmètre candidat du registre frontend; RLS/RPC et permissions effectives NON vérifiés","admin; primary=#00513D; sidebar=#10352F; prescrit=true","Lot référentiels (root pilote Clients)","src/PrivateApp.tsx:1505 | src/PrivateApp.tsx:1516 | src/PrivateApp.tsx:1527 | src/PrivateApp.tsx:1538 | src/PrivateApp.tsx:1689 | src/PrivateApp.tsx:1698 | src/PrivateApp.tsx:1707 | src/PrivateApp.tsx:1716 | src/PrivateApp.tsx:1725 | src/PrivateApp.tsx:1734 | src/PrivateApp.tsx:1743 | src/PrivateApp.tsx:1752 | src/PrivateApp.tsx:1761 | src/PrivateApp.tsx:1770 | src/PrivateApp.tsx:1779 | src/PrivateApp.tsx:1842 | src/PrivateApp.tsx:1851 | src/components/layout/portalThemes.ts | src/lib/platformModuleCatalog.ts | src/lib/routeAccessRegistry.ts","17","DETECTION_AUTOMATIQUE; identité des 13 types relue statiquement; couples modules non audités","À INVENTORIER","NON EXÉCUTÉ","83f8c74e","83f8c74ea83c81a2734ef9e086c2edd211573ebe","Association de politique ≠ accès réel; admin module_codes et Owner transversal hors liste brute; aucune validation UI/serveur"
"PM-owner-transverse","POR-owner","Administrateur","owner","Profil et organisation autoritatifs; aucun tenant choisi par UI","LOT-transverse","transverse","transverse","/help | /profile","Périmètre candidat du registre frontend; RLS/RPC et permissions effectives NON vérifiés","admin; primary=#00513D; sidebar=#10352F; prescrit=true","Lot transverse","src/PrivateApp.tsx:1257 | src/PrivateApp.tsx:278 | src/components/layout/portalThemes.ts | src/lib/platformModuleCatalog.ts | src/lib/routeAccessRegistry.ts","2","DETECTION_AUTOMATIQUE; identité des 13 types relue statiquement; couples modules non audités","À INVENTORIER","NON EXÉCUTÉ","83f8c74e","83f8c74ea83c81a2734ef9e086c2edd211573ebe","Association de politique ≠ accès réel; admin module_codes et Owner transversal hors liste brute; aucune validation UI/serveur"
"PM-public-authentification","POR-public","Public / identité / alias à qualifier","sans session ou contexte à qualifier","Sans tenant pour les pages publiques; alias à suivre","LOT-authentification","authentification","authentification","/activate-account | /auth/callback | /login | /modifier-mot-de-passe | /recuperer-acces","Contenus publics et parcours authentification existants","Vitrine/login existants","Lot authentification","src/PrivateApp.tsx:243 | src/PrivateApp.tsx:252 | src/PrivateApp.tsx:261 | src/PrivateApp.tsx:266 | src/PrivateApp.tsx:267","5","DETECTION_AUTOMATIQUE_NON_REVUE","À INVENTORIER","NON EXÉCUTÉ","83f8c74e","83f8c74ea83c81a2734ef9e086c2edd211573ebe","Ce regroupement technique ne crée aucun nouveau portail métier."
"PM-public-public-et-alias","POR-public","Public / identité / alias à qualifier","sans session ou contexte à qualifier","Sans tenant pour les pages publiques; alias à suivre","LOT-public-et-alias","public-et-alias","public-et-alias","* | / | /* | /404 | /assistance | /conditions-utilisation | /confidentialite | /mentions-legales | /securite | /settings | /verifier-carte/:reference","Contenus publics et parcours authentification existants","Vitrine/login existants","Lot public-et-alias","src/App.tsx:22 | src/App.tsx:24 | src/App.tsx:26 | src/App.tsx:27 | src/App.tsx:28 | src/App.tsx:29 | src/App.tsx:30 | src/App.tsx:31 | src/App.tsx:33 | src/PrivateApp.tsx:1861 | src/PrivateApp.tsx:241 | src/PrivateApp.tsx:287","12","DETECTION_AUTOMATIQUE_NON_REVUE","À INVENTORIER","NON EXÉCUTÉ","83f8c74e","83f8c74ea83c81a2734ef9e086c2edd211573ebe","Ce regroupement technique ne crée aucun nouveau portail métier."
"PM-public-stakeholders","POR-public","Public / identité / alias à qualifier","sans session ou contexte à qualifier","Sans tenant pour les pages publiques; alias à suivre","LOT-stakeholders","stakeholders","stakeholders","/customers/:id/payments","Contenus publics et parcours authentification existants","Vitrine/login existants","Lot référentiels (root pilote Clients)","src/PrivateApp.tsx:1552","1","DETECTION_AUTOMATIQUE_NON_REVUE","À INVENTORIER","NON EXÉCUTÉ","83f8c74e","83f8c74ea83c81a2734ef9e086c2edd211573ebe","Ce regroupement technique ne crée aucun nouveau portail métier."
"PM-refinery-dashboard","POR-refinery","Raffinerie","refinery","Profil et organisation autoritatifs; aucun tenant choisi par UI","LOT-dashboard","dashboard","Tableau de bord","/dashboard/refinery","Périmètre candidat du registre frontend; RLS/RPC et permissions effectives NON vérifiés","refinery; primary=#0F7A56; sidebar=#1B2A3A; prescrit=false","Lot pilotage national","src/PrivateApp.tsx:1824 | src/components/layout/portalThemes.ts | src/lib/platformModuleCatalog.ts | src/lib/routeAccessRegistry.ts","1","DETECTION_AUTOMATIQUE; identité des 13 types relue statiquement; couples modules non audités","À INVENTORIER","NON EXÉCUTÉ","83f8c74e","83f8c74ea83c81a2734ef9e086c2edd211573ebe","Association de politique ≠ accès réel; admin module_codes et Owner transversal hors liste brute; aucune validation UI/serveur"
"PM-refinery-gold_inventory","POR-refinery","Raffinerie","refinery","Profil et organisation autoritatifs; aucun tenant choisi par UI","LOT-gold_inventory","gold_inventory","Suivi des stocks","/inventory | /inventory/add | /inventory/silver","Périmètre candidat du registre frontend; RLS/RPC et permissions effectives NON vérifiés","refinery; primary=#0F7A56; sidebar=#1B2A3A; prescrit=false","Lot stocks","src/PrivateApp.tsx:1383 | src/PrivateApp.tsx:636 | src/PrivateApp.tsx:645 | src/components/layout/portalThemes.ts | src/lib/platformModuleCatalog.ts | src/lib/routeAccessRegistry.ts","3","DETECTION_AUTOMATIQUE; identité des 13 types relue statiquement; couples modules non audités","À INVENTORIER","NON EXÉCUTÉ","83f8c74e","83f8c74ea83c81a2734ef9e086c2edd211573ebe","Association de politique ≠ accès réel; admin module_codes et Owner transversal hors liste brute; aucune validation UI/serveur"
"PM-refinery-international_markets","POR-refinery","Raffinerie","refinery","Profil et organisation autoritatifs; aucun tenant choisi par UI","LOT-international_markets","international_markets","Marchés internationaux","/fx-rates | /gold-prices","Périmètre candidat du registre frontend; RLS/RPC et permissions effectives NON vérifiés","refinery; primary=#0F7A56; sidebar=#1B2A3A; prescrit=false","Lot international_markets","src/PrivateApp.tsx:1239 | src/PrivateApp.tsx:1248 | src/components/layout/portalThemes.ts | src/lib/platformModuleCatalog.ts | src/lib/routeAccessRegistry.ts","2","DETECTION_AUTOMATIQUE; identité des 13 types relue statiquement; couples modules non audités","À INVENTORIER","NON EXÉCUTÉ","83f8c74e","83f8c74ea83c81a2734ef9e086c2edd211573ebe","Association de politique ≠ accès réel; admin module_codes et Owner transversal hors liste brute; aucune validation UI/serveur"
"PM-refinery-refining","POR-refinery","Raffinerie","refinery","Profil et organisation autoritatifs; aucun tenant choisi par UI","LOT-refining","refining","Raffinage","/refining | /refining/:id/process | /refining/freight-shipments","Périmètre candidat du registre frontend; RLS/RPC et permissions effectives NON vérifiés","refinery; primary=#0F7A56; sidebar=#1B2A3A; prescrit=false","Lot raffinage","src/PrivateApp.tsx:1403 | src/PrivateApp.tsx:1412 | src/PrivateApp.tsx:1421 | src/components/layout/portalThemes.ts | src/lib/platformModuleCatalog.ts | src/lib/routeAccessRegistry.ts","3","DETECTION_AUTOMATIQUE; identité des 13 types relue statiquement; couples modules non audités","À INVENTORIER","NON EXÉCUTÉ","83f8c74e","83f8c74ea83c81a2734ef9e086c2edd211573ebe","Association de politique ≠ accès réel; admin module_codes et Owner transversal hors liste brute; aucune validation UI/serveur"
"PM-refinery-reports","POR-refinery","Raffinerie","refinery","Profil et organisation autoritatifs; aucun tenant choisi par UI","LOT-reports","reports","Rapports institutionnels","/reports","Périmètre candidat du registre frontend; RLS/RPC et permissions effectives NON vérifiés","refinery; primary=#0F7A56; sidebar=#1B2A3A; prescrit=false","Lot reports","src/PrivateApp.tsx:1626 | src/components/layout/portalThemes.ts | src/lib/platformModuleCatalog.ts | src/lib/routeAccessRegistry.ts","1","DETECTION_AUTOMATIQUE; identité des 13 types relue statiquement; couples modules non audités","À INVENTORIER","NON EXÉCUTÉ","83f8c74e","83f8c74ea83c81a2734ef9e086c2edd211573ebe","Association de politique ≠ accès réel; admin module_codes et Owner transversal hors liste brute; aucune validation UI/serveur"
"PM-refinery-sales","POR-refinery","Raffinerie","refinery","Profil et organisation autoritatifs; aucun tenant choisi par UI","LOT-sales","sales","Vente d’or international","/sales | /sales/:id","Périmètre candidat du registre frontend; RLS/RPC et permissions effectives NON vérifiés","refinery; primary=#0F7A56; sidebar=#1B2A3A; prescrit=false","Lot ventes internationales et paiements","src/PrivateApp.tsx:1433 | src/PrivateApp.tsx:1496 | src/components/layout/portalThemes.ts | src/lib/platformModuleCatalog.ts | src/lib/routeAccessRegistry.ts","2","DETECTION_AUTOMATIQUE; identité des 13 types relue statiquement; couples modules non audités","À INVENTORIER","NON EXÉCUTÉ","83f8c74e","83f8c74ea83c81a2734ef9e086c2edd211573ebe","Association de politique ≠ accès réel; admin module_codes et Owner transversal hors liste brute; aucune validation UI/serveur"
"PM-refinery-transverse","POR-refinery","Raffinerie","refinery","Profil et organisation autoritatifs; aucun tenant choisi par UI","LOT-transverse","transverse","transverse","/help | /profile","Périmètre candidat du registre frontend; RLS/RPC et permissions effectives NON vérifiés","refinery; primary=#0F7A56; sidebar=#1B2A3A; prescrit=false","Lot transverse","src/PrivateApp.tsx:1257 | src/PrivateApp.tsx:278 | src/components/layout/portalThemes.ts | src/lib/platformModuleCatalog.ts | src/lib/routeAccessRegistry.ts","2","DETECTION_AUTOMATIQUE; identité des 13 types relue statiquement; couples modules non audités","À INVENTORIER","NON EXÉCUTÉ","83f8c74e","83f8c74ea83c81a2734ef9e086c2edd211573ebe","Association de politique ≠ accès réel; admin module_codes et Owner transversal hors liste brute; aucune validation UI/serveur"
"PM-sonasp-administration","POR-sonasp","SONASP","management","Profil et organisation autoritatifs; aucun tenant choisi par UI","LOT-administration","administration","Administration","/admin/settings","Périmètre candidat du registre frontend; RLS/RPC et permissions effectives NON vérifiés","sonasp; primary=#385A3F; sidebar=#28372B; prescrit=true","Lot administration et IAM","src/PrivateApp.tsx:1098 | src/components/layout/portalThemes.ts | src/lib/platformModuleCatalog.ts | src/lib/routeAccessRegistry.ts","1","DETECTION_AUTOMATIQUE; identité des 13 types relue statiquement; couples modules non audités","À INVENTORIER","NON EXÉCUTÉ","83f8c74e","83f8c74ea83c81a2734ef9e086c2edd211573ebe","Association de politique ≠ accès réel; admin module_codes et Owner transversal hors liste brute; aucune validation UI/serveur"
"PM-sonasp-analytics","POR-sonasp","SONASP","management","Profil et organisation autoritatifs; aucun tenant choisi par UI","LOT-analytics","analytics","Performance nationale","/analytics | /analytics/national","Périmètre candidat du registre frontend; RLS/RPC et permissions effectives NON vérifiés","sonasp; primary=#385A3F; sidebar=#28372B; prescrit=true","Lot analytics","src/PrivateApp.tsx:1590 | src/PrivateApp.tsx:1599 | src/components/layout/portalThemes.ts | src/lib/platformModuleCatalog.ts | src/lib/routeAccessRegistry.ts","2","DETECTION_AUTOMATIQUE; identité des 13 types relue statiquement; couples modules non audités","À INVENTORIER","NON EXÉCUTÉ","83f8c74e","83f8c74ea83c81a2734ef9e086c2edd211573ebe","Association de politique ≠ accès réel; admin module_codes et Owner transversal hors liste brute; aucune validation UI/serveur"
"PM-sonasp-artisan_gold_market","POR-sonasp","SONASP","management","Profil et organisation autoritatifs; aucun tenant choisi par UI","LOT-artisan_gold_market","artisan_gold_market","Marché d’or artisanal","/artisan-minier/paiements | /artisan-minier/paiements/:venteId/nouveau | /artisan-minier/paiements/historique | /artisan-minier/paiements/historique/:paiementId | /artisan-minier/rapports | /artisan-minier/rapports/chiffre-affaires | /artisan-minier/rapports/quantites | /artisan-minier/rapports/taxes | /artisan-minier/ventes-or | /artisan-minier/ventes-or/:id | /artisan-minier/ventes-or/:id/facture | /artisan-minier/ventes-or/:id/modifier | /artisan-minier/ventes-or/nouvelle | /collecte/ventes","Périmètre candidat du registre frontend; RLS/RPC et permissions effectives NON vérifiés","sonasp; primary=#385A3F; sidebar=#28372B; prescrit=true","Lot marché artisanal et paiements","src/PrivateApp.tsx:330 | src/PrivateApp.tsx:492 | src/PrivateApp.tsx:501 | src/PrivateApp.tsx:510 | src/PrivateApp.tsx:519 | src/PrivateApp.tsx:528 | src/PrivateApp.tsx:537 | src/PrivateApp.tsx:546 | src/PrivateApp.tsx:555 | src/PrivateApp.tsx:564 | src/PrivateApp.tsx:591 | src/PrivateApp.tsx:600 | src/PrivateApp.tsx:609 | src/PrivateApp.tsx:618 | src/components/layout/portalThemes.ts | src/lib/platformModuleCatalog.ts | src/lib/routeAccessRegistry.ts","14","DETECTION_AUTOMATIQUE; identité des 13 types relue statiquement; couples modules non audités","À INVENTORIER","NON EXÉCUTÉ","83f8c74e","83f8c74ea83c81a2734ef9e086c2edd211573ebe","Association de politique ≠ accès réel; admin module_codes et Owner transversal hors liste brute; aucune validation UI/serveur"
"PM-sonasp-artisan-minier","POR-sonasp","SONASP","management","Profil et organisation autoritatifs; aucun tenant choisi par UI","LOT-artisan-minier","artisan-minier","Artisans miniers","/artisan-minier | /artisan-minier/:artisanId/infractions/:infractionId | /artisan-minier/:artisanId/infractions/:infractionId/modifier | /artisan-minier/:artisanId/infractions/nouvelle | /artisan-minier/:id | /artisan-minier/:id/edit | /artisan-minier/cartes/expirations | /artisan-minier/cartes/suivi | /artisan-minier/cartes/validation | /artisan-minier/collecteurs | /artisan-minier/collecteurs/:id | /artisan-minier/liste","Périmètre candidat du registre frontend; RLS/RPC et permissions effectives NON vérifiés","sonasp; primary=#385A3F; sidebar=#28372B; prescrit=true","Lot artisans et affiliations","src/PrivateApp.tsx:322 | src/PrivateApp.tsx:323 | src/PrivateApp.tsx:429 | src/PrivateApp.tsx:438 | src/PrivateApp.tsx:447 | src/PrivateApp.tsx:456 | src/PrivateApp.tsx:465 | src/PrivateApp.tsx:474 | src/PrivateApp.tsx:483 | src/PrivateApp.tsx:573 | src/PrivateApp.tsx:582 | src/PrivateApp.tsx:627 | src/components/layout/portalThemes.ts | src/lib/platformModuleCatalog.ts | src/lib/routeAccessRegistry.ts","12","DETECTION_AUTOMATIQUE; identité des 13 types relue statiquement; couples modules non audités","À INVENTORIER","NON EXÉCUTÉ","83f8c74e","83f8c74ea83c81a2734ef9e086c2edd211573ebe","Association de politique ≠ accès réel; admin module_codes et Owner transversal hors liste brute; aucune validation UI/serveur"
"PM-sonasp-conciliation","POR-sonasp","SONASP","management","Profil et organisation autoritatifs; aucun tenant choisi par UI","LOT-conciliation","conciliation","Conciliation","/conciliation | /conciliation/:id | /conciliation/regles-fiscales","Périmètre candidat du registre frontend; RLS/RPC et permissions effectives NON vérifiés","sonasp; primary=#385A3F; sidebar=#28372B; prescrit=true","Lot conciliation","src/PrivateApp.tsx:840 | src/PrivateApp.tsx:851 | src/PrivateApp.tsx:862 | src/components/layout/portalThemes.ts | src/lib/platformModuleCatalog.ts | src/lib/routeAccessRegistry.ts","3","DETECTION_AUTOMATIQUE; identité des 13 types relue statiquement; couples modules non audités","À INVENTORIER","NON EXÉCUTÉ","83f8c74e","83f8c74ea83c81a2734ef9e086c2edd211573ebe","Association de politique ≠ accès réel; admin module_codes et Owner transversal hors liste brute; aucune validation UI/serveur"
"PM-sonasp-dashboard","POR-sonasp","SONASP","management","Profil et organisation autoritatifs; aucun tenant choisi par UI","LOT-dashboard","dashboard","Tableau de bord","/dashboard | /dashboard/management | /dashboard/production-modern","Périmètre candidat du registre frontend; RLS/RPC et permissions effectives NON vérifiés","sonasp; primary=#385A3F; sidebar=#28372B; prescrit=true","Lot pilotage national","src/PrivateApp.tsx:1797 | src/PrivateApp.tsx:411 | src/PrivateApp.tsx:420 | src/components/layout/portalThemes.ts | src/lib/platformModuleCatalog.ts | src/lib/routeAccessRegistry.ts","3","DETECTION_AUTOMATIQUE; identité des 13 types relue statiquement; couples modules non audités","À INVENTORIER","NON EXÉCUTÉ","83f8c74e","83f8c74ea83c81a2734ef9e086c2edd211573ebe","Association de politique ≠ accès réel; admin module_codes et Owner transversal hors liste brute; aucune validation UI/serveur"
"PM-sonasp-documents","POR-sonasp","SONASP","management","Profil et organisation autoritatifs; aucun tenant choisi par UI","LOT-documents","documents","Documents","/documents/assay-certificates","Périmètre candidat du registre frontend; RLS/RPC et permissions effectives NON vérifiés","sonasp; primary=#385A3F; sidebar=#28372B; prescrit=true","Lot documents","src/PrivateApp.tsx:1374 | src/components/layout/portalThemes.ts | src/lib/platformModuleCatalog.ts | src/lib/routeAccessRegistry.ts","1","DETECTION_AUTOMATIQUE; identité des 13 types relue statiquement; couples modules non audités","À INVENTORIER","NON EXÉCUTÉ","83f8c74e","83f8c74ea83c81a2734ef9e086c2edd211573ebe","Association de politique ≠ accès réel; admin module_codes et Owner transversal hors liste brute; aucune validation UI/serveur"
"PM-sonasp-gold_inventory","POR-sonasp","SONASP","management","Profil et organisation autoritatifs; aucun tenant choisi par UI","LOT-gold_inventory","gold_inventory","Suivi des stocks","/inventory | /inventory/add | /inventory/silver","Périmètre candidat du registre frontend; RLS/RPC et permissions effectives NON vérifiés","sonasp; primary=#385A3F; sidebar=#28372B; prescrit=true","Lot stocks","src/PrivateApp.tsx:1383 | src/PrivateApp.tsx:636 | src/PrivateApp.tsx:645 | src/components/layout/portalThemes.ts | src/lib/platformModuleCatalog.ts | src/lib/routeAccessRegistry.ts","3","DETECTION_AUTOMATIQUE; identité des 13 types relue statiquement; couples modules non audités","À INVENTORIER","NON EXÉCUTÉ","83f8c74e","83f8c74ea83c81a2734ef9e086c2edd211573ebe","Association de politique ≠ accès réel; admin module_codes et Owner transversal hors liste brute; aucune validation UI/serveur"
"PM-sonasp-gold_purchases","POR-sonasp","SONASP","management","Profil et organisation autoritatifs; aucun tenant choisi par UI","LOT-gold_purchases","gold_purchases","Achats d’or","/achats/comptes | /achats/comptes-paiements | /achats/demandes | /achats/plans | /achats/plans/:id | /achats/reglements | /achats/reglements/nouveau | /contrats | /contrats/:id | /contrats/:id/modifier | /contrats/nouveau | /contrats/pilotage | /requisitions | /requisitions/:id | /requisitions/:id/modifier | /requisitions/nouvelle","Périmètre candidat du registre frontend; RLS/RPC et permissions effectives NON vérifiés","sonasp; primary=#385A3F; sidebar=#28372B; prescrit=true","Lot achats et contrats","src/PrivateApp.tsx:793 | src/PrivateApp.tsx:797 | src/PrivateApp.tsx:801 | src/PrivateApp.tsx:805 | src/PrivateApp.tsx:816 | src/PrivateApp.tsx:827 | src/PrivateApp.tsx:831 | src/PrivateApp.tsx:873 | src/PrivateApp.tsx:884 | src/PrivateApp.tsx:895 | src/PrivateApp.tsx:906 | src/PrivateApp.tsx:917 | src/PrivateApp.tsx:929 | src/PrivateApp.tsx:940 | src/PrivateApp.tsx:951 | src/PrivateApp.tsx:962 | src/components/layout/portalThemes.ts | src/lib/platformModuleCatalog.ts | src/lib/routeAccessRegistry.ts","16","DETECTION_AUTOMATIQUE; identité des 13 types relue statiquement; couples modules non audités","À INVENTORIER","NON EXÉCUTÉ","83f8c74e","83f8c74ea83c81a2734ef9e086c2edd211573ebe","Association de politique ≠ accès réel; admin module_codes et Owner transversal hors liste brute; aucune validation UI/serveur"
"PM-sonasp-international_markets","POR-sonasp","SONASP","management","Profil et organisation autoritatifs; aucun tenant choisi par UI","LOT-international_markets","international_markets","Marchés internationaux","/fx-rates | /gold-prices | /sales/simulations | /sales/simulator | /sales/trade-space","Périmètre candidat du registre frontend; RLS/RPC et permissions effectives NON vérifiés","sonasp; primary=#385A3F; sidebar=#28372B; prescrit=true","Lot international_markets","src/PrivateApp.tsx:1239 | src/PrivateApp.tsx:1248 | src/PrivateApp.tsx:1451 | src/PrivateApp.tsx:1460 | src/PrivateApp.tsx:1469 | src/components/layout/portalThemes.ts | src/lib/platformModuleCatalog.ts | src/lib/routeAccessRegistry.ts","5","DETECTION_AUTOMATIQUE; identité des 13 types relue statiquement; couples modules non audités","À INVENTORIER","NON EXÉCUTÉ","83f8c74e","83f8c74ea83c81a2734ef9e086c2edd211573ebe","Association de politique ≠ accès réel; admin module_codes et Owner transversal hors liste brute; aucune validation UI/serveur"
"PM-sonasp-mining_sites","POR-sonasp","SONASP","management","Profil et organisation autoritatifs; aucun tenant choisi par UI","LOT-mining_sites","mining_sites","Sites artisanaux","/artisan-sites | /artisan-sites/:siteId | /artisan-sites/production","Périmètre candidat du registre frontend; RLS/RPC et permissions effectives NON vérifiés","sonasp; primary=#385A3F; sidebar=#28372B; prescrit=true","Lot sites artisanaux","src/PrivateApp.tsx:744 | src/PrivateApp.tsx:753 | src/PrivateApp.tsx:772 | src/components/layout/portalThemes.ts | src/lib/platformModuleCatalog.ts | src/lib/routeAccessRegistry.ts","3","DETECTION_AUTOMATIQUE; identité des 13 types relue statiquement; couples modules non audités","À INVENTORIER","NON EXÉCUTÉ","83f8c74e","83f8c74ea83c81a2734ef9e086c2edd211573ebe","Association de politique ≠ accès réel; admin module_codes et Owner transversal hors liste brute; aucune validation UI/serveur"
"PM-sonasp-national_reserve","POR-sonasp","SONASP","management","Profil et organisation autoritatifs; aucun tenant choisi par UI","LOT-national_reserve","national_reserve","Réserve nationale","/national-reserve | /national-reserve/allocations | /national-reserve/allocations/:id | /national-reserve/allocations/:id/edit | /national-reserve/allocations/new | /national-reserve/audit | /national-reserve/controls | /national-reserve/physical | /national-reserve/valuation","Périmètre candidat du registre frontend; RLS/RPC et permissions effectives NON vérifiés","sonasp; primary=#385A3F; sidebar=#28372B; prescrit=true","Lot réserve nationale","src/PrivateApp.tsx:654 | src/PrivateApp.tsx:663 | src/PrivateApp.tsx:672 | src/PrivateApp.tsx:681 | src/PrivateApp.tsx:690 | src/PrivateApp.tsx:699 | src/PrivateApp.tsx:708 | src/PrivateApp.tsx:717 | src/PrivateApp.tsx:726 | src/components/layout/portalThemes.ts | src/lib/platformModuleCatalog.ts | src/lib/routeAccessRegistry.ts","9","DETECTION_AUTOMATIQUE; identité des 13 types relue statiquement; couples modules non audités","À INVENTORIER","NON EXÉCUTÉ","83f8c74e","83f8c74ea83c81a2734ef9e086c2edd211573ebe","Association de politique ≠ accès réel; admin module_codes et Owner transversal hors liste brute; aucune validation UI/serveur"
"PM-sonasp-production","POR-sonasp","SONASP","management","Profil et organisation autoritatifs; aucun tenant choisi par UI","LOT-production","production","Collecte de l’or","/performance/budgets | /performance/forecasts | /production/:id | /production/achats-mines | /production/daily | /production/in-safe | /production/licenses | /production/licenses/:id | /production/licenses/edit/:id | /production/licenses/new | /production/licenses/requests","Périmètre candidat du registre frontend; RLS/RPC et permissions effectives NON vérifiés","sonasp; primary=#385A3F; sidebar=#28372B; prescrit=true","Lot production industrielle","src/PrivateApp.tsx:1004 | src/PrivateApp.tsx:1635 | src/PrivateApp.tsx:1644 | src/PrivateApp.tsx:1653 | src/PrivateApp.tsx:1662 | src/PrivateApp.tsx:1671 | src/PrivateApp.tsx:1680 | src/PrivateApp.tsx:781 | src/PrivateApp.tsx:974 | src/PrivateApp.tsx:983 | src/PrivateApp.tsx:992 | src/components/layout/portalThemes.ts | src/lib/platformModuleCatalog.ts | src/lib/routeAccessRegistry.ts","11","DETECTION_AUTOMATIQUE; identité des 13 types relue statiquement; couples modules non audités","À INVENTORIER","NON EXÉCUTÉ","83f8c74e","83f8c74ea83c81a2734ef9e086c2edd211573ebe","Association de politique ≠ accès réel; admin module_codes et Owner transversal hors liste brute; aucune validation UI/serveur"
"PM-sonasp-production_analytics","POR-sonasp","SONASP","management","Profil et organisation autoritatifs; aucun tenant choisi par UI","LOT-production_analytics","production_analytics","Rapports de production","/analytics/production","Périmètre candidat du registre frontend; RLS/RPC et permissions effectives NON vérifiés","sonasp; primary=#385A3F; sidebar=#28372B; prescrit=true","Lot production_analytics","src/PrivateApp.tsx:1617 | src/components/layout/portalThemes.ts | src/lib/platformModuleCatalog.ts | src/lib/routeAccessRegistry.ts","1","DETECTION_AUTOMATIQUE; identité des 13 types relue statiquement; couples modules non audités","À INVENTORIER","NON EXÉCUTÉ","83f8c74e","83f8c74ea83c81a2734ef9e086c2edd211573ebe","Association de politique ≠ accès réel; admin module_codes et Owner transversal hors liste brute; aucune validation UI/serveur"
"PM-sonasp-public-et-alias","POR-sonasp","SONASP","management","Profil et organisation autoritatifs; aucun tenant choisi par UI","LOT-public-et-alias","public-et-alias","public-et-alias","/admin/refineries | /admin/refineries/edit/:id | /admin/refineries/new | /admin/transport-companies | /admin/transport-companies/edit/:id | /admin/transport-companies/new | /approvals | /audit | /sonasp/cessions-comptoirs","Périmètre candidat du registre frontend; RLS/RPC et permissions effectives NON vérifiés","sonasp; primary=#385A3F; sidebar=#28372B; prescrit=true","Lot public-et-alias","src/PrivateApp.tsx:1107 | src/PrivateApp.tsx:1116 | src/PrivateApp.tsx:1125 | src/PrivateApp.tsx:1134 | src/PrivateApp.tsx:1143 | src/PrivateApp.tsx:1152 | src/PrivateApp.tsx:1161 | src/PrivateApp.tsx:1788 | src/PrivateApp.tsx:392 | src/components/layout/portalThemes.ts | src/lib/platformModuleCatalog.ts | src/lib/routeAccessRegistry.ts","9","DETECTION_AUTOMATIQUE; identité des 13 types relue statiquement; couples modules non audités","À INVENTORIER","NON EXÉCUTÉ","83f8c74e","83f8c74ea83c81a2734ef9e086c2edd211573ebe","Association de politique ≠ accès réel; admin module_codes et Owner transversal hors liste brute; aucune validation UI/serveur"
"PM-sonasp-refining","POR-sonasp","SONASP","management","Profil et organisation autoritatifs; aucun tenant choisi par UI","LOT-refining","refining","Raffinage","/refining | /refining/:id/process | /refining/freight-shipments","Périmètre candidat du registre frontend; RLS/RPC et permissions effectives NON vérifiés","sonasp; primary=#385A3F; sidebar=#28372B; prescrit=true","Lot raffinage","src/PrivateApp.tsx:1403 | src/PrivateApp.tsx:1412 | src/PrivateApp.tsx:1421 | src/components/layout/portalThemes.ts | src/lib/platformModuleCatalog.ts | src/lib/routeAccessRegistry.ts","3","DETECTION_AUTOMATIQUE; identité des 13 types relue statiquement; couples modules non audités","À INVENTORIER","NON EXÉCUTÉ","83f8c74e","83f8c74ea83c81a2734ef9e086c2edd211573ebe","Association de politique ≠ accès réel; admin module_codes et Owner transversal hors liste brute; aucune validation UI/serveur"
"PM-sonasp-reports","POR-sonasp","SONASP","management","Profil et organisation autoritatifs; aucun tenant choisi par UI","LOT-reports","reports","Rapports institutionnels","/reports","Périmètre candidat du registre frontend; RLS/RPC et permissions effectives NON vérifiés","sonasp; primary=#385A3F; sidebar=#28372B; prescrit=true","Lot reports","src/PrivateApp.tsx:1626 | src/components/layout/portalThemes.ts | src/lib/platformModuleCatalog.ts | src/lib/routeAccessRegistry.ts","1","DETECTION_AUTOMATIQUE; identité des 13 types relue statiquement; couples modules non audités","À INVENTORIER","NON EXÉCUTÉ","83f8c74e","83f8c74ea83c81a2734ef9e086c2edd211573ebe","Association de politique ≠ accès réel; admin module_codes et Owner transversal hors liste brute; aucune validation UI/serveur"
"PM-sonasp-sales","POR-sonasp","SONASP","management","Profil et organisation autoritatifs; aucun tenant choisi par UI","LOT-sales","sales","Vente d’or international","/payments | /payments/:id | /payments/create | /payments/record | /payments/virtual | /sales | /sales/:id | /sales/approve/:saleId | /sales/approve/:saleId/:token | /sales/new","Périmètre candidat du registre frontend; RLS/RPC et permissions effectives NON vérifiés","sonasp; primary=#385A3F; sidebar=#28372B; prescrit=true","Lot ventes internationales et paiements","src/PrivateApp.tsx:1433 | src/PrivateApp.tsx:1442 | src/PrivateApp.tsx:1478 | src/PrivateApp.tsx:1487 | src/PrivateApp.tsx:1496 | src/PrivateApp.tsx:1554 | src/PrivateApp.tsx:1563 | src/PrivateApp.tsx:1572 | src/PrivateApp.tsx:1581 | src/PrivateApp.tsx:735 | src/components/layout/portalThemes.ts | src/lib/platformModuleCatalog.ts | src/lib/routeAccessRegistry.ts","10","DETECTION_AUTOMATIQUE; identité des 13 types relue statiquement; couples modules non audités","À INVENTORIER","NON EXÉCUTÉ","83f8c74e","83f8c74ea83c81a2734ef9e086c2edd211573ebe","Association de politique ≠ accès réel; admin module_codes et Owner transversal hors liste brute; aucune validation UI/serveur"
"PM-sonasp-sales_analytics","POR-sonasp","SONASP","management","Profil et organisation autoritatifs; aucun tenant choisi par UI","LOT-sales_analytics","sales_analytics","Analyses des ventes","/analytics/ventes","Périmètre candidat du registre frontend; RLS/RPC et permissions effectives NON vérifiés","sonasp; primary=#385A3F; sidebar=#28372B; prescrit=true","Lot sales_analytics","src/PrivateApp.tsx:1608 | src/components/layout/portalThemes.ts | src/lib/platformModuleCatalog.ts | src/lib/routeAccessRegistry.ts","1","DETECTION_AUTOMATIQUE; identité des 13 types relue statiquement; couples modules non audités","À INVENTORIER","NON EXÉCUTÉ","83f8c74e","83f8c74ea83c81a2734ef9e086c2edd211573ebe","Association de politique ≠ accès réel; admin module_codes et Owner transversal hors liste brute; aucune validation UI/serveur"
"PM-sonasp-settings","POR-sonasp","SONASP","management","Profil et organisation autoritatifs; aucun tenant choisi par UI","LOT-settings","settings","Paramètres","/admin/gold-sales-settings | /admin/workflow | /parameters","Périmètre candidat du registre frontend; RLS/RPC et permissions effectives NON vérifiés","sonasp; primary=#385A3F; sidebar=#28372B; prescrit=true","Lot paramètres","src/PrivateApp.tsx:1089 | src/PrivateApp.tsx:1170 | src/PrivateApp.tsx:1179 | src/components/layout/portalThemes.ts | src/lib/platformModuleCatalog.ts | src/lib/routeAccessRegistry.ts","3","DETECTION_AUTOMATIQUE; identité des 13 types relue statiquement; couples modules non audités","À INVENTORIER","NON EXÉCUTÉ","83f8c74e","83f8c74ea83c81a2734ef9e086c2edd211573ebe","Association de politique ≠ accès réel; admin module_codes et Owner transversal hors liste brute; aucune validation UI/serveur"
"PM-sonasp-shipping","POR-sonasp","SONASP","management","Profil et organisation autoritatifs; aucun tenant choisi par UI","LOT-shipping","shipping","Expéditions","/freight | /freight-customs | /freight-customs/:id | /freight-customs/create | /freight/shipments/:id | /freight/shipments/create | /shipping | /shipping/preparation | /shipping/preparation/:id | /shipping/preparation/:id/details | /shipping/preparation/:id/edit | /shipping/preparation/edit/:id | /shipping/preparation/new","Périmètre candidat du registre frontend; RLS/RPC et permissions effectives NON vérifiés","sonasp; primary=#385A3F; sidebar=#28372B; prescrit=true","Lot expéditions","src/PrivateApp.tsx:1266 | src/PrivateApp.tsx:1275 | src/PrivateApp.tsx:1284 | src/PrivateApp.tsx:1293 | src/PrivateApp.tsx:1302 | src/PrivateApp.tsx:1311 | src/PrivateApp.tsx:1320 | src/PrivateApp.tsx:1329 | src/PrivateApp.tsx:1338 | src/PrivateApp.tsx:1347 | src/PrivateApp.tsx:1356 | src/PrivateApp.tsx:1365 | src/PrivateApp.tsx:1392 | src/components/layout/portalThemes.ts | src/lib/platformModuleCatalog.ts | src/lib/routeAccessRegistry.ts","13","DETECTION_AUTOMATIQUE; identité des 13 types relue statiquement; couples modules non audités","À INVENTORIER","NON EXÉCUTÉ","83f8c74e","83f8c74ea83c81a2734ef9e086c2edd211573ebe","Association de politique ≠ accès réel; admin module_codes et Owner transversal hors liste brute; aucune validation UI/serveur"
"PM-sonasp-stakeholders","POR-sonasp","SONASP","management","Profil et organisation autoritatifs; aucun tenant choisi par UI","LOT-stakeholders","stakeholders","Parties prenantes","/customers | /customers/:id | /customers/:id/edit | /customers/new | /stakeholders/depositors | /stakeholders/depositors/:id/edit | /stakeholders/depositors/new | /stakeholders/freight-companies | /stakeholders/mining-companies | /stakeholders/mining-companies/:id | /stakeholders/mining-companies/:id/edit | /stakeholders/organizations | /stakeholders/organizations/:id/edit | /stakeholders/organizations/new | /stakeholders/refinery-plants","Périmètre candidat du registre frontend; RLS/RPC et permissions effectives NON vérifiés","sonasp; primary=#385A3F; sidebar=#28372B; prescrit=true","Lot référentiels (root pilote Clients)","src/PrivateApp.tsx:1505 | src/PrivateApp.tsx:1516 | src/PrivateApp.tsx:1527 | src/PrivateApp.tsx:1538 | src/PrivateApp.tsx:1689 | src/PrivateApp.tsx:1698 | src/PrivateApp.tsx:1707 | src/PrivateApp.tsx:1716 | src/PrivateApp.tsx:1734 | src/PrivateApp.tsx:1743 | src/PrivateApp.tsx:1761 | src/PrivateApp.tsx:1770 | src/PrivateApp.tsx:1779 | src/PrivateApp.tsx:1842 | src/PrivateApp.tsx:1851 | src/components/layout/portalThemes.ts | src/lib/platformModuleCatalog.ts | src/lib/routeAccessRegistry.ts","15","DETECTION_AUTOMATIQUE; identité des 13 types relue statiquement; couples modules non audités","À INVENTORIER","NON EXÉCUTÉ","83f8c74e","83f8c74ea83c81a2734ef9e086c2edd211573ebe","Association de politique ≠ accès réel; admin module_codes et Owner transversal hors liste brute; aucune validation UI/serveur"
"PM-sonasp-transverse","POR-sonasp","SONASP","management","Profil et organisation autoritatifs; aucun tenant choisi par UI","LOT-transverse","transverse","transverse","/help | /profile","Périmètre candidat du registre frontend; RLS/RPC et permissions effectives NON vérifiés","sonasp; primary=#385A3F; sidebar=#28372B; prescrit=true","Lot transverse","src/PrivateApp.tsx:1257 | src/PrivateApp.tsx:278 | src/components/layout/portalThemes.ts | src/lib/platformModuleCatalog.ts | src/lib/routeAccessRegistry.ts","2","DETECTION_AUTOMATIQUE; identité des 13 types relue statiquement; couples modules non audités","À INVENTORIER","NON EXÉCUTÉ","83f8c74e","83f8c74ea83c81a2734ef9e086c2edd211573ebe","Association de politique ≠ accès réel; admin module_codes et Owner transversal hors liste brute; aucune validation UI/serveur"
