"id","objet_id","portail","module","route","scenario","niveau_preuve","statut","blocage","preuve","responsable"
"REC-ACT-00250794764e","ACT-00250794764e","CONSOMMATEUR_NON_RESOLU","TRANSVERSE_OU_ORPHELIN_A_QUALIFIER","","Qualifier puis exécuter dans les contextes applicables ; variantes et champs à instancier après revue","UI_AUTH_API_DB","NON EXÉCUTÉ","Qualification détaillée et environnement isolé requis","","Lot partagé : propriétaire à affecter par orchestrateur"
"REC-ACT-00f9f19098c0","ACT-00f9f19098c0","admin | dgmg | owner | sonasp","mining_sites","/artisan-sites","Qualifier puis exécuter dans les contextes applicables ; variantes et champs à instancier après revue","UI_AUTH_API_DB","NON EXÉCUTÉ","Qualification détaillée et environnement isolé requis","","Lot sites artisanaux"
"REC-ACT-01337945ce2e","ACT-01337945ce2e","admin | customer | mine | owner | sonasp","sales","/payments/virtual","Qualifier puis exécuter dans les contextes applicables ; variantes et champs à instancier après revue","UI_AUTH_API_DB","NON EXÉCUTÉ","Qualification détaillée et environnement isolé requis","","Lot ventes internationales et paiements"
"REC-ACT-01b289f2161c","ACT-01b289f2161c","admin | dgmg | owner","artisan-minier","/artisan-minier/comptoirs/:id | /artisan-minier/comptoirs/:id/modifier | /artisan-minier/comptoirs/nouveau","Qualifier puis exécuter dans les contextes applicables ; variantes et champs à instancier après revue","UI_AUTH_API_DB","NON EXÉCUTÉ","Qualification détaillée et environnement isolé requis","","Lot artisans et affiliations"
"REC-ACT-01b9cb0fa964","ACT-01b9cb0fa964","admin | mine | owner | sonasp","gold_purchases","/contrats/:id | /requisitions/:id","Qualifier puis exécuter dans les contextes applicables ; variantes et champs à instancier après revue","UI_AUTH_API_DB","NON EXÉCUTÉ","Qualification détaillée et environnement isolé requis","","Lot achats et contrats"
"REC-ACT-01f0c35705d1","ACT-01f0c35705d1","admin | airport | customer | factory | mine | owner | refinery | sonasp","international_markets","/fx-rates","Qualifier puis exécuter dans les contextes applicables ; variantes et champs à instancier après revue","UI_AUTH_API_DB","NON EXÉCUTÉ","Qualification détaillée et environnement isolé requis","","Lot international_markets"
"REC-ACT-021cd5282c15","ACT-021cd5282c15","admin | owner | sonasp","dashboard","/dashboard/production-modern","Qualifier puis exécuter dans les contextes applicables ; variantes et champs à instancier après revue","UI_AUTH_API_DB","NON EXÉCUTÉ","Qualification détaillée et environnement isolé requis","","Lot pilotage national"
"REC-ACT-02341978b860","ACT-02341978b860","admin | collector | comptoir | dgi | owner | sonasp","artisan_gold_market","/artisan-minier/ventes-or","Qualifier puis exécuter dans les contextes applicables ; variantes et champs à instancier après revue","UI_AUTH_API_DB","NON EXÉCUTÉ","Qualification détaillée et environnement isolé requis","","Lot marché artisanal et paiements"
"REC-ACT-026812b80f5d","ACT-026812b80f5d","CONSOMMATEUR_NON_RESOLU","TRANSVERSE_OU_ORPHELIN_A_QUALIFIER","","Qualifier puis exécuter dans les contextes applicables ; variantes et champs à instancier après revue","UI_AUTH_API_DB","NON EXÉCUTÉ","Qualification détaillée et environnement isolé requis","","Lot partagé : propriétaire à affecter par orchestrateur"
"REC-ACT-0284dac59b0c","ACT-0284dac59b0c","admin | mine | owner | sonasp","gold_purchases","/achats/comptes | /achats/comptes-paiements | /achats/demandes | /achats/reglements","Qualifier puis exécuter dans les contextes applicables ; variantes et champs à instancier après revue","UI_AUTH_API_DB","NON EXÉCUTÉ","Qualification détaillée et environnement isolé requis","","Lot achats et contrats"
"REC-ACT-02ea5a896c35","ACT-02ea5a896c35","admin | mine | owner | sonasp","production","/performance/budgets | /performance/forecasts","Qualifier puis exécuter dans les contextes applicables ; variantes et champs à instancier après revue","UI_AUTH_API_DB","NON EXÉCUTÉ","Qualification détaillée et environnement isolé requis","","Lot production industrielle"
"REC-ACT-035110c8310b","ACT-035110c8310b","admin | owner | sonasp","public-et-alias","/sonasp/cessions-comptoirs","Qualifier puis exécuter dans les contextes applicables ; variantes et champs à instancier après revue","UI_AUTH_API_DB","NON EXÉCUTÉ","Qualification détaillée et environnement isolé requis","","Lot public-et-alias"
"REC-ACT-035b5a9c3d5a","ACT-035b5a9c3d5a","public","authentification","/modifier-mot-de-passe","Qualifier puis exécuter dans les contextes applicables ; variantes et champs à instancier après revue","UI_AUTH_API_DB","NON EXÉCUTÉ","Qualification détaillée et environnement isolé requis","","Lot authentification"
"REC-ACT-03a29583ced9","ACT-03a29583ced9","admin | owner | sonasp","dashboard","/dashboard","Qualifier puis exécuter dans les contextes applicables ; variantes et champs à instancier après revue","UI_AUTH_API_DB","NON EXÉCUTÉ","Qualification détaillée et environnement isolé requis","","Lot pilotage national"
"REC-ACT-03bf60c0aab7","ACT-03bf60c0aab7","admin | dgi | dgmg | factory | mine | owner | sonasp","production","/production/:id | /production/daily","Qualifier puis exécuter dans les contextes applicables ; variantes et champs à instancier après revue","UI_AUTH_API_DB","NON EXÉCUTÉ","Qualification détaillée et environnement isolé requis","","Lot production industrielle"
"REC-ACT-03ef1ef89a91","ACT-03ef1ef89a91","admin | customer | mine | owner | refinery | sonasp","sales","/sales/:id","Qualifier puis exécuter dans les contextes applicables ; variantes et champs à instancier après revue","UI_AUTH_API_DB","NON EXÉCUTÉ","Qualification détaillée et environnement isolé requis","","Lot ventes internationales et paiements"
"REC-ACT-03fda6a4ab55","ACT-03fda6a4ab55","admin | mine | owner | sonasp","production","/performance/budgets | /performance/forecasts","Qualifier puis exécuter dans les contextes applicables ; variantes et champs à instancier après revue","UI_AUTH_API_DB","NON EXÉCUTÉ","Qualification détaillée et environnement isolé requis","","Lot production industrielle"
"REC-ACT-049efbbf0411","ACT-049efbbf0411","public","authentification","/login","Qualifier puis exécuter dans les contextes applicables ; variantes et champs à instancier après revue","UI_AUTH_API_DB","NON EXÉCUTÉ","Qualification détaillée et environnement isolé requis","","Lot authentification"
"REC-ACT-04de4f55308d","ACT-04de4f55308d","admin | customer | mine | owner | sonasp","sales","/payments/virtual","Qualifier puis exécuter dans les contextes applicables ; variantes et champs à instancier après revue","UI_AUTH_API_DB","NON EXÉCUTÉ","Qualification détaillée et environnement isolé requis","","Lot ventes internationales et paiements"
"REC-ACT-056527320985","ACT-056527320985","admin | collector | comptoir | dgmg | owner | sonasp","artisan_gold_market","/collecte/ventes | /collecte/ventes/nouvelle","Qualifier puis exécuter dans les contextes applicables ; variantes et champs à instancier après revue","UI_AUTH_API_DB","NON EXÉCUTÉ","Qualification détaillée et environnement isolé requis","","Lot marché artisanal et paiements"
"REC-ACT-05a031548089","ACT-05a031548089","CONSOMMATEUR_NON_RESOLU","TRANSVERSE_OU_ORPHELIN_A_QUALIFIER","","Qualifier puis exécuter dans les contextes applicables ; variantes et champs à instancier après revue","UI_AUTH_API_DB","NON EXÉCUTÉ","Qualification détaillée et environnement isolé requis","","Lot partagé : propriétaire à affecter par orchestrateur"
"REC-ACT-05c0ede7f20a","ACT-05c0ede7f20a","admin | dgmg | owner","artisan-minier","/artisan-minier/comptoirs/:id | /artisan-minier/comptoirs/:id/modifier | /artisan-minier/comptoirs/nouveau","Qualifier puis exécuter dans les contextes applicables ; variantes et champs à instancier après revue","UI_AUTH_API_DB","NON EXÉCUTÉ","Qualification détaillée et environnement isolé requis","","Lot artisans et affiliations"
"REC-ACT-05e157c95b6b","ACT-05e157c95b6b","admin | customer | mine | owner | refinery | sonasp","sales","/sales/:id","Qualifier puis exécuter dans les contextes applicables ; variantes et champs à instancier après revue","UI_AUTH_API_DB","NON EXÉCUTÉ","Qualification détaillée et environnement isolé requis","","Lot ventes internationales et paiements"
"REC-ACT-05ef1a1835e3","ACT-05ef1a1835e3","comptoir | owner","portal-comptoir","/portail-comptoir","Qualifier puis exécuter dans les contextes applicables ; variantes et champs à instancier après revue","UI_AUTH_API_DB","NON EXÉCUTÉ","Qualification détaillée et environnement isolé requis","","Lot portal-comptoir"
"REC-ACT-05f0b6b6c632","ACT-05f0b6b6c632","public","public-et-alias","/assistance","Qualifier puis exécuter dans les contextes applicables ; variantes et champs à instancier après revue","UI_AUTH_API_DB","NON EXÉCUTÉ","Qualification détaillée et environnement isolé requis","","Lot public-et-alias"
"REC-ACT-064774d4a0bb","ACT-064774d4a0bb","admin | collector | comptoir | dgmg | owner | sonasp","artisan-minier","/artisan-minier/liste","Qualifier puis exécuter dans les contextes applicables ; variantes et champs à instancier après revue","UI_AUTH_API_DB","NON EXÉCUTÉ","Qualification détaillée et environnement isolé requis","","Lot artisans et affiliations"
"REC-ACT-066c02797d1b","ACT-066c02797d1b","admin | collector | comptoir | dgmg | owner | sonasp","artisan_gold_market","/collecte/ventes | /collecte/ventes/nouvelle","Qualifier puis exécuter dans les contextes applicables ; variantes et champs à instancier après revue","UI_AUTH_API_DB","NON EXÉCUTÉ","Qualification détaillée et environnement isolé requis","","Lot marché artisanal et paiements"
"REC-ACT-06763de7b362","ACT-06763de7b362","admin | airport | factory | mine | owner | sonasp","documents","/documents/assay-certificates","Qualifier puis exécuter dans les contextes applicables ; variantes et champs à instancier après revue","UI_AUTH_API_DB","NON EXÉCUTÉ","Qualification détaillée et environnement isolé requis","","Lot documents"
"REC-ACT-06851222095c","ACT-06851222095c","admin | comptoir | owner | sonasp","artisan_gold_market","/artisan-minier/rapports/quantites","Qualifier puis exécuter dans les contextes applicables ; variantes et champs à instancier après revue","UI_AUTH_API_DB","NON EXÉCUTÉ","Qualification détaillée et environnement isolé requis","","Lot marché artisanal et paiements"
"REC-ACT-0693e668d14a","ACT-0693e668d14a","comptoir | owner","portal-comptoir","/portail-comptoir","Qualifier puis exécuter dans les contextes applicables ; variantes et champs à instancier après revue","UI_AUTH_API_DB","NON EXÉCUTÉ","Qualification détaillée et environnement isolé requis","","Lot portal-comptoir"
"REC-ACT-072c160ccc0d","ACT-072c160ccc0d","admin | owner | sonasp","artisan-minier","/artisan-minier","Qualifier puis exécuter dans les contextes applicables ; variantes et champs à instancier après revue","UI_AUTH_API_DB","NON EXÉCUTÉ","Qualification détaillée et environnement isolé requis","","Lot artisans et affiliations"
"REC-ACT-07314094bc89","ACT-07314094bc89","CONSOMMATEUR_NON_RESOLU","TRANSVERSE_OU_ORPHELIN_A_QUALIFIER","","Qualifier puis exécuter dans les contextes applicables ; variantes et champs à instancier après revue","UI_AUTH_API_DB","NON EXÉCUTÉ","Qualification détaillée et environnement isolé requis","","Lot partagé : propriétaire à affecter par orchestrateur"
"REC-ACT-0752f60328d8","ACT-0752f60328d8","CONSOMMATEUR_NON_RESOLU","TRANSVERSE_OU_ORPHELIN_A_QUALIFIER","","Qualifier puis exécuter dans les contextes applicables ; variantes et champs à instancier après revue","UI_AUTH_API_DB","NON EXÉCUTÉ","Qualification détaillée et environnement isolé requis","","Lot partagé : propriétaire à affecter par orchestrateur"
"REC-ACT-077478ab9986","ACT-077478ab9986","admin | owner | sonasp","gold_purchases","/contrats/pilotage","Qualifier puis exécuter dans les contextes applicables ; variantes et champs à instancier après revue","UI_AUTH_API_DB","NON EXÉCUTÉ","Qualification détaillée et environnement isolé requis","","Lot achats et contrats"
"REC-ACT-0781aa35a93e","ACT-0781aa35a93e","admin | mine | owner | sonasp","gold_purchases","/contrats/:id | /requisitions/:id","Qualifier puis exécuter dans les contextes applicables ; variantes et champs à instancier après revue","UI_AUTH_API_DB","NON EXÉCUTÉ","Qualification détaillée et environnement isolé requis","","Lot achats et contrats"
"REC-ACT-081ca24755b6","ACT-081ca24755b6","public","authentification","/activate-account","Qualifier puis exécuter dans les contextes applicables ; variantes et champs à instancier après revue","UI_AUTH_API_DB","NON EXÉCUTÉ","Qualification détaillée et environnement isolé requis","","Lot authentification"
"REC-ACT-088385fb236a","ACT-088385fb236a","admin | owner | sonasp","gold_purchases","/contrats/pilotage","Qualifier puis exécuter dans les contextes applicables ; variantes et champs à instancier après revue","UI_AUTH_API_DB","NON EXÉCUTÉ","Qualification détaillée et environnement isolé requis","","Lot achats et contrats"
"REC-ACT-08af29041bc1","ACT-08af29041bc1","admin | owner | sonasp","gold_purchases","/achats/reglements/nouveau","Qualifier puis exécuter dans les contextes applicables ; variantes et champs à instancier après revue","UI_AUTH_API_DB","NON EXÉCUTÉ","Qualification détaillée et environnement isolé requis","","Lot achats et contrats"
"REC-ACT-08b056738e01","ACT-08b056738e01","admin | mine | owner | refinery | sonasp","gold_inventory","/inventory","Qualifier puis exécuter dans les contextes applicables ; variantes et champs à instancier après revue","UI_AUTH_API_DB","NON EXÉCUTÉ","Qualification détaillée et environnement isolé requis","","Lot stocks"
"REC-ACT-08cfce966818","ACT-08cfce966818","admin | collector | comptoir | owner | sonasp","artisan_gold_market","/artisan-minier/paiements/historique/:paiementId","Qualifier puis exécuter dans les contextes applicables ; variantes et champs à instancier après revue","UI_AUTH_API_DB","NON EXÉCUTÉ","Qualification détaillée et environnement isolé requis","","Lot marché artisanal et paiements"
"REC-ACT-08d2c90bd224","ACT-08d2c90bd224","admin | dgmg | owner","artisan-minier","/artisan-minier/comptoirs/:id | /artisan-minier/comptoirs/:id/modifier | /artisan-minier/comptoirs/nouveau","Qualifier puis exécuter dans les contextes applicables ; variantes et champs à instancier après revue","UI_AUTH_API_DB","NON EXÉCUTÉ","Qualification détaillée et environnement isolé requis","","Lot artisans et affiliations"
"REC-ACT-08f48d117d2d","ACT-08f48d117d2d","admin | collector | comptoir | dgmg | owner | sonasp","artisan-minier","/artisan-minier/:id | /artisan-minier/cartes/expirations | /artisan-minier/cartes/suivi | /artisan-minier/cartes/validation","Qualifier puis exécuter dans les contextes applicables ; variantes et champs à instancier après revue","UI_AUTH_API_DB","NON EXÉCUTÉ","Qualification détaillée et environnement isolé requis","","Lot artisans et affiliations"
"REC-ACT-092ae62163c8","ACT-092ae62163c8","admin | airport | customer | factory | mine | owner | refinery | sonasp","international_markets","/fx-rates","Qualifier puis exécuter dans les contextes applicables ; variantes et champs à instancier après revue","UI_AUTH_API_DB","NON EXÉCUTÉ","Qualification détaillée et environnement isolé requis","","Lot international_markets"
"REC-ACT-092d09769930","ACT-092d09769930","admin | mine | owner | refinery | sonasp","refining","/refining | /refining/:id/process","Qualifier puis exécuter dans les contextes applicables ; variantes et champs à instancier après revue","UI_AUTH_API_DB","NON EXÉCUTÉ","Qualification détaillée et environnement isolé requis","","Lot raffinage"
"REC-ACT-093938ad2851","ACT-093938ad2851","admin | airport | customer | factory | mine | owner | refinery | sonasp","analytics | production_analytics | reports | sales_analytics","/analytics | /analytics/national | /analytics/production | /analytics/ventes | /reports","Qualifier puis exécuter dans les contextes applicables ; variantes et champs à instancier après revue","UI_AUTH_API_DB","NON EXÉCUTÉ","Qualification détaillée et environnement isolé requis","","Lot partagé : propriétaire à affecter par orchestrateur"
"REC-ACT-098a05a0835e","ACT-098a05a0835e","CONSOMMATEUR_NON_RESOLU","TRANSVERSE_OU_ORPHELIN_A_QUALIFIER","","Qualifier puis exécuter dans les contextes applicables ; variantes et champs à instancier après revue","UI_AUTH_API_DB","NON EXÉCUTÉ","Qualification détaillée et environnement isolé requis","","Lot partagé : propriétaire à affecter par orchestrateur"
"REC-ACT-098a31abcbc2","ACT-098a31abcbc2","admin | customer | mine | owner | refinery | sonasp","sales","/sales","Qualifier puis exécuter dans les contextes applicables ; variantes et champs à instancier après revue","UI_AUTH_API_DB","NON EXÉCUTÉ","Qualification détaillée et environnement isolé requis","","Lot ventes internationales et paiements"
"REC-ACT-09a5eb33fd1b","ACT-09a5eb33fd1b","admin | owner | sonasp","gold_purchases","/requisitions/:id/modifier | /requisitions/nouvelle","Qualifier puis exécuter dans les contextes applicables ; variantes et champs à instancier après revue","UI_AUTH_API_DB","NON EXÉCUTÉ","Qualification détaillée et environnement isolé requis","","Lot achats et contrats"
"REC-ACT-09be8306c1cc","ACT-09be8306c1cc","admin | dgmg | owner","artisan-minier","/artisan-minier/collecteurs/:id/modifier | /artisan-minier/collecteurs/nouveau","Qualifier puis exécuter dans les contextes applicables ; variantes et champs à instancier après revue","UI_AUTH_API_DB","NON EXÉCUTÉ","Qualification détaillée et environnement isolé requis","","Lot artisans et affiliations"
"REC-ACT-0a07ef0475fe","ACT-0a07ef0475fe","admin | owner | sonasp","artisan-minier","/artisan-minier/:artisanId/infractions/:infractionId/modifier | /artisan-minier/:artisanId/infractions/nouvelle","Qualifier puis exécuter dans les contextes applicables ; variantes et champs à instancier après revue","UI_AUTH_API_DB","NON EXÉCUTÉ","Qualification détaillée et environnement isolé requis","","Lot artisans et affiliations"
"REC-ACT-0a0c1bef052e","ACT-0a0c1bef052e","CONSOMMATEUR_NON_RESOLU","TRANSVERSE_OU_ORPHELIN_A_QUALIFIER","","Qualifier puis exécuter dans les contextes applicables ; variantes et champs à instancier après revue","UI_AUTH_API_DB","NON EXÉCUTÉ","Qualification détaillée et environnement isolé requis","","Lot partagé : propriétaire à affecter par orchestrateur"
"REC-ACT-0a15466852c0","ACT-0a15466852c0","admin | owner | sonasp","dashboard","/dashboard","Qualifier puis exécuter dans les contextes applicables ; variantes et champs à instancier après revue","UI_AUTH_API_DB","NON EXÉCUTÉ","Qualification détaillée et environnement isolé requis","","Lot pilotage national"
"REC-ACT-0ab472437708","ACT-0ab472437708","admin | airport | collector | comptoir | customer | dgi | dgmg | direction | factory | mine | owner | refinery | sonasp","stakeholders | transverse","/customers | /customers/:id | /profile","Qualifier puis exécuter dans les contextes applicables ; variantes et champs à instancier après revue","UI_AUTH_API_DB","NON EXÉCUTÉ","Qualification détaillée et environnement isolé requis","","Lot partagé : propriétaire à affecter par orchestrateur"
"REC-ACT-0bb04278c136","ACT-0bb04278c136","admin | owner | sonasp","production","/production/licenses/requests","Qualifier puis exécuter dans les contextes applicables ; variantes et champs à instancier après revue","UI_AUTH_API_DB","NON EXÉCUTÉ","Qualification détaillée et environnement isolé requis","","Lot production industrielle"
"REC-ACT-0bc4ddec0570","ACT-0bc4ddec0570","admin | collector | comptoir | dgmg | owner | sonasp","artisan_gold_market","/collecte/ventes | /collecte/ventes/nouvelle","Qualifier puis exécuter dans les contextes applicables ; variantes et champs à instancier après revue","UI_AUTH_API_DB","NON EXÉCUTÉ","Qualification détaillée et environnement isolé requis","","Lot marché artisanal et paiements"
"REC-ACT-0bd71ccaadf9","ACT-0bd71ccaadf9","admin | airport | factory | mine | owner | sonasp","shipping","/shipping/preparation/new","Qualifier puis exécuter dans les contextes applicables ; variantes et champs à instancier après revue","UI_AUTH_API_DB","NON EXÉCUTÉ","Qualification détaillée et environnement isolé requis","","Lot expéditions"
"REC-ACT-0be752f31c3b","ACT-0be752f31c3b","admin | collector | comptoir | dgmg | owner | sonasp","artisan-minier","/artisan-minier/:id","Qualifier puis exécuter dans les contextes applicables ; variantes et champs à instancier après revue","UI_AUTH_API_DB","NON EXÉCUTÉ","Qualification détaillée et environnement isolé requis","","Lot artisans et affiliations"
"REC-ACT-0c5855b64dc5","ACT-0c5855b64dc5","public","authentification","/login","Qualifier puis exécuter dans les contextes applicables ; variantes et champs à instancier après revue","UI_AUTH_API_DB","NON EXÉCUTÉ","Qualification détaillée et environnement isolé requis","","Lot authentification"
"REC-ACT-0c60450f68e6","ACT-0c60450f68e6","admin | mine | owner | sonasp","production","/production/licenses/:id","Qualifier puis exécuter dans les contextes applicables ; variantes et champs à instancier après revue","UI_AUTH_API_DB","NON EXÉCUTÉ","Qualification détaillée et environnement isolé requis","","Lot production industrielle"
"REC-ACT-0c72b605db0e","ACT-0c72b605db0e","admin | owner | sonasp","artisan-minier","/artisan-minier","Qualifier puis exécuter dans les contextes applicables ; variantes et champs à instancier après revue","UI_AUTH_API_DB","NON EXÉCUTÉ","Qualification détaillée et environnement isolé requis","","Lot artisans et affiliations"
"REC-ACT-0c83a8623380","ACT-0c83a8623380","admin | owner","administration","/users/edit | /users/new","Qualifier puis exécuter dans les contextes applicables ; variantes et champs à instancier après revue","UI_AUTH_API_DB","NON EXÉCUTÉ","Qualification détaillée et environnement isolé requis","","Lot administration et IAM"
"REC-ACT-0cb3acb12d79","ACT-0cb3acb12d79","admin | mine | owner | sonasp","gold_purchases","/achats/comptes | /achats/comptes-paiements | /achats/demandes | /achats/plans | /achats/plans/:id | /achats/reglements","Qualifier puis exécuter dans les contextes applicables ; variantes et champs à instancier après revue","UI_AUTH_API_DB","NON EXÉCUTÉ","Qualification détaillée et environnement isolé requis","","Lot achats et contrats"
"REC-ACT-0cdb5dd81cea","ACT-0cdb5dd81cea","admin | mine | owner | sonasp","public-et-alias | stakeholders","/admin/refineries | /stakeholders/refinery-plants","Qualifier puis exécuter dans les contextes applicables ; variantes et champs à instancier après revue","UI_AUTH_API_DB","NON EXÉCUTÉ","Qualification détaillée et environnement isolé requis","","Lot partagé : propriétaire à affecter par orchestrateur"
"REC-ACT-0cef9f4f43ec","ACT-0cef9f4f43ec","CONSOMMATEUR_NON_RESOLU","TRANSVERSE_OU_ORPHELIN_A_QUALIFIER","","Qualifier puis exécuter dans les contextes applicables ; variantes et champs à instancier après revue","UI_AUTH_API_DB","NON EXÉCUTÉ","Qualification détaillée et environnement isolé requis","","Lot partagé : propriétaire à affecter par orchestrateur"
"REC-ACT-0d6be96c71d6","ACT-0d6be96c71d6","admin | owner","administration | public-et-alias","/admin/users | /users","Qualifier puis exécuter dans les contextes applicables ; variantes et champs à instancier après revue","UI_AUTH_API_DB","NON EXÉCUTÉ","Qualification détaillée et environnement isolé requis","","Lot partagé : propriétaire à affecter par orchestrateur"
"REC-ACT-0d95e5ca8160","ACT-0d95e5ca8160","admin | airport | customer | factory | mine | owner | refinery | sonasp","analytics | production_analytics | reports | sales_analytics","/analytics | /analytics/national | /analytics/production | /analytics/ventes | /reports","Qualifier puis exécuter dans les contextes applicables ; variantes et champs à instancier après revue","UI_AUTH_API_DB","NON EXÉCUTÉ","Qualification détaillée et environnement isolé requis","","Lot partagé : propriétaire à affecter par orchestrateur"
"REC-ACT-0dca2f750638","ACT-0dca2f750638","admin | airport | factory | mine | owner | sonasp","shipping","/freight | /freight-customs | /freight-customs/:id | /freight-customs/create | /freight/shipments/create | /shipping | /shipping/preparation | /shipping/preparation/new","Qualifier puis exécuter dans les contextes applicables ; variantes et champs à instancier après revue","UI_AUTH_API_DB","NON EXÉCUTÉ","Qualification détaillée et environnement isolé requis","","Lot expéditions"
"REC-ACT-0de4b156cdc3","ACT-0de4b156cdc3","admin | dgi | dgmg | factory | mine | owner | sonasp","production","/production/daily","Qualifier puis exécuter dans les contextes applicables ; variantes et champs à instancier après revue","UI_AUTH_API_DB","NON EXÉCUTÉ","Qualification détaillée et environnement isolé requis","","Lot production industrielle"
"REC-ACT-0e4802c4f355","ACT-0e4802c4f355","admin | dgi | dgmg | factory | mine | owner | sonasp","production","/production/daily","Qualifier puis exécuter dans les contextes applicables ; variantes et champs à instancier après revue","UI_AUTH_API_DB","NON EXÉCUTÉ","Qualification détaillée et environnement isolé requis","","Lot production industrielle"
"REC-ACT-0e63086e48a1","ACT-0e63086e48a1","admin | mine | owner | sonasp","gold_purchases","/achats/reglements","Qualifier puis exécuter dans les contextes applicables ; variantes et champs à instancier après revue","UI_AUTH_API_DB","NON EXÉCUTÉ","Qualification détaillée et environnement isolé requis","","Lot achats et contrats"
"REC-ACT-0e9e2749d14a","ACT-0e9e2749d14a","admin | mine | owner | refinery | sonasp","refining","/refining | /refining/:id/process","Qualifier puis exécuter dans les contextes applicables ; variantes et champs à instancier après revue","UI_AUTH_API_DB","NON EXÉCUTÉ","Qualification détaillée et environnement isolé requis","","Lot raffinage"
"REC-ACT-0eadf73d2457","ACT-0eadf73d2457","admin | airport | mine | owner | sonasp","shipping","/freight-customs/:id","Qualifier puis exécuter dans les contextes applicables ; variantes et champs à instancier après revue","UI_AUTH_API_DB","NON EXÉCUTÉ","Qualification détaillée et environnement isolé requis","","Lot expéditions"
"REC-ACT-0eb901c9501f","ACT-0eb901c9501f","CONSOMMATEUR_NON_RESOLU","TRANSVERSE_OU_ORPHELIN_A_QUALIFIER","","Qualifier puis exécuter dans les contextes applicables ; variantes et champs à instancier après revue","UI_AUTH_API_DB","NON EXÉCUTÉ","Qualification détaillée et environnement isolé requis","","Lot partagé : propriétaire à affecter par orchestrateur"
"REC-ACT-0f3ecace5d34","ACT-0f3ecace5d34","admin | dgmg | owner | sonasp","stakeholders","/stakeholders/organizations/:id/edit | /stakeholders/organizations/new","Qualifier puis exécuter dans les contextes applicables ; variantes et champs à instancier après revue","UI_AUTH_API_DB","NON EXÉCUTÉ","Qualification détaillée et environnement isolé requis","","Lot référentiels (root pilote Clients)"
"REC-ACT-0f5f62925780","ACT-0f5f62925780","admin | airport | collector | comptoir | customer | dgi | dgmg | direction | factory | mine | owner | refinery | sonasp","transverse","/help","Qualifier puis exécuter dans les contextes applicables ; variantes et champs à instancier après revue","UI_AUTH_API_DB","NON EXÉCUTÉ","Qualification détaillée et environnement isolé requis","","Lot transverse"
"REC-ACT-0fc2910d5800","ACT-0fc2910d5800","admin | owner | sonasp","gold_purchases","/achats/plans/:id","Qualifier puis exécuter dans les contextes applicables ; variantes et champs à instancier après revue","UI_AUTH_API_DB","NON EXÉCUTÉ","Qualification détaillée et environnement isolé requis","","Lot achats et contrats"
"REC-ACT-0ff1b9906b8f","ACT-0ff1b9906b8f","admin | owner","administration","/admin/modules","Qualifier puis exécuter dans les contextes applicables ; variantes et champs à instancier après revue","UI_AUTH_API_DB","NON EXÉCUTÉ","Qualification détaillée et environnement isolé requis","","Lot administration et IAM"
"REC-ACT-104f205ac150","ACT-104f205ac150","CONSOMMATEUR_NON_RESOLU","TRANSVERSE_OU_ORPHELIN_A_QUALIFIER","","Qualifier puis exécuter dans les contextes applicables ; variantes et champs à instancier après revue","UI_AUTH_API_DB","NON EXÉCUTÉ","Qualification détaillée et environnement isolé requis","","Lot partagé : propriétaire à affecter par orchestrateur"
"REC-ACT-10ce4e2dde46","ACT-10ce4e2dde46","admin | mine | owner | sonasp","gold_purchases","/requisitions/:id","Qualifier puis exécuter dans les contextes applicables ; variantes et champs à instancier après revue","UI_AUTH_API_DB","NON EXÉCUTÉ","Qualification détaillée et environnement isolé requis","","Lot achats et contrats"
"REC-ACT-11314e97f3ec","ACT-11314e97f3ec","admin | mine | owner | sonasp","gold_purchases","/requisitions/:id","Qualifier puis exécuter dans les contextes applicables ; variantes et champs à instancier après revue","UI_AUTH_API_DB","NON EXÉCUTÉ","Qualification détaillée et environnement isolé requis","","Lot achats et contrats"
"REC-ACT-11ad3590d46c","ACT-11ad3590d46c","CONSOMMATEUR_NON_RESOLU","TRANSVERSE_OU_ORPHELIN_A_QUALIFIER","","Qualifier puis exécuter dans les contextes applicables ; variantes et champs à instancier après revue","UI_AUTH_API_DB","NON EXÉCUTÉ","Qualification détaillée et environnement isolé requis","","Lot partagé : propriétaire à affecter par orchestrateur"
"REC-ACT-11b6143ac25a","ACT-11b6143ac25a","admin | customer | mine | owner | sonasp","sales","/payments/virtual","Qualifier puis exécuter dans les contextes applicables ; variantes et champs à instancier après revue","UI_AUTH_API_DB","NON EXÉCUTÉ","Qualification détaillée et environnement isolé requis","","Lot ventes internationales et paiements"
"REC-ACT-11f9a65545d4","ACT-11f9a65545d4","admin | owner | sonasp","national_reserve","/national-reserve | /national-reserve/audit | /national-reserve/controls | /national-reserve/physical | /national-reserve/valuation","Qualifier puis exécuter dans les contextes applicables ; variantes et champs à instancier après revue","UI_AUTH_API_DB","NON EXÉCUTÉ","Qualification détaillée et environnement isolé requis","","Lot réserve nationale"
"REC-ACT-11facf592941","ACT-11facf592941","admin | mine | owner | sonasp","sales","/sales/new","Qualifier puis exécuter dans les contextes applicables ; variantes et champs à instancier après revue","UI_AUTH_API_DB","NON EXÉCUTÉ","Qualification détaillée et environnement isolé requis","","Lot ventes internationales et paiements"
"REC-ACT-124ca749066a","ACT-124ca749066a","admin | owner | sonasp","artisan-minier","/artisan-minier/cartes/expirations | /artisan-minier/cartes/suivi | /artisan-minier/cartes/validation","Qualifier puis exécuter dans les contextes applicables ; variantes et champs à instancier après revue","UI_AUTH_API_DB","NON EXÉCUTÉ","Qualification détaillée et environnement isolé requis","","Lot artisans et affiliations"
"REC-ACT-1277d93ae311","ACT-1277d93ae311","admin | owner | sonasp","gold_purchases","/contrats/pilotage","Qualifier puis exécuter dans les contextes applicables ; variantes et champs à instancier après revue","UI_AUTH_API_DB","NON EXÉCUTÉ","Qualification détaillée et environnement isolé requis","","Lot achats et contrats"
"REC-ACT-12b5eda03ecd","ACT-12b5eda03ecd","admin | collector | comptoir | dgmg | owner | sonasp","artisan-minier","/artisan-minier/:id | /artisan-minier/cartes/expirations | /artisan-minier/cartes/suivi | /artisan-minier/cartes/validation","Qualifier puis exécuter dans les contextes applicables ; variantes et champs à instancier après revue","UI_AUTH_API_DB","NON EXÉCUTÉ","Qualification détaillée et environnement isolé requis","","Lot artisans et affiliations"
"REC-ACT-12c2133a8b3c","ACT-12c2133a8b3c","admin | airport | mine | owner | sonasp","shipping","/freight-customs/:id","Qualifier puis exécuter dans les contextes applicables ; variantes et champs à instancier après revue","UI_AUTH_API_DB","NON EXÉCUTÉ","Qualification détaillée et environnement isolé requis","","Lot expéditions"
"REC-ACT-131a3f436daa","ACT-131a3f436daa","mine | owner","portal-mine","/portail-mine","Qualifier puis exécuter dans les contextes applicables ; variantes et champs à instancier après revue","UI_AUTH_API_DB","NON EXÉCUTÉ","Qualification détaillée et environnement isolé requis","","Lot portal-mine"
"REC-ACT-13b368b63da4","ACT-13b368b63da4","admin | airport | dgi | dgmg | factory | mine | owner | sonasp","production | shipping","/production/:id | /shipping/preparation/:id | /shipping/preparation/:id/details","Qualifier puis exécuter dans les contextes applicables ; variantes et champs à instancier après revue","UI_AUTH_API_DB","NON EXÉCUTÉ","Qualification détaillée et environnement isolé requis","","Lot partagé : propriétaire à affecter par orchestrateur"
"REC-ACT-13cceae21ad6","ACT-13cceae21ad6","admin | owner","administration","/users/edit | /users/new","Qualifier puis exécuter dans les contextes applicables ; variantes et champs à instancier après revue","UI_AUTH_API_DB","NON EXÉCUTÉ","Qualification détaillée et environnement isolé requis","","Lot administration et IAM"
"REC-ACT-13d062b2aa30","ACT-13d062b2aa30","admin | dgi | dgmg | factory | mine | owner | sonasp","production","/production/:id | /production/daily","Qualifier puis exécuter dans les contextes applicables ; variantes et champs à instancier après revue","UI_AUTH_API_DB","NON EXÉCUTÉ","Qualification détaillée et environnement isolé requis","","Lot production industrielle"
"REC-ACT-13d7240b729b","ACT-13d7240b729b","owner | sonasp","public-et-alias","/approvals","Qualifier puis exécuter dans les contextes applicables ; variantes et champs à instancier après revue","UI_AUTH_API_DB","NON EXÉCUTÉ","Qualification détaillée et environnement isolé requis","","Lot public-et-alias"
"REC-ACT-142b602a1f3e","ACT-142b602a1f3e","comptoir | owner","portal-comptoir","/portail-comptoir","Qualifier puis exécuter dans les contextes applicables ; variantes et champs à instancier après revue","UI_AUTH_API_DB","NON EXÉCUTÉ","Qualification détaillée et environnement isolé requis","","Lot portal-comptoir"
"REC-ACT-143237d1d45c","ACT-143237d1d45c","admin | collector | comptoir | owner | sonasp","artisan_gold_market","/artisan-minier/paiements/historique/:paiementId","Qualifier puis exécuter dans les contextes applicables ; variantes et champs à instancier après revue","UI_AUTH_API_DB","NON EXÉCUTÉ","Qualification détaillée et environnement isolé requis","","Lot marché artisanal et paiements"
"REC-ACT-1467504b8740","ACT-1467504b8740","admin | owner | sonasp","gold_purchases","/achats/reglements/nouveau","Qualifier puis exécuter dans les contextes applicables ; variantes et champs à instancier après revue","UI_AUTH_API_DB","NON EXÉCUTÉ","Qualification détaillée et environnement isolé requis","","Lot achats et contrats"
"REC-ACT-149771b2fc6d","ACT-149771b2fc6d","admin | mine | owner | sonasp","stakeholders","/customers/:id","Qualifier puis exécuter dans les contextes applicables ; variantes et champs à instancier après revue","UI_AUTH_API_DB","NON EXÉCUTÉ","Qualification détaillée et environnement isolé requis","","Lot référentiels (root pilote Clients)"
"REC-ACT-14e4b1177d81","ACT-14e4b1177d81","admin | customer | mine | owner | sonasp","sales","/payments/:id","Qualifier puis exécuter dans les contextes applicables ; variantes et champs à instancier après revue","UI_AUTH_API_DB","NON EXÉCUTÉ","Qualification détaillée et environnement isolé requis","","Lot ventes internationales et paiements"
"REC-ACT-15049f0ef018","ACT-15049f0ef018","admin | mine | owner | sonasp","gold_purchases","/achats/reglements","Qualifier puis exécuter dans les contextes applicables ; variantes et champs à instancier après revue","UI_AUTH_API_DB","NON EXÉCUTÉ","Qualification détaillée et environnement isolé requis","","Lot achats et contrats"
"REC-ACT-151c35e8ff40","ACT-151c35e8ff40","admin | mine | owner | sonasp","production","/production/licenses/edit/:id | /production/licenses/new","Qualifier puis exécuter dans les contextes applicables ; variantes et champs à instancier après revue","UI_AUTH_API_DB","NON EXÉCUTÉ","Qualification détaillée et environnement isolé requis","","Lot production industrielle"
"REC-ACT-1532a372de28","ACT-1532a372de28","admin | mine | owner | sonasp","sales","/sales/new","Qualifier puis exécuter dans les contextes applicables ; variantes et champs à instancier après revue","UI_AUTH_API_DB","NON EXÉCUTÉ","Qualification détaillée et environnement isolé requis","","Lot ventes internationales et paiements"
"REC-ACT-157064666309","ACT-157064666309","admin | owner","administration","/access/roles","Qualifier puis exécuter dans les contextes applicables ; variantes et champs à instancier après revue","UI_AUTH_API_DB","NON EXÉCUTÉ","Qualification détaillée et environnement isolé requis","","Lot administration et IAM"
"REC-ACT-15bab6099b58","ACT-15bab6099b58","admin | airport | customer | factory | mine | owner | refinery | sonasp","international_markets","/fx-rates","Qualifier puis exécuter dans les contextes applicables ; variantes et champs à instancier après revue","UI_AUTH_API_DB","NON EXÉCUTÉ","Qualification détaillée et environnement isolé requis","","Lot international_markets"
"REC-ACT-15f613be782a","ACT-15f613be782a","admin | owner | sonasp","gold_purchases","/achats/comptes-paiements","Qualifier puis exécuter dans les contextes applicables ; variantes et champs à instancier après revue","UI_AUTH_API_DB","NON EXÉCUTÉ","Qualification détaillée et environnement isolé requis","","Lot achats et contrats"
"REC-ACT-161288d7c90b","ACT-161288d7c90b","admin | collector | comptoir | dgi | owner | sonasp","artisan_gold_market","/artisan-minier/ventes-or/:id","Qualifier puis exécuter dans les contextes applicables ; variantes et champs à instancier après revue","UI_AUTH_API_DB","NON EXÉCUTÉ","Qualification détaillée et environnement isolé requis","","Lot marché artisanal et paiements"
"REC-ACT-1615be316a61","ACT-1615be316a61","admin | owner","administration","/users/edit | /users/new","Qualifier puis exécuter dans les contextes applicables ; variantes et champs à instancier après revue","UI_AUTH_API_DB","NON EXÉCUTÉ","Qualification détaillée et environnement isolé requis","","Lot administration et IAM"
"REC-ACT-1616ae9acde8","ACT-1616ae9acde8","admin | owner","administration","/users/edit | /users/new","Qualifier puis exécuter dans les contextes applicables ; variantes et champs à instancier après revue","UI_AUTH_API_DB","NON EXÉCUTÉ","Qualification détaillée et environnement isolé requis","","Lot administration et IAM"
"REC-ACT-162e96c459b7","ACT-162e96c459b7","CONSOMMATEUR_NON_RESOLU","TRANSVERSE_OU_ORPHELIN_A_QUALIFIER","","Qualifier puis exécuter dans les contextes applicables ; variantes et champs à instancier après revue","UI_AUTH_API_DB","NON EXÉCUTÉ","Qualification détaillée et environnement isolé requis","","Lot partagé : propriétaire à affecter par orchestrateur"
"REC-ACT-16ac02851baa","ACT-16ac02851baa","admin | mine | owner | sonasp","stakeholders","/stakeholders/depositors","Qualifier puis exécuter dans les contextes applicables ; variantes et champs à instancier après revue","UI_AUTH_API_DB","NON EXÉCUTÉ","Qualification détaillée et environnement isolé requis","","Lot référentiels (root pilote Clients)"
"REC-ACT-16b8435a463f","ACT-16b8435a463f","admin | owner | sonasp","artisan-minier","/artisan-minier/cartes/expirations | /artisan-minier/cartes/suivi | /artisan-minier/cartes/validation","Qualifier puis exécuter dans les contextes applicables ; variantes et champs à instancier après revue","UI_AUTH_API_DB","NON EXÉCUTÉ","Qualification détaillée et environnement isolé requis","","Lot artisans et affiliations"
"REC-ACT-16c7f370e95f","ACT-16c7f370e95f","CONSOMMATEUR_NON_RESOLU","TRANSVERSE_OU_ORPHELIN_A_QUALIFIER","","Qualifier puis exécuter dans les contextes applicables ; variantes et champs à instancier après revue","UI_AUTH_API_DB","NON EXÉCUTÉ","Qualification détaillée et environnement isolé requis","","Lot partagé : propriétaire à affecter par orchestrateur"
"REC-ACT-16cad10f48e7","ACT-16cad10f48e7","CONSOMMATEUR_NON_RESOLU","TRANSVERSE_OU_ORPHELIN_A_QUALIFIER","","Qualifier puis exécuter dans les contextes applicables ; variantes et champs à instancier après revue","UI_AUTH_API_DB","NON EXÉCUTÉ","Qualification détaillée et environnement isolé requis","","Lot partagé : propriétaire à affecter par orchestrateur"
"REC-ACT-16cd1de7cf19","ACT-16cd1de7cf19","admin | airport | collector | comptoir | customer | dgi | dgmg | factory | mine | owner | refinery | sonasp","administration | artisan-minier | artisan_gold_market | conciliation | dashboard | gold_inventory | gold_purchases | international_markets | national_reserve | portal-collector | production | public-et-alias | sales | settings | shipping | stakeholders","/access/audit | /access/portals | /access/roles | /achats/comptes | /achats/comptes-paiements | /achats/demandes | /achats/plans | /achats/plans/:id | /achats/reglements | /admin/gold-sales-settings | /admin/messagerie | /admin/modules | /admin/refineries | /admin/refineries/edit/:id | /admin/refineries/new | /admin/settings | /admin/status-manager | /admin/transport-companies | /admin/transport-companies/edit/:id | /admin/transport-companies/new | /admin/users | /admin/workflow | /approvals | /artisan-minier/:artisanId/infractions/:infractionId | /artisan-minier/:artisanId/infractions/:infractionId/modifier | /artisan-minier/:artisanId/infractions/nouvelle | /artisan-minier/:id | /artisan-minier/:id/edit | /artisan-minier/cartes/expirations | /artisan-minier/cartes/suivi | /artisan-minier/cartes/validation | /artisan-minier/collecteurs | /artisan-minier/collecteurs/:id | /artisan-minier/collecteurs/:id/modifier | /artisan-minier/collecteurs/nouveau | /artisan-minier/comptoirs | /artisan-minier/comptoirs/:id | /artisan-minier/comptoirs/:id/modifier | /artisan-minier/comptoirs/nouveau | /artisan-minier/liste | /artisan-minier/paiements | /artisan-minier/paiements/:venteId/nouveau | /artisan-minier/paiements/historique | /artisan-minier/paiements/historique/:paiementId | /artisan-minier/rapports | /artisan-minier/rapports/chiffre-affaires | /artisan-minier/rapports/quantites | /artisan-minier/rapports/taxes | /artisan-minier/ventes-or | /artisan-minier/ventes-or/:id | /artisan-minier/ventes-or/:id/facture | /artisan-minier/ventes-or/:id/modifier | /artisan-minier/ventes-or/nouvelle | /collecte/ventes | /collecte/ventes/nouvelle | /conciliation | /conciliation/:id | /conciliation/regles-fiscales | /contrats | /contrats/:id | /contrats/pilotage | /dashboard/airport | /dashboard/customer | /dashboard/factory | /dashboard/management | /dashboard/production-modern | /dashboard/refinery | /freight | /freight-customs | /freight-customs/:id | /freight-customs/create | /freight/shipments/:id | /freight/shipments/create | /gold-prices | /inventory | /inventory/add | /inventory/silver | /national-reserve | /national-reserve/allocations | /national-reserve/allocations/:id | /national-reserve/allocations/:id/edit | /national-reserve/allocations/new | /national-reserve/audit | /national-reserve/controls | /national-reserve/physical | /national-reserve/valuation | /parameters | /payments | /payments/:id | /performance/budgets | /performance/forecasts | /portail-collecteur | /portail-collecteur/documents | /portail-collecteur/stock | /portail-dgi/paiements | /portail-dgmg/reserve-validations | /production/:id | /production/achats-mines | /production/daily | /production/in-safe | /production/licenses | /production/licenses/requests | /requisitions | /requisitions/:id | /sales | /sales/:id | /shipping | /shipping/preparation | /shipping/preparation/:id | /shipping/preparation/:id/details | /shipping/preparation/:id/edit | /shipping/preparation/new | /stakeholders/freight-companies | /stakeholders/organizations | /stakeholders/organizations/:id/edit | /stakeholders/organizations/new | /stakeholders/refinery-plants | /users | /users/:userId | /users/edit | /users/new","Qualifier puis exécuter dans les contextes applicables ; variantes et champs à instancier après revue","UI_AUTH_API_DB","NON EXÉCUTÉ","Qualification détaillée et environnement isolé requis","","Lot partagé : propriétaire à affecter par orchestrateur"
"REC-ACT-16f68c5a9d6a","ACT-16f68c5a9d6a","admin | mine | owner | sonasp","stakeholders","/customers/:id","Qualifier puis exécuter dans les contextes applicables ; variantes et champs à instancier après revue","UI_AUTH_API_DB","NON EXÉCUTÉ","Qualification détaillée et environnement isolé requis","","Lot référentiels (root pilote Clients)"
"REC-ACT-17275527ad38","ACT-17275527ad38","admin | mine | owner | sonasp","gold_purchases","/achats/comptes | /achats/comptes-paiements | /achats/demandes | /achats/reglements","Qualifier puis exécuter dans les contextes applicables ; variantes et champs à instancier après revue","UI_AUTH_API_DB","NON EXÉCUTÉ","Qualification détaillée et environnement isolé requis","","Lot achats et contrats"
"REC-ACT-1733ee2a2d77","ACT-1733ee2a2d77","admin | owner | sonasp","national_reserve","/national-reserve/allocations/:id/edit | /national-reserve/allocations/new","Qualifier puis exécuter dans les contextes applicables ; variantes et champs à instancier après revue","UI_AUTH_API_DB","NON EXÉCUTÉ","Qualification détaillée et environnement isolé requis","","Lot réserve nationale"
"REC-ACT-173e5aca4533","ACT-173e5aca4533","admin | mine | owner | sonasp","stakeholders","/customers/:id","Qualifier puis exécuter dans les contextes applicables ; variantes et champs à instancier après revue","UI_AUTH_API_DB","NON EXÉCUTÉ","Qualification détaillée et environnement isolé requis","","Lot référentiels (root pilote Clients)"
"REC-ACT-1772a20e7720","ACT-1772a20e7720","admin | comptoir | owner | sonasp","artisan_gold_market","/artisan-minier/rapports","Qualifier puis exécuter dans les contextes applicables ; variantes et champs à instancier après revue","UI_AUTH_API_DB","NON EXÉCUTÉ","Qualification détaillée et environnement isolé requis","","Lot marché artisanal et paiements"
"REC-ACT-178c14768617","ACT-178c14768617","public","public-et-alias","/","Qualifier puis exécuter dans les contextes applicables ; variantes et champs à instancier après revue","UI_AUTH_API_DB","NON EXÉCUTÉ","Qualification détaillée et environnement isolé requis","","Lot public-et-alias"
"REC-ACT-179fd44a6906","ACT-179fd44a6906","admin | airport | collector | comptoir | customer | dgi | dgmg | direction | factory | mine | owner | refinery | sonasp","administration | artisan-minier | artisan_gold_market | conciliation | dashboard | gold_inventory | gold_purchases | international_markets | mining_sites | national_reserve | portal-collector | portal-comptoir | portal-direction | production | public-et-alias | sales | settings | shipping | stakeholders","/access/audit | /access/portals | /access/roles | /achats/comptes | /achats/comptes-paiements | /achats/demandes | /achats/plans | /achats/plans/:id | /achats/reglements | /achats/reglements/nouveau | /admin/gold-sales-settings | /admin/messagerie | /admin/messagerie/:uid | /admin/messagerie/nouveau | /admin/modules | /admin/refineries | /admin/refineries/edit/:id | /admin/refineries/new | /admin/settings | /admin/status-manager | /admin/transport-companies | /admin/transport-companies/edit/:id | /admin/transport-companies/new | /admin/users | /admin/workflow | /approvals | /artisan-minier | /artisan-minier/:artisanId/infractions/:infractionId | /artisan-minier/:artisanId/infractions/:infractionId/modifier | /artisan-minier/:artisanId/infractions/nouvelle | /artisan-minier/:id | /artisan-minier/:id/edit | /artisan-minier/cartes/expirations | /artisan-minier/cartes/suivi | /artisan-minier/cartes/validation | /artisan-minier/collecteurs | /artisan-minier/collecteurs/:id | /artisan-minier/collecteurs/:id/modifier | /artisan-minier/collecteurs/nouveau | /artisan-minier/comptoirs | /artisan-minier/comptoirs/:id | /artisan-minier/comptoirs/:id/modifier | /artisan-minier/comptoirs/nouveau | /artisan-minier/liste | /artisan-minier/paiements | /artisan-minier/paiements/:venteId/nouveau | /artisan-minier/paiements/historique | /artisan-minier/paiements/historique/:paiementId | /artisan-minier/rapports | /artisan-minier/rapports/chiffre-affaires | /artisan-minier/rapports/quantites | /artisan-minier/rapports/taxes | /artisan-minier/ventes-or | /artisan-minier/ventes-or/:id | /artisan-minier/ventes-or/:id/facture | /artisan-minier/ventes-or/:id/modifier | /artisan-minier/ventes-or/nouvelle | /artisan-sites | /artisan-sites/:siteId | /artisan-sites/:siteId/modifier | /artisan-sites/nouveau | /artisan-sites/production | /collecte/ventes | /collecte/ventes/nouvelle | /conciliation | /conciliation/:id | /conciliation/regles-fiscales | /contrats | /contrats/:id | /contrats/:id/modifier | /contrats/nouveau | /contrats/pilotage | /dashboard | /dashboard/airport | /dashboard/customer | /dashboard/factory | /dashboard/management | /dashboard/production-modern | /dashboard/refinery | /freight | /freight-customs | /freight-customs/:id | /freight-customs/create | /freight/shipments/:id | /freight/shipments/create | /gold-prices | /inventory | /inventory/add | /inventory/silver | /national-reserve | /national-reserve/allocations | /national-reserve/allocations/:id | /national-reserve/allocations/:id/edit | /national-reserve/allocations/new | /national-reserve/audit | /national-reserve/controls | /national-reserve/physical | /national-reserve/valuation | /parameters | /payments | /payments/:id | /payments/create | /payments/record | /performance/budgets | /performance/forecasts | /portail-collecteur | /portail-collecteur/documents | /portail-collecteur/stock | /portail-comptoir | /portail-comptoir/stock | /portail-comptoir/ventes-sonasp | /portail-direction/* | /portail-direction/achats | /portail-direction/alertes | /portail-direction/compte | /portail-direction/contrats | /portail-direction/finances | /portail-direction/performance | /portail-direction/previsions | /portail-direction/production | /portail-direction/rapports | /portail-direction/synthese | /production/:id | /production/achats-mines | /production/daily | /production/in-safe | /production/licenses | /production/licenses/requests | /requisitions | /requisitions/:id | /requisitions/:id/modifier | /requisitions/nouvelle | /sales | /sales/:id | /shipping | /shipping/preparation | /shipping/preparation/:id | /shipping/preparation/:id/details | /shipping/preparation/:id/edit | /shipping/preparation/new | /sonasp/cessions-comptoirs | /stakeholders/freight-companies | /stakeholders/organizations | /stakeholders/organizations/:id/edit | /stakeholders/organizations/new | /stakeholders/refinery-plants | /users | /users/:userId | /users/edit | /users/new","Qualifier puis exécuter dans les contextes applicables ; variantes et champs à instancier après revue","UI_AUTH_API_DB","NON EXÉCUTÉ","Qualification détaillée et environnement isolé requis","","Lot partagé : propriétaire à affecter par orchestrateur"
"REC-ACT-17a2a52a8724","ACT-17a2a52a8724","admin | mine | owner | sonasp","public-et-alias | stakeholders","/admin/refineries | /stakeholders/refinery-plants","Qualifier puis exécuter dans les contextes applicables ; variantes et champs à instancier après revue","UI_AUTH_API_DB","NON EXÉCUTÉ","Qualification détaillée et environnement isolé requis","","Lot partagé : propriétaire à affecter par orchestrateur"
"REC-ACT-1803ad5177c0","ACT-1803ad5177c0","admin | dgi | mine | owner | sonasp","conciliation","/conciliation/regles-fiscales","Qualifier puis exécuter dans les contextes applicables ; variantes et champs à instancier après revue","UI_AUTH_API_DB","NON EXÉCUTÉ","Qualification détaillée et environnement isolé requis","","Lot conciliation"
"REC-ACT-18548be46549","ACT-18548be46549","dgi | owner","artisan_gold_market","/portail-dgi/paiements","Qualifier puis exécuter dans les contextes applicables ; variantes et champs à instancier après revue","UI_AUTH_API_DB","NON EXÉCUTÉ","Qualification détaillée et environnement isolé requis","","Lot marché artisanal et paiements"
"REC-ACT-189e6a459693","ACT-189e6a459693","CONSOMMATEUR_NON_RESOLU","TRANSVERSE_OU_ORPHELIN_A_QUALIFIER","","Qualifier puis exécuter dans les contextes applicables ; variantes et champs à instancier après revue","UI_AUTH_API_DB","NON EXÉCUTÉ","Qualification détaillée et environnement isolé requis","","Lot partagé : propriétaire à affecter par orchestrateur"
"REC-ACT-18d813ef8963","ACT-18d813ef8963","public","authentification","/login","Qualifier puis exécuter dans les contextes applicables ; variantes et champs à instancier après revue","UI_AUTH_API_DB","NON EXÉCUTÉ","Qualification détaillée et environnement isolé requis","","Lot authentification"
"REC-ACT-18d97aaad990","ACT-18d97aaad990","admin | mine | owner | refinery | sonasp","refining","/refining | /refining/:id/process","Qualifier puis exécuter dans les contextes applicables ; variantes et champs à instancier après revue","UI_AUTH_API_DB","NON EXÉCUTÉ","Qualification détaillée et environnement isolé requis","","Lot raffinage"
"REC-ACT-18e49541c736","ACT-18e49541c736","admin | customer | mine | owner | sonasp","sales","/payments/:id","Qualifier puis exécuter dans les contextes applicables ; variantes et champs à instancier après revue","UI_AUTH_API_DB","NON EXÉCUTÉ","Qualification détaillée et environnement isolé requis","","Lot ventes internationales et paiements"
"REC-ACT-18f477b9ce5f","ACT-18f477b9ce5f","admin | customer | owner | sonasp","sales","/payments/create | /payments/record","Qualifier puis exécuter dans les contextes applicables ; variantes et champs à instancier après revue","UI_AUTH_API_DB","NON EXÉCUTÉ","Qualification détaillée et environnement isolé requis","","Lot ventes internationales et paiements"
"REC-ACT-18f9b0b84a9b","ACT-18f9b0b84a9b","admin | owner | sonasp","public-et-alias","/admin/refineries/edit/:id | /admin/refineries/new","Qualifier puis exécuter dans les contextes applicables ; variantes et champs à instancier après revue","UI_AUTH_API_DB","NON EXÉCUTÉ","Qualification détaillée et environnement isolé requis","","Lot public-et-alias"
"REC-ACT-192c125a97f5","ACT-192c125a97f5","admin | dgmg | owner","artisan-minier","/artisan-minier/comptoirs/:id | /artisan-minier/comptoirs/:id/modifier | /artisan-minier/comptoirs/nouveau","Qualifier puis exécuter dans les contextes applicables ; variantes et champs à instancier après revue","UI_AUTH_API_DB","NON EXÉCUTÉ","Qualification détaillée et environnement isolé requis","","Lot artisans et affiliations"
"REC-ACT-193e74f85b2a","ACT-193e74f85b2a","admin | airport | factory | mine | owner | sonasp","shipping","/shipping/preparation/:id | /shipping/preparation/:id/details","Qualifier puis exécuter dans les contextes applicables ; variantes et champs à instancier après revue","UI_AUTH_API_DB","NON EXÉCUTÉ","Qualification détaillée et environnement isolé requis","","Lot expéditions"
"REC-ACT-1963c6b6b244","ACT-1963c6b6b244","admin | customer | mine | owner | sonasp","sales","/payments/virtual","Qualifier puis exécuter dans les contextes applicables ; variantes et champs à instancier après revue","UI_AUTH_API_DB","NON EXÉCUTÉ","Qualification détaillée et environnement isolé requis","","Lot ventes internationales et paiements"
"REC-ACT-197d64ba6027","ACT-197d64ba6027","admin | dgi | dgmg | factory | mine | owner | sonasp","production","/production/in-safe","Qualifier puis exécuter dans les contextes applicables ; variantes et champs à instancier après revue","UI_AUTH_API_DB","NON EXÉCUTÉ","Qualification détaillée et environnement isolé requis","","Lot production industrielle"
"REC-ACT-199865383732","ACT-199865383732","admin | airport | factory | mine | owner | sonasp","shipping","/freight/shipments/:id","Qualifier puis exécuter dans les contextes applicables ; variantes et champs à instancier après revue","UI_AUTH_API_DB","NON EXÉCUTÉ","Qualification détaillée et environnement isolé requis","","Lot expéditions"
"REC-ACT-19c842399718","ACT-19c842399718","admin | dgi | dgmg | factory | mine | owner | sonasp","production","/production/:id","Qualifier puis exécuter dans les contextes applicables ; variantes et champs à instancier après revue","UI_AUTH_API_DB","NON EXÉCUTÉ","Qualification détaillée et environnement isolé requis","","Lot production industrielle"
"REC-ACT-1a2326444460","ACT-1a2326444460","CONSOMMATEUR_NON_RESOLU","TRANSVERSE_OU_ORPHELIN_A_QUALIFIER","","Qualifier puis exécuter dans les contextes applicables ; variantes et champs à instancier après revue","UI_AUTH_API_DB","NON EXÉCUTÉ","Qualification détaillée et environnement isolé requis","","Lot partagé : propriétaire à affecter par orchestrateur"
"REC-ACT-1a25cb883780","ACT-1a25cb883780","CONSOMMATEUR_NON_RESOLU","TRANSVERSE_OU_ORPHELIN_A_QUALIFIER","","Qualifier puis exécuter dans les contextes applicables ; variantes et champs à instancier après revue","UI_AUTH_API_DB","NON EXÉCUTÉ","Qualification détaillée et environnement isolé requis","","Lot partagé : propriétaire à affecter par orchestrateur"
"REC-ACT-1a3dcd28125c","ACT-1a3dcd28125c","admin | dgmg | owner | sonasp","mining_sites","/artisan-sites","Qualifier puis exécuter dans les contextes applicables ; variantes et champs à instancier après revue","UI_AUTH_API_DB","NON EXÉCUTÉ","Qualification détaillée et environnement isolé requis","","Lot sites artisanaux"
"REC-ACT-1a74e279f878","ACT-1a74e279f878","admin | owner","administration","/users/edit | /users/new","Qualifier puis exécuter dans les contextes applicables ; variantes et champs à instancier après revue","UI_AUTH_API_DB","NON EXÉCUTÉ","Qualification détaillée et environnement isolé requis","","Lot administration et IAM"
"REC-ACT-1a8391b066b2","ACT-1a8391b066b2","admin | collector | comptoir | dgmg | owner | sonasp","artisan-minier","/artisan-minier/collecteurs | /artisan-minier/collecteurs/:id","Qualifier puis exécuter dans les contextes applicables ; variantes et champs à instancier après revue","UI_AUTH_API_DB","NON EXÉCUTÉ","Qualification détaillée et environnement isolé requis","","Lot artisans et affiliations"
"REC-ACT-1b856de7108e","ACT-1b856de7108e","admin | mine | owner | sonasp","gold_purchases","/requisitions/:id","Qualifier puis exécuter dans les contextes applicables ; variantes et champs à instancier après revue","UI_AUTH_API_DB","NON EXÉCUTÉ","Qualification détaillée et environnement isolé requis","","Lot achats et contrats"
"REC-ACT-1bb999482f15","ACT-1bb999482f15","admin | airport | customer | factory | mine | owner | refinery | sonasp","international_markets","/fx-rates","Qualifier puis exécuter dans les contextes applicables ; variantes et champs à instancier après revue","UI_AUTH_API_DB","NON EXÉCUTÉ","Qualification détaillée et environnement isolé requis","","Lot international_markets"
"REC-ACT-1c0b73c3f8b4","ACT-1c0b73c3f8b4","admin | collector | comptoir | dgi | owner | sonasp","artisan_gold_market","/artisan-minier/ventes-or","Qualifier puis exécuter dans les contextes applicables ; variantes et champs à instancier après revue","UI_AUTH_API_DB","NON EXÉCUTÉ","Qualification détaillée et environnement isolé requis","","Lot marché artisanal et paiements"
"REC-ACT-1c4bbb137df6","ACT-1c4bbb137df6","admin | airport | collector | comptoir | customer | dgi | dgmg | direction | factory | mine | owner | refinery | sonasp","administration | artisan-minier | artisan_gold_market | conciliation | dashboard | gold_inventory | gold_purchases | international_markets | mining_sites | national_reserve | portal-collector | portal-comptoir | portal-direction | production | public-et-alias | sales | settings | shipping | stakeholders","/access/audit | /access/portals | /access/roles | /achats/comptes | /achats/comptes-paiements | /achats/demandes | /achats/plans | /achats/plans/:id | /achats/reglements | /achats/reglements/nouveau | /admin/gold-sales-settings | /admin/messagerie | /admin/messagerie/:uid | /admin/messagerie/nouveau | /admin/modules | /admin/refineries | /admin/refineries/edit/:id | /admin/refineries/new | /admin/settings | /admin/status-manager | /admin/transport-companies | /admin/transport-companies/edit/:id | /admin/transport-companies/new | /admin/users | /admin/workflow | /approvals | /artisan-minier | /artisan-minier/:artisanId/infractions/:infractionId | /artisan-minier/:artisanId/infractions/:infractionId/modifier | /artisan-minier/:artisanId/infractions/nouvelle | /artisan-minier/:id | /artisan-minier/:id/edit | /artisan-minier/cartes/expirations | /artisan-minier/cartes/suivi | /artisan-minier/cartes/validation | /artisan-minier/collecteurs | /artisan-minier/collecteurs/:id | /artisan-minier/collecteurs/:id/modifier | /artisan-minier/collecteurs/nouveau | /artisan-minier/comptoirs | /artisan-minier/comptoirs/:id | /artisan-minier/comptoirs/:id/modifier | /artisan-minier/comptoirs/nouveau | /artisan-minier/liste | /artisan-minier/paiements | /artisan-minier/paiements/:venteId/nouveau | /artisan-minier/paiements/historique | /artisan-minier/paiements/historique/:paiementId | /artisan-minier/rapports | /artisan-minier/rapports/chiffre-affaires | /artisan-minier/rapports/quantites | /artisan-minier/rapports/taxes | /artisan-minier/ventes-or | /artisan-minier/ventes-or/:id | /artisan-minier/ventes-or/:id/facture | /artisan-minier/ventes-or/:id/modifier | /artisan-minier/ventes-or/nouvelle | /artisan-sites | /artisan-sites/:siteId | /artisan-sites/:siteId/modifier | /artisan-sites/nouveau | /artisan-sites/production | /collecte/ventes | /collecte/ventes/nouvelle | /conciliation | /conciliation/:id | /conciliation/regles-fiscales | /contrats | /contrats/:id | /contrats/:id/modifier | /contrats/nouveau | /contrats/pilotage | /dashboard | /dashboard/airport | /dashboard/customer | /dashboard/factory | /dashboard/management | /dashboard/production-modern | /dashboard/refinery | /freight | /freight-customs | /freight-customs/:id | /freight-customs/create | /freight/shipments/:id | /freight/shipments/create | /gold-prices | /inventory | /inventory/add | /inventory/silver | /national-reserve | /national-reserve/allocations | /national-reserve/allocations/:id | /national-reserve/allocations/:id/edit | /national-reserve/allocations/new | /national-reserve/audit | /national-reserve/controls | /national-reserve/physical | /national-reserve/valuation | /parameters | /payments | /payments/:id | /payments/create | /payments/record | /performance/budgets | /performance/forecasts | /portail-collecteur | /portail-collecteur/documents | /portail-collecteur/stock | /portail-comptoir | /portail-comptoir/stock | /portail-comptoir/ventes-sonasp | /portail-direction/* | /portail-direction/achats | /portail-direction/alertes | /portail-direction/compte | /portail-direction/contrats | /portail-direction/finances | /portail-direction/performance | /portail-direction/previsions | /portail-direction/production | /portail-direction/rapports | /portail-direction/synthese | /production/:id | /production/achats-mines | /production/daily | /production/in-safe | /production/licenses | /production/licenses/requests | /requisitions | /requisitions/:id | /requisitions/:id/modifier | /requisitions/nouvelle | /sales | /sales/:id | /shipping | /shipping/preparation | /shipping/preparation/:id | /shipping/preparation/:id/details | /shipping/preparation/:id/edit | /shipping/preparation/new | /sonasp/cessions-comptoirs | /stakeholders/freight-companies | /stakeholders/organizations | /stakeholders/organizations/:id/edit | /stakeholders/organizations/new | /stakeholders/refinery-plants | /users | /users/:userId | /users/edit | /users/new","Qualifier puis exécuter dans les contextes applicables ; variantes et champs à instancier après revue","UI_AUTH_API_DB","NON EXÉCUTÉ","Qualification détaillée et environnement isolé requis","","Lot partagé : propriétaire à affecter par orchestrateur"
"REC-ACT-1c4e852eeb39","ACT-1c4e852eeb39","admin | dgi | mine | owner | sonasp","conciliation","/conciliation/regles-fiscales","Qualifier puis exécuter dans les contextes applicables ; variantes et champs à instancier après revue","UI_AUTH_API_DB","NON EXÉCUTÉ","Qualification détaillée et environnement isolé requis","","Lot conciliation"
"REC-ACT-1c625cd65331","ACT-1c625cd65331","admin | owner | sonasp","national_reserve","/national-reserve/allocations | /national-reserve/allocations/:id","Qualifier puis exécuter dans les contextes applicables ; variantes et champs à instancier après revue","UI_AUTH_API_DB","NON EXÉCUTÉ","Qualification détaillée et environnement isolé requis","","Lot réserve nationale"
"REC-ACT-1c79a82d5882","ACT-1c79a82d5882","admin | airport | customer | factory | mine | owner | refinery | sonasp","analytics | production_analytics | reports | sales_analytics","/analytics | /analytics/national | /analytics/production | /analytics/ventes | /reports","Qualifier puis exécuter dans les contextes applicables ; variantes et champs à instancier après revue","UI_AUTH_API_DB","NON EXÉCUTÉ","Qualification détaillée et environnement isolé requis","","Lot partagé : propriétaire à affecter par orchestrateur"
"REC-ACT-1c9a8c186961","ACT-1c9a8c186961","admin | dgi | mine | owner | sonasp","conciliation","/conciliation/regles-fiscales","Qualifier puis exécuter dans les contextes applicables ; variantes et champs à instancier après revue","UI_AUTH_API_DB","NON EXÉCUTÉ","Qualification détaillée et environnement isolé requis","","Lot conciliation"
"REC-ACT-1cbc3b98eb1b","ACT-1cbc3b98eb1b","admin | collector | comptoir | dgmg | owner | sonasp","artisan-minier","/artisan-minier/:id | /artisan-minier/cartes/expirations | /artisan-minier/cartes/suivi | /artisan-minier/cartes/validation","Qualifier puis exécuter dans les contextes applicables ; variantes et champs à instancier après revue","UI_AUTH_API_DB","NON EXÉCUTÉ","Qualification détaillée et environnement isolé requis","","Lot artisans et affiliations"
"REC-ACT-1cd4e345c423","ACT-1cd4e345c423","CONSOMMATEUR_NON_RESOLU","TRANSVERSE_OU_ORPHELIN_A_QUALIFIER","","Qualifier puis exécuter dans les contextes applicables ; variantes et champs à instancier après revue","UI_AUTH_API_DB","NON EXÉCUTÉ","Qualification détaillée et environnement isolé requis","","Lot partagé : propriétaire à affecter par orchestrateur"
"REC-ACT-1ce03fd9d2e5","ACT-1ce03fd9d2e5","CONSOMMATEUR_NON_RESOLU","TRANSVERSE_OU_ORPHELIN_A_QUALIFIER","","Qualifier puis exécuter dans les contextes applicables ; variantes et champs à instancier après revue","UI_AUTH_API_DB","NON EXÉCUTÉ","Qualification détaillée et environnement isolé requis","","Lot partagé : propriétaire à affecter par orchestrateur"
"REC-ACT-1cf9ea67faed","ACT-1cf9ea67faed","owner | sonasp","public-et-alias","/approvals","Qualifier puis exécuter dans les contextes applicables ; variantes et champs à instancier après revue","UI_AUTH_API_DB","NON EXÉCUTÉ","Qualification détaillée et environnement isolé requis","","Lot public-et-alias"
"REC-ACT-1d80aae8b354","ACT-1d80aae8b354","dgi | dgmg | owner","portal-dgi | portal-dgmg","/portail-dgi | /portail-dgmg","Qualifier puis exécuter dans les contextes applicables ; variantes et champs à instancier après revue","UI_AUTH_API_DB","NON EXÉCUTÉ","Qualification détaillée et environnement isolé requis","","Lot partagé : propriétaire à affecter par orchestrateur"
"REC-ACT-1da63a08df1e","ACT-1da63a08df1e","admin | owner | sonasp","public-et-alias","/admin/transport-companies/edit/:id | /admin/transport-companies/new","Qualifier puis exécuter dans les contextes applicables ; variantes et champs à instancier après revue","UI_AUTH_API_DB","NON EXÉCUTÉ","Qualification détaillée et environnement isolé requis","","Lot public-et-alias"
"REC-ACT-1db955572f5d","ACT-1db955572f5d","admin | airport | factory | mine | owner | sonasp","shipping","/freight | /freight-customs | /freight-customs/:id | /freight-customs/create | /freight/shipments/create | /shipping | /shipping/preparation | /shipping/preparation/new","Qualifier puis exécuter dans les contextes applicables ; variantes et champs à instancier après revue","UI_AUTH_API_DB","NON EXÉCUTÉ","Qualification détaillée et environnement isolé requis","","Lot expéditions"
"REC-ACT-1dd63b7be2ee","ACT-1dd63b7be2ee","admin | mine | owner | sonasp","stakeholders","/stakeholders/depositors","Qualifier puis exécuter dans les contextes applicables ; variantes et champs à instancier après revue","UI_AUTH_API_DB","NON EXÉCUTÉ","Qualification détaillée et environnement isolé requis","","Lot référentiels (root pilote Clients)"
"REC-ACT-1deff45ad8d3","ACT-1deff45ad8d3","CONSOMMATEUR_NON_RESOLU","TRANSVERSE_OU_ORPHELIN_A_QUALIFIER","","Qualifier puis exécuter dans les contextes applicables ; variantes et champs à instancier après revue","UI_AUTH_API_DB","NON EXÉCUTÉ","Qualification détaillée et environnement isolé requis","","Lot partagé : propriétaire à affecter par orchestrateur"
"REC-ACT-1e228dc17567","ACT-1e228dc17567","admin | dgmg | owner | sonasp","mining_sites","/artisan-sites","Qualifier puis exécuter dans les contextes applicables ; variantes et champs à instancier après revue","UI_AUTH_API_DB","NON EXÉCUTÉ","Qualification détaillée et environnement isolé requis","","Lot sites artisanaux"
"REC-ACT-1e4e9d7ef972","ACT-1e4e9d7ef972","admin | comptoir | owner | sonasp","artisan_gold_market","/artisan-minier/ventes-or/:id/modifier | /artisan-minier/ventes-or/nouvelle","Qualifier puis exécuter dans les contextes applicables ; variantes et champs à instancier après revue","UI_AUTH_API_DB","NON EXÉCUTÉ","Qualification détaillée et environnement isolé requis","","Lot marché artisanal et paiements"
"REC-ACT-1e86446af824","ACT-1e86446af824","CONSOMMATEUR_NON_RESOLU","TRANSVERSE_OU_ORPHELIN_A_QUALIFIER","","Qualifier puis exécuter dans les contextes applicables ; variantes et champs à instancier après revue","UI_AUTH_API_DB","NON EXÉCUTÉ","Qualification détaillée et environnement isolé requis","","Lot partagé : propriétaire à affecter par orchestrateur"
"REC-ACT-1ebf201b56e3","ACT-1ebf201b56e3","admin | mine | owner | sonasp","public-et-alias | stakeholders","/admin/transport-companies | /stakeholders/freight-companies","Qualifier puis exécuter dans les contextes applicables ; variantes et champs à instancier après revue","UI_AUTH_API_DB","NON EXÉCUTÉ","Qualification détaillée et environnement isolé requis","","Lot partagé : propriétaire à affecter par orchestrateur"
"REC-ACT-1ed21423a228","ACT-1ed21423a228","admin | mine | owner | refinery | sonasp","gold_inventory","/inventory","Qualifier puis exécuter dans les contextes applicables ; variantes et champs à instancier après revue","UI_AUTH_API_DB","NON EXÉCUTÉ","Qualification détaillée et environnement isolé requis","","Lot stocks"
"REC-ACT-1eeb12614d14","ACT-1eeb12614d14","admin | airport | customer | dgi | dgmg | factory | mine | owner | refinery | sonasp","artisan-minier | international_markets | production | public-et-alias | refining | sales","/approvals | /artisan-minier/cartes/expirations | /artisan-minier/cartes/suivi | /artisan-minier/cartes/validation | /fx-rates | /payments/virtual | /production/:id | /production/daily | /refining | /refining/:id/process","Qualifier puis exécuter dans les contextes applicables ; variantes et champs à instancier après revue","UI_AUTH_API_DB","NON EXÉCUTÉ","Qualification détaillée et environnement isolé requis","","Lot partagé : propriétaire à affecter par orchestrateur"
"REC-ACT-1f66db127965","ACT-1f66db127965","admin | owner | sonasp","production","/production/achats-mines","Qualifier puis exécuter dans les contextes applicables ; variantes et champs à instancier après revue","UI_AUTH_API_DB","NON EXÉCUTÉ","Qualification détaillée et environnement isolé requis","","Lot production industrielle"
"REC-ACT-1fbdb697046f","ACT-1fbdb697046f","admin | airport | mine | owner | sonasp","shipping","/freight-customs/:id","Qualifier puis exécuter dans les contextes applicables ; variantes et champs à instancier après revue","UI_AUTH_API_DB","NON EXÉCUTÉ","Qualification détaillée et environnement isolé requis","","Lot expéditions"
"REC-ACT-1fca71a2c242","ACT-1fca71a2c242","admin | airport | mine | owner | sonasp","shipping","/freight-customs/:id","Qualifier puis exécuter dans les contextes applicables ; variantes et champs à instancier après revue","UI_AUTH_API_DB","NON EXÉCUTÉ","Qualification détaillée et environnement isolé requis","","Lot expéditions"
"REC-ACT-1ff791368c54","ACT-1ff791368c54","admin | mine | owner | refinery | sonasp","gold_inventory","/inventory","Qualifier puis exécuter dans les contextes applicables ; variantes et champs à instancier après revue","UI_AUTH_API_DB","NON EXÉCUTÉ","Qualification détaillée et environnement isolé requis","","Lot stocks"
"REC-ACT-20035c7ca955","ACT-20035c7ca955","admin | airport | collector | comptoir | customer | dgi | dgmg | direction | factory | mine | owner | refinery | sonasp","stakeholders | transverse","/customers | /customers/:id | /profile","Qualifier puis exécuter dans les contextes applicables ; variantes et champs à instancier après revue","UI_AUTH_API_DB","NON EXÉCUTÉ","Qualification détaillée et environnement isolé requis","","Lot partagé : propriétaire à affecter par orchestrateur"
"REC-ACT-20040f2a75ee","ACT-20040f2a75ee","admin | owner","administration","/admin/messagerie/:uid | /admin/messagerie/nouveau","Qualifier puis exécuter dans les contextes applicables ; variantes et champs à instancier après revue","UI_AUTH_API_DB","NON EXÉCUTÉ","Qualification détaillée et environnement isolé requis","","Lot administration et IAM"
"REC-ACT-207f19be0cb8","ACT-207f19be0cb8","owner | sonasp","public-et-alias","/approvals","Qualifier puis exécuter dans les contextes applicables ; variantes et champs à instancier après revue","UI_AUTH_API_DB","NON EXÉCUTÉ","Qualification détaillée et environnement isolé requis","","Lot public-et-alias"
"REC-ACT-2084591ff184","ACT-2084591ff184","admin | owner | sonasp","gold_purchases","/achats/comptes","Qualifier puis exécuter dans les contextes applicables ; variantes et champs à instancier après revue","UI_AUTH_API_DB","NON EXÉCUTÉ","Qualification détaillée et environnement isolé requis","","Lot achats et contrats"
"REC-ACT-208f5e617248","ACT-208f5e617248","dgi | dgmg | owner","portal-dgi | portal-dgmg","/portail-dgi | /portail-dgmg","Qualifier puis exécuter dans les contextes applicables ; variantes et champs à instancier après revue","UI_AUTH_API_DB","NON EXÉCUTÉ","Qualification détaillée et environnement isolé requis","","Lot partagé : propriétaire à affecter par orchestrateur"
"REC-ACT-20b9bd9e4f33","ACT-20b9bd9e4f33","admin | mine | owner | sonasp","gold_purchases","/achats/comptes | /achats/comptes-paiements | /achats/demandes | /achats/plans | /achats/plans/:id | /achats/reglements","Qualifier puis exécuter dans les contextes applicables ; variantes et champs à instancier après revue","UI_AUTH_API_DB","NON EXÉCUTÉ","Qualification détaillée et environnement isolé requis","","Lot achats et contrats"
"REC-ACT-20c0d0f20cfd","ACT-20c0d0f20cfd","CONSOMMATEUR_NON_RESOLU","TRANSVERSE_OU_ORPHELIN_A_QUALIFIER","","Qualifier puis exécuter dans les contextes applicables ; variantes et champs à instancier après revue","UI_AUTH_API_DB","NON EXÉCUTÉ","Qualification détaillée et environnement isolé requis","","Lot partagé : propriétaire à affecter par orchestrateur"
"REC-ACT-2113c22afc90","ACT-2113c22afc90","admin | owner | sonasp","national_reserve","/national-reserve | /national-reserve/audit | /national-reserve/controls | /national-reserve/physical | /national-reserve/valuation","Qualifier puis exécuter dans les contextes applicables ; variantes et champs à instancier après revue","UI_AUTH_API_DB","NON EXÉCUTÉ","Qualification détaillée et environnement isolé requis","","Lot réserve nationale"
"REC-ACT-211a1dda3f3b","ACT-211a1dda3f3b","collector | owner","portal-collector","/portail-collecteur","Qualifier puis exécuter dans les contextes applicables ; variantes et champs à instancier après revue","UI_AUTH_API_DB","NON EXÉCUTÉ","Qualification détaillée et environnement isolé requis","","Lot portal-collector"
"REC-ACT-21221b15306f","ACT-21221b15306f","admin | owner | sonasp","gold_purchases","/achats/plans/:id","Qualifier puis exécuter dans les contextes applicables ; variantes et champs à instancier après revue","UI_AUTH_API_DB","NON EXÉCUTÉ","Qualification détaillée et environnement isolé requis","","Lot achats et contrats"
"REC-ACT-21afea70ff9e","ACT-21afea70ff9e","admin | mine | owner | sonasp","international_markets","/sales/trade-space","Qualifier puis exécuter dans les contextes applicables ; variantes et champs à instancier après revue","UI_AUTH_API_DB","NON EXÉCUTÉ","Qualification détaillée et environnement isolé requis","","Lot international_markets"
"REC-ACT-21ef17e14148","ACT-21ef17e14148","admin | airport | factory | mine | owner | sonasp","shipping","/freight/shipments/create","Qualifier puis exécuter dans les contextes applicables ; variantes et champs à instancier après revue","UI_AUTH_API_DB","NON EXÉCUTÉ","Qualification détaillée et environnement isolé requis","","Lot expéditions"
"REC-ACT-2279ec1df7ed","ACT-2279ec1df7ed","CONSOMMATEUR_NON_RESOLU","TRANSVERSE_OU_ORPHELIN_A_QUALIFIER","","Qualifier puis exécuter dans les contextes applicables ; variantes et champs à instancier après revue","UI_AUTH_API_DB","NON EXÉCUTÉ","Qualification détaillée et environnement isolé requis","","Lot partagé : propriétaire à affecter par orchestrateur"
"REC-ACT-22a6008d7202","ACT-22a6008d7202","admin | collector | comptoir | owner | sonasp","artisan_gold_market","/artisan-minier/paiements/historique","Qualifier puis exécuter dans les contextes applicables ; variantes et champs à instancier après revue","UI_AUTH_API_DB","NON EXÉCUTÉ","Qualification détaillée et environnement isolé requis","","Lot marché artisanal et paiements"
"REC-ACT-22bb7f359656","ACT-22bb7f359656","admin | mine | owner | sonasp","gold_purchases","/requisitions","Qualifier puis exécuter dans les contextes applicables ; variantes et champs à instancier après revue","UI_AUTH_API_DB","NON EXÉCUTÉ","Qualification détaillée et environnement isolé requis","","Lot achats et contrats"
"REC-ACT-2305b3c98a01","ACT-2305b3c98a01","admin | airport | factory | mine | owner | sonasp","documents","/documents/assay-certificates","Qualifier puis exécuter dans les contextes applicables ; variantes et champs à instancier après revue","UI_AUTH_API_DB","NON EXÉCUTÉ","Qualification détaillée et environnement isolé requis","","Lot documents"
"REC-ACT-231cbe687666","ACT-231cbe687666","admin | mine | owner | sonasp","gold_purchases","/contrats/:id","Qualifier puis exécuter dans les contextes applicables ; variantes et champs à instancier après revue","UI_AUTH_API_DB","NON EXÉCUTÉ","Qualification détaillée et environnement isolé requis","","Lot achats et contrats"
"REC-ACT-234dbc5bab0d","ACT-234dbc5bab0d","admin | airport | factory | mine | owner | sonasp","shipping","/freight/shipments/:id","Qualifier puis exécuter dans les contextes applicables ; variantes et champs à instancier après revue","UI_AUTH_API_DB","NON EXÉCUTÉ","Qualification détaillée et environnement isolé requis","","Lot expéditions"
"REC-ACT-234dbef2e930","ACT-234dbef2e930","CONSOMMATEUR_NON_RESOLU","TRANSVERSE_OU_ORPHELIN_A_QUALIFIER","","Qualifier puis exécuter dans les contextes applicables ; variantes et champs à instancier après revue","UI_AUTH_API_DB","NON EXÉCUTÉ","Qualification détaillée et environnement isolé requis","","Lot partagé : propriétaire à affecter par orchestrateur"
"REC-ACT-23ef7c3bc84a","ACT-23ef7c3bc84a","admin | mine | owner | sonasp","international_markets","/sales/simulator","Qualifier puis exécuter dans les contextes applicables ; variantes et champs à instancier après revue","UI_AUTH_API_DB","NON EXÉCUTÉ","Qualification détaillée et environnement isolé requis","","Lot international_markets"
"REC-ACT-2402f2060bfd","ACT-2402f2060bfd","owner | sonasp","public-et-alias","/approvals","Qualifier puis exécuter dans les contextes applicables ; variantes et champs à instancier après revue","UI_AUTH_API_DB","NON EXÉCUTÉ","Qualification détaillée et environnement isolé requis","","Lot public-et-alias"
"REC-ACT-240e1d72061a","ACT-240e1d72061a","admin | owner | sonasp","gold_purchases","/achats/plans/:id","Qualifier puis exécuter dans les contextes applicables ; variantes et champs à instancier après revue","UI_AUTH_API_DB","NON EXÉCUTÉ","Qualification détaillée et environnement isolé requis","","Lot achats et contrats"
"REC-ACT-241263b741b0","ACT-241263b741b0","admin | airport | customer | factory | mine | owner | refinery | sonasp","international_markets","/fx-rates","Qualifier puis exécuter dans les contextes applicables ; variantes et champs à instancier après revue","UI_AUTH_API_DB","NON EXÉCUTÉ","Qualification détaillée et environnement isolé requis","","Lot international_markets"
"REC-ACT-2474563a83ec","ACT-2474563a83ec","direction | owner","portal-direction","/portail-direction/* | /portail-direction/achats | /portail-direction/alertes | /portail-direction/compte | /portail-direction/contrats | /portail-direction/finances | /portail-direction/performance | /portail-direction/previsions | /portail-direction/production | /portail-direction/rapports | /portail-direction/synthese","Qualifier puis exécuter dans les contextes applicables ; variantes et champs à instancier après revue","UI_AUTH_API_DB","NON EXÉCUTÉ","Qualification détaillée et environnement isolé requis","","Lot portal-direction"
"REC-ACT-2489bafe9d24","ACT-2489bafe9d24","admin | airport | collector | comptoir | customer | dgi | dgmg | direction | factory | mine | owner | refinery | sonasp","transverse","/profile","Qualifier puis exécuter dans les contextes applicables ; variantes et champs à instancier après revue","UI_AUTH_API_DB","NON EXÉCUTÉ","Qualification détaillée et environnement isolé requis","","Lot transverse"
"REC-ACT-24cb3a6f36b4","ACT-24cb3a6f36b4","admin | mine | owner | sonasp","production","/production/licenses","Qualifier puis exécuter dans les contextes applicables ; variantes et champs à instancier après revue","UI_AUTH_API_DB","NON EXÉCUTÉ","Qualification détaillée et environnement isolé requis","","Lot production industrielle"
"REC-ACT-250b4c96c3f8","ACT-250b4c96c3f8","admin | dgi | mine | owner | sonasp","conciliation","/conciliation/regles-fiscales","Qualifier puis exécuter dans les contextes applicables ; variantes et champs à instancier après revue","UI_AUTH_API_DB","NON EXÉCUTÉ","Qualification détaillée et environnement isolé requis","","Lot conciliation"
"REC-ACT-2530214dcc50","ACT-2530214dcc50","admin | dgi | mine | owner | sonasp","conciliation","/conciliation/:id","Qualifier puis exécuter dans les contextes applicables ; variantes et champs à instancier après revue","UI_AUTH_API_DB","NON EXÉCUTÉ","Qualification détaillée et environnement isolé requis","","Lot conciliation"
"REC-ACT-2534850da75f","ACT-2534850da75f","admin | collector | comptoir | dgmg | owner | sonasp","artisan-minier","/artisan-minier/collecteurs | /artisan-minier/collecteurs/:id","Qualifier puis exécuter dans les contextes applicables ; variantes et champs à instancier après revue","UI_AUTH_API_DB","NON EXÉCUTÉ","Qualification détaillée et environnement isolé requis","","Lot artisans et affiliations"
"REC-ACT-255abd682a88","ACT-255abd682a88","admin | airport | mine | owner | sonasp","shipping","/freight-customs/:id","Qualifier puis exécuter dans les contextes applicables ; variantes et champs à instancier après revue","UI_AUTH_API_DB","NON EXÉCUTÉ","Qualification détaillée et environnement isolé requis","","Lot expéditions"
"REC-ACT-257abfc8a323","ACT-257abfc8a323","admin | owner | sonasp","artisan-minier","/artisan-minier/cartes/expirations | /artisan-minier/cartes/suivi | /artisan-minier/cartes/validation","Qualifier puis exécuter dans les contextes applicables ; variantes et champs à instancier après revue","UI_AUTH_API_DB","NON EXÉCUTÉ","Qualification détaillée et environnement isolé requis","","Lot artisans et affiliations"
"REC-ACT-257adb088f46","ACT-257adb088f46","admin | owner | sonasp","dashboard","/dashboard","Qualifier puis exécuter dans les contextes applicables ; variantes et champs à instancier après revue","UI_AUTH_API_DB","NON EXÉCUTÉ","Qualification détaillée et environnement isolé requis","","Lot pilotage national"
"REC-ACT-258370087e0b","ACT-258370087e0b","admin | comptoir | owner | sonasp","artisan_gold_market","/artisan-minier/rapports/chiffre-affaires","Qualifier puis exécuter dans les contextes applicables ; variantes et champs à instancier après revue","UI_AUTH_API_DB","NON EXÉCUTÉ","Qualification détaillée et environnement isolé requis","","Lot marché artisanal et paiements"
"REC-ACT-25ce64bdc17b","ACT-25ce64bdc17b","CONSOMMATEUR_NON_RESOLU","TRANSVERSE_OU_ORPHELIN_A_QUALIFIER","","Qualifier puis exécuter dans les contextes applicables ; variantes et champs à instancier après revue","UI_AUTH_API_DB","NON EXÉCUTÉ","Qualification détaillée et environnement isolé requis","","Lot partagé : propriétaire à affecter par orchestrateur"
"REC-ACT-25e690d3db86","ACT-25e690d3db86","admin | dgi | dgmg | factory | mine | owner | sonasp","production","/production/:id","Qualifier puis exécuter dans les contextes applicables ; variantes et champs à instancier après revue","UI_AUTH_API_DB","NON EXÉCUTÉ","Qualification détaillée et environnement isolé requis","","Lot production industrielle"
"REC-ACT-25ef1e611dfa","ACT-25ef1e611dfa","admin | airport | factory | mine | owner | sonasp","shipping","/shipping/preparation/:id | /shipping/preparation/:id/details","Qualifier puis exécuter dans les contextes applicables ; variantes et champs à instancier après revue","UI_AUTH_API_DB","NON EXÉCUTÉ","Qualification détaillée et environnement isolé requis","","Lot expéditions"
"REC-ACT-26009c6896a3","ACT-26009c6896a3","admin | comptoir | owner | sonasp","artisan_gold_market","/artisan-minier/ventes-or/:id/modifier | /artisan-minier/ventes-or/nouvelle","Qualifier puis exécuter dans les contextes applicables ; variantes et champs à instancier après revue","UI_AUTH_API_DB","NON EXÉCUTÉ","Qualification détaillée et environnement isolé requis","","Lot marché artisanal et paiements"
"REC-ACT-265de9f320b5","ACT-265de9f320b5","admin | dgmg | owner | sonasp","mining_sites","/artisan-sites","Qualifier puis exécuter dans les contextes applicables ; variantes et champs à instancier après revue","UI_AUTH_API_DB","NON EXÉCUTÉ","Qualification détaillée et environnement isolé requis","","Lot sites artisanaux"
"REC-ACT-267a986680e6","ACT-267a986680e6","admin | mine | owner | sonasp","gold_purchases","/achats/reglements","Qualifier puis exécuter dans les contextes applicables ; variantes et champs à instancier après revue","UI_AUTH_API_DB","NON EXÉCUTÉ","Qualification détaillée et environnement isolé requis","","Lot achats et contrats"
"REC-ACT-2690bcebf0ca","ACT-2690bcebf0ca","admin | airport | collector | comptoir | customer | dgi | dgmg | direction | factory | mine | owner | refinery | sonasp","administration | artisan-minier | artisan_gold_market | conciliation | dashboard | gold_inventory | gold_purchases | international_markets | mining_sites | national_reserve | portal-collector | portal-comptoir | portal-direction | production | public-et-alias | sales | settings | shipping | stakeholders","/access/audit | /access/portals | /access/roles | /achats/comptes | /achats/comptes-paiements | /achats/demandes | /achats/plans | /achats/plans/:id | /achats/reglements | /achats/reglements/nouveau | /admin/gold-sales-settings | /admin/messagerie | /admin/messagerie/:uid | /admin/messagerie/nouveau | /admin/modules | /admin/refineries | /admin/refineries/edit/:id | /admin/refineries/new | /admin/settings | /admin/status-manager | /admin/transport-companies | /admin/transport-companies/edit/:id | /admin/transport-companies/new | /admin/users | /admin/workflow | /approvals | /artisan-minier | /artisan-minier/:artisanId/infractions/:infractionId | /artisan-minier/:artisanId/infractions/:infractionId/modifier | /artisan-minier/:artisanId/infractions/nouvelle | /artisan-minier/:id | /artisan-minier/:id/edit | /artisan-minier/cartes/expirations | /artisan-minier/cartes/suivi | /artisan-minier/cartes/validation | /artisan-minier/collecteurs | /artisan-minier/collecteurs/:id | /artisan-minier/collecteurs/:id/modifier | /artisan-minier/collecteurs/nouveau | /artisan-minier/comptoirs | /artisan-minier/comptoirs/:id | /artisan-minier/comptoirs/:id/modifier | /artisan-minier/comptoirs/nouveau | /artisan-minier/liste | /artisan-minier/paiements | /artisan-minier/paiements/:venteId/nouveau | /artisan-minier/paiements/historique | /artisan-minier/paiements/historique/:paiementId | /artisan-minier/rapports | /artisan-minier/rapports/chiffre-affaires | /artisan-minier/rapports/quantites | /artisan-minier/rapports/taxes | /artisan-minier/ventes-or | /artisan-minier/ventes-or/:id | /artisan-minier/ventes-or/:id/facture | /artisan-minier/ventes-or/:id/modifier | /artisan-minier/ventes-or/nouvelle | /artisan-sites | /artisan-sites/:siteId | /artisan-sites/:siteId/modifier | /artisan-sites/nouveau | /artisan-sites/production | /collecte/ventes | /collecte/ventes/nouvelle | /conciliation | /conciliation/:id | /conciliation/regles-fiscales | /contrats | /contrats/:id | /contrats/:id/modifier | /contrats/nouveau | /contrats/pilotage | /dashboard | /dashboard/airport | /dashboard/customer | /dashboard/factory | /dashboard/management | /dashboard/production-modern | /dashboard/refinery | /freight | /freight-customs | /freight-customs/:id | /freight-customs/create | /freight/shipments/:id | /freight/shipments/create | /gold-prices | /inventory | /inventory/add | /inventory/silver | /national-reserve | /national-reserve/allocations | /national-reserve/allocations/:id | /national-reserve/allocations/:id/edit | /national-reserve/allocations/new | /national-reserve/audit | /national-reserve/controls | /national-reserve/physical | /national-reserve/valuation | /parameters | /payments | /payments/:id | /payments/create | /payments/record | /performance/budgets | /performance/forecasts | /portail-collecteur | /portail-collecteur/documents | /portail-collecteur/stock | /portail-comptoir | /portail-comptoir/stock | /portail-comptoir/ventes-sonasp | /portail-direction/* | /portail-direction/achats | /portail-direction/alertes | /portail-direction/compte | /portail-direction/contrats | /portail-direction/finances | /portail-direction/performance | /portail-direction/previsions | /portail-direction/production | /portail-direction/rapports | /portail-direction/synthese | /production/:id | /production/achats-mines | /production/daily | /production/in-safe | /production/licenses | /production/licenses/requests | /requisitions | /requisitions/:id | /requisitions/:id/modifier | /requisitions/nouvelle | /sales | /sales/:id | /shipping | /shipping/preparation | /shipping/preparation/:id | /shipping/preparation/:id/details | /shipping/preparation/:id/edit | /shipping/preparation/new | /sonasp/cessions-comptoirs | /stakeholders/freight-companies | /stakeholders/organizations | /stakeholders/organizations/:id/edit | /stakeholders/organizations/new | /stakeholders/refinery-plants | /users | /users/:userId | /users/edit | /users/new","Qualifier puis exécuter dans les contextes applicables ; variantes et champs à instancier après revue","UI_AUTH_API_DB","NON EXÉCUTÉ","Qualification détaillée et environnement isolé requis","","Lot partagé : propriétaire à affecter par orchestrateur"
"REC-ACT-26b0bca7f63e","ACT-26b0bca7f63e","admin | owner | sonasp","artisan-minier","/artisan-minier/cartes/expirations | /artisan-minier/cartes/suivi | /artisan-minier/cartes/validation","Qualifier puis exécuter dans les contextes applicables ; variantes et champs à instancier après revue","UI_AUTH_API_DB","NON EXÉCUTÉ","Qualification détaillée et environnement isolé requis","","Lot artisans et affiliations"
"REC-ACT-26b0cc465231","ACT-26b0cc465231","CONSOMMATEUR_NON_RESOLU","TRANSVERSE_OU_ORPHELIN_A_QUALIFIER","","Qualifier puis exécuter dans les contextes applicables ; variantes et champs à instancier après revue","UI_AUTH_API_DB","NON EXÉCUTÉ","Qualification détaillée et environnement isolé requis","","Lot partagé : propriétaire à affecter par orchestrateur"
"REC-ACT-26c95f06d195","ACT-26c95f06d195","admin | mine | owner | refinery | sonasp","gold_inventory","/inventory","Qualifier puis exécuter dans les contextes applicables ; variantes et champs à instancier après revue","UI_AUTH_API_DB","NON EXÉCUTÉ","Qualification détaillée et environnement isolé requis","","Lot stocks"
"REC-ACT-26f670d15610","ACT-26f670d15610","admin | dgi | dgmg | factory | mine | owner | sonasp","production","/production/in-safe","Qualifier puis exécuter dans les contextes applicables ; variantes et champs à instancier après revue","UI_AUTH_API_DB","NON EXÉCUTÉ","Qualification détaillée et environnement isolé requis","","Lot production industrielle"
"REC-ACT-26fc0f449f7d","ACT-26fc0f449f7d","admin | mine | owner | sonasp","gold_purchases","/requisitions/:id","Qualifier puis exécuter dans les contextes applicables ; variantes et champs à instancier après revue","UI_AUTH_API_DB","NON EXÉCUTÉ","Qualification détaillée et environnement isolé requis","","Lot achats et contrats"
"REC-ACT-270267d0c2b9","ACT-270267d0c2b9","CONSOMMATEUR_NON_RESOLU","TRANSVERSE_OU_ORPHELIN_A_QUALIFIER","","Qualifier puis exécuter dans les contextes applicables ; variantes et champs à instancier après revue","UI_AUTH_API_DB","NON EXÉCUTÉ","Qualification détaillée et environnement isolé requis","","Lot partagé : propriétaire à affecter par orchestrateur"
"REC-ACT-274050646c73","ACT-274050646c73","admin | dgmg | owner","artisan-minier","/artisan-minier/comptoirs/:id | /artisan-minier/comptoirs/:id/modifier | /artisan-minier/comptoirs/nouveau","Qualifier puis exécuter dans les contextes applicables ; variantes et champs à instancier après revue","UI_AUTH_API_DB","NON EXÉCUTÉ","Qualification détaillée et environnement isolé requis","","Lot artisans et affiliations"
"REC-ACT-2746ba4a800b","ACT-2746ba4a800b","admin | dgi | mine | owner | sonasp","conciliation","/conciliation/regles-fiscales","Qualifier puis exécuter dans les contextes applicables ; variantes et champs à instancier après revue","UI_AUTH_API_DB","NON EXÉCUTÉ","Qualification détaillée et environnement isolé requis","","Lot conciliation"
"REC-ACT-275f382e15ae","ACT-275f382e15ae","admin | customer | mine | owner | refinery | sonasp","sales","/sales","Qualifier puis exécuter dans les contextes applicables ; variantes et champs à instancier après revue","UI_AUTH_API_DB","NON EXÉCUTÉ","Qualification détaillée et environnement isolé requis","","Lot ventes internationales et paiements"
"REC-ACT-277c4a34f9c7","ACT-277c4a34f9c7","public","authentification","/modifier-mot-de-passe","Qualifier puis exécuter dans les contextes applicables ; variantes et champs à instancier après revue","UI_AUTH_API_DB","NON EXÉCUTÉ","Qualification détaillée et environnement isolé requis","","Lot authentification"
"REC-ACT-2888e44f70ed","ACT-2888e44f70ed","admin | airport | mine | owner | sonasp","shipping","/freight-customs/:id","Qualifier puis exécuter dans les contextes applicables ; variantes et champs à instancier après revue","UI_AUTH_API_DB","NON EXÉCUTÉ","Qualification détaillée et environnement isolé requis","","Lot expéditions"
"REC-ACT-28affb063daf","ACT-28affb063daf","admin | owner","administration","/admin/modules","Qualifier puis exécuter dans les contextes applicables ; variantes et champs à instancier après revue","UI_AUTH_API_DB","NON EXÉCUTÉ","Qualification détaillée et environnement isolé requis","","Lot administration et IAM"
"REC-ACT-28bfef225f73","ACT-28bfef225f73","admin | owner | sonasp","settings","/admin/gold-sales-settings","Qualifier puis exécuter dans les contextes applicables ; variantes et champs à instancier après revue","UI_AUTH_API_DB","NON EXÉCUTÉ","Qualification détaillée et environnement isolé requis","","Lot paramètres"
"REC-ACT-28e54cb29c0e","ACT-28e54cb29c0e","CONSOMMATEUR_NON_RESOLU","TRANSVERSE_OU_ORPHELIN_A_QUALIFIER","","Qualifier puis exécuter dans les contextes applicables ; variantes et champs à instancier après revue","UI_AUTH_API_DB","NON EXÉCUTÉ","Qualification détaillée et environnement isolé requis","","Lot partagé : propriétaire à affecter par orchestrateur"
"REC-ACT-28f33a2fc4d9","ACT-28f33a2fc4d9","admin | mine | owner | sonasp","sales","/sales/new","Qualifier puis exécuter dans les contextes applicables ; variantes et champs à instancier après revue","UI_AUTH_API_DB","NON EXÉCUTÉ","Qualification détaillée et environnement isolé requis","","Lot ventes internationales et paiements"
"REC-ACT-295ee925324f","ACT-295ee925324f","admin | airport | customer | factory | mine | owner | refinery | sonasp","analytics | production_analytics | reports | sales_analytics","/analytics | /analytics/national | /analytics/production | /analytics/ventes | /reports","Qualifier puis exécuter dans les contextes applicables ; variantes et champs à instancier après revue","UI_AUTH_API_DB","NON EXÉCUTÉ","Qualification détaillée et environnement isolé requis","","Lot partagé : propriétaire à affecter par orchestrateur"
"REC-ACT-29a9a230834a","ACT-29a9a230834a","admin | customer | mine | owner | sonasp","sales","/payments/virtual","Qualifier puis exécuter dans les contextes applicables ; variantes et champs à instancier après revue","UI_AUTH_API_DB","NON EXÉCUTÉ","Qualification détaillée et environnement isolé requis","","Lot ventes internationales et paiements"
"REC-ACT-29bfb8997b74","ACT-29bfb8997b74","admin | airport | factory | mine | owner | sonasp","shipping","/shipping/preparation/:id | /shipping/preparation/:id/details","Qualifier puis exécuter dans les contextes applicables ; variantes et champs à instancier après revue","UI_AUTH_API_DB","NON EXÉCUTÉ","Qualification détaillée et environnement isolé requis","","Lot expéditions"
"REC-ACT-2a15c1bd616b","ACT-2a15c1bd616b","admin | customer | mine | owner | sonasp","sales","/payments","Qualifier puis exécuter dans les contextes applicables ; variantes et champs à instancier après revue","UI_AUTH_API_DB","NON EXÉCUTÉ","Qualification détaillée et environnement isolé requis","","Lot ventes internationales et paiements"
"REC-ACT-2a5b16b928d0","ACT-2a5b16b928d0","admin | dgi | mine | owner | sonasp","conciliation","/conciliation/regles-fiscales","Qualifier puis exécuter dans les contextes applicables ; variantes et champs à instancier après revue","UI_AUTH_API_DB","NON EXÉCUTÉ","Qualification détaillée et environnement isolé requis","","Lot conciliation"
"REC-ACT-2a931daabd74","ACT-2a931daabd74","admin | dgi | dgmg | factory | mine | owner | sonasp","production","/production/daily","Qualifier puis exécuter dans les contextes applicables ; variantes et champs à instancier après revue","UI_AUTH_API_DB","NON EXÉCUTÉ","Qualification détaillée et environnement isolé requis","","Lot production industrielle"
"REC-ACT-2a964929b0c4","ACT-2a964929b0c4","admin | owner | sonasp","national_reserve","/national-reserve/allocations/:id/edit | /national-reserve/allocations/new","Qualifier puis exécuter dans les contextes applicables ; variantes et champs à instancier après revue","UI_AUTH_API_DB","NON EXÉCUTÉ","Qualification détaillée et environnement isolé requis","","Lot réserve nationale"
"REC-ACT-2afb49fb8a83","ACT-2afb49fb8a83","admin | dgi | mine | owner | sonasp","conciliation","/conciliation","Qualifier puis exécuter dans les contextes applicables ; variantes et champs à instancier après revue","UI_AUTH_API_DB","NON EXÉCUTÉ","Qualification détaillée et environnement isolé requis","","Lot conciliation"
"REC-ACT-2b4b6b138e77","ACT-2b4b6b138e77","CONSOMMATEUR_NON_RESOLU","TRANSVERSE_OU_ORPHELIN_A_QUALIFIER","","Qualifier puis exécuter dans les contextes applicables ; variantes et champs à instancier après revue","UI_AUTH_API_DB","NON EXÉCUTÉ","Qualification détaillée et environnement isolé requis","","Lot partagé : propriétaire à affecter par orchestrateur"
"REC-ACT-2b4c56bd34fd","ACT-2b4c56bd34fd","admin | dgi | dgmg | factory | mine | owner | sonasp","production","/production/:id","Qualifier puis exécuter dans les contextes applicables ; variantes et champs à instancier après revue","UI_AUTH_API_DB","NON EXÉCUTÉ","Qualification détaillée et environnement isolé requis","","Lot production industrielle"
"REC-ACT-2b67e334d819","ACT-2b67e334d819","admin | collector | comptoir | dgmg | owner | sonasp","artisan-minier","/artisan-minier/:id","Qualifier puis exécuter dans les contextes applicables ; variantes et champs à instancier après revue","UI_AUTH_API_DB","NON EXÉCUTÉ","Qualification détaillée et environnement isolé requis","","Lot artisans et affiliations"
"REC-ACT-2b6ba4d6a7cd","ACT-2b6ba4d6a7cd","admin | collector | comptoir | dgi | owner | sonasp","artisan_gold_market","/artisan-minier/ventes-or/:id","Qualifier puis exécuter dans les contextes applicables ; variantes et champs à instancier après revue","UI_AUTH_API_DB","NON EXÉCUTÉ","Qualification détaillée et environnement isolé requis","","Lot marché artisanal et paiements"
"REC-ACT-2b888ddee298","ACT-2b888ddee298","admin | airport | factory | mine | owner | sonasp","documents","/documents/assay-certificates","Qualifier puis exécuter dans les contextes applicables ; variantes et champs à instancier après revue","UI_AUTH_API_DB","NON EXÉCUTÉ","Qualification détaillée et environnement isolé requis","","Lot documents"
"REC-ACT-2bbc524cf1c4","ACT-2bbc524cf1c4","CONSOMMATEUR_NON_RESOLU","TRANSVERSE_OU_ORPHELIN_A_QUALIFIER","","Qualifier puis exécuter dans les contextes applicables ; variantes et champs à instancier après revue","UI_AUTH_API_DB","NON EXÉCUTÉ","Qualification détaillée et environnement isolé requis","","Lot partagé : propriétaire à affecter par orchestrateur"
"REC-ACT-2c26b6f76189","ACT-2c26b6f76189","admin | dgmg | owner | sonasp","stakeholders","/stakeholders/mining-companies/:id","Qualifier puis exécuter dans les contextes applicables ; variantes et champs à instancier après revue","UI_AUTH_API_DB","NON EXÉCUTÉ","Qualification détaillée et environnement isolé requis","","Lot référentiels (root pilote Clients)"
"REC-ACT-2cae955c1c38","ACT-2cae955c1c38","CONSOMMATEUR_NON_RESOLU","TRANSVERSE_OU_ORPHELIN_A_QUALIFIER","","Qualifier puis exécuter dans les contextes applicables ; variantes et champs à instancier après revue","UI_AUTH_API_DB","NON EXÉCUTÉ","Qualification détaillée et environnement isolé requis","","Lot partagé : propriétaire à affecter par orchestrateur"
"REC-ACT-2cb4846afbea","ACT-2cb4846afbea","admin | airport | customer | factory | mine | owner | refinery | sonasp","international_markets","/fx-rates","Qualifier puis exécuter dans les contextes applicables ; variantes et champs à instancier après revue","UI_AUTH_API_DB","NON EXÉCUTÉ","Qualification détaillée et environnement isolé requis","","Lot international_markets"
"REC-ACT-2cc1e59a0a99","ACT-2cc1e59a0a99","dgi | dgmg | owner","portal-dgi | portal-dgmg","/portail-dgi | /portail-dgmg","Qualifier puis exécuter dans les contextes applicables ; variantes et champs à instancier après revue","UI_AUTH_API_DB","NON EXÉCUTÉ","Qualification détaillée et environnement isolé requis","","Lot partagé : propriétaire à affecter par orchestrateur"
"REC-ACT-2cf640161993","ACT-2cf640161993","admin | collector | comptoir | dgmg | owner | sonasp","artisan-minier","/artisan-minier/:id | /artisan-minier/cartes/expirations | /artisan-minier/cartes/suivi | /artisan-minier/cartes/validation","Qualifier puis exécuter dans les contextes applicables ; variantes et champs à instancier après revue","UI_AUTH_API_DB","NON EXÉCUTÉ","Qualification détaillée et environnement isolé requis","","Lot artisans et affiliations"
"REC-ACT-2cfa8539eafa","ACT-2cfa8539eafa","admin | owner | sonasp","artisan-minier","/artisan-minier/cartes/expirations | /artisan-minier/cartes/suivi | /artisan-minier/cartes/validation","Qualifier puis exécuter dans les contextes applicables ; variantes et champs à instancier après revue","UI_AUTH_API_DB","NON EXÉCUTÉ","Qualification détaillée et environnement isolé requis","","Lot artisans et affiliations"
"REC-ACT-2d0a651aa4a1","ACT-2d0a651aa4a1","admin | comptoir | owner | sonasp","artisan_gold_market","/artisan-minier/ventes-or/:id/modifier | /artisan-minier/ventes-or/nouvelle","Qualifier puis exécuter dans les contextes applicables ; variantes et champs à instancier après revue","UI_AUTH_API_DB","NON EXÉCUTÉ","Qualification détaillée et environnement isolé requis","","Lot marché artisanal et paiements"
"REC-ACT-2d28ec862c83","ACT-2d28ec862c83","admin | mine | owner | sonasp","sales","/sales/new","Qualifier puis exécuter dans les contextes applicables ; variantes et champs à instancier après revue","UI_AUTH_API_DB","NON EXÉCUTÉ","Qualification détaillée et environnement isolé requis","","Lot ventes internationales et paiements"
"REC-ACT-2d93ad23afa7","ACT-2d93ad23afa7","admin | mine | owner | refinery | sonasp","refining","/refining | /refining/:id/process","Qualifier puis exécuter dans les contextes applicables ; variantes et champs à instancier après revue","UI_AUTH_API_DB","NON EXÉCUTÉ","Qualification détaillée et environnement isolé requis","","Lot raffinage"
"REC-ACT-2db566fe9d42","ACT-2db566fe9d42","public","authentification","/modifier-mot-de-passe","Qualifier puis exécuter dans les contextes applicables ; variantes et champs à instancier après revue","UI_AUTH_API_DB","NON EXÉCUTÉ","Qualification détaillée et environnement isolé requis","","Lot authentification"
"REC-ACT-2dba6a0b3b8b","ACT-2dba6a0b3b8b","admin | dgmg | owner | sonasp","mining_sites","/artisan-sites","Qualifier puis exécuter dans les contextes applicables ; variantes et champs à instancier après revue","UI_AUTH_API_DB","NON EXÉCUTÉ","Qualification détaillée et environnement isolé requis","","Lot sites artisanaux"
"REC-ACT-2dc0ea094c98","ACT-2dc0ea094c98","admin | airport | collector | comptoir | dgi | dgmg | factory | mine | owner | refinery | sonasp","administration | artisan-minier | artisan_gold_market | gold_inventory | international_markets | production | refining | shipping","/admin/modules | /artisan-minier/:artisanId/infractions/:infractionId | /artisan-minier/:artisanId/infractions/:infractionId/modifier | /artisan-minier/:artisanId/infractions/nouvelle | /artisan-minier/:id | /artisan-minier/:id/edit | /artisan-minier/liste | /artisan-minier/paiements | /artisan-minier/paiements/:venteId/nouveau | /artisan-minier/paiements/historique | /artisan-minier/paiements/historique/:paiementId | /artisan-minier/ventes-or | /artisan-minier/ventes-or/:id | /artisan-minier/ventes-or/:id/modifier | /artisan-minier/ventes-or/nouvelle | /freight/shipments/:id | /inventory/add | /production/:id | /production/achats-mines | /production/daily | /refining/freight-shipments | /sales/trade-space","Qualifier puis exécuter dans les contextes applicables ; variantes et champs à instancier après revue","UI_AUTH_API_DB","NON EXÉCUTÉ","Qualification détaillée et environnement isolé requis","","Lot partagé : propriétaire à affecter par orchestrateur"
"REC-ACT-2e0be5dd4606","ACT-2e0be5dd4606","admin | dgmg | owner","artisan-minier","/artisan-minier/comptoirs/:id | /artisan-minier/comptoirs/:id/modifier | /artisan-minier/comptoirs/nouveau","Qualifier puis exécuter dans les contextes applicables ; variantes et champs à instancier après revue","UI_AUTH_API_DB","NON EXÉCUTÉ","Qualification détaillée et environnement isolé requis","","Lot artisans et affiliations"
"REC-ACT-2e26b2347e99","ACT-2e26b2347e99","admin | comptoir | owner | sonasp","artisan_gold_market","/artisan-minier/paiements","Qualifier puis exécuter dans les contextes applicables ; variantes et champs à instancier après revue","UI_AUTH_API_DB","NON EXÉCUTÉ","Qualification détaillée et environnement isolé requis","","Lot marché artisanal et paiements"
"REC-ACT-2ea16e404772","ACT-2ea16e404772","admin | collector | comptoir | dgmg | owner | sonasp","artisan-minier","/artisan-minier/:id | /artisan-minier/cartes/expirations | /artisan-minier/cartes/suivi | /artisan-minier/cartes/validation","Qualifier puis exécuter dans les contextes applicables ; variantes et champs à instancier après revue","UI_AUTH_API_DB","NON EXÉCUTÉ","Qualification détaillée et environnement isolé requis","","Lot artisans et affiliations"
"REC-ACT-2ea71bf239fb","ACT-2ea71bf239fb","owner | sonasp","public-et-alias","/approvals","Qualifier puis exécuter dans les contextes applicables ; variantes et champs à instancier après revue","UI_AUTH_API_DB","NON EXÉCUTÉ","Qualification détaillée et environnement isolé requis","","Lot public-et-alias"
"REC-ACT-2ecba13130d8","ACT-2ecba13130d8","admin | airport | customer | factory | mine | owner | refinery | sonasp","international_markets","/fx-rates","Qualifier puis exécuter dans les contextes applicables ; variantes et champs à instancier après revue","UI_AUTH_API_DB","NON EXÉCUTÉ","Qualification détaillée et environnement isolé requis","","Lot international_markets"
"REC-ACT-2ed0e506443e","ACT-2ed0e506443e","admin | airport | mine | owner | sonasp","shipping","/freight-customs/create","Qualifier puis exécuter dans les contextes applicables ; variantes et champs à instancier après revue","UI_AUTH_API_DB","NON EXÉCUTÉ","Qualification détaillée et environnement isolé requis","","Lot expéditions"
"REC-ACT-2ed14a7de1a0","ACT-2ed14a7de1a0","CONSOMMATEUR_NON_RESOLU","TRANSVERSE_OU_ORPHELIN_A_QUALIFIER","","Qualifier puis exécuter dans les contextes applicables ; variantes et champs à instancier après revue","UI_AUTH_API_DB","NON EXÉCUTÉ","Qualification détaillée et environnement isolé requis","","Lot partagé : propriétaire à affecter par orchestrateur"
"REC-ACT-2ed369b40f01","ACT-2ed369b40f01","admin | collector | comptoir | dgi | owner | sonasp","artisan_gold_market","/artisan-minier/ventes-or","Qualifier puis exécuter dans les contextes applicables ; variantes et champs à instancier après revue","UI_AUTH_API_DB","NON EXÉCUTÉ","Qualification détaillée et environnement isolé requis","","Lot marché artisanal et paiements"
"REC-ACT-2ed50ea06caa","ACT-2ed50ea06caa","admin | dgi | mine | owner | sonasp","conciliation","/conciliation","Qualifier puis exécuter dans les contextes applicables ; variantes et champs à instancier après revue","UI_AUTH_API_DB","NON EXÉCUTÉ","Qualification détaillée et environnement isolé requis","","Lot conciliation"
"REC-ACT-2ed9d223498f","ACT-2ed9d223498f","admin | mine | owner | sonasp","gold_purchases","/achats/comptes | /achats/comptes-paiements | /achats/demandes | /achats/reglements","Qualifier puis exécuter dans les contextes applicables ; variantes et champs à instancier après revue","UI_AUTH_API_DB","NON EXÉCUTÉ","Qualification détaillée et environnement isolé requis","","Lot achats et contrats"
"REC-ACT-2ef48f623c7a","ACT-2ef48f623c7a","admin | collector | comptoir | dgmg | owner | sonasp","artisan-minier","/artisan-minier/:id/edit | /artisan-minier/liste","Qualifier puis exécuter dans les contextes applicables ; variantes et champs à instancier après revue","UI_AUTH_API_DB","NON EXÉCUTÉ","Qualification détaillée et environnement isolé requis","","Lot artisans et affiliations"
"REC-ACT-2f36d2f41b53","ACT-2f36d2f41b53","admin | collector | comptoir | owner | sonasp","artisan_gold_market","/artisan-minier/paiements/:venteId/nouveau","Qualifier puis exécuter dans les contextes applicables ; variantes et champs à instancier après revue","UI_AUTH_API_DB","NON EXÉCUTÉ","Qualification détaillée et environnement isolé requis","","Lot marché artisanal et paiements"
"REC-ACT-2f43a2a4286b","ACT-2f43a2a4286b","admin | mine | owner | sonasp","gold_purchases","/requisitions/:id","Qualifier puis exécuter dans les contextes applicables ; variantes et champs à instancier après revue","UI_AUTH_API_DB","NON EXÉCUTÉ","Qualification détaillée et environnement isolé requis","","Lot achats et contrats"
"REC-ACT-2f616f234d97","ACT-2f616f234d97","public","public-et-alias","/","Qualifier puis exécuter dans les contextes applicables ; variantes et champs à instancier après revue","UI_AUTH_API_DB","NON EXÉCUTÉ","Qualification détaillée et environnement isolé requis","","Lot public-et-alias"
"REC-ACT-2f69022fe5af","ACT-2f69022fe5af","admin | owner | sonasp","artisan-minier","/artisan-minier/cartes/expirations | /artisan-minier/cartes/suivi | /artisan-minier/cartes/validation","Qualifier puis exécuter dans les contextes applicables ; variantes et champs à instancier après revue","UI_AUTH_API_DB","NON EXÉCUTÉ","Qualification détaillée et environnement isolé requis","","Lot artisans et affiliations"
"REC-ACT-2f85d548d992","ACT-2f85d548d992","admin | dgmg | owner","artisan-minier","/artisan-minier/comptoirs/:id | /artisan-minier/comptoirs/:id/modifier | /artisan-minier/comptoirs/nouveau","Qualifier puis exécuter dans les contextes applicables ; variantes et champs à instancier après revue","UI_AUTH_API_DB","NON EXÉCUTÉ","Qualification détaillée et environnement isolé requis","","Lot artisans et affiliations"
"REC-ACT-2f8ab4bab069","ACT-2f8ab4bab069","admin | dgi | dgmg | factory | mine | owner | sonasp","production","/production/daily","Qualifier puis exécuter dans les contextes applicables ; variantes et champs à instancier après revue","UI_AUTH_API_DB","NON EXÉCUTÉ","Qualification détaillée et environnement isolé requis","","Lot production industrielle"
"REC-ACT-2f9eabdd9799","ACT-2f9eabdd9799","admin | airport | factory | mine | owner | sonasp","shipping","/freight | /freight-customs | /freight-customs/:id | /freight-customs/create | /freight/shipments/create | /shipping | /shipping/preparation | /shipping/preparation/new","Qualifier puis exécuter dans les contextes applicables ; variantes et champs à instancier après revue","UI_AUTH_API_DB","NON EXÉCUTÉ","Qualification détaillée et environnement isolé requis","","Lot expéditions"
"REC-ACT-2fb6a427620b","ACT-2fb6a427620b","admin | mine | owner | sonasp","administration | production | settings","/admin/settings | /parameters | /production/licenses/edit/:id | /production/licenses/new","Qualifier puis exécuter dans les contextes applicables ; variantes et champs à instancier après revue","UI_AUTH_API_DB","NON EXÉCUTÉ","Qualification détaillée et environnement isolé requis","","Lot partagé : propriétaire à affecter par orchestrateur"
"REC-ACT-2fdb1ca46ad4","ACT-2fdb1ca46ad4","CONSOMMATEUR_NON_RESOLU","TRANSVERSE_OU_ORPHELIN_A_QUALIFIER","","Qualifier puis exécuter dans les contextes applicables ; variantes et champs à instancier après revue","UI_AUTH_API_DB","NON EXÉCUTÉ","Qualification détaillée et environnement isolé requis","","Lot partagé : propriétaire à affecter par orchestrateur"
"REC-ACT-3049f4b1ad68","ACT-3049f4b1ad68","admin | mine | owner | refinery | sonasp","gold_inventory","/inventory/silver","Qualifier puis exécuter dans les contextes applicables ; variantes et champs à instancier après revue","UI_AUTH_API_DB","NON EXÉCUTÉ","Qualification détaillée et environnement isolé requis","","Lot stocks"
"REC-ACT-3062839d30dd","ACT-3062839d30dd","admin | dgmg | owner | sonasp","mining_sites","/artisan-sites","Qualifier puis exécuter dans les contextes applicables ; variantes et champs à instancier après revue","UI_AUTH_API_DB","NON EXÉCUTÉ","Qualification détaillée et environnement isolé requis","","Lot sites artisanaux"
"REC-ACT-307a1e769bef","ACT-307a1e769bef","admin | collector | comptoir | owner | sonasp","artisan_gold_market","/artisan-minier/paiements/historique/:paiementId","Qualifier puis exécuter dans les contextes applicables ; variantes et champs à instancier après revue","UI_AUTH_API_DB","NON EXÉCUTÉ","Qualification détaillée et environnement isolé requis","","Lot marché artisanal et paiements"
"REC-ACT-3082332d370f","ACT-3082332d370f","admin | mine | owner | refinery | sonasp","refining","/refining | /refining/:id/process","Qualifier puis exécuter dans les contextes applicables ; variantes et champs à instancier après revue","UI_AUTH_API_DB","NON EXÉCUTÉ","Qualification détaillée et environnement isolé requis","","Lot raffinage"
"REC-ACT-30860108ac49","ACT-30860108ac49","admin | airport | factory | mine | owner | sonasp","shipping","/freight | /freight-customs | /freight-customs/:id | /freight-customs/create | /freight/shipments/create | /shipping | /shipping/preparation | /shipping/preparation/new","Qualifier puis exécuter dans les contextes applicables ; variantes et champs à instancier après revue","UI_AUTH_API_DB","NON EXÉCUTÉ","Qualification détaillée et environnement isolé requis","","Lot expéditions"
"REC-ACT-3089e51d01a5","ACT-3089e51d01a5","admin | airport | factory | mine | owner | sonasp","shipping","/shipping/preparation/:id | /shipping/preparation/:id/details","Qualifier puis exécuter dans les contextes applicables ; variantes et champs à instancier après revue","UI_AUTH_API_DB","NON EXÉCUTÉ","Qualification détaillée et environnement isolé requis","","Lot expéditions"
"REC-ACT-30ac51df9bd7","ACT-30ac51df9bd7","admin | mine | owner | sonasp","production","/performance/budgets | /performance/forecasts","Qualifier puis exécuter dans les contextes applicables ; variantes et champs à instancier après revue","UI_AUTH_API_DB","NON EXÉCUTÉ","Qualification détaillée et environnement isolé requis","","Lot production industrielle"
"REC-ACT-30b8e803a02c","ACT-30b8e803a02c","admin | dgi | mine | owner | sonasp","conciliation","/conciliation","Qualifier puis exécuter dans les contextes applicables ; variantes et champs à instancier après revue","UI_AUTH_API_DB","NON EXÉCUTÉ","Qualification détaillée et environnement isolé requis","","Lot conciliation"
"REC-ACT-30d40437b1cc","ACT-30d40437b1cc","dgi | dgmg | owner","portal-dgi | portal-dgmg","/portail-dgi | /portail-dgmg","Qualifier puis exécuter dans les contextes applicables ; variantes et champs à instancier après revue","UI_AUTH_API_DB","NON EXÉCUTÉ","Qualification détaillée et environnement isolé requis","","Lot partagé : propriétaire à affecter par orchestrateur"
"REC-ACT-30f7cb0f2697","ACT-30f7cb0f2697","admin | collector | comptoir | dgi | owner | sonasp","artisan_gold_market","/artisan-minier/ventes-or/:id","Qualifier puis exécuter dans les contextes applicables ; variantes et champs à instancier après revue","UI_AUTH_API_DB","NON EXÉCUTÉ","Qualification détaillée et environnement isolé requis","","Lot marché artisanal et paiements"
"REC-ACT-311b7a01ca2f","ACT-311b7a01ca2f","admin | customer | mine | owner | sonasp","sales","/payments","Qualifier puis exécuter dans les contextes applicables ; variantes et champs à instancier après revue","UI_AUTH_API_DB","NON EXÉCUTÉ","Qualification détaillée et environnement isolé requis","","Lot ventes internationales et paiements"
"REC-ACT-3127d5d95e6a","ACT-3127d5d95e6a","admin | owner | sonasp","production","/production/achats-mines","Qualifier puis exécuter dans les contextes applicables ; variantes et champs à instancier après revue","UI_AUTH_API_DB","NON EXÉCUTÉ","Qualification détaillée et environnement isolé requis","","Lot production industrielle"
"REC-ACT-315380947075","ACT-315380947075","admin | owner | sonasp","gold_purchases","/achats/reglements/nouveau","Qualifier puis exécuter dans les contextes applicables ; variantes et champs à instancier après revue","UI_AUTH_API_DB","NON EXÉCUTÉ","Qualification détaillée et environnement isolé requis","","Lot achats et contrats"
"REC-ACT-3169319ea57a","ACT-3169319ea57a","CONSOMMATEUR_NON_RESOLU","TRANSVERSE_OU_ORPHELIN_A_QUALIFIER","","Qualifier puis exécuter dans les contextes applicables ; variantes et champs à instancier après revue","UI_AUTH_API_DB","NON EXÉCUTÉ","Qualification détaillée et environnement isolé requis","","Lot partagé : propriétaire à affecter par orchestrateur"
"REC-ACT-31cad0fef896","ACT-31cad0fef896","admin | dgi | mine | owner | sonasp","conciliation","/conciliation/regles-fiscales","Qualifier puis exécuter dans les contextes applicables ; variantes et champs à instancier après revue","UI_AUTH_API_DB","NON EXÉCUTÉ","Qualification détaillée et environnement isolé requis","","Lot conciliation"
"REC-ACT-320c7a9ecc7e","ACT-320c7a9ecc7e","admin | mine | owner | refinery | sonasp","refining","/refining | /refining/:id/process","Qualifier puis exécuter dans les contextes applicables ; variantes et champs à instancier après revue","UI_AUTH_API_DB","NON EXÉCUTÉ","Qualification détaillée et environnement isolé requis","","Lot raffinage"
"REC-ACT-322ee15a12a2","ACT-322ee15a12a2","admin | dgmg | owner","artisan-minier","/artisan-minier/comptoirs","Qualifier puis exécuter dans les contextes applicables ; variantes et champs à instancier après revue","UI_AUTH_API_DB","NON EXÉCUTÉ","Qualification détaillée et environnement isolé requis","","Lot artisans et affiliations"
"REC-ACT-327cf14e9d22","ACT-327cf14e9d22","comptoir | owner","portal-comptoir","/portail-comptoir/ventes-sonasp","Qualifier puis exécuter dans les contextes applicables ; variantes et champs à instancier après revue","UI_AUTH_API_DB","NON EXÉCUTÉ","Qualification détaillée et environnement isolé requis","","Lot portal-comptoir"
"REC-ACT-329f0409a228","ACT-329f0409a228","admin | mine | owner | sonasp","stakeholders","/stakeholders/depositors/:id/edit | /stakeholders/depositors/new","Qualifier puis exécuter dans les contextes applicables ; variantes et champs à instancier après revue","UI_AUTH_API_DB","NON EXÉCUTÉ","Qualification détaillée et environnement isolé requis","","Lot référentiels (root pilote Clients)"
"REC-ACT-32a557b81ed6","ACT-32a557b81ed6","CONSOMMATEUR_NON_RESOLU","TRANSVERSE_OU_ORPHELIN_A_QUALIFIER","","Qualifier puis exécuter dans les contextes applicables ; variantes et champs à instancier après revue","UI_AUTH_API_DB","NON EXÉCUTÉ","Qualification détaillée et environnement isolé requis","","Lot partagé : propriétaire à affecter par orchestrateur"
"REC-ACT-337079538a6d","ACT-337079538a6d","admin | owner | sonasp","artisan-minier","/artisan-minier","Qualifier puis exécuter dans les contextes applicables ; variantes et champs à instancier après revue","UI_AUTH_API_DB","NON EXÉCUTÉ","Qualification détaillée et environnement isolé requis","","Lot artisans et affiliations"
"REC-ACT-3486f116e4bd","ACT-3486f116e4bd","CONSOMMATEUR_NON_RESOLU","TRANSVERSE_OU_ORPHELIN_A_QUALIFIER","","Qualifier puis exécuter dans les contextes applicables ; variantes et champs à instancier après revue","UI_AUTH_API_DB","NON EXÉCUTÉ","Qualification détaillée et environnement isolé requis","","Lot partagé : propriétaire à affecter par orchestrateur"
"REC-ACT-34f21aae8a6d","ACT-34f21aae8a6d","admin | owner","administration","/admin/modules","Qualifier puis exécuter dans les contextes applicables ; variantes et champs à instancier après revue","UI_AUTH_API_DB","NON EXÉCUTÉ","Qualification détaillée et environnement isolé requis","","Lot administration et IAM"
"REC-ACT-351df22a6404","ACT-351df22a6404","admin | collector | comptoir | dgmg | owner | sonasp","artisan-minier","/artisan-minier/collecteurs | /artisan-minier/collecteurs/:id","Qualifier puis exécuter dans les contextes applicables ; variantes et champs à instancier après revue","UI_AUTH_API_DB","NON EXÉCUTÉ","Qualification détaillée et environnement isolé requis","","Lot artisans et affiliations"
"REC-ACT-3539cffe3ead","ACT-3539cffe3ead","admin | dgi | mine | owner | sonasp","conciliation","/conciliation/regles-fiscales","Qualifier puis exécuter dans les contextes applicables ; variantes et champs à instancier après revue","UI_AUTH_API_DB","NON EXÉCUTÉ","Qualification détaillée et environnement isolé requis","","Lot conciliation"
"REC-ACT-3554dfcac66d","ACT-3554dfcac66d","admin | airport | customer | factory | mine | owner | refinery | sonasp","international_markets","/fx-rates","Qualifier puis exécuter dans les contextes applicables ; variantes et champs à instancier après revue","UI_AUTH_API_DB","NON EXÉCUTÉ","Qualification détaillée et environnement isolé requis","","Lot international_markets"
"REC-ACT-35596b33e847","ACT-35596b33e847","admin | owner | sonasp","gold_purchases","/achats/reglements/nouveau","Qualifier puis exécuter dans les contextes applicables ; variantes et champs à instancier après revue","UI_AUTH_API_DB","NON EXÉCUTÉ","Qualification détaillée et environnement isolé requis","","Lot achats et contrats"
"REC-ACT-357b554062f2","ACT-357b554062f2","admin | airport | customer | factory | mine | owner | refinery | sonasp","analytics | production_analytics | reports | sales_analytics","/analytics | /analytics/national | /analytics/production | /analytics/ventes | /reports","Qualifier puis exécuter dans les contextes applicables ; variantes et champs à instancier après revue","UI_AUTH_API_DB","NON EXÉCUTÉ","Qualification détaillée et environnement isolé requis","","Lot partagé : propriétaire à affecter par orchestrateur"
"REC-ACT-35e725d99699","ACT-35e725d99699","admin | airport | factory | mine | owner | sonasp","shipping","/freight/shipments/:id","Qualifier puis exécuter dans les contextes applicables ; variantes et champs à instancier après revue","UI_AUTH_API_DB","NON EXÉCUTÉ","Qualification détaillée et environnement isolé requis","","Lot expéditions"
"REC-ACT-3624c32ec744","ACT-3624c32ec744","admin | airport | collector | comptoir | customer | dgi | dgmg | direction | factory | mine | owner | refinery | sonasp","transverse","/help","Qualifier puis exécuter dans les contextes applicables ; variantes et champs à instancier après revue","UI_AUTH_API_DB","NON EXÉCUTÉ","Qualification détaillée et environnement isolé requis","","Lot transverse"
"REC-ACT-36720e094d09","ACT-36720e094d09","admin | mine | owner | sonasp","production","/production/licenses","Qualifier puis exécuter dans les contextes applicables ; variantes et champs à instancier après revue","UI_AUTH_API_DB","NON EXÉCUTÉ","Qualification détaillée et environnement isolé requis","","Lot production industrielle"
"REC-ACT-367d4c899453","ACT-367d4c899453","admin | owner | sonasp","gold_purchases","/achats/reglements/nouveau","Qualifier puis exécuter dans les contextes applicables ; variantes et champs à instancier après revue","UI_AUTH_API_DB","NON EXÉCUTÉ","Qualification détaillée et environnement isolé requis","","Lot achats et contrats"
"REC-ACT-3684404ebe70","ACT-3684404ebe70","admin | airport | collector | comptoir | customer | dgi | dgmg | direction | factory | mine | owner | refinery | sonasp","transverse","/profile","Qualifier puis exécuter dans les contextes applicables ; variantes et champs à instancier après revue","UI_AUTH_API_DB","NON EXÉCUTÉ","Qualification détaillée et environnement isolé requis","","Lot transverse"
"REC-ACT-3689e4d0179f","ACT-3689e4d0179f","CONSOMMATEUR_NON_RESOLU","TRANSVERSE_OU_ORPHELIN_A_QUALIFIER","","Qualifier puis exécuter dans les contextes applicables ; variantes et champs à instancier après revue","UI_AUTH_API_DB","NON EXÉCUTÉ","Qualification détaillée et environnement isolé requis","","Lot partagé : propriétaire à affecter par orchestrateur"
"REC-ACT-36b5b3265240","ACT-36b5b3265240","admin | comptoir | owner | sonasp","artisan_gold_market","/artisan-minier/ventes-or/:id/modifier | /artisan-minier/ventes-or/nouvelle","Qualifier puis exécuter dans les contextes applicables ; variantes et champs à instancier après revue","UI_AUTH_API_DB","NON EXÉCUTÉ","Qualification détaillée et environnement isolé requis","","Lot marché artisanal et paiements"
"REC-ACT-372565ac11f0","ACT-372565ac11f0","admin | owner","administration","/access/portals","Qualifier puis exécuter dans les contextes applicables ; variantes et champs à instancier après revue","UI_AUTH_API_DB","NON EXÉCUTÉ","Qualification détaillée et environnement isolé requis","","Lot administration et IAM"
"REC-ACT-377e8cebeeb1","ACT-377e8cebeeb1","admin | mine | owner | sonasp","gold_purchases","/achats/reglements","Qualifier puis exécuter dans les contextes applicables ; variantes et champs à instancier après revue","UI_AUTH_API_DB","NON EXÉCUTÉ","Qualification détaillée et environnement isolé requis","","Lot achats et contrats"
"REC-ACT-37a1e3906bcc","ACT-37a1e3906bcc","admin | owner | sonasp","gold_purchases","/requisitions/:id/modifier | /requisitions/nouvelle","Qualifier puis exécuter dans les contextes applicables ; variantes et champs à instancier après revue","UI_AUTH_API_DB","NON EXÉCUTÉ","Qualification détaillée et environnement isolé requis","","Lot achats et contrats"
"REC-ACT-37f62b0a4329","ACT-37f62b0a4329","CONSOMMATEUR_NON_RESOLU","TRANSVERSE_OU_ORPHELIN_A_QUALIFIER","","Qualifier puis exécuter dans les contextes applicables ; variantes et champs à instancier après revue","UI_AUTH_API_DB","NON EXÉCUTÉ","Qualification détaillée et environnement isolé requis","","Lot partagé : propriétaire à affecter par orchestrateur"
"REC-ACT-3824e5958052","ACT-3824e5958052","CONSOMMATEUR_NON_RESOLU","TRANSVERSE_OU_ORPHELIN_A_QUALIFIER","","Qualifier puis exécuter dans les contextes applicables ; variantes et champs à instancier après revue","UI_AUTH_API_DB","NON EXÉCUTÉ","Qualification détaillée et environnement isolé requis","","Lot partagé : propriétaire à affecter par orchestrateur"
"REC-ACT-382ad5776c0d","ACT-382ad5776c0d","admin | owner | sonasp","national_reserve","/national-reserve/allocations/:id/edit | /national-reserve/allocations/new","Qualifier puis exécuter dans les contextes applicables ; variantes et champs à instancier après revue","UI_AUTH_API_DB","NON EXÉCUTÉ","Qualification détaillée et environnement isolé requis","","Lot réserve nationale"
"REC-ACT-38af77682867","ACT-38af77682867","admin | mine | owner | sonasp","gold_purchases","/contrats","Qualifier puis exécuter dans les contextes applicables ; variantes et champs à instancier après revue","UI_AUTH_API_DB","NON EXÉCUTÉ","Qualification détaillée et environnement isolé requis","","Lot achats et contrats"
"REC-ACT-38c0ddf87b22","ACT-38c0ddf87b22","admin | owner | sonasp","production","/production/licenses/requests","Qualifier puis exécuter dans les contextes applicables ; variantes et champs à instancier après revue","UI_AUTH_API_DB","NON EXÉCUTÉ","Qualification détaillée et environnement isolé requis","","Lot production industrielle"
"REC-ACT-38cee3b00eca","ACT-38cee3b00eca","CONSOMMATEUR_NON_RESOLU","TRANSVERSE_OU_ORPHELIN_A_QUALIFIER","","Qualifier puis exécuter dans les contextes applicables ; variantes et champs à instancier après revue","UI_AUTH_API_DB","NON EXÉCUTÉ","Qualification détaillée et environnement isolé requis","","Lot partagé : propriétaire à affecter par orchestrateur"
"REC-ACT-38fe2b5304c4","ACT-38fe2b5304c4","admin | mine | owner | sonasp","gold_purchases","/contrats","Qualifier puis exécuter dans les contextes applicables ; variantes et champs à instancier après revue","UI_AUTH_API_DB","NON EXÉCUTÉ","Qualification détaillée et environnement isolé requis","","Lot achats et contrats"
"REC-ACT-390fd17ef30d","ACT-390fd17ef30d","admin | owner | sonasp","national_reserve","/national-reserve | /national-reserve/audit | /national-reserve/controls | /national-reserve/physical | /national-reserve/valuation","Qualifier puis exécuter dans les contextes applicables ; variantes et champs à instancier après revue","UI_AUTH_API_DB","NON EXÉCUTÉ","Qualification détaillée et environnement isolé requis","","Lot réserve nationale"
"REC-ACT-39488f51329b","ACT-39488f51329b","admin | collector | comptoir | dgi | owner | sonasp","artisan_gold_market","/artisan-minier/ventes-or","Qualifier puis exécuter dans les contextes applicables ; variantes et champs à instancier après revue","UI_AUTH_API_DB","NON EXÉCUTÉ","Qualification détaillée et environnement isolé requis","","Lot marché artisanal et paiements"
"REC-ACT-395d0bab35e4","ACT-395d0bab35e4","admin | customer | mine | owner | sonasp","sales","/payments","Qualifier puis exécuter dans les contextes applicables ; variantes et champs à instancier après revue","UI_AUTH_API_DB","NON EXÉCUTÉ","Qualification détaillée et environnement isolé requis","","Lot ventes internationales et paiements"
"REC-ACT-39911db502fa","ACT-39911db502fa","admin | airport | mine | owner | sonasp","shipping","/freight-customs/:id","Qualifier puis exécuter dans les contextes applicables ; variantes et champs à instancier après revue","UI_AUTH_API_DB","NON EXÉCUTÉ","Qualification détaillée et environnement isolé requis","","Lot expéditions"
"REC-ACT-39a2dc2b7945","ACT-39a2dc2b7945","CONSOMMATEUR_NON_RESOLU","TRANSVERSE_OU_ORPHELIN_A_QUALIFIER","","Qualifier puis exécuter dans les contextes applicables ; variantes et champs à instancier après revue","UI_AUTH_API_DB","NON EXÉCUTÉ","Qualification détaillée et environnement isolé requis","","Lot partagé : propriétaire à affecter par orchestrateur"
"REC-ACT-39b0694476ac","ACT-39b0694476ac","admin | airport | factory | mine | owner | sonasp","shipping","/freight/shipments/create","Qualifier puis exécuter dans les contextes applicables ; variantes et champs à instancier après revue","UI_AUTH_API_DB","NON EXÉCUTÉ","Qualification détaillée et environnement isolé requis","","Lot expéditions"
"REC-ACT-3a0377ac515e","ACT-3a0377ac515e","admin | owner","administration | public-et-alias","/admin/users | /users","Qualifier puis exécuter dans les contextes applicables ; variantes et champs à instancier après revue","UI_AUTH_API_DB","NON EXÉCUTÉ","Qualification détaillée et environnement isolé requis","","Lot partagé : propriétaire à affecter par orchestrateur"
"REC-ACT-3a6fa59b19dd","ACT-3a6fa59b19dd","admin | collector | comptoir | dgmg | owner | sonasp","artisan-minier","/artisan-minier/:id/edit | /artisan-minier/liste","Qualifier puis exécuter dans les contextes applicables ; variantes et champs à instancier après revue","UI_AUTH_API_DB","NON EXÉCUTÉ","Qualification détaillée et environnement isolé requis","","Lot artisans et affiliations"
"REC-ACT-3a7443ef5a49","ACT-3a7443ef5a49","CONSOMMATEUR_NON_RESOLU","TRANSVERSE_OU_ORPHELIN_A_QUALIFIER","","Qualifier puis exécuter dans les contextes applicables ; variantes et champs à instancier après revue","UI_AUTH_API_DB","NON EXÉCUTÉ","Qualification détaillée et environnement isolé requis","","Lot partagé : propriétaire à affecter par orchestrateur"
"REC-ACT-3a8e8c70b260","ACT-3a8e8c70b260","admin | mine | owner | sonasp","gold_purchases","/achats/reglements","Qualifier puis exécuter dans les contextes applicables ; variantes et champs à instancier après revue","UI_AUTH_API_DB","NON EXÉCUTÉ","Qualification détaillée et environnement isolé requis","","Lot achats et contrats"
"REC-ACT-3a8ec3b738d7","ACT-3a8ec3b738d7","admin | mine | owner | refinery | sonasp","refining","/refining | /refining/:id/process","Qualifier puis exécuter dans les contextes applicables ; variantes et champs à instancier après revue","UI_AUTH_API_DB","NON EXÉCUTÉ","Qualification détaillée et environnement isolé requis","","Lot raffinage"
"REC-ACT-3ab98fa3d2da","ACT-3ab98fa3d2da","admin | airport | customer | factory | mine | owner | refinery | sonasp","international_markets","/gold-prices | /sales/simulator | /sales/trade-space","Qualifier puis exécuter dans les contextes applicables ; variantes et champs à instancier après revue","UI_AUTH_API_DB","NON EXÉCUTÉ","Qualification détaillée et environnement isolé requis","","Lot international_markets"
"REC-ACT-3af76034852f","ACT-3af76034852f","admin | airport | factory | mine | owner | sonasp","shipping","/freight | /freight-customs | /freight-customs/:id | /freight-customs/create | /freight/shipments/create | /shipping | /shipping/preparation | /shipping/preparation/new","Qualifier puis exécuter dans les contextes applicables ; variantes et champs à instancier après revue","UI_AUTH_API_DB","NON EXÉCUTÉ","Qualification détaillée et environnement isolé requis","","Lot expéditions"
"REC-ACT-3b3565c1be03","ACT-3b3565c1be03","CONSOMMATEUR_NON_RESOLU","TRANSVERSE_OU_ORPHELIN_A_QUALIFIER","","Qualifier puis exécuter dans les contextes applicables ; variantes et champs à instancier après revue","UI_AUTH_API_DB","NON EXÉCUTÉ","Qualification détaillée et environnement isolé requis","","Lot partagé : propriétaire à affecter par orchestrateur"
"REC-ACT-3b474d4aa3f3","ACT-3b474d4aa3f3","admin | collector | comptoir | dgmg | owner | sonasp","artisan-minier","/artisan-minier/:id | /artisan-minier/cartes/expirations | /artisan-minier/cartes/suivi | /artisan-minier/cartes/validation","Qualifier puis exécuter dans les contextes applicables ; variantes et champs à instancier après revue","UI_AUTH_API_DB","NON EXÉCUTÉ","Qualification détaillée et environnement isolé requis","","Lot artisans et affiliations"
"REC-ACT-3b8290a707a1","ACT-3b8290a707a1","admin | owner | sonasp","gold_purchases","/achats/plans/:id","Qualifier puis exécuter dans les contextes applicables ; variantes et champs à instancier après revue","UI_AUTH_API_DB","NON EXÉCUTÉ","Qualification détaillée et environnement isolé requis","","Lot achats et contrats"
"REC-ACT-3baf8476c0c9","ACT-3baf8476c0c9","collector | owner","portal-collector","/portail-collecteur","Qualifier puis exécuter dans les contextes applicables ; variantes et champs à instancier après revue","UI_AUTH_API_DB","NON EXÉCUTÉ","Qualification détaillée et environnement isolé requis","","Lot portal-collector"
"REC-ACT-3bc19d26fa5c","ACT-3bc19d26fa5c","admin | dgi | mine | owner | sonasp","conciliation","/conciliation/:id","Qualifier puis exécuter dans les contextes applicables ; variantes et champs à instancier après revue","UI_AUTH_API_DB","NON EXÉCUTÉ","Qualification détaillée et environnement isolé requis","","Lot conciliation"
"REC-ACT-3be01eae1658","ACT-3be01eae1658","admin | owner","administration | public-et-alias","/admin/users | /users","Qualifier puis exécuter dans les contextes applicables ; variantes et champs à instancier après revue","UI_AUTH_API_DB","NON EXÉCUTÉ","Qualification détaillée et environnement isolé requis","","Lot partagé : propriétaire à affecter par orchestrateur"
"REC-ACT-3c3f52901316","ACT-3c3f52901316","owner | sonasp","public-et-alias","/approvals","Qualifier puis exécuter dans les contextes applicables ; variantes et champs à instancier après revue","UI_AUTH_API_DB","NON EXÉCUTÉ","Qualification détaillée et environnement isolé requis","","Lot public-et-alias"
"REC-ACT-3c7273fc3903","ACT-3c7273fc3903","admin | mine | owner | sonasp","production","/performance/budgets | /performance/forecasts","Qualifier puis exécuter dans les contextes applicables ; variantes et champs à instancier après revue","UI_AUTH_API_DB","NON EXÉCUTÉ","Qualification détaillée et environnement isolé requis","","Lot production industrielle"
"REC-ACT-3ca85708cfa3","ACT-3ca85708cfa3","admin | owner | sonasp","gold_purchases","/achats/reglements/nouveau","Qualifier puis exécuter dans les contextes applicables ; variantes et champs à instancier après revue","UI_AUTH_API_DB","NON EXÉCUTÉ","Qualification détaillée et environnement isolé requis","","Lot achats et contrats"
"REC-ACT-3ca97ecd8623","ACT-3ca97ecd8623","admin | airport | collector | comptoir | customer | dgi | dgmg | direction | factory | mine | owner | refinery | sonasp","transverse","/help","Qualifier puis exécuter dans les contextes applicables ; variantes et champs à instancier après revue","UI_AUTH_API_DB","NON EXÉCUTÉ","Qualification détaillée et environnement isolé requis","","Lot transverse"
"REC-ACT-3caac0c026fa","ACT-3caac0c026fa","admin | collector | comptoir | owner | sonasp","artisan_gold_market","/artisan-minier/paiements/historique","Qualifier puis exécuter dans les contextes applicables ; variantes et champs à instancier après revue","UI_AUTH_API_DB","NON EXÉCUTÉ","Qualification détaillée et environnement isolé requis","","Lot marché artisanal et paiements"
"REC-ACT-3ce4d366c26f","ACT-3ce4d366c26f","admin | collector | comptoir | dgmg | owner | sonasp","artisan-minier","/artisan-minier/:id/edit | /artisan-minier/liste","Qualifier puis exécuter dans les contextes applicables ; variantes et champs à instancier après revue","UI_AUTH_API_DB","NON EXÉCUTÉ","Qualification détaillée et environnement isolé requis","","Lot artisans et affiliations"
"REC-ACT-3cf0d8e3f64b","ACT-3cf0d8e3f64b","admin | airport | factory | mine | owner | sonasp","shipping","/shipping/preparation/new","Qualifier puis exécuter dans les contextes applicables ; variantes et champs à instancier après revue","UI_AUTH_API_DB","NON EXÉCUTÉ","Qualification détaillée et environnement isolé requis","","Lot expéditions"
"REC-ACT-3cfb267b3f14","ACT-3cfb267b3f14","admin | collector | comptoir | dgi | owner | sonasp","artisan_gold_market","/artisan-minier/ventes-or/:id","Qualifier puis exécuter dans les contextes applicables ; variantes et champs à instancier après revue","UI_AUTH_API_DB","NON EXÉCUTÉ","Qualification détaillée et environnement isolé requis","","Lot marché artisanal et paiements"
"REC-ACT-3d115999fe04","ACT-3d115999fe04","CONSOMMATEUR_NON_RESOLU","TRANSVERSE_OU_ORPHELIN_A_QUALIFIER","","Qualifier puis exécuter dans les contextes applicables ; variantes et champs à instancier après revue","UI_AUTH_API_DB","NON EXÉCUTÉ","Qualification détaillée et environnement isolé requis","","Lot partagé : propriétaire à affecter par orchestrateur"
"REC-ACT-3d4f48660d9c","ACT-3d4f48660d9c","admin | dgi | mine | owner | sonasp","conciliation","/conciliation","Qualifier puis exécuter dans les contextes applicables ; variantes et champs à instancier après revue","UI_AUTH_API_DB","NON EXÉCUTÉ","Qualification détaillée et environnement isolé requis","","Lot conciliation"
"REC-ACT-3dbe59b96c94","ACT-3dbe59b96c94","admin | collector | comptoir | dgmg | owner | sonasp","artisan-minier","/artisan-minier/liste","Qualifier puis exécuter dans les contextes applicables ; variantes et champs à instancier après revue","UI_AUTH_API_DB","NON EXÉCUTÉ","Qualification détaillée et environnement isolé requis","","Lot artisans et affiliations"
"REC-ACT-3ddbc675bbfc","ACT-3ddbc675bbfc","admin | collector | comptoir | dgmg | owner | sonasp","artisan-minier","/artisan-minier/:id/edit | /artisan-minier/liste","Qualifier puis exécuter dans les contextes applicables ; variantes et champs à instancier après revue","UI_AUTH_API_DB","NON EXÉCUTÉ","Qualification détaillée et environnement isolé requis","","Lot artisans et affiliations"
"REC-ACT-3e23eba50e91","ACT-3e23eba50e91","CONSOMMATEUR_NON_RESOLU","TRANSVERSE_OU_ORPHELIN_A_QUALIFIER","","Qualifier puis exécuter dans les contextes applicables ; variantes et champs à instancier après revue","UI_AUTH_API_DB","NON EXÉCUTÉ","Qualification détaillée et environnement isolé requis","","Lot partagé : propriétaire à affecter par orchestrateur"
"REC-ACT-3e4f49eb48a9","ACT-3e4f49eb48a9","CONSOMMATEUR_NON_RESOLU","TRANSVERSE_OU_ORPHELIN_A_QUALIFIER","","Qualifier puis exécuter dans les contextes applicables ; variantes et champs à instancier après revue","UI_AUTH_API_DB","NON EXÉCUTÉ","Qualification détaillée et environnement isolé requis","","Lot partagé : propriétaire à affecter par orchestrateur"
"REC-ACT-3eb30d83b00c","ACT-3eb30d83b00c","public","public-et-alias","/","Qualifier puis exécuter dans les contextes applicables ; variantes et champs à instancier après revue","UI_AUTH_API_DB","NON EXÉCUTÉ","Qualification détaillée et environnement isolé requis","","Lot public-et-alias"
"REC-ACT-3ed79e7f4d4c","ACT-3ed79e7f4d4c","admin | dgi | mine | owner | sonasp","conciliation","/conciliation/regles-fiscales","Qualifier puis exécuter dans les contextes applicables ; variantes et champs à instancier après revue","UI_AUTH_API_DB","NON EXÉCUTÉ","Qualification détaillée et environnement isolé requis","","Lot conciliation"
"REC-ACT-3ef030137faf","ACT-3ef030137faf","admin | owner | sonasp","artisan-minier","/artisan-minier","Qualifier puis exécuter dans les contextes applicables ; variantes et champs à instancier après revue","UI_AUTH_API_DB","NON EXÉCUTÉ","Qualification détaillée et environnement isolé requis","","Lot artisans et affiliations"
"REC-ACT-3f1749334bcd","ACT-3f1749334bcd","CONSOMMATEUR_NON_RESOLU","TRANSVERSE_OU_ORPHELIN_A_QUALIFIER","","Qualifier puis exécuter dans les contextes applicables ; variantes et champs à instancier après revue","UI_AUTH_API_DB","NON EXÉCUTÉ","Qualification détaillée et environnement isolé requis","","Lot partagé : propriétaire à affecter par orchestrateur"
"REC-ACT-3f42a3b3dfe6","ACT-3f42a3b3dfe6","admin | collector | comptoir | dgmg | owner | sonasp","artisan-minier","/artisan-minier/liste","Qualifier puis exécuter dans les contextes applicables ; variantes et champs à instancier après revue","UI_AUTH_API_DB","NON EXÉCUTÉ","Qualification détaillée et environnement isolé requis","","Lot artisans et affiliations"
"REC-ACT-3f934b4ce896","ACT-3f934b4ce896","admin | owner","administration","/users/:userId","Qualifier puis exécuter dans les contextes applicables ; variantes et champs à instancier après revue","UI_AUTH_API_DB","NON EXÉCUTÉ","Qualification détaillée et environnement isolé requis","","Lot administration et IAM"
"REC-ACT-3fa1de3dbd05","ACT-3fa1de3dbd05","admin | owner | sonasp","dashboard","/dashboard","Qualifier puis exécuter dans les contextes applicables ; variantes et champs à instancier après revue","UI_AUTH_API_DB","NON EXÉCUTÉ","Qualification détaillée et environnement isolé requis","","Lot pilotage national"
"REC-ACT-3fafe39ed163","ACT-3fafe39ed163","admin | owner | sonasp","gold_purchases","/achats/comptes-paiements","Qualifier puis exécuter dans les contextes applicables ; variantes et champs à instancier après revue","UI_AUTH_API_DB","NON EXÉCUTÉ","Qualification détaillée et environnement isolé requis","","Lot achats et contrats"
"REC-ACT-3fd79b2030f3","ACT-3fd79b2030f3","admin | owner | sonasp","dashboard","/dashboard","Qualifier puis exécuter dans les contextes applicables ; variantes et champs à instancier après revue","UI_AUTH_API_DB","NON EXÉCUTÉ","Qualification détaillée et environnement isolé requis","","Lot pilotage national"
"REC-ACT-3fdd608f0889","ACT-3fdd608f0889","admin | collector | comptoir | dgmg | owner | sonasp","artisan-minier","/artisan-minier/collecteurs | /artisan-minier/collecteurs/:id","Qualifier puis exécuter dans les contextes applicables ; variantes et champs à instancier après revue","UI_AUTH_API_DB","NON EXÉCUTÉ","Qualification détaillée et environnement isolé requis","","Lot artisans et affiliations"
"REC-ACT-3ff8732922d7","ACT-3ff8732922d7","CONSOMMATEUR_NON_RESOLU","TRANSVERSE_OU_ORPHELIN_A_QUALIFIER","","Qualifier puis exécuter dans les contextes applicables ; variantes et champs à instancier après revue","UI_AUTH_API_DB","NON EXÉCUTÉ","Qualification détaillée et environnement isolé requis","","Lot partagé : propriétaire à affecter par orchestrateur"
"REC-ACT-4002be003666","ACT-4002be003666","public","public-et-alias","/","Qualifier puis exécuter dans les contextes applicables ; variantes et champs à instancier après revue","UI_AUTH_API_DB","NON EXÉCUTÉ","Qualification détaillée et environnement isolé requis","","Lot public-et-alias"
"REC-ACT-400aea197131","ACT-400aea197131","admin | customer | mine | owner | refinery | sonasp","sales","/sales/:id","Qualifier puis exécuter dans les contextes applicables ; variantes et champs à instancier après revue","UI_AUTH_API_DB","NON EXÉCUTÉ","Qualification détaillée et environnement isolé requis","","Lot ventes internationales et paiements"
"REC-ACT-4017bde5950b","ACT-4017bde5950b","admin | collector | comptoir | dgmg | owner | sonasp","artisan-minier","/artisan-minier/liste","Qualifier puis exécuter dans les contextes applicables ; variantes et champs à instancier après revue","UI_AUTH_API_DB","NON EXÉCUTÉ","Qualification détaillée et environnement isolé requis","","Lot artisans et affiliations"
"REC-ACT-403564b7088b","ACT-403564b7088b","CONSOMMATEUR_NON_RESOLU","TRANSVERSE_OU_ORPHELIN_A_QUALIFIER","","Qualifier puis exécuter dans les contextes applicables ; variantes et champs à instancier après revue","UI_AUTH_API_DB","NON EXÉCUTÉ","Qualification détaillée et environnement isolé requis","","Lot partagé : propriétaire à affecter par orchestrateur"
"REC-ACT-40588a158a72","ACT-40588a158a72","admin | mine | owner | sonasp","gold_purchases","/contrats","Qualifier puis exécuter dans les contextes applicables ; variantes et champs à instancier après revue","UI_AUTH_API_DB","NON EXÉCUTÉ","Qualification détaillée et environnement isolé requis","","Lot achats et contrats"
"REC-ACT-407c2f1fbf6a","ACT-407c2f1fbf6a","admin | mine | owner | sonasp","stakeholders","/customers","Qualifier puis exécuter dans les contextes applicables ; variantes et champs à instancier après revue","UI_AUTH_API_DB","NON EXÉCUTÉ","Qualification détaillée et environnement isolé requis","","Lot référentiels (root pilote Clients)"
"REC-ACT-407dc5da34a0","ACT-407dc5da34a0","admin | owner | sonasp","settings","/admin/gold-sales-settings","Qualifier puis exécuter dans les contextes applicables ; variantes et champs à instancier après revue","UI_AUTH_API_DB","NON EXÉCUTÉ","Qualification détaillée et environnement isolé requis","","Lot paramètres"
"REC-ACT-4085aba57573","ACT-4085aba57573","admin | owner | sonasp","production","/production/licenses/requests","Qualifier puis exécuter dans les contextes applicables ; variantes et champs à instancier après revue","UI_AUTH_API_DB","NON EXÉCUTÉ","Qualification détaillée et environnement isolé requis","","Lot production industrielle"
"REC-ACT-408edef0847c","ACT-408edef0847c","admin | dgi | mine | owner | sonasp","conciliation","/conciliation/:id","Qualifier puis exécuter dans les contextes applicables ; variantes et champs à instancier après revue","UI_AUTH_API_DB","NON EXÉCUTÉ","Qualification détaillée et environnement isolé requis","","Lot conciliation"
"REC-ACT-40e04b352537","ACT-40e04b352537","admin | airport | factory | mine | owner | sonasp","documents | shipping","/documents/assay-certificates | /freight | /freight-customs | /freight-customs/:id | /freight-customs/create | /freight/shipments/create | /shipping | /shipping/preparation | /shipping/preparation/new","Qualifier puis exécuter dans les contextes applicables ; variantes et champs à instancier après revue","UI_AUTH_API_DB","NON EXÉCUTÉ","Qualification détaillée et environnement isolé requis","","Lot partagé : propriétaire à affecter par orchestrateur"
"REC-ACT-414ed7b49383","ACT-414ed7b49383","admin | airport | factory | mine | owner | sonasp","documents | shipping","/documents/assay-certificates | /freight-customs/:id | /freight/shipments/:id","Qualifier puis exécuter dans les contextes applicables ; variantes et champs à instancier après revue","UI_AUTH_API_DB","NON EXÉCUTÉ","Qualification détaillée et environnement isolé requis","","Lot partagé : propriétaire à affecter par orchestrateur"
"REC-ACT-4190ed603336","ACT-4190ed603336","admin | mine | owner | sonasp","gold_purchases","/achats/comptes | /achats/comptes-paiements | /achats/demandes | /achats/reglements","Qualifier puis exécuter dans les contextes applicables ; variantes et champs à instancier après revue","UI_AUTH_API_DB","NON EXÉCUTÉ","Qualification détaillée et environnement isolé requis","","Lot achats et contrats"
"REC-ACT-41990fda2877","ACT-41990fda2877","admin | mine | owner | sonasp","production","/production/licenses/:id","Qualifier puis exécuter dans les contextes applicables ; variantes et champs à instancier après revue","UI_AUTH_API_DB","NON EXÉCUTÉ","Qualification détaillée et environnement isolé requis","","Lot production industrielle"
"REC-ACT-41ff74736954","ACT-41ff74736954","public","authentification","/recuperer-acces","Qualifier puis exécuter dans les contextes applicables ; variantes et champs à instancier après revue","UI_AUTH_API_DB","NON EXÉCUTÉ","Qualification détaillée et environnement isolé requis","","Lot authentification"
"REC-ACT-4206a9d5f6df","ACT-4206a9d5f6df","admin | mine | owner | sonasp","production","/production/licenses/:id","Qualifier puis exécuter dans les contextes applicables ; variantes et champs à instancier après revue","UI_AUTH_API_DB","NON EXÉCUTÉ","Qualification détaillée et environnement isolé requis","","Lot production industrielle"
"REC-ACT-42685d830912","ACT-42685d830912","public","public-et-alias","/conditions-utilisation | /confidentialite | /mentions-legales | /securite","Qualifier puis exécuter dans les contextes applicables ; variantes et champs à instancier après revue","UI_AUTH_API_DB","NON EXÉCUTÉ","Qualification détaillée et environnement isolé requis","","Lot public-et-alias"
"REC-ACT-42d63ae6e68a","ACT-42d63ae6e68a","admin | dgmg | owner | sonasp","mining_sites","/artisan-sites","Qualifier puis exécuter dans les contextes applicables ; variantes et champs à instancier après revue","UI_AUTH_API_DB","NON EXÉCUTÉ","Qualification détaillée et environnement isolé requis","","Lot sites artisanaux"
"REC-ACT-4308285221a1","ACT-4308285221a1","CONSOMMATEUR_NON_RESOLU","TRANSVERSE_OU_ORPHELIN_A_QUALIFIER","","Qualifier puis exécuter dans les contextes applicables ; variantes et champs à instancier après revue","UI_AUTH_API_DB","NON EXÉCUTÉ","Qualification détaillée et environnement isolé requis","","Lot partagé : propriétaire à affecter par orchestrateur"
"REC-ACT-43f421b47334","ACT-43f421b47334","mine | owner","portal-mine","/portail-mine","Qualifier puis exécuter dans les contextes applicables ; variantes et champs à instancier après revue","UI_AUTH_API_DB","NON EXÉCUTÉ","Qualification détaillée et environnement isolé requis","","Lot portal-mine"
"REC-ACT-440bb50e1c8f","ACT-440bb50e1c8f","admin | owner | sonasp","national_reserve","/national-reserve/allocations | /national-reserve/allocations/:id","Qualifier puis exécuter dans les contextes applicables ; variantes et champs à instancier après revue","UI_AUTH_API_DB","NON EXÉCUTÉ","Qualification détaillée et environnement isolé requis","","Lot réserve nationale"
"REC-ACT-441e0b69f92d","ACT-441e0b69f92d","admin | owner","administration","/access/portals","Qualifier puis exécuter dans les contextes applicables ; variantes et champs à instancier après revue","UI_AUTH_API_DB","NON EXÉCUTÉ","Qualification détaillée et environnement isolé requis","","Lot administration et IAM"
"REC-ACT-4467cf48fe4a","ACT-4467cf48fe4a","public","public-et-alias","/","Qualifier puis exécuter dans les contextes applicables ; variantes et champs à instancier après revue","UI_AUTH_API_DB","NON EXÉCUTÉ","Qualification détaillée et environnement isolé requis","","Lot public-et-alias"
"REC-ACT-4472055fb1cc","ACT-4472055fb1cc","admin | customer | mine | owner | refinery | sonasp","sales","/sales/:id","Qualifier puis exécuter dans les contextes applicables ; variantes et champs à instancier après revue","UI_AUTH_API_DB","NON EXÉCUTÉ","Qualification détaillée et environnement isolé requis","","Lot ventes internationales et paiements"
"REC-ACT-447731804752","ACT-447731804752","admin | mine | owner | sonasp","international_markets","/sales/simulations","Qualifier puis exécuter dans les contextes applicables ; variantes et champs à instancier après revue","UI_AUTH_API_DB","NON EXÉCUTÉ","Qualification détaillée et environnement isolé requis","","Lot international_markets"
"REC-ACT-455824ed71ad","ACT-455824ed71ad","public","authentification","/modifier-mot-de-passe","Qualifier puis exécuter dans les contextes applicables ; variantes et champs à instancier après revue","UI_AUTH_API_DB","NON EXÉCUTÉ","Qualification détaillée et environnement isolé requis","","Lot authentification"
"REC-ACT-4590d5de7145","ACT-4590d5de7145","admin | customer | mine | owner | sonasp","sales","/payments/:id","Qualifier puis exécuter dans les contextes applicables ; variantes et champs à instancier après revue","UI_AUTH_API_DB","NON EXÉCUTÉ","Qualification détaillée et environnement isolé requis","","Lot ventes internationales et paiements"
"REC-ACT-459160624c4d","ACT-459160624c4d","admin | airport | collector | comptoir | customer | dgi | dgmg | direction | factory | mine | owner | refinery | sonasp","documents | international_markets | production | public-et-alias | refining | sales | settings | shipping | stakeholders | transverse","/admin/gold-sales-settings | /approvals | /customers | /customers/:id | /customers/:id/edit | /customers/new | /documents/assay-certificates | /freight | /freight-customs | /freight-customs/:id | /freight-customs/create | /freight/shipments/:id | /freight/shipments/create | /fx-rates | /help | /payments/create | /payments/record | /payments/virtual | /performance/budgets | /performance/forecasts | /production/:id | /production/daily | /production/licenses/:id | /production/licenses/edit/:id | /production/licenses/new | /profile | /refining | /refining/:id/process | /refining/freight-shipments | /sales/approve/:saleId | /sales/approve/:saleId/:token | /sales/trade-space | /shipping | /shipping/preparation | /shipping/preparation/:id | /shipping/preparation/:id/details | /shipping/preparation/:id/edit | /shipping/preparation/new | /stakeholders/depositors | /stakeholders/depositors/:id/edit | /stakeholders/depositors/new | /stakeholders/mining-companies | /stakeholders/mining-companies/:id | /stakeholders/mining-companies/:id/edit | /stakeholders/mining-companies/new","Qualifier puis exécuter dans les contextes applicables ; variantes et champs à instancier après revue","UI_AUTH_API_DB","NON EXÉCUTÉ","Qualification détaillée et environnement isolé requis","","Lot partagé : propriétaire à affecter par orchestrateur"
"REC-ACT-459c0563d280","ACT-459c0563d280","admin | dgmg | owner | sonasp","mining_sites","/artisan-sites","Qualifier puis exécuter dans les contextes applicables ; variantes et champs à instancier après revue","UI_AUTH_API_DB","NON EXÉCUTÉ","Qualification détaillée et environnement isolé requis","","Lot sites artisanaux"
"REC-ACT-45a2486fcfb2","ACT-45a2486fcfb2","owner | sonasp","public-et-alias","/approvals","Qualifier puis exécuter dans les contextes applicables ; variantes et champs à instancier après revue","UI_AUTH_API_DB","NON EXÉCUTÉ","Qualification détaillée et environnement isolé requis","","Lot public-et-alias"
"REC-ACT-45ab26457a23","ACT-45ab26457a23","admin | collector | comptoir | dgmg | owner | sonasp","artisan-minier","/artisan-minier/:id | /artisan-minier/cartes/expirations | /artisan-minier/cartes/suivi | /artisan-minier/cartes/validation","Qualifier puis exécuter dans les contextes applicables ; variantes et champs à instancier après revue","UI_AUTH_API_DB","NON EXÉCUTÉ","Qualification détaillée et environnement isolé requis","","Lot artisans et affiliations"
"REC-ACT-45b2090d6c22","ACT-45b2090d6c22","admin | customer | owner | sonasp","sales","/payments/create | /payments/record","Qualifier puis exécuter dans les contextes applicables ; variantes et champs à instancier après revue","UI_AUTH_API_DB","NON EXÉCUTÉ","Qualification détaillée et environnement isolé requis","","Lot ventes internationales et paiements"
"REC-ACT-45bd22f25d1f","ACT-45bd22f25d1f","admin | owner | sonasp","gold_purchases","/achats/reglements/nouveau","Qualifier puis exécuter dans les contextes applicables ; variantes et champs à instancier après revue","UI_AUTH_API_DB","NON EXÉCUTÉ","Qualification détaillée et environnement isolé requis","","Lot achats et contrats"
"REC-ACT-45beb81971c0","ACT-45beb81971c0","admin | airport | factory | mine | owner | sonasp","shipping","/freight | /freight-customs | /freight-customs/:id | /freight-customs/create | /freight/shipments/create | /shipping | /shipping/preparation | /shipping/preparation/new","Qualifier puis exécuter dans les contextes applicables ; variantes et champs à instancier après revue","UI_AUTH_API_DB","NON EXÉCUTÉ","Qualification détaillée et environnement isolé requis","","Lot expéditions"
"REC-ACT-462ed99f5228","ACT-462ed99f5228","admin | mine | owner | sonasp","production","/performance/budgets | /performance/forecasts","Qualifier puis exécuter dans les contextes applicables ; variantes et champs à instancier après revue","UI_AUTH_API_DB","NON EXÉCUTÉ","Qualification détaillée et environnement isolé requis","","Lot production industrielle"
"REC-ACT-467133c23686","ACT-467133c23686","admin | airport | collector | comptoir | customer | dgi | dgmg | direction | factory | mine | owner | refinery | sonasp","administration | artisan-minier | artisan_gold_market | conciliation | dashboard | gold_inventory | gold_purchases | international_markets | mining_sites | national_reserve | portal-collector | portal-comptoir | portal-direction | production | public-et-alias | sales | settings | shipping | stakeholders","/access/audit | /access/portals | /access/roles | /achats/comptes | /achats/comptes-paiements | /achats/demandes | /achats/plans | /achats/plans/:id | /achats/reglements | /achats/reglements/nouveau | /admin/gold-sales-settings | /admin/messagerie | /admin/messagerie/:uid | /admin/messagerie/nouveau | /admin/modules | /admin/refineries | /admin/refineries/edit/:id | /admin/refineries/new | /admin/settings | /admin/status-manager | /admin/transport-companies | /admin/transport-companies/edit/:id | /admin/transport-companies/new | /admin/users | /admin/workflow | /approvals | /artisan-minier | /artisan-minier/:artisanId/infractions/:infractionId | /artisan-minier/:artisanId/infractions/:infractionId/modifier | /artisan-minier/:artisanId/infractions/nouvelle | /artisan-minier/:id | /artisan-minier/:id/edit | /artisan-minier/cartes/expirations | /artisan-minier/cartes/suivi | /artisan-minier/cartes/validation | /artisan-minier/collecteurs | /artisan-minier/collecteurs/:id | /artisan-minier/collecteurs/:id/modifier | /artisan-minier/collecteurs/nouveau | /artisan-minier/comptoirs | /artisan-minier/comptoirs/:id | /artisan-minier/comptoirs/:id/modifier | /artisan-minier/comptoirs/nouveau | /artisan-minier/liste | /artisan-minier/paiements | /artisan-minier/paiements/:venteId/nouveau | /artisan-minier/paiements/historique | /artisan-minier/paiements/historique/:paiementId | /artisan-minier/rapports | /artisan-minier/rapports/chiffre-affaires | /artisan-minier/rapports/quantites | /artisan-minier/rapports/taxes | /artisan-minier/ventes-or | /artisan-minier/ventes-or/:id | /artisan-minier/ventes-or/:id/facture | /artisan-minier/ventes-or/:id/modifier | /artisan-minier/ventes-or/nouvelle | /artisan-sites | /artisan-sites/:siteId | /artisan-sites/:siteId/modifier | /artisan-sites/nouveau | /artisan-sites/production | /collecte/ventes | /collecte/ventes/nouvelle | /conciliation | /conciliation/:id | /conciliation/regles-fiscales | /contrats | /contrats/:id | /contrats/:id/modifier | /contrats/nouveau | /contrats/pilotage | /dashboard | /dashboard/airport | /dashboard/customer | /dashboard/factory | /dashboard/management | /dashboard/production-modern | /dashboard/refinery | /freight | /freight-customs | /freight-customs/:id | /freight-customs/create | /freight/shipments/:id | /freight/shipments/create | /gold-prices | /inventory | /inventory/add | /inventory/silver | /national-reserve | /national-reserve/allocations | /national-reserve/allocations/:id | /national-reserve/allocations/:id/edit | /national-reserve/allocations/new | /national-reserve/audit | /national-reserve/controls | /national-reserve/physical | /national-reserve/valuation | /parameters | /payments | /payments/:id | /payments/create | /payments/record | /performance/budgets | /performance/forecasts | /portail-collecteur | /portail-collecteur/documents | /portail-collecteur/stock | /portail-comptoir | /portail-comptoir/stock | /portail-comptoir/ventes-sonasp | /portail-direction/* | /portail-direction/achats | /portail-direction/alertes | /portail-direction/compte | /portail-direction/contrats | /portail-direction/finances | /portail-direction/performance | /portail-direction/previsions | /portail-direction/production | /portail-direction/rapports | /portail-direction/synthese | /production/:id | /production/achats-mines | /production/daily | /production/in-safe | /production/licenses | /production/licenses/requests | /requisitions | /requisitions/:id | /requisitions/:id/modifier | /requisitions/nouvelle | /sales | /sales/:id | /shipping | /shipping/preparation | /shipping/preparation/:id | /shipping/preparation/:id/details | /shipping/preparation/:id/edit | /shipping/preparation/new | /sonasp/cessions-comptoirs | /stakeholders/freight-companies | /stakeholders/organizations | /stakeholders/organizations/:id/edit | /stakeholders/organizations/new | /stakeholders/refinery-plants | /users | /users/:userId | /users/edit | /users/new","Qualifier puis exécuter dans les contextes applicables ; variantes et champs à instancier après revue","UI_AUTH_API_DB","NON EXÉCUTÉ","Qualification détaillée et environnement isolé requis","","Lot partagé : propriétaire à affecter par orchestrateur"
"REC-ACT-46b8adaef288","ACT-46b8adaef288","admin | dgi | dgmg | factory | mine | owner | sonasp","production","/production/in-safe","Qualifier puis exécuter dans les contextes applicables ; variantes et champs à instancier après revue","UI_AUTH_API_DB","NON EXÉCUTÉ","Qualification détaillée et environnement isolé requis","","Lot production industrielle"
"REC-ACT-46b945430856","ACT-46b945430856","admin | owner | sonasp","national_reserve","/national-reserve/allocations/:id/edit | /national-reserve/allocations/new","Qualifier puis exécuter dans les contextes applicables ; variantes et champs à instancier après revue","UI_AUTH_API_DB","NON EXÉCUTÉ","Qualification détaillée et environnement isolé requis","","Lot réserve nationale"
"REC-ACT-473abf76485d","ACT-473abf76485d","admin | airport | customer | factory | mine | owner | refinery | sonasp","international_markets","/gold-prices","Qualifier puis exécuter dans les contextes applicables ; variantes et champs à instancier après revue","UI_AUTH_API_DB","NON EXÉCUTÉ","Qualification détaillée et environnement isolé requis","","Lot international_markets"
"REC-ACT-47db5987a96f","ACT-47db5987a96f","admin | mine | owner | sonasp","gold_purchases","/achats/reglements","Qualifier puis exécuter dans les contextes applicables ; variantes et champs à instancier après revue","UI_AUTH_API_DB","NON EXÉCUTÉ","Qualification détaillée et environnement isolé requis","","Lot achats et contrats"
"REC-ACT-47fcd89fca28","ACT-47fcd89fca28","mine | owner","portal-mine","/portail-mine","Qualifier puis exécuter dans les contextes applicables ; variantes et champs à instancier après revue","UI_AUTH_API_DB","NON EXÉCUTÉ","Qualification détaillée et environnement isolé requis","","Lot portal-mine"
"REC-ACT-4807c247b969","ACT-4807c247b969","dgi | dgmg | owner","portal-dgi | portal-dgmg","/portail-dgi | /portail-dgmg","Qualifier puis exécuter dans les contextes applicables ; variantes et champs à instancier après revue","UI_AUTH_API_DB","NON EXÉCUTÉ","Qualification détaillée et environnement isolé requis","","Lot partagé : propriétaire à affecter par orchestrateur"
"REC-ACT-4811955818ea","ACT-4811955818ea","admin | owner","administration","/access/roles","Qualifier puis exécuter dans les contextes applicables ; variantes et champs à instancier après revue","UI_AUTH_API_DB","NON EXÉCUTÉ","Qualification détaillée et environnement isolé requis","","Lot administration et IAM"
"REC-ACT-48818d40fe30","ACT-48818d40fe30","admin | owner | sonasp","gold_purchases","/achats/plans/:id","Qualifier puis exécuter dans les contextes applicables ; variantes et champs à instancier après revue","UI_AUTH_API_DB","NON EXÉCUTÉ","Qualification détaillée et environnement isolé requis","","Lot achats et contrats"
"REC-ACT-488b306b3478","ACT-488b306b3478","admin | mine | owner | refinery | sonasp","refining","/refining | /refining/:id/process","Qualifier puis exécuter dans les contextes applicables ; variantes et champs à instancier après revue","UI_AUTH_API_DB","NON EXÉCUTÉ","Qualification détaillée et environnement isolé requis","","Lot raffinage"
"REC-ACT-488cc46c69c7","ACT-488cc46c69c7","admin | collector | comptoir | dgi | owner | sonasp","artisan_gold_market","/artisan-minier/ventes-or","Qualifier puis exécuter dans les contextes applicables ; variantes et champs à instancier après revue","UI_AUTH_API_DB","NON EXÉCUTÉ","Qualification détaillée et environnement isolé requis","","Lot marché artisanal et paiements"
"REC-ACT-48a75363c494","ACT-48a75363c494","CONSOMMATEUR_NON_RESOLU","TRANSVERSE_OU_ORPHELIN_A_QUALIFIER","","Qualifier puis exécuter dans les contextes applicables ; variantes et champs à instancier après revue","UI_AUTH_API_DB","NON EXÉCUTÉ","Qualification détaillée et environnement isolé requis","","Lot partagé : propriétaire à affecter par orchestrateur"
"REC-ACT-48bea2b2207c","ACT-48bea2b2207c","admin | collector | comptoir | owner | sonasp","artisan_gold_market","/artisan-minier/paiements/historique/:paiementId","Qualifier puis exécuter dans les contextes applicables ; variantes et champs à instancier après revue","UI_AUTH_API_DB","NON EXÉCUTÉ","Qualification détaillée et environnement isolé requis","","Lot marché artisanal et paiements"
"REC-ACT-48bf7767c601","ACT-48bf7767c601","admin | airport | customer | factory | mine | owner | refinery | sonasp","international_markets","/fx-rates","Qualifier puis exécuter dans les contextes applicables ; variantes et champs à instancier après revue","UI_AUTH_API_DB","NON EXÉCUTÉ","Qualification détaillée et environnement isolé requis","","Lot international_markets"
"REC-ACT-491d2cacd885","ACT-491d2cacd885","admin | collector | comptoir | owner | sonasp","artisan_gold_market","/artisan-minier/paiements/historique/:paiementId","Qualifier puis exécuter dans les contextes applicables ; variantes et champs à instancier après revue","UI_AUTH_API_DB","NON EXÉCUTÉ","Qualification détaillée et environnement isolé requis","","Lot marché artisanal et paiements"
"REC-ACT-493feab9ce62","ACT-493feab9ce62","admin | airport | factory | mine | owner | sonasp","documents | shipping","/documents/assay-certificates | /freight-customs/:id | /freight/shipments/:id","Qualifier puis exécuter dans les contextes applicables ; variantes et champs à instancier après revue","UI_AUTH_API_DB","NON EXÉCUTÉ","Qualification détaillée et environnement isolé requis","","Lot partagé : propriétaire à affecter par orchestrateur"
"REC-ACT-49875a398e83","ACT-49875a398e83","admin | owner | sonasp","settings","/admin/gold-sales-settings","Qualifier puis exécuter dans les contextes applicables ; variantes et champs à instancier après revue","UI_AUTH_API_DB","NON EXÉCUTÉ","Qualification détaillée et environnement isolé requis","","Lot paramètres"
"REC-ACT-49a2721f0d34","ACT-49a2721f0d34","admin | airport | collector | comptoir | customer | dgi | dgmg | direction | factory | mine | owner | refinery | sonasp","transverse","/help","Qualifier puis exécuter dans les contextes applicables ; variantes et champs à instancier après revue","UI_AUTH_API_DB","NON EXÉCUTÉ","Qualification détaillée et environnement isolé requis","","Lot transverse"
"REC-ACT-4a39c09610b4","ACT-4a39c09610b4","admin | owner","administration","/access/roles","Qualifier puis exécuter dans les contextes applicables ; variantes et champs à instancier après revue","UI_AUTH_API_DB","NON EXÉCUTÉ","Qualification détaillée et environnement isolé requis","","Lot administration et IAM"
"REC-ACT-4a4c70ec5cfb","ACT-4a4c70ec5cfb","admin | collector | comptoir | dgi | owner | sonasp","artisan_gold_market","/artisan-minier/rapports/taxes","Qualifier puis exécuter dans les contextes applicables ; variantes et champs à instancier après revue","UI_AUTH_API_DB","NON EXÉCUTÉ","Qualification détaillée et environnement isolé requis","","Lot marché artisanal et paiements"
"REC-ACT-4a532f853dd0","ACT-4a532f853dd0","admin | owner","administration","/access/roles","Qualifier puis exécuter dans les contextes applicables ; variantes et champs à instancier après revue","UI_AUTH_API_DB","NON EXÉCUTÉ","Qualification détaillée et environnement isolé requis","","Lot administration et IAM"
"REC-ACT-4a798b40793a","ACT-4a798b40793a","admin | comptoir | owner | sonasp","artisan_gold_market","/artisan-minier/ventes-or/:id/modifier | /artisan-minier/ventes-or/nouvelle","Qualifier puis exécuter dans les contextes applicables ; variantes et champs à instancier après revue","UI_AUTH_API_DB","NON EXÉCUTÉ","Qualification détaillée et environnement isolé requis","","Lot marché artisanal et paiements"
"REC-ACT-4a808ead84fa","ACT-4a808ead84fa","admin | collector | comptoir | dgi | owner | sonasp","administration | artisan_gold_market | public-et-alias | settings","/access/portals | /admin/gold-sales-settings | /admin/modules | /admin/users | /artisan-minier/paiements/:venteId/nouveau | /artisan-minier/paiements/historique/:paiementId | /artisan-minier/ventes-or | /artisan-minier/ventes-or/:id | /users","Qualifier puis exécuter dans les contextes applicables ; variantes et champs à instancier après revue","UI_AUTH_API_DB","NON EXÉCUTÉ","Qualification détaillée et environnement isolé requis","","Lot partagé : propriétaire à affecter par orchestrateur"
"REC-ACT-4adf7a919c71","ACT-4adf7a919c71","admin | owner | sonasp","national_reserve","/national-reserve/allocations/:id/edit | /national-reserve/allocations/new","Qualifier puis exécuter dans les contextes applicables ; variantes et champs à instancier après revue","UI_AUTH_API_DB","NON EXÉCUTÉ","Qualification détaillée et environnement isolé requis","","Lot réserve nationale"
"REC-ACT-4ae00afd929f","ACT-4ae00afd929f","admin | owner | sonasp","public-et-alias","/admin/transport-companies/edit/:id | /admin/transport-companies/new","Qualifier puis exécuter dans les contextes applicables ; variantes et champs à instancier après revue","UI_AUTH_API_DB","NON EXÉCUTÉ","Qualification détaillée et environnement isolé requis","","Lot public-et-alias"
"REC-ACT-4b1309357254","ACT-4b1309357254","CONSOMMATEUR_NON_RESOLU","TRANSVERSE_OU_ORPHELIN_A_QUALIFIER","","Qualifier puis exécuter dans les contextes applicables ; variantes et champs à instancier après revue","UI_AUTH_API_DB","NON EXÉCUTÉ","Qualification détaillée et environnement isolé requis","","Lot partagé : propriétaire à affecter par orchestrateur"
"REC-ACT-4b2d339322ed","ACT-4b2d339322ed","admin | collector | comptoir | dgmg | owner | sonasp","artisan-minier","/artisan-minier/:id","Qualifier puis exécuter dans les contextes applicables ; variantes et champs à instancier après revue","UI_AUTH_API_DB","NON EXÉCUTÉ","Qualification détaillée et environnement isolé requis","","Lot artisans et affiliations"
"REC-ACT-4b357dfb5802","ACT-4b357dfb5802","admin | customer | mine | owner | sonasp","sales","/payments/:id","Qualifier puis exécuter dans les contextes applicables ; variantes et champs à instancier après revue","UI_AUTH_API_DB","NON EXÉCUTÉ","Qualification détaillée et environnement isolé requis","","Lot ventes internationales et paiements"
"REC-ACT-4b7a8da23a34","ACT-4b7a8da23a34","admin | dgmg | owner | sonasp","mining_sites","/artisan-sites/:siteId","Qualifier puis exécuter dans les contextes applicables ; variantes et champs à instancier après revue","UI_AUTH_API_DB","NON EXÉCUTÉ","Qualification détaillée et environnement isolé requis","","Lot sites artisanaux"
"REC-ACT-4bb3ff8f17fa","ACT-4bb3ff8f17fa","admin | mine | owner | sonasp","gold_purchases","/contrats/:id | /requisitions/:id","Qualifier puis exécuter dans les contextes applicables ; variantes et champs à instancier après revue","UI_AUTH_API_DB","NON EXÉCUTÉ","Qualification détaillée et environnement isolé requis","","Lot achats et contrats"
"REC-ACT-4bec28447a81","ACT-4bec28447a81","admin | dgi | mine | owner | sonasp","conciliation","/conciliation/:id","Qualifier puis exécuter dans les contextes applicables ; variantes et champs à instancier après revue","UI_AUTH_API_DB","NON EXÉCUTÉ","Qualification détaillée et environnement isolé requis","","Lot conciliation"
"REC-ACT-4bf267b811cd","ACT-4bf267b811cd","admin | customer | mine | owner | refinery | sonasp","sales","/sales/:id","Qualifier puis exécuter dans les contextes applicables ; variantes et champs à instancier après revue","UI_AUTH_API_DB","NON EXÉCUTÉ","Qualification détaillée et environnement isolé requis","","Lot ventes internationales et paiements"
"REC-ACT-4c36439ac761","ACT-4c36439ac761","admin | airport | factory | mine | owner | sonasp","shipping","/shipping/preparation/new","Qualifier puis exécuter dans les contextes applicables ; variantes et champs à instancier après revue","UI_AUTH_API_DB","NON EXÉCUTÉ","Qualification détaillée et environnement isolé requis","","Lot expéditions"
"REC-ACT-4c4023645335","ACT-4c4023645335","admin | airport | customer | factory | mine | owner | refinery | sonasp","international_markets","/fx-rates","Qualifier puis exécuter dans les contextes applicables ; variantes et champs à instancier après revue","UI_AUTH_API_DB","NON EXÉCUTÉ","Qualification détaillée et environnement isolé requis","","Lot international_markets"
"REC-ACT-4c88ff223e8f","ACT-4c88ff223e8f","admin | dgi | mine | owner | sonasp","conciliation","/conciliation/regles-fiscales","Qualifier puis exécuter dans les contextes applicables ; variantes et champs à instancier après revue","UI_AUTH_API_DB","NON EXÉCUTÉ","Qualification détaillée et environnement isolé requis","","Lot conciliation"
"REC-ACT-4c8b2986ca0f","ACT-4c8b2986ca0f","admin | mine | owner | sonasp","public-et-alias | stakeholders","/admin/refineries | /stakeholders/refinery-plants","Qualifier puis exécuter dans les contextes applicables ; variantes et champs à instancier après revue","UI_AUTH_API_DB","NON EXÉCUTÉ","Qualification détaillée et environnement isolé requis","","Lot partagé : propriétaire à affecter par orchestrateur"
"REC-ACT-4ca5f7569354","ACT-4ca5f7569354","admin | dgmg | owner | sonasp","mining_sites","/artisan-sites","Qualifier puis exécuter dans les contextes applicables ; variantes et champs à instancier après revue","UI_AUTH_API_DB","NON EXÉCUTÉ","Qualification détaillée et environnement isolé requis","","Lot sites artisanaux"
"REC-ACT-4cb3bf5b222d","ACT-4cb3bf5b222d","CONSOMMATEUR_NON_RESOLU","TRANSVERSE_OU_ORPHELIN_A_QUALIFIER","","Qualifier puis exécuter dans les contextes applicables ; variantes et champs à instancier après revue","UI_AUTH_API_DB","NON EXÉCUTÉ","Qualification détaillée et environnement isolé requis","","Lot partagé : propriétaire à affecter par orchestrateur"
"REC-ACT-4cd6d3bdb01e","ACT-4cd6d3bdb01e","admin | dgmg | owner | sonasp","artisan-minier","/artisan-minier/:id/edit","Qualifier puis exécuter dans les contextes applicables ; variantes et champs à instancier après revue","UI_AUTH_API_DB","NON EXÉCUTÉ","Qualification détaillée et environnement isolé requis","","Lot artisans et affiliations"
"REC-ACT-4cda5abba3d2","ACT-4cda5abba3d2","admin | collector | comptoir | dgmg | owner | sonasp","artisan-minier","/artisan-minier/liste","Qualifier puis exécuter dans les contextes applicables ; variantes et champs à instancier après revue","UI_AUTH_API_DB","NON EXÉCUTÉ","Qualification détaillée et environnement isolé requis","","Lot artisans et affiliations"
"REC-ACT-4cfc6fd58869","ACT-4cfc6fd58869","admin | dgi | dgmg | factory | mine | owner | sonasp","production","/production/daily","Qualifier puis exécuter dans les contextes applicables ; variantes et champs à instancier après revue","UI_AUTH_API_DB","NON EXÉCUTÉ","Qualification détaillée et environnement isolé requis","","Lot production industrielle"
"REC-ACT-4d7175c9b43a","ACT-4d7175c9b43a","admin | dgi | mine | owner | sonasp","conciliation","/conciliation/:id","Qualifier puis exécuter dans les contextes applicables ; variantes et champs à instancier après revue","UI_AUTH_API_DB","NON EXÉCUTÉ","Qualification détaillée et environnement isolé requis","","Lot conciliation"
"REC-ACT-4d75def28ed6","ACT-4d75def28ed6","admin | dgi | dgmg | factory | mine | owner | sonasp","production","/production/in-safe","Qualifier puis exécuter dans les contextes applicables ; variantes et champs à instancier après revue","UI_AUTH_API_DB","NON EXÉCUTÉ","Qualification détaillée et environnement isolé requis","","Lot production industrielle"
"REC-ACT-4dd7941e5155","ACT-4dd7941e5155","admin | customer | mine | owner | sonasp","sales","/payments","Qualifier puis exécuter dans les contextes applicables ; variantes et champs à instancier après revue","UI_AUTH_API_DB","NON EXÉCUTÉ","Qualification détaillée et environnement isolé requis","","Lot ventes internationales et paiements"
"REC-ACT-4e7fff1c1d7b","ACT-4e7fff1c1d7b","CONSOMMATEUR_NON_RESOLU","TRANSVERSE_OU_ORPHELIN_A_QUALIFIER","","Qualifier puis exécuter dans les contextes applicables ; variantes et champs à instancier après revue","UI_AUTH_API_DB","NON EXÉCUTÉ","Qualification détaillée et environnement isolé requis","","Lot partagé : propriétaire à affecter par orchestrateur"
"REC-ACT-4eaaf3f4adcd","ACT-4eaaf3f4adcd","admin | owner | sonasp","public-et-alias","/sonasp/cessions-comptoirs","Qualifier puis exécuter dans les contextes applicables ; variantes et champs à instancier après revue","UI_AUTH_API_DB","NON EXÉCUTÉ","Qualification détaillée et environnement isolé requis","","Lot public-et-alias"
"REC-ACT-4ec631ac2eec","ACT-4ec631ac2eec","admin | owner | sonasp","dashboard","/dashboard/production-modern","Qualifier puis exécuter dans les contextes applicables ; variantes et champs à instancier après revue","UI_AUTH_API_DB","NON EXÉCUTÉ","Qualification détaillée et environnement isolé requis","","Lot pilotage national"
"REC-ACT-4ef6fffcbfb5","ACT-4ef6fffcbfb5","admin | owner | sonasp","national_reserve","/national-reserve | /national-reserve/audit | /national-reserve/controls | /national-reserve/physical | /national-reserve/valuation","Qualifier puis exécuter dans les contextes applicables ; variantes et champs à instancier après revue","UI_AUTH_API_DB","NON EXÉCUTÉ","Qualification détaillée et environnement isolé requis","","Lot réserve nationale"
"REC-ACT-4f081f120f6b","ACT-4f081f120f6b","admin | airport | factory | mine | owner | sonasp","shipping","/shipping/preparation/new","Qualifier puis exécuter dans les contextes applicables ; variantes et champs à instancier après revue","UI_AUTH_API_DB","NON EXÉCUTÉ","Qualification détaillée et environnement isolé requis","","Lot expéditions"
"REC-ACT-4f12af534ddb","ACT-4f12af534ddb","CONSOMMATEUR_NON_RESOLU","TRANSVERSE_OU_ORPHELIN_A_QUALIFIER","","Qualifier puis exécuter dans les contextes applicables ; variantes et champs à instancier après revue","UI_AUTH_API_DB","NON EXÉCUTÉ","Qualification détaillée et environnement isolé requis","","Lot partagé : propriétaire à affecter par orchestrateur"
"REC-ACT-4f50bfa9824a","ACT-4f50bfa9824a","dgmg | owner","national_reserve","/portail-dgmg/reserve-validations","Qualifier puis exécuter dans les contextes applicables ; variantes et champs à instancier après revue","UI_AUTH_API_DB","NON EXÉCUTÉ","Qualification détaillée et environnement isolé requis","","Lot réserve nationale"
"REC-ACT-4f6c9ee168ab","ACT-4f6c9ee168ab","admin | airport | factory | mine | owner | sonasp","shipping","/shipping/preparation/:id | /shipping/preparation/:id/details","Qualifier puis exécuter dans les contextes applicables ; variantes et champs à instancier après revue","UI_AUTH_API_DB","NON EXÉCUTÉ","Qualification détaillée et environnement isolé requis","","Lot expéditions"
"REC-ACT-4fa4d50a507c","ACT-4fa4d50a507c","admin | airport | factory | mine | owner | sonasp","shipping","/freight | /freight-customs | /freight-customs/:id | /freight-customs/create | /freight/shipments/create | /shipping | /shipping/preparation | /shipping/preparation/new","Qualifier puis exécuter dans les contextes applicables ; variantes et champs à instancier après revue","UI_AUTH_API_DB","NON EXÉCUTÉ","Qualification détaillée et environnement isolé requis","","Lot expéditions"
"REC-ACT-4faf1059219d","ACT-4faf1059219d","CONSOMMATEUR_NON_RESOLU","TRANSVERSE_OU_ORPHELIN_A_QUALIFIER","","Qualifier puis exécuter dans les contextes applicables ; variantes et champs à instancier après revue","UI_AUTH_API_DB","NON EXÉCUTÉ","Qualification détaillée et environnement isolé requis","","Lot partagé : propriétaire à affecter par orchestrateur"
"REC-ACT-4fb13a429ef0","ACT-4fb13a429ef0","admin | dgmg | owner | sonasp","mining_sites","/artisan-sites/:siteId","Qualifier puis exécuter dans les contextes applicables ; variantes et champs à instancier après revue","UI_AUTH_API_DB","NON EXÉCUTÉ","Qualification détaillée et environnement isolé requis","","Lot sites artisanaux"
"REC-ACT-4fb9ec50ca67","ACT-4fb9ec50ca67","admin | owner | sonasp","production","/production/licenses/requests","Qualifier puis exécuter dans les contextes applicables ; variantes et champs à instancier après revue","UI_AUTH_API_DB","NON EXÉCUTÉ","Qualification détaillée et environnement isolé requis","","Lot production industrielle"
"REC-ACT-4fbc7065af14","ACT-4fbc7065af14","admin | collector | comptoir | dgmg | owner | sonasp","artisan_gold_market","/collecte/ventes | /collecte/ventes/nouvelle","Qualifier puis exécuter dans les contextes applicables ; variantes et champs à instancier après revue","UI_AUTH_API_DB","NON EXÉCUTÉ","Qualification détaillée et environnement isolé requis","","Lot marché artisanal et paiements"
"REC-ACT-4fd27bb1fb09","ACT-4fd27bb1fb09","admin | airport | customer | factory | mine | owner | refinery | sonasp","analytics | production_analytics | reports | sales_analytics","/analytics | /analytics/national | /analytics/production | /analytics/ventes | /reports","Qualifier puis exécuter dans les contextes applicables ; variantes et champs à instancier après revue","UI_AUTH_API_DB","NON EXÉCUTÉ","Qualification détaillée et environnement isolé requis","","Lot partagé : propriétaire à affecter par orchestrateur"
"REC-ACT-4fd32c3eadcb","ACT-4fd32c3eadcb","collector | owner","portal-collector","/portail-collecteur/stock","Qualifier puis exécuter dans les contextes applicables ; variantes et champs à instancier après revue","UI_AUTH_API_DB","NON EXÉCUTÉ","Qualification détaillée et environnement isolé requis","","Lot portal-collector"
"REC-ACT-5003bc351971","ACT-5003bc351971","admin | dgmg | owner","artisan-minier","/artisan-minier/comptoirs","Qualifier puis exécuter dans les contextes applicables ; variantes et champs à instancier après revue","UI_AUTH_API_DB","NON EXÉCUTÉ","Qualification détaillée et environnement isolé requis","","Lot artisans et affiliations"
"REC-ACT-500ebd0862d3","ACT-500ebd0862d3","admin | mine | owner | sonasp","gold_purchases","/achats/comptes | /achats/comptes-paiements | /achats/demandes | /achats/reglements","Qualifier puis exécuter dans les contextes applicables ; variantes et champs à instancier après revue","UI_AUTH_API_DB","NON EXÉCUTÉ","Qualification détaillée et environnement isolé requis","","Lot achats et contrats"
"REC-ACT-502970ad97f6","ACT-502970ad97f6","admin | owner | sonasp","administration | settings","/admin/settings | /parameters","Qualifier puis exécuter dans les contextes applicables ; variantes et champs à instancier après revue","UI_AUTH_API_DB","NON EXÉCUTÉ","Qualification détaillée et environnement isolé requis","","Lot partagé : propriétaire à affecter par orchestrateur"
"REC-ACT-502de76192e2","ACT-502de76192e2","public","authentification","/recuperer-acces","Qualifier puis exécuter dans les contextes applicables ; variantes et champs à instancier après revue","UI_AUTH_API_DB","NON EXÉCUTÉ","Qualification détaillée et environnement isolé requis","","Lot authentification"
"REC-ACT-5033895c3a90","ACT-5033895c3a90","admin | owner | sonasp","settings","/admin/gold-sales-settings","Qualifier puis exécuter dans les contextes applicables ; variantes et champs à instancier après revue","UI_AUTH_API_DB","NON EXÉCUTÉ","Qualification détaillée et environnement isolé requis","","Lot paramètres"
"REC-ACT-507d27f5f849","ACT-507d27f5f849","CONSOMMATEUR_NON_RESOLU","TRANSVERSE_OU_ORPHELIN_A_QUALIFIER","","Qualifier puis exécuter dans les contextes applicables ; variantes et champs à instancier après revue","UI_AUTH_API_DB","NON EXÉCUTÉ","Qualification détaillée et environnement isolé requis","","Lot partagé : propriétaire à affecter par orchestrateur"
"REC-ACT-509e8eb70fba","ACT-509e8eb70fba","admin | mine | owner | sonasp","international_markets","/sales/trade-space","Qualifier puis exécuter dans les contextes applicables ; variantes et champs à instancier après revue","UI_AUTH_API_DB","NON EXÉCUTÉ","Qualification détaillée et environnement isolé requis","","Lot international_markets"
"REC-ACT-50a2c9f438e6","ACT-50a2c9f438e6","admin | owner | sonasp","gold_purchases","/achats/reglements/nouveau","Qualifier puis exécuter dans les contextes applicables ; variantes et champs à instancier après revue","UI_AUTH_API_DB","NON EXÉCUTÉ","Qualification détaillée et environnement isolé requis","","Lot achats et contrats"
"REC-ACT-50b6b57ebec9","ACT-50b6b57ebec9","admin | airport | factory | mine | owner | sonasp","shipping","/shipping/preparation/new","Qualifier puis exécuter dans les contextes applicables ; variantes et champs à instancier après revue","UI_AUTH_API_DB","NON EXÉCUTÉ","Qualification détaillée et environnement isolé requis","","Lot expéditions"
"REC-ACT-50ea46f181d9","ACT-50ea46f181d9","admin | owner | sonasp","national_reserve","/national-reserve/allocations/:id/edit | /national-reserve/allocations/new","Qualifier puis exécuter dans les contextes applicables ; variantes et champs à instancier après revue","UI_AUTH_API_DB","NON EXÉCUTÉ","Qualification détaillée et environnement isolé requis","","Lot réserve nationale"
"REC-ACT-5104399b2627","ACT-5104399b2627","public","public-et-alias","/assistance","Qualifier puis exécuter dans les contextes applicables ; variantes et champs à instancier après revue","UI_AUTH_API_DB","NON EXÉCUTÉ","Qualification détaillée et environnement isolé requis","","Lot public-et-alias"
"REC-ACT-514e6525403d","ACT-514e6525403d","dgi | dgmg | owner","portal-dgi | portal-dgmg","/portail-dgi | /portail-dgmg","Qualifier puis exécuter dans les contextes applicables ; variantes et champs à instancier après revue","UI_AUTH_API_DB","NON EXÉCUTÉ","Qualification détaillée et environnement isolé requis","","Lot partagé : propriétaire à affecter par orchestrateur"
"REC-ACT-514fefe6f64a","ACT-514fefe6f64a","admin | owner | sonasp","production","/production/achats-mines","Qualifier puis exécuter dans les contextes applicables ; variantes et champs à instancier après revue","UI_AUTH_API_DB","NON EXÉCUTÉ","Qualification détaillée et environnement isolé requis","","Lot production industrielle"
"REC-ACT-5175686b0763","ACT-5175686b0763","CONSOMMATEUR_NON_RESOLU","TRANSVERSE_OU_ORPHELIN_A_QUALIFIER","","Qualifier puis exécuter dans les contextes applicables ; variantes et champs à instancier après revue","UI_AUTH_API_DB","NON EXÉCUTÉ","Qualification détaillée et environnement isolé requis","","Lot partagé : propriétaire à affecter par orchestrateur"
"REC-ACT-5180da371f90","ACT-5180da371f90","admin | comptoir | owner | sonasp","artisan_gold_market","/artisan-minier/paiements","Qualifier puis exécuter dans les contextes applicables ; variantes et champs à instancier après revue","UI_AUTH_API_DB","NON EXÉCUTÉ","Qualification détaillée et environnement isolé requis","","Lot marché artisanal et paiements"
"REC-ACT-51b706804d98","ACT-51b706804d98","admin | mine | owner | sonasp","gold_purchases","/contrats/:id","Qualifier puis exécuter dans les contextes applicables ; variantes et champs à instancier après revue","UI_AUTH_API_DB","NON EXÉCUTÉ","Qualification détaillée et environnement isolé requis","","Lot achats et contrats"
"REC-ACT-51bcdcea7ebe","ACT-51bcdcea7ebe","mine | owner","portal-mine","/portail-mine","Qualifier puis exécuter dans les contextes applicables ; variantes et champs à instancier après revue","UI_AUTH_API_DB","NON EXÉCUTÉ","Qualification détaillée et environnement isolé requis","","Lot portal-mine"
"REC-ACT-51c10b799514","ACT-51c10b799514","admin | collector | comptoir | dgmg | owner | sonasp","artisan-minier","/artisan-minier/collecteurs | /artisan-minier/collecteurs/:id","Qualifier puis exécuter dans les contextes applicables ; variantes et champs à instancier après revue","UI_AUTH_API_DB","NON EXÉCUTÉ","Qualification détaillée et environnement isolé requis","","Lot artisans et affiliations"
"REC-ACT-51ee630111c4","ACT-51ee630111c4","CONSOMMATEUR_NON_RESOLU","TRANSVERSE_OU_ORPHELIN_A_QUALIFIER","","Qualifier puis exécuter dans les contextes applicables ; variantes et champs à instancier après revue","UI_AUTH_API_DB","NON EXÉCUTÉ","Qualification détaillée et environnement isolé requis","","Lot partagé : propriétaire à affecter par orchestrateur"
"REC-ACT-5207d3e1b187","ACT-5207d3e1b187","CONSOMMATEUR_NON_RESOLU","TRANSVERSE_OU_ORPHELIN_A_QUALIFIER","","Qualifier puis exécuter dans les contextes applicables ; variantes et champs à instancier après revue","UI_AUTH_API_DB","NON EXÉCUTÉ","Qualification détaillée et environnement isolé requis","","Lot partagé : propriétaire à affecter par orchestrateur"
"REC-ACT-52100b302c85","ACT-52100b302c85","admin | collector | comptoir | dgi | owner | sonasp","artisan_gold_market","/artisan-minier/ventes-or","Qualifier puis exécuter dans les contextes applicables ; variantes et champs à instancier après revue","UI_AUTH_API_DB","NON EXÉCUTÉ","Qualification détaillée et environnement isolé requis","","Lot marché artisanal et paiements"
"REC-ACT-521d71dad048","ACT-521d71dad048","CONSOMMATEUR_NON_RESOLU","TRANSVERSE_OU_ORPHELIN_A_QUALIFIER","","Qualifier puis exécuter dans les contextes applicables ; variantes et champs à instancier après revue","UI_AUTH_API_DB","NON EXÉCUTÉ","Qualification détaillée et environnement isolé requis","","Lot partagé : propriétaire à affecter par orchestrateur"
"REC-ACT-528f23aaa2a6","ACT-528f23aaa2a6","CONSOMMATEUR_NON_RESOLU","TRANSVERSE_OU_ORPHELIN_A_QUALIFIER","","Qualifier puis exécuter dans les contextes applicables ; variantes et champs à instancier après revue","UI_AUTH_API_DB","NON EXÉCUTÉ","Qualification détaillée et environnement isolé requis","","Lot partagé : propriétaire à affecter par orchestrateur"
"REC-ACT-53179c78980f","ACT-53179c78980f","admin | owner | sonasp","gold_purchases","/contrats/pilotage","Qualifier puis exécuter dans les contextes applicables ; variantes et champs à instancier après revue","UI_AUTH_API_DB","NON EXÉCUTÉ","Qualification détaillée et environnement isolé requis","","Lot achats et contrats"
"REC-ACT-53195021d714","ACT-53195021d714","admin | mine | owner | refinery | sonasp","gold_inventory","/inventory","Qualifier puis exécuter dans les contextes applicables ; variantes et champs à instancier après revue","UI_AUTH_API_DB","NON EXÉCUTÉ","Qualification détaillée et environnement isolé requis","","Lot stocks"
"REC-ACT-532688cb5311","ACT-532688cb5311","admin | airport | customer | factory | mine | owner | refinery | sonasp","international_markets","/fx-rates","Qualifier puis exécuter dans les contextes applicables ; variantes et champs à instancier après revue","UI_AUTH_API_DB","NON EXÉCUTÉ","Qualification détaillée et environnement isolé requis","","Lot international_markets"
"REC-ACT-539754c8ecbb","ACT-539754c8ecbb","admin | owner","administration","/users/:userId","Qualifier puis exécuter dans les contextes applicables ; variantes et champs à instancier après revue","UI_AUTH_API_DB","NON EXÉCUTÉ","Qualification détaillée et environnement isolé requis","","Lot administration et IAM"
"REC-ACT-539f9ebb7677","ACT-539f9ebb7677","admin | owner | sonasp","settings","/admin/workflow","Qualifier puis exécuter dans les contextes applicables ; variantes et champs à instancier après revue","UI_AUTH_API_DB","NON EXÉCUTÉ","Qualification détaillée et environnement isolé requis","","Lot paramètres"
"REC-ACT-53cb21b4b2e7","ACT-53cb21b4b2e7","admin | customer | mine | owner | refinery | sonasp","sales","/sales/:id","Qualifier puis exécuter dans les contextes applicables ; variantes et champs à instancier après revue","UI_AUTH_API_DB","NON EXÉCUTÉ","Qualification détaillée et environnement isolé requis","","Lot ventes internationales et paiements"
"REC-ACT-53eb8bd2601d","ACT-53eb8bd2601d","admin | owner","administration","/access/portals","Qualifier puis exécuter dans les contextes applicables ; variantes et champs à instancier après revue","UI_AUTH_API_DB","NON EXÉCUTÉ","Qualification détaillée et environnement isolé requis","","Lot administration et IAM"
"REC-ACT-542b522736d2","ACT-542b522736d2","admin | mine | owner | refinery | sonasp","refining","/refining | /refining/:id/process","Qualifier puis exécuter dans les contextes applicables ; variantes et champs à instancier après revue","UI_AUTH_API_DB","NON EXÉCUTÉ","Qualification détaillée et environnement isolé requis","","Lot raffinage"
"REC-ACT-548e5e07993f","ACT-548e5e07993f","collector | owner","portal-collector","/portail-collecteur","Qualifier puis exécuter dans les contextes applicables ; variantes et champs à instancier après revue","UI_AUTH_API_DB","NON EXÉCUTÉ","Qualification détaillée et environnement isolé requis","","Lot portal-collector"
"REC-ACT-54adec3237dd","ACT-54adec3237dd","admin | airport | factory | mine | owner | sonasp","shipping","/shipping/preparation/new","Qualifier puis exécuter dans les contextes applicables ; variantes et champs à instancier après revue","UI_AUTH_API_DB","NON EXÉCUTÉ","Qualification détaillée et environnement isolé requis","","Lot expéditions"
"REC-ACT-550210bf5ff3","ACT-550210bf5ff3","admin | collector | comptoir | owner | sonasp","artisan_gold_market","/artisan-minier/paiements/historique/:paiementId","Qualifier puis exécuter dans les contextes applicables ; variantes et champs à instancier après revue","UI_AUTH_API_DB","NON EXÉCUTÉ","Qualification détaillée et environnement isolé requis","","Lot marché artisanal et paiements"
"REC-ACT-55084ea1084f","ACT-55084ea1084f","admin | airport | factory | mine | owner | sonasp","shipping","/shipping/preparation/new","Qualifier puis exécuter dans les contextes applicables ; variantes et champs à instancier après revue","UI_AUTH_API_DB","NON EXÉCUTÉ","Qualification détaillée et environnement isolé requis","","Lot expéditions"
"REC-ACT-556ca258ebf0","ACT-556ca258ebf0","admin | collector | comptoir | dgmg | owner | sonasp","artisan-minier","/artisan-minier/:id/edit | /artisan-minier/liste","Qualifier puis exécuter dans les contextes applicables ; variantes et champs à instancier après revue","UI_AUTH_API_DB","NON EXÉCUTÉ","Qualification détaillée et environnement isolé requis","","Lot artisans et affiliations"
"REC-ACT-55768a31ac6e","ACT-55768a31ac6e","admin | owner | sonasp","gold_purchases","/achats/reglements/nouveau","Qualifier puis exécuter dans les contextes applicables ; variantes et champs à instancier après revue","UI_AUTH_API_DB","NON EXÉCUTÉ","Qualification détaillée et environnement isolé requis","","Lot achats et contrats"
"REC-ACT-5582b7bc4606","ACT-5582b7bc4606","dgi | dgmg | owner","portal-dgi | portal-dgmg","/portail-dgi | /portail-dgmg","Qualifier puis exécuter dans les contextes applicables ; variantes et champs à instancier après revue","UI_AUTH_API_DB","NON EXÉCUTÉ","Qualification détaillée et environnement isolé requis","","Lot partagé : propriétaire à affecter par orchestrateur"
"REC-ACT-55d758c937e9","ACT-55d758c937e9","admin | dgi | dgmg | factory | mine | owner | sonasp","production","/production/daily","Qualifier puis exécuter dans les contextes applicables ; variantes et champs à instancier après revue","UI_AUTH_API_DB","NON EXÉCUTÉ","Qualification détaillée et environnement isolé requis","","Lot production industrielle"
"REC-ACT-55e9e2e59678","ACT-55e9e2e59678","admin | dgi | mine | owner | sonasp","conciliation","/conciliation","Qualifier puis exécuter dans les contextes applicables ; variantes et champs à instancier après revue","UI_AUTH_API_DB","NON EXÉCUTÉ","Qualification détaillée et environnement isolé requis","","Lot conciliation"
"REC-ACT-5635056ffc5f","ACT-5635056ffc5f","admin | owner","administration","/access/audit","Qualifier puis exécuter dans les contextes applicables ; variantes et champs à instancier après revue","UI_AUTH_API_DB","NON EXÉCUTÉ","Qualification détaillée et environnement isolé requis","","Lot administration et IAM"
"REC-ACT-565336ee2545","ACT-565336ee2545","admin | owner | sonasp","gold_purchases","/contrats/pilotage","Qualifier puis exécuter dans les contextes applicables ; variantes et champs à instancier après revue","UI_AUTH_API_DB","NON EXÉCUTÉ","Qualification détaillée et environnement isolé requis","","Lot achats et contrats"
"REC-ACT-56741ddb8cc2","ACT-56741ddb8cc2","admin | owner | sonasp","dashboard","/dashboard","Qualifier puis exécuter dans les contextes applicables ; variantes et champs à instancier après revue","UI_AUTH_API_DB","NON EXÉCUTÉ","Qualification détaillée et environnement isolé requis","","Lot pilotage national"
"REC-ACT-56da07396cf2","ACT-56da07396cf2","admin | owner | sonasp","production","/production/licenses/requests","Qualifier puis exécuter dans les contextes applicables ; variantes et champs à instancier après revue","UI_AUTH_API_DB","NON EXÉCUTÉ","Qualification détaillée et environnement isolé requis","","Lot production industrielle"
"REC-ACT-57277dcbae16","ACT-57277dcbae16","CONSOMMATEUR_NON_RESOLU","TRANSVERSE_OU_ORPHELIN_A_QUALIFIER","","Qualifier puis exécuter dans les contextes applicables ; variantes et champs à instancier après revue","UI_AUTH_API_DB","NON EXÉCUTÉ","Qualification détaillée et environnement isolé requis","","Lot partagé : propriétaire à affecter par orchestrateur"
"REC-ACT-5734c95cd9c9","ACT-5734c95cd9c9","admin | airport | factory | mine | owner | sonasp","documents | shipping","/documents/assay-certificates | /freight-customs/:id | /freight/shipments/:id","Qualifier puis exécuter dans les contextes applicables ; variantes et champs à instancier après revue","UI_AUTH_API_DB","NON EXÉCUTÉ","Qualification détaillée et environnement isolé requis","","Lot partagé : propriétaire à affecter par orchestrateur"
"REC-ACT-5737ce971a20","ACT-5737ce971a20","admin | customer | mine | owner | sonasp","sales","/payments/:id","Qualifier puis exécuter dans les contextes applicables ; variantes et champs à instancier après revue","UI_AUTH_API_DB","NON EXÉCUTÉ","Qualification détaillée et environnement isolé requis","","Lot ventes internationales et paiements"
"REC-ACT-574ec4de4ef4","ACT-574ec4de4ef4","admin | owner | sonasp","production","/production/achats-mines","Qualifier puis exécuter dans les contextes applicables ; variantes et champs à instancier après revue","UI_AUTH_API_DB","NON EXÉCUTÉ","Qualification détaillée et environnement isolé requis","","Lot production industrielle"
"REC-ACT-57690aa258f0","ACT-57690aa258f0","admin | mine | owner | sonasp","gold_purchases","/contrats/:id | /requisitions/:id","Qualifier puis exécuter dans les contextes applicables ; variantes et champs à instancier après revue","UI_AUTH_API_DB","NON EXÉCUTÉ","Qualification détaillée et environnement isolé requis","","Lot achats et contrats"
"REC-ACT-57ad0606cd6d","ACT-57ad0606cd6d","dgi | dgmg | owner","portal-dgi | portal-dgmg","/portail-dgi | /portail-dgmg","Qualifier puis exécuter dans les contextes applicables ; variantes et champs à instancier après revue","UI_AUTH_API_DB","NON EXÉCUTÉ","Qualification détaillée et environnement isolé requis","","Lot partagé : propriétaire à affecter par orchestrateur"
"REC-ACT-57dba1076ca4","ACT-57dba1076ca4","CONSOMMATEUR_NON_RESOLU","TRANSVERSE_OU_ORPHELIN_A_QUALIFIER","","Qualifier puis exécuter dans les contextes applicables ; variantes et champs à instancier après revue","UI_AUTH_API_DB","NON EXÉCUTÉ","Qualification détaillée et environnement isolé requis","","Lot partagé : propriétaire à affecter par orchestrateur"
"REC-ACT-57e3963bc51f","ACT-57e3963bc51f","admin | customer | owner | sonasp","sales","/payments/create | /payments/record","Qualifier puis exécuter dans les contextes applicables ; variantes et champs à instancier après revue","UI_AUTH_API_DB","NON EXÉCUTÉ","Qualification détaillée et environnement isolé requis","","Lot ventes internationales et paiements"
"REC-ACT-57f1b687bc16","ACT-57f1b687bc16","admin | collector | comptoir | dgmg | owner | sonasp","artisan_gold_market","/collecte/ventes | /collecte/ventes/nouvelle","Qualifier puis exécuter dans les contextes applicables ; variantes et champs à instancier après revue","UI_AUTH_API_DB","NON EXÉCUTÉ","Qualification détaillée et environnement isolé requis","","Lot marché artisanal et paiements"
"REC-ACT-581cfa1b9f54","ACT-581cfa1b9f54","admin | owner","administration","/users/edit | /users/new","Qualifier puis exécuter dans les contextes applicables ; variantes et champs à instancier après revue","UI_AUTH_API_DB","NON EXÉCUTÉ","Qualification détaillée et environnement isolé requis","","Lot administration et IAM"
"REC-ACT-583d477c06c3","ACT-583d477c06c3","admin | owner | sonasp","public-et-alias","/admin/refineries/edit/:id | /admin/refineries/new","Qualifier puis exécuter dans les contextes applicables ; variantes et champs à instancier après revue","UI_AUTH_API_DB","NON EXÉCUTÉ","Qualification détaillée et environnement isolé requis","","Lot public-et-alias"
"REC-ACT-5870ef34d122","ACT-5870ef34d122","admin | collector | comptoir | dgmg | owner | sonasp","artisan-minier","/artisan-minier/:id | /artisan-minier/cartes/expirations | /artisan-minier/cartes/suivi | /artisan-minier/cartes/validation","Qualifier puis exécuter dans les contextes applicables ; variantes et champs à instancier après revue","UI_AUTH_API_DB","NON EXÉCUTÉ","Qualification détaillée et environnement isolé requis","","Lot artisans et affiliations"
"REC-ACT-58cd10684999","ACT-58cd10684999","admin | customer | mine | owner | refinery | sonasp","sales","/sales","Qualifier puis exécuter dans les contextes applicables ; variantes et champs à instancier après revue","UI_AUTH_API_DB","NON EXÉCUTÉ","Qualification détaillée et environnement isolé requis","","Lot ventes internationales et paiements"
"REC-ACT-58fb5389404a","ACT-58fb5389404a","admin | collector | comptoir | dgmg | owner | sonasp","artisan-minier","/artisan-minier/:id","Qualifier puis exécuter dans les contextes applicables ; variantes et champs à instancier après revue","UI_AUTH_API_DB","NON EXÉCUTÉ","Qualification détaillée et environnement isolé requis","","Lot artisans et affiliations"
"REC-ACT-594e4cc646ab","ACT-594e4cc646ab","admin | airport | factory | mine | owner | sonasp","shipping","/freight/shipments/:id","Qualifier puis exécuter dans les contextes applicables ; variantes et champs à instancier après revue","UI_AUTH_API_DB","NON EXÉCUTÉ","Qualification détaillée et environnement isolé requis","","Lot expéditions"
"REC-ACT-59bbaf2f2651","ACT-59bbaf2f2651","admin | airport | factory | mine | owner | sonasp","shipping","/freight | /freight-customs | /freight-customs/:id | /freight-customs/create | /freight/shipments/create | /shipping | /shipping/preparation | /shipping/preparation/new","Qualifier puis exécuter dans les contextes applicables ; variantes et champs à instancier après revue","UI_AUTH_API_DB","NON EXÉCUTÉ","Qualification détaillée et environnement isolé requis","","Lot expéditions"
"REC-ACT-59c12db235fd","ACT-59c12db235fd","admin | airport | customer | factory | mine | owner | refinery | sonasp","analytics | production_analytics | reports | sales_analytics","/analytics | /analytics/national | /analytics/production | /analytics/ventes | /reports","Qualifier puis exécuter dans les contextes applicables ; variantes et champs à instancier après revue","UI_AUTH_API_DB","NON EXÉCUTÉ","Qualification détaillée et environnement isolé requis","","Lot partagé : propriétaire à affecter par orchestrateur"
"REC-ACT-59c6b12cd94f","ACT-59c6b12cd94f","admin | customer | mine | owner | sonasp","sales","/payments","Qualifier puis exécuter dans les contextes applicables ; variantes et champs à instancier après revue","UI_AUTH_API_DB","NON EXÉCUTÉ","Qualification détaillée et environnement isolé requis","","Lot ventes internationales et paiements"
"REC-ACT-5a5622b47fe6","ACT-5a5622b47fe6","admin | collector | comptoir | dgmg | owner | sonasp","artisan-minier","/artisan-minier/:id | /artisan-minier/cartes/expirations | /artisan-minier/cartes/suivi | /artisan-minier/cartes/validation","Qualifier puis exécuter dans les contextes applicables ; variantes et champs à instancier après revue","UI_AUTH_API_DB","NON EXÉCUTÉ","Qualification détaillée et environnement isolé requis","","Lot artisans et affiliations"
"REC-ACT-5a5c909b8f32","ACT-5a5c909b8f32","admin | mine | owner | sonasp","gold_purchases","/contrats/:id","Qualifier puis exécuter dans les contextes applicables ; variantes et champs à instancier après revue","UI_AUTH_API_DB","NON EXÉCUTÉ","Qualification détaillée et environnement isolé requis","","Lot achats et contrats"
"REC-ACT-5a6dd99246e8","ACT-5a6dd99246e8","admin | mine | owner | sonasp","production","/production/licenses/edit/:id | /production/licenses/new","Qualifier puis exécuter dans les contextes applicables ; variantes et champs à instancier après revue","UI_AUTH_API_DB","NON EXÉCUTÉ","Qualification détaillée et environnement isolé requis","","Lot production industrielle"
"REC-ACT-5a9235596142","ACT-5a9235596142","admin | airport | factory | mine | owner | sonasp","documents | shipping","/documents/assay-certificates | /freight | /freight-customs | /freight-customs/:id | /freight-customs/create | /freight/shipments/create | /shipping | /shipping/preparation | /shipping/preparation/new","Qualifier puis exécuter dans les contextes applicables ; variantes et champs à instancier après revue","UI_AUTH_API_DB","NON EXÉCUTÉ","Qualification détaillée et environnement isolé requis","","Lot partagé : propriétaire à affecter par orchestrateur"
"REC-ACT-5abed9e63826","ACT-5abed9e63826","admin | customer | owner | sonasp","sales","/payments/create | /payments/record","Qualifier puis exécuter dans les contextes applicables ; variantes et champs à instancier après revue","UI_AUTH_API_DB","NON EXÉCUTÉ","Qualification détaillée et environnement isolé requis","","Lot ventes internationales et paiements"
"REC-ACT-5c1fa3829dfe","ACT-5c1fa3829dfe","admin | owner | sonasp","artisan-minier","/artisan-minier/cartes/expirations | /artisan-minier/cartes/suivi | /artisan-minier/cartes/validation","Qualifier puis exécuter dans les contextes applicables ; variantes et champs à instancier après revue","UI_AUTH_API_DB","NON EXÉCUTÉ","Qualification détaillée et environnement isolé requis","","Lot artisans et affiliations"
"REC-ACT-5c40f724f668","ACT-5c40f724f668","admin | mine | owner | sonasp","stakeholders","/customers/:id","Qualifier puis exécuter dans les contextes applicables ; variantes et champs à instancier après revue","UI_AUTH_API_DB","NON EXÉCUTÉ","Qualification détaillée et environnement isolé requis","","Lot référentiels (root pilote Clients)"
"REC-ACT-5c7490595a79","ACT-5c7490595a79","admin | mine | owner | sonasp","gold_purchases","/requisitions/:id","Qualifier puis exécuter dans les contextes applicables ; variantes et champs à instancier après revue","UI_AUTH_API_DB","NON EXÉCUTÉ","Qualification détaillée et environnement isolé requis","","Lot achats et contrats"
"REC-ACT-5c8369e59e41","ACT-5c8369e59e41","public","public-et-alias","/verifier-carte/:reference","Qualifier puis exécuter dans les contextes applicables ; variantes et champs à instancier après revue","UI_AUTH_API_DB","NON EXÉCUTÉ","Qualification détaillée et environnement isolé requis","","Lot public-et-alias"
"REC-ACT-5ca0f7a17670","ACT-5ca0f7a17670","CONSOMMATEUR_NON_RESOLU","TRANSVERSE_OU_ORPHELIN_A_QUALIFIER","","Qualifier puis exécuter dans les contextes applicables ; variantes et champs à instancier après revue","UI_AUTH_API_DB","NON EXÉCUTÉ","Qualification détaillée et environnement isolé requis","","Lot partagé : propriétaire à affecter par orchestrateur"
"REC-ACT-5cb835c0dd54","ACT-5cb835c0dd54","admin | mine | owner | sonasp","gold_purchases","/achats/reglements","Qualifier puis exécuter dans les contextes applicables ; variantes et champs à instancier après revue","UI_AUTH_API_DB","NON EXÉCUTÉ","Qualification détaillée et environnement isolé requis","","Lot achats et contrats"
"REC-ACT-5cbdb0ed5dc6","ACT-5cbdb0ed5dc6","admin | mine | owner | sonasp","gold_purchases","/contrats/:id | /requisitions/:id","Qualifier puis exécuter dans les contextes applicables ; variantes et champs à instancier après revue","UI_AUTH_API_DB","NON EXÉCUTÉ","Qualification détaillée et environnement isolé requis","","Lot achats et contrats"
"REC-ACT-5cc0e46721da","ACT-5cc0e46721da","admin | customer | mine | owner | refinery | sonasp","sales","/sales/:id","Qualifier puis exécuter dans les contextes applicables ; variantes et champs à instancier après revue","UI_AUTH_API_DB","NON EXÉCUTÉ","Qualification détaillée et environnement isolé requis","","Lot ventes internationales et paiements"
"REC-ACT-5cc52b4e6e13","ACT-5cc52b4e6e13","admin | airport | collector | comptoir | customer | dgi | dgmg | direction | factory | mine | owner | refinery | sonasp","transverse","/profile","Qualifier puis exécuter dans les contextes applicables ; variantes et champs à instancier après revue","UI_AUTH_API_DB","NON EXÉCUTÉ","Qualification détaillée et environnement isolé requis","","Lot transverse"
"REC-ACT-5ccb27c60fa8","ACT-5ccb27c60fa8","CONSOMMATEUR_NON_RESOLU","TRANSVERSE_OU_ORPHELIN_A_QUALIFIER","","Qualifier puis exécuter dans les contextes applicables ; variantes et champs à instancier après revue","UI_AUTH_API_DB","NON EXÉCUTÉ","Qualification détaillée et environnement isolé requis","","Lot partagé : propriétaire à affecter par orchestrateur"
"REC-ACT-5d9833eb928e","ACT-5d9833eb928e","admin | collector | comptoir | dgmg | owner | sonasp","artisan-minier","/artisan-minier/:id/edit | /artisan-minier/liste","Qualifier puis exécuter dans les contextes applicables ; variantes et champs à instancier après revue","UI_AUTH_API_DB","NON EXÉCUTÉ","Qualification détaillée et environnement isolé requis","","Lot artisans et affiliations"
"REC-ACT-5e032f126e53","ACT-5e032f126e53","CONSOMMATEUR_NON_RESOLU","TRANSVERSE_OU_ORPHELIN_A_QUALIFIER","","Qualifier puis exécuter dans les contextes applicables ; variantes et champs à instancier après revue","UI_AUTH_API_DB","NON EXÉCUTÉ","Qualification détaillée et environnement isolé requis","","Lot partagé : propriétaire à affecter par orchestrateur"
"REC-ACT-5e592b824f1e","ACT-5e592b824f1e","admin | comptoir | owner | sonasp","artisan_gold_market","/artisan-minier/paiements","Qualifier puis exécuter dans les contextes applicables ; variantes et champs à instancier après revue","UI_AUTH_API_DB","NON EXÉCUTÉ","Qualification détaillée et environnement isolé requis","","Lot marché artisanal et paiements"
"REC-ACT-5e77ec7c9054","ACT-5e77ec7c9054","admin | airport | factory | mine | owner | sonasp","documents","/documents/assay-certificates","Qualifier puis exécuter dans les contextes applicables ; variantes et champs à instancier après revue","UI_AUTH_API_DB","NON EXÉCUTÉ","Qualification détaillée et environnement isolé requis","","Lot documents"
"REC-ACT-5ea2fa7ec0c6","ACT-5ea2fa7ec0c6","admin | owner | sonasp","public-et-alias","/sonasp/cessions-comptoirs","Qualifier puis exécuter dans les contextes applicables ; variantes et champs à instancier après revue","UI_AUTH_API_DB","NON EXÉCUTÉ","Qualification détaillée et environnement isolé requis","","Lot public-et-alias"
"REC-ACT-5ee15fb009f4","ACT-5ee15fb009f4","admin | dgmg | owner | sonasp","stakeholders","/stakeholders/organizations/:id/edit | /stakeholders/organizations/new","Qualifier puis exécuter dans les contextes applicables ; variantes et champs à instancier après revue","UI_AUTH_API_DB","NON EXÉCUTÉ","Qualification détaillée et environnement isolé requis","","Lot référentiels (root pilote Clients)"
"REC-ACT-5ee64d9b092e","ACT-5ee64d9b092e","admin | collector | comptoir | dgmg | owner | sonasp","artisan-minier","/artisan-minier/liste","Qualifier puis exécuter dans les contextes applicables ; variantes et champs à instancier après revue","UI_AUTH_API_DB","NON EXÉCUTÉ","Qualification détaillée et environnement isolé requis","","Lot artisans et affiliations"
"REC-ACT-5fb79fef7aea","ACT-5fb79fef7aea","admin | airport | collector | comptoir | customer | dgi | dgmg | factory | mine | owner | refinery | sonasp","administration | artisan-minier | artisan_gold_market | conciliation | dashboard | gold_inventory | gold_purchases | international_markets | national_reserve | portal-collector | production | public-et-alias | sales | settings | shipping | stakeholders","/access/audit | /access/portals | /access/roles | /achats/comptes | /achats/comptes-paiements | /achats/demandes | /achats/plans | /achats/plans/:id | /achats/reglements | /admin/gold-sales-settings | /admin/messagerie | /admin/modules | /admin/refineries | /admin/refineries/edit/:id | /admin/refineries/new | /admin/settings | /admin/status-manager | /admin/transport-companies | /admin/transport-companies/edit/:id | /admin/transport-companies/new | /admin/users | /admin/workflow | /approvals | /artisan-minier/:artisanId/infractions/:infractionId | /artisan-minier/:artisanId/infractions/:infractionId/modifier | /artisan-minier/:artisanId/infractions/nouvelle | /artisan-minier/:id | /artisan-minier/:id/edit | /artisan-minier/cartes/expirations | /artisan-minier/cartes/suivi | /artisan-minier/cartes/validation | /artisan-minier/collecteurs | /artisan-minier/collecteurs/:id | /artisan-minier/collecteurs/:id/modifier | /artisan-minier/collecteurs/nouveau | /artisan-minier/comptoirs | /artisan-minier/comptoirs/:id | /artisan-minier/comptoirs/:id/modifier | /artisan-minier/comptoirs/nouveau | /artisan-minier/liste | /artisan-minier/paiements | /artisan-minier/paiements/:venteId/nouveau | /artisan-minier/paiements/historique | /artisan-minier/paiements/historique/:paiementId | /artisan-minier/rapports | /artisan-minier/rapports/chiffre-affaires | /artisan-minier/rapports/quantites | /artisan-minier/rapports/taxes | /artisan-minier/ventes-or | /artisan-minier/ventes-or/:id | /artisan-minier/ventes-or/:id/facture | /artisan-minier/ventes-or/:id/modifier | /artisan-minier/ventes-or/nouvelle | /collecte/ventes | /collecte/ventes/nouvelle | /conciliation | /conciliation/:id | /conciliation/regles-fiscales | /contrats | /contrats/:id | /contrats/pilotage | /dashboard/airport | /dashboard/customer | /dashboard/factory | /dashboard/management | /dashboard/production-modern | /dashboard/refinery | /freight | /freight-customs | /freight-customs/:id | /freight-customs/create | /freight/shipments/:id | /freight/shipments/create | /gold-prices | /inventory | /inventory/add | /inventory/silver | /national-reserve | /national-reserve/allocations | /national-reserve/allocations/:id | /national-reserve/allocations/:id/edit | /national-reserve/allocations/new | /national-reserve/audit | /national-reserve/controls | /national-reserve/physical | /national-reserve/valuation | /parameters | /payments | /payments/:id | /performance/budgets | /performance/forecasts | /portail-collecteur | /portail-collecteur/documents | /portail-collecteur/stock | /portail-dgi/paiements | /portail-dgmg/reserve-validations | /production/:id | /production/achats-mines | /production/daily | /production/in-safe | /production/licenses | /production/licenses/requests | /requisitions | /requisitions/:id | /sales | /sales/:id | /shipping | /shipping/preparation | /shipping/preparation/:id | /shipping/preparation/:id/details | /shipping/preparation/:id/edit | /shipping/preparation/new | /stakeholders/freight-companies | /stakeholders/organizations | /stakeholders/organizations/:id/edit | /stakeholders/organizations/new | /stakeholders/refinery-plants | /users | /users/:userId | /users/edit | /users/new","Qualifier puis exécuter dans les contextes applicables ; variantes et champs à instancier après revue","UI_AUTH_API_DB","NON EXÉCUTÉ","Qualification détaillée et environnement isolé requis","","Lot partagé : propriétaire à affecter par orchestrateur"
"REC-ACT-5fbd1e0db220","ACT-5fbd1e0db220","admin | mine | owner | sonasp","international_markets","/sales/trade-space","Qualifier puis exécuter dans les contextes applicables ; variantes et champs à instancier après revue","UI_AUTH_API_DB","NON EXÉCUTÉ","Qualification détaillée et environnement isolé requis","","Lot international_markets"
"REC-ACT-5fe59511fbaa","ACT-5fe59511fbaa","dgi | dgmg | owner","portal-dgi | portal-dgmg","/portail-dgi | /portail-dgmg","Qualifier puis exécuter dans les contextes applicables ; variantes et champs à instancier après revue","UI_AUTH_API_DB","NON EXÉCUTÉ","Qualification détaillée et environnement isolé requis","","Lot partagé : propriétaire à affecter par orchestrateur"
"REC-ACT-60044e0dfef6","ACT-60044e0dfef6","admin | airport | factory | mine | owner | sonasp","shipping","/freight | /freight-customs | /freight-customs/:id | /freight-customs/create | /freight/shipments/create | /shipping | /shipping/preparation | /shipping/preparation/new","Qualifier puis exécuter dans les contextes applicables ; variantes et champs à instancier après revue","UI_AUTH_API_DB","NON EXÉCUTÉ","Qualification détaillée et environnement isolé requis","","Lot expéditions"
"REC-ACT-6039b4e6fa07","ACT-6039b4e6fa07","admin | comptoir | owner | sonasp","artisan_gold_market","/artisan-minier/rapports","Qualifier puis exécuter dans les contextes applicables ; variantes et champs à instancier après revue","UI_AUTH_API_DB","NON EXÉCUTÉ","Qualification détaillée et environnement isolé requis","","Lot marché artisanal et paiements"
"REC-ACT-607b15708716","ACT-607b15708716","admin | owner","administration | public-et-alias","/admin/users | /users","Qualifier puis exécuter dans les contextes applicables ; variantes et champs à instancier après revue","UI_AUTH_API_DB","NON EXÉCUTÉ","Qualification détaillée et environnement isolé requis","","Lot partagé : propriétaire à affecter par orchestrateur"
"REC-ACT-60a9864b250d","ACT-60a9864b250d","admin | collector | comptoir | dgmg | owner | sonasp","artisan-minier","/artisan-minier/:id | /artisan-minier/cartes/expirations | /artisan-minier/cartes/suivi | /artisan-minier/cartes/validation","Qualifier puis exécuter dans les contextes applicables ; variantes et champs à instancier après revue","UI_AUTH_API_DB","NON EXÉCUTÉ","Qualification détaillée et environnement isolé requis","","Lot artisans et affiliations"
"REC-ACT-60ac0659e052","ACT-60ac0659e052","admin | airport | factory | mine | owner | sonasp","shipping","/freight | /freight-customs | /freight-customs/:id | /freight-customs/create | /freight/shipments/create | /shipping | /shipping/preparation | /shipping/preparation/new","Qualifier puis exécuter dans les contextes applicables ; variantes et champs à instancier après revue","UI_AUTH_API_DB","NON EXÉCUTÉ","Qualification détaillée et environnement isolé requis","","Lot expéditions"
"REC-ACT-613a8c0e2369","ACT-613a8c0e2369","admin | airport | collector | comptoir | customer | dgi | dgmg | direction | factory | mine | owner | refinery | sonasp","administration | artisan-minier | artisan_gold_market | conciliation | dashboard | gold_inventory | gold_purchases | international_markets | mining_sites | national_reserve | portal-collector | portal-comptoir | portal-direction | production | public-et-alias | sales | settings | shipping | stakeholders","/access/audit | /access/portals | /access/roles | /achats/comptes | /achats/comptes-paiements | /achats/demandes | /achats/plans | /achats/plans/:id | /achats/reglements | /achats/reglements/nouveau | /admin/gold-sales-settings | /admin/messagerie | /admin/messagerie/:uid | /admin/messagerie/nouveau | /admin/modules | /admin/refineries | /admin/refineries/edit/:id | /admin/refineries/new | /admin/settings | /admin/status-manager | /admin/transport-companies | /admin/transport-companies/edit/:id | /admin/transport-companies/new | /admin/users | /admin/workflow | /approvals | /artisan-minier | /artisan-minier/:artisanId/infractions/:infractionId | /artisan-minier/:artisanId/infractions/:infractionId/modifier | /artisan-minier/:artisanId/infractions/nouvelle | /artisan-minier/:id | /artisan-minier/:id/edit | /artisan-minier/cartes/expirations | /artisan-minier/cartes/suivi | /artisan-minier/cartes/validation | /artisan-minier/collecteurs | /artisan-minier/collecteurs/:id | /artisan-minier/collecteurs/:id/modifier | /artisan-minier/collecteurs/nouveau | /artisan-minier/comptoirs | /artisan-minier/comptoirs/:id | /artisan-minier/comptoirs/:id/modifier | /artisan-minier/comptoirs/nouveau | /artisan-minier/liste | /artisan-minier/paiements | /artisan-minier/paiements/:venteId/nouveau | /artisan-minier/paiements/historique | /artisan-minier/paiements/historique/:paiementId | /artisan-minier/rapports | /artisan-minier/rapports/chiffre-affaires | /artisan-minier/rapports/quantites | /artisan-minier/rapports/taxes | /artisan-minier/ventes-or | /artisan-minier/ventes-or/:id | /artisan-minier/ventes-or/:id/facture | /artisan-minier/ventes-or/:id/modifier | /artisan-minier/ventes-or/nouvelle | /artisan-sites | /artisan-sites/:siteId | /artisan-sites/:siteId/modifier | /artisan-sites/nouveau | /artisan-sites/production | /collecte/ventes | /collecte/ventes/nouvelle | /conciliation | /conciliation/:id | /conciliation/regles-fiscales | /contrats | /contrats/:id | /contrats/:id/modifier | /contrats/nouveau | /contrats/pilotage | /dashboard | /dashboard/airport | /dashboard/customer | /dashboard/factory | /dashboard/management | /dashboard/production-modern | /dashboard/refinery | /freight | /freight-customs | /freight-customs/:id | /freight-customs/create | /freight/shipments/:id | /freight/shipments/create | /gold-prices | /inventory | /inventory/add | /inventory/silver | /national-reserve | /national-reserve/allocations | /national-reserve/allocations/:id | /national-reserve/allocations/:id/edit | /national-reserve/allocations/new | /national-reserve/audit | /national-reserve/controls | /national-reserve/physical | /national-reserve/valuation | /parameters | /payments | /payments/:id | /payments/create | /payments/record | /performance/budgets | /performance/forecasts | /portail-collecteur | /portail-collecteur/documents | /portail-collecteur/stock | /portail-comptoir | /portail-comptoir/stock | /portail-comptoir/ventes-sonasp | /portail-direction/* | /portail-direction/achats | /portail-direction/alertes | /portail-direction/compte | /portail-direction/contrats | /portail-direction/finances | /portail-direction/performance | /portail-direction/previsions | /portail-direction/production | /portail-direction/rapports | /portail-direction/synthese | /production/:id | /production/achats-mines | /production/daily | /production/in-safe | /production/licenses | /production/licenses/requests | /requisitions | /requisitions/:id | /requisitions/:id/modifier | /requisitions/nouvelle | /sales | /sales/:id | /shipping | /shipping/preparation | /shipping/preparation/:id | /shipping/preparation/:id/details | /shipping/preparation/:id/edit | /shipping/preparation/new | /sonasp/cessions-comptoirs | /stakeholders/freight-companies | /stakeholders/organizations | /stakeholders/organizations/:id/edit | /stakeholders/organizations/new | /stakeholders/refinery-plants | /users | /users/:userId | /users/edit | /users/new","Qualifier puis exécuter dans les contextes applicables ; variantes et champs à instancier après revue","UI_AUTH_API_DB","NON EXÉCUTÉ","Qualification détaillée et environnement isolé requis","","Lot partagé : propriétaire à affecter par orchestrateur"
"REC-ACT-61459846a408","ACT-61459846a408","admin | owner | sonasp","national_reserve","/national-reserve/allocations | /national-reserve/allocations/:id","Qualifier puis exécuter dans les contextes applicables ; variantes et champs à instancier après revue","UI_AUTH_API_DB","NON EXÉCUTÉ","Qualification détaillée et environnement isolé requis","","Lot réserve nationale"
"REC-ACT-61d9e29e55a1","ACT-61d9e29e55a1","admin | airport | customer | factory | mine | owner | refinery | sonasp","international_markets","/gold-prices | /sales/simulator | /sales/trade-space","Qualifier puis exécuter dans les contextes applicables ; variantes et champs à instancier après revue","UI_AUTH_API_DB","NON EXÉCUTÉ","Qualification détaillée et environnement isolé requis","","Lot international_markets"
"REC-ACT-627bc171f01e","ACT-627bc171f01e","admin | airport | collector | comptoir | customer | dgi | dgmg | direction | factory | mine | owner | refinery | sonasp","transverse","/help","Qualifier puis exécuter dans les contextes applicables ; variantes et champs à instancier après revue","UI_AUTH_API_DB","NON EXÉCUTÉ","Qualification détaillée et environnement isolé requis","","Lot transverse"
"REC-ACT-62e46dc2bb8b","ACT-62e46dc2bb8b","admin | airport | factory | mine | owner | sonasp","shipping","/freight | /freight-customs | /freight-customs/:id | /freight-customs/create | /freight/shipments/create | /shipping | /shipping/preparation | /shipping/preparation/new","Qualifier puis exécuter dans les contextes applicables ; variantes et champs à instancier après revue","UI_AUTH_API_DB","NON EXÉCUTÉ","Qualification détaillée et environnement isolé requis","","Lot expéditions"
"REC-ACT-632032998a1e","ACT-632032998a1e","admin | mine | owner | sonasp","gold_purchases","/contrats/:id | /requisitions/:id","Qualifier puis exécuter dans les contextes applicables ; variantes et champs à instancier après revue","UI_AUTH_API_DB","NON EXÉCUTÉ","Qualification détaillée et environnement isolé requis","","Lot achats et contrats"
"REC-ACT-6360c260b7ac","ACT-6360c260b7ac","admin | mine | owner | sonasp","gold_purchases","/contrats","Qualifier puis exécuter dans les contextes applicables ; variantes et champs à instancier après revue","UI_AUTH_API_DB","NON EXÉCUTÉ","Qualification détaillée et environnement isolé requis","","Lot achats et contrats"
"REC-ACT-6377b59bba59","ACT-6377b59bba59","admin | collector | comptoir | dgmg | owner | sonasp","artisan-minier","/artisan-minier/collecteurs | /artisan-minier/collecteurs/:id","Qualifier puis exécuter dans les contextes applicables ; variantes et champs à instancier après revue","UI_AUTH_API_DB","NON EXÉCUTÉ","Qualification détaillée et environnement isolé requis","","Lot artisans et affiliations"
"REC-ACT-6401968deb9b","ACT-6401968deb9b","admin | owner | sonasp","artisan-minier","/artisan-minier","Qualifier puis exécuter dans les contextes applicables ; variantes et champs à instancier après revue","UI_AUTH_API_DB","NON EXÉCUTÉ","Qualification détaillée et environnement isolé requis","","Lot artisans et affiliations"
"REC-ACT-6406ea33e832","ACT-6406ea33e832","admin | mine | owner | refinery | sonasp","refining","/refining | /refining/:id/process","Qualifier puis exécuter dans les contextes applicables ; variantes et champs à instancier après revue","UI_AUTH_API_DB","NON EXÉCUTÉ","Qualification détaillée et environnement isolé requis","","Lot raffinage"
"REC-ACT-64355cc4036c","ACT-64355cc4036c","admin | owner | sonasp","gold_purchases","/achats/comptes-paiements","Qualifier puis exécuter dans les contextes applicables ; variantes et champs à instancier après revue","UI_AUTH_API_DB","NON EXÉCUTÉ","Qualification détaillée et environnement isolé requis","","Lot achats et contrats"
"REC-ACT-64b76aff0013","ACT-64b76aff0013","admin | owner | sonasp","national_reserve","/national-reserve/allocations | /national-reserve/allocations/:id","Qualifier puis exécuter dans les contextes applicables ; variantes et champs à instancier après revue","UI_AUTH_API_DB","NON EXÉCUTÉ","Qualification détaillée et environnement isolé requis","","Lot réserve nationale"
"REC-ACT-64ef4da54802","ACT-64ef4da54802","admin | owner | sonasp","public-et-alias","/sonasp/cessions-comptoirs","Qualifier puis exécuter dans les contextes applicables ; variantes et champs à instancier après revue","UI_AUTH_API_DB","NON EXÉCUTÉ","Qualification détaillée et environnement isolé requis","","Lot public-et-alias"
"REC-ACT-650c2d63db26","ACT-650c2d63db26","CONSOMMATEUR_NON_RESOLU","TRANSVERSE_OU_ORPHELIN_A_QUALIFIER","","Qualifier puis exécuter dans les contextes applicables ; variantes et champs à instancier après revue","UI_AUTH_API_DB","NON EXÉCUTÉ","Qualification détaillée et environnement isolé requis","","Lot partagé : propriétaire à affecter par orchestrateur"
"REC-ACT-65316fc2e256","ACT-65316fc2e256","admin | airport | factory | mine | owner | sonasp","shipping","/freight | /freight-customs | /freight-customs/:id | /freight-customs/create | /freight/shipments/create | /shipping | /shipping/preparation | /shipping/preparation/new","Qualifier puis exécuter dans les contextes applicables ; variantes et champs à instancier après revue","UI_AUTH_API_DB","NON EXÉCUTÉ","Qualification détaillée et environnement isolé requis","","Lot expéditions"
"REC-ACT-65598277f883","ACT-65598277f883","admin | owner | sonasp","gold_purchases","/achats/plans/:id","Qualifier puis exécuter dans les contextes applicables ; variantes et champs à instancier après revue","UI_AUTH_API_DB","NON EXÉCUTÉ","Qualification détaillée et environnement isolé requis","","Lot achats et contrats"
"REC-ACT-6592fbd4c891","ACT-6592fbd4c891","admin | dgmg | owner","mining_sites","/artisan-sites/:siteId/modifier | /artisan-sites/nouveau","Qualifier puis exécuter dans les contextes applicables ; variantes et champs à instancier après revue","UI_AUTH_API_DB","NON EXÉCUTÉ","Qualification détaillée et environnement isolé requis","","Lot sites artisanaux"
"REC-ACT-65a92580337a","ACT-65a92580337a","admin | collector | comptoir | dgmg | owner | sonasp","artisan-minier","/artisan-minier/:id | /artisan-minier/cartes/expirations | /artisan-minier/cartes/suivi | /artisan-minier/cartes/validation","Qualifier puis exécuter dans les contextes applicables ; variantes et champs à instancier après revue","UI_AUTH_API_DB","NON EXÉCUTÉ","Qualification détaillée et environnement isolé requis","","Lot artisans et affiliations"
"REC-ACT-668698634b18","ACT-668698634b18","admin | owner | sonasp","settings","/admin/gold-sales-settings","Qualifier puis exécuter dans les contextes applicables ; variantes et champs à instancier après revue","UI_AUTH_API_DB","NON EXÉCUTÉ","Qualification détaillée et environnement isolé requis","","Lot paramètres"
"REC-ACT-66935a1a4055","ACT-66935a1a4055","CONSOMMATEUR_NON_RESOLU","TRANSVERSE_OU_ORPHELIN_A_QUALIFIER","","Qualifier puis exécuter dans les contextes applicables ; variantes et champs à instancier après revue","UI_AUTH_API_DB","NON EXÉCUTÉ","Qualification détaillée et environnement isolé requis","","Lot partagé : propriétaire à affecter par orchestrateur"
"REC-ACT-67431e52a946","ACT-67431e52a946","mine | owner","portal-mine","/portail-mine","Qualifier puis exécuter dans les contextes applicables ; variantes et champs à instancier après revue","UI_AUTH_API_DB","NON EXÉCUTÉ","Qualification détaillée et environnement isolé requis","","Lot portal-mine"
"REC-ACT-67b23142d005","ACT-67b23142d005","admin | dgi | dgmg | factory | mine | owner | sonasp","production","/production/:id","Qualifier puis exécuter dans les contextes applicables ; variantes et champs à instancier après revue","UI_AUTH_API_DB","NON EXÉCUTÉ","Qualification détaillée et environnement isolé requis","","Lot production industrielle"
"REC-ACT-67f1eb5fb765","ACT-67f1eb5fb765","CONSOMMATEUR_NON_RESOLU","TRANSVERSE_OU_ORPHELIN_A_QUALIFIER","","Qualifier puis exécuter dans les contextes applicables ; variantes et champs à instancier après revue","UI_AUTH_API_DB","NON EXÉCUTÉ","Qualification détaillée et environnement isolé requis","","Lot partagé : propriétaire à affecter par orchestrateur"
"REC-ACT-67f6140a81ad","ACT-67f6140a81ad","admin | airport | mine | owner | sonasp","shipping","/freight-customs/create","Qualifier puis exécuter dans les contextes applicables ; variantes et champs à instancier après revue","UI_AUTH_API_DB","NON EXÉCUTÉ","Qualification détaillée et environnement isolé requis","","Lot expéditions"
"REC-ACT-686efdc58724","ACT-686efdc58724","admin | dgi | mine | owner | sonasp","conciliation","/conciliation/regles-fiscales","Qualifier puis exécuter dans les contextes applicables ; variantes et champs à instancier après revue","UI_AUTH_API_DB","NON EXÉCUTÉ","Qualification détaillée et environnement isolé requis","","Lot conciliation"
"REC-ACT-687b7921d0e2","ACT-687b7921d0e2","admin | mine | owner | sonasp","gold_purchases","/achats/comptes | /achats/comptes-paiements | /achats/demandes | /achats/plans | /achats/plans/:id | /achats/reglements","Qualifier puis exécuter dans les contextes applicables ; variantes et champs à instancier après revue","UI_AUTH_API_DB","NON EXÉCUTÉ","Qualification détaillée et environnement isolé requis","","Lot achats et contrats"
"REC-ACT-68efdd8217ad","ACT-68efdd8217ad","admin | dgi | mine | owner | sonasp","conciliation","/conciliation/:id","Qualifier puis exécuter dans les contextes applicables ; variantes et champs à instancier après revue","UI_AUTH_API_DB","NON EXÉCUTÉ","Qualification détaillée et environnement isolé requis","","Lot conciliation"
"REC-ACT-6907e3f83f1e","ACT-6907e3f83f1e","admin | dgmg | owner","artisan-minier","/artisan-minier/collecteurs/:id/modifier | /artisan-minier/collecteurs/nouveau","Qualifier puis exécuter dans les contextes applicables ; variantes et champs à instancier après revue","UI_AUTH_API_DB","NON EXÉCUTÉ","Qualification détaillée et environnement isolé requis","","Lot artisans et affiliations"
"REC-ACT-690a0f9efa3c","ACT-690a0f9efa3c","admin | customer | mine | owner | sonasp","sales","/payments","Qualifier puis exécuter dans les contextes applicables ; variantes et champs à instancier après revue","UI_AUTH_API_DB","NON EXÉCUTÉ","Qualification détaillée et environnement isolé requis","","Lot ventes internationales et paiements"
"REC-ACT-690b362dbec6","ACT-690b362dbec6","admin | mine | owner | sonasp","gold_purchases","/achats/reglements","Qualifier puis exécuter dans les contextes applicables ; variantes et champs à instancier après revue","UI_AUTH_API_DB","NON EXÉCUTÉ","Qualification détaillée et environnement isolé requis","","Lot achats et contrats"
"REC-ACT-690d42640f70","ACT-690d42640f70","owner | sonasp","public-et-alias","/approvals","Qualifier puis exécuter dans les contextes applicables ; variantes et champs à instancier après revue","UI_AUTH_API_DB","NON EXÉCUTÉ","Qualification détaillée et environnement isolé requis","","Lot public-et-alias"
"REC-ACT-69856890fa84","ACT-69856890fa84","admin | mine | owner | sonasp","gold_purchases","/requisitions/:id","Qualifier puis exécuter dans les contextes applicables ; variantes et champs à instancier après revue","UI_AUTH_API_DB","NON EXÉCUTÉ","Qualification détaillée et environnement isolé requis","","Lot achats et contrats"
"REC-ACT-699856c91d92","ACT-699856c91d92","admin | mine | owner | sonasp","gold_purchases","/requisitions/:id","Qualifier puis exécuter dans les contextes applicables ; variantes et champs à instancier après revue","UI_AUTH_API_DB","NON EXÉCUTÉ","Qualification détaillée et environnement isolé requis","","Lot achats et contrats"
"REC-ACT-69e46300ab7c","ACT-69e46300ab7c","admin | mine | owner | sonasp","production","/production/licenses/edit/:id | /production/licenses/new","Qualifier puis exécuter dans les contextes applicables ; variantes et champs à instancier après revue","UI_AUTH_API_DB","NON EXÉCUTÉ","Qualification détaillée et environnement isolé requis","","Lot production industrielle"
"REC-ACT-69e46bc2a90d","ACT-69e46bc2a90d","admin | collector | comptoir | dgmg | owner | sonasp","artisan-minier","/artisan-minier/collecteurs | /artisan-minier/collecteurs/:id","Qualifier puis exécuter dans les contextes applicables ; variantes et champs à instancier après revue","UI_AUTH_API_DB","NON EXÉCUTÉ","Qualification détaillée et environnement isolé requis","","Lot artisans et affiliations"
"REC-ACT-69f73846cdd9","ACT-69f73846cdd9","comptoir | owner","portal-comptoir","/portail-comptoir/ventes-sonasp","Qualifier puis exécuter dans les contextes applicables ; variantes et champs à instancier après revue","UI_AUTH_API_DB","NON EXÉCUTÉ","Qualification détaillée et environnement isolé requis","","Lot portal-comptoir"
"REC-ACT-6acd5c5c9d97","ACT-6acd5c5c9d97","admin | owner | sonasp","gold_purchases","/achats/plans/:id","Qualifier puis exécuter dans les contextes applicables ; variantes et champs à instancier après revue","UI_AUTH_API_DB","NON EXÉCUTÉ","Qualification détaillée et environnement isolé requis","","Lot achats et contrats"
"REC-ACT-6ae076e97346","ACT-6ae076e97346","admin | airport | customer | factory | mine | owner | refinery | sonasp","international_markets","/gold-prices | /sales/simulator | /sales/trade-space","Qualifier puis exécuter dans les contextes applicables ; variantes et champs à instancier après revue","UI_AUTH_API_DB","NON EXÉCUTÉ","Qualification détaillée et environnement isolé requis","","Lot international_markets"
"REC-ACT-6aef2a5ae7d6","ACT-6aef2a5ae7d6","admin | owner | sonasp","artisan-minier","/artisan-minier/cartes/expirations | /artisan-minier/cartes/suivi | /artisan-minier/cartes/validation","Qualifier puis exécuter dans les contextes applicables ; variantes et champs à instancier après revue","UI_AUTH_API_DB","NON EXÉCUTÉ","Qualification détaillée et environnement isolé requis","","Lot artisans et affiliations"
"REC-ACT-6b0087832f8d","ACT-6b0087832f8d","admin | airport | factory | mine | owner | sonasp","documents | shipping","/documents/assay-certificates | /freight | /freight-customs | /freight-customs/:id | /freight-customs/create | /freight/shipments/create | /shipping | /shipping/preparation | /shipping/preparation/new","Qualifier puis exécuter dans les contextes applicables ; variantes et champs à instancier après revue","UI_AUTH_API_DB","NON EXÉCUTÉ","Qualification détaillée et environnement isolé requis","","Lot partagé : propriétaire à affecter par orchestrateur"
"REC-ACT-6b2125bc8925","ACT-6b2125bc8925","admin | owner | sonasp","dashboard","/dashboard/production-modern","Qualifier puis exécuter dans les contextes applicables ; variantes et champs à instancier après revue","UI_AUTH_API_DB","NON EXÉCUTÉ","Qualification détaillée et environnement isolé requis","","Lot pilotage national"
"REC-ACT-6b7ea1351b94","ACT-6b7ea1351b94","admin | mine | owner | sonasp","international_markets","/sales/simulator","Qualifier puis exécuter dans les contextes applicables ; variantes et champs à instancier après revue","UI_AUTH_API_DB","NON EXÉCUTÉ","Qualification détaillée et environnement isolé requis","","Lot international_markets"
"REC-ACT-6b818765d3a3","ACT-6b818765d3a3","admin | customer | mine | owner | sonasp","sales","/payments","Qualifier puis exécuter dans les contextes applicables ; variantes et champs à instancier après revue","UI_AUTH_API_DB","NON EXÉCUTÉ","Qualification détaillée et environnement isolé requis","","Lot ventes internationales et paiements"
"REC-ACT-6be668a0978b","ACT-6be668a0978b","admin | dgmg | owner | sonasp","stakeholders","/stakeholders/mining-companies/:id","Qualifier puis exécuter dans les contextes applicables ; variantes et champs à instancier après revue","UI_AUTH_API_DB","NON EXÉCUTÉ","Qualification détaillée et environnement isolé requis","","Lot référentiels (root pilote Clients)"
"REC-ACT-6c06d28958f4","ACT-6c06d28958f4","admin | collector | comptoir | dgmg | owner | sonasp","artisan-minier","/artisan-minier/:id | /artisan-minier/cartes/expirations | /artisan-minier/cartes/suivi | /artisan-minier/cartes/validation","Qualifier puis exécuter dans les contextes applicables ; variantes et champs à instancier après revue","UI_AUTH_API_DB","NON EXÉCUTÉ","Qualification détaillée et environnement isolé requis","","Lot artisans et affiliations"
"REC-ACT-6c0c1e983e4b","ACT-6c0c1e983e4b","admin | airport | collector | comptoir | customer | dgi | dgmg | direction | factory | mine | owner | refinery | sonasp","administration | artisan-minier | artisan_gold_market | conciliation | dashboard | gold_inventory | gold_purchases | international_markets | mining_sites | national_reserve | portal-collector | portal-comptoir | portal-direction | production | public-et-alias | sales | settings | shipping | stakeholders","/access/audit | /access/portals | /access/roles | /achats/comptes | /achats/comptes-paiements | /achats/demandes | /achats/plans | /achats/plans/:id | /achats/reglements | /achats/reglements/nouveau | /admin/gold-sales-settings | /admin/messagerie | /admin/messagerie/:uid | /admin/messagerie/nouveau | /admin/modules | /admin/refineries | /admin/refineries/edit/:id | /admin/refineries/new | /admin/settings | /admin/status-manager | /admin/transport-companies | /admin/transport-companies/edit/:id | /admin/transport-companies/new | /admin/users | /admin/workflow | /approvals | /artisan-minier | /artisan-minier/:artisanId/infractions/:infractionId | /artisan-minier/:artisanId/infractions/:infractionId/modifier | /artisan-minier/:artisanId/infractions/nouvelle | /artisan-minier/:id | /artisan-minier/:id/edit | /artisan-minier/cartes/expirations | /artisan-minier/cartes/suivi | /artisan-minier/cartes/validation | /artisan-minier/collecteurs | /artisan-minier/collecteurs/:id | /artisan-minier/collecteurs/:id/modifier | /artisan-minier/collecteurs/nouveau | /artisan-minier/comptoirs | /artisan-minier/comptoirs/:id | /artisan-minier/comptoirs/:id/modifier | /artisan-minier/comptoirs/nouveau | /artisan-minier/liste | /artisan-minier/paiements | /artisan-minier/paiements/:venteId/nouveau | /artisan-minier/paiements/historique | /artisan-minier/paiements/historique/:paiementId | /artisan-minier/rapports | /artisan-minier/rapports/chiffre-affaires | /artisan-minier/rapports/quantites | /artisan-minier/rapports/taxes | /artisan-minier/ventes-or | /artisan-minier/ventes-or/:id | /artisan-minier/ventes-or/:id/facture | /artisan-minier/ventes-or/:id/modifier | /artisan-minier/ventes-or/nouvelle | /artisan-sites | /artisan-sites/:siteId | /artisan-sites/:siteId/modifier | /artisan-sites/nouveau | /artisan-sites/production | /collecte/ventes | /collecte/ventes/nouvelle | /conciliation | /conciliation/:id | /conciliation/regles-fiscales | /contrats | /contrats/:id | /contrats/:id/modifier | /contrats/nouveau | /contrats/pilotage | /dashboard | /dashboard/airport | /dashboard/customer | /dashboard/factory | /dashboard/management | /dashboard/production-modern | /dashboard/refinery | /freight | /freight-customs | /freight-customs/:id | /freight-customs/create | /freight/shipments/:id | /freight/shipments/create | /gold-prices | /inventory | /inventory/add | /inventory/silver | /national-reserve | /national-reserve/allocations | /national-reserve/allocations/:id | /national-reserve/allocations/:id/edit | /national-reserve/allocations/new | /national-reserve/audit | /national-reserve/controls | /national-reserve/physical | /national-reserve/valuation | /parameters | /payments | /payments/:id | /payments/create | /payments/record | /performance/budgets | /performance/forecasts | /portail-collecteur | /portail-collecteur/documents | /portail-collecteur/stock | /portail-comptoir | /portail-comptoir/stock | /portail-comptoir/ventes-sonasp | /portail-direction/* | /portail-direction/achats | /portail-direction/alertes | /portail-direction/compte | /portail-direction/contrats | /portail-direction/finances | /portail-direction/performance | /portail-direction/previsions | /portail-direction/production | /portail-direction/rapports | /portail-direction/synthese | /production/:id | /production/achats-mines | /production/daily | /production/in-safe | /production/licenses | /production/licenses/requests | /requisitions | /requisitions/:id | /requisitions/:id/modifier | /requisitions/nouvelle | /sales | /sales/:id | /shipping | /shipping/preparation | /shipping/preparation/:id | /shipping/preparation/:id/details | /shipping/preparation/:id/edit | /shipping/preparation/new | /sonasp/cessions-comptoirs | /stakeholders/freight-companies | /stakeholders/organizations | /stakeholders/organizations/:id/edit | /stakeholders/organizations/new | /stakeholders/refinery-plants | /users | /users/:userId | /users/edit | /users/new","Qualifier puis exécuter dans les contextes applicables ; variantes et champs à instancier après revue","UI_AUTH_API_DB","NON EXÉCUTÉ","Qualification détaillée et environnement isolé requis","","Lot partagé : propriétaire à affecter par orchestrateur"
"REC-ACT-6c378b902def","ACT-6c378b902def","admin | dgi | mine | owner | sonasp","conciliation","/conciliation","Qualifier puis exécuter dans les contextes applicables ; variantes et champs à instancier après revue","UI_AUTH_API_DB","NON EXÉCUTÉ","Qualification détaillée et environnement isolé requis","","Lot conciliation"
"REC-ACT-6c3b97bc6496","ACT-6c3b97bc6496","admin | dgmg | owner | sonasp","mining_sites","/artisan-sites/:siteId","Qualifier puis exécuter dans les contextes applicables ; variantes et champs à instancier après revue","UI_AUTH_API_DB","NON EXÉCUTÉ","Qualification détaillée et environnement isolé requis","","Lot sites artisanaux"
"REC-ACT-6c7c3207ac31","ACT-6c7c3207ac31","admin | dgmg | owner | sonasp","mining_sites","/artisan-sites","Qualifier puis exécuter dans les contextes applicables ; variantes et champs à instancier après revue","UI_AUTH_API_DB","NON EXÉCUTÉ","Qualification détaillée et environnement isolé requis","","Lot sites artisanaux"
"REC-ACT-6c8271442a61","ACT-6c8271442a61","admin | owner","administration","/admin/modules","Qualifier puis exécuter dans les contextes applicables ; variantes et champs à instancier après revue","UI_AUTH_API_DB","NON EXÉCUTÉ","Qualification détaillée et environnement isolé requis","","Lot administration et IAM"
"REC-ACT-6cf1857335c7","ACT-6cf1857335c7","admin | collector | comptoir | dgmg | owner | sonasp","artisan-minier","/artisan-minier/:id | /artisan-minier/cartes/expirations | /artisan-minier/cartes/suivi | /artisan-minier/cartes/validation","Qualifier puis exécuter dans les contextes applicables ; variantes et champs à instancier après revue","UI_AUTH_API_DB","NON EXÉCUTÉ","Qualification détaillée et environnement isolé requis","","Lot artisans et affiliations"
"REC-ACT-6cf9472c3cf0","ACT-6cf9472c3cf0","admin | mine | owner | refinery | sonasp","refining","/refining | /refining/:id/process","Qualifier puis exécuter dans les contextes applicables ; variantes et champs à instancier après revue","UI_AUTH_API_DB","NON EXÉCUTÉ","Qualification détaillée et environnement isolé requis","","Lot raffinage"
"REC-ACT-6d34c3bc8208","ACT-6d34c3bc8208","admin | owner | sonasp","public-et-alias","/sonasp/cessions-comptoirs","Qualifier puis exécuter dans les contextes applicables ; variantes et champs à instancier après revue","UI_AUTH_API_DB","NON EXÉCUTÉ","Qualification détaillée et environnement isolé requis","","Lot public-et-alias"
"REC-ACT-6d9c6798104c","ACT-6d9c6798104c","admin | collector | comptoir | dgmg | owner | sonasp","artisan-minier","/artisan-minier/liste","Qualifier puis exécuter dans les contextes applicables ; variantes et champs à instancier après revue","UI_AUTH_API_DB","NON EXÉCUTÉ","Qualification détaillée et environnement isolé requis","","Lot artisans et affiliations"
"REC-ACT-6dae1445f941","ACT-6dae1445f941","CONSOMMATEUR_NON_RESOLU","TRANSVERSE_OU_ORPHELIN_A_QUALIFIER","","Qualifier puis exécuter dans les contextes applicables ; variantes et champs à instancier après revue","UI_AUTH_API_DB","NON EXÉCUTÉ","Qualification détaillée et environnement isolé requis","","Lot partagé : propriétaire à affecter par orchestrateur"
"REC-ACT-6db072345f75","ACT-6db072345f75","admin | dgmg | owner | sonasp","stakeholders","/stakeholders/mining-companies/:id/edit | /stakeholders/mining-companies/new","Qualifier puis exécuter dans les contextes applicables ; variantes et champs à instancier après revue","UI_AUTH_API_DB","NON EXÉCUTÉ","Qualification détaillée et environnement isolé requis","","Lot référentiels (root pilote Clients)"
"REC-ACT-6dd51511e8ab","ACT-6dd51511e8ab","admin | dgi | mine | owner | sonasp","conciliation","/conciliation","Qualifier puis exécuter dans les contextes applicables ; variantes et champs à instancier après revue","UI_AUTH_API_DB","NON EXÉCUTÉ","Qualification détaillée et environnement isolé requis","","Lot conciliation"
"REC-ACT-6de321932d13","ACT-6de321932d13","admin | owner | sonasp","production","/production/achats-mines","Qualifier puis exécuter dans les contextes applicables ; variantes et champs à instancier après revue","UI_AUTH_API_DB","NON EXÉCUTÉ","Qualification détaillée et environnement isolé requis","","Lot production industrielle"
"REC-ACT-6e0f4cbd4300","ACT-6e0f4cbd4300","admin | mine | owner | sonasp","gold_purchases","/contrats/:id | /requisitions/:id","Qualifier puis exécuter dans les contextes applicables ; variantes et champs à instancier après revue","UI_AUTH_API_DB","NON EXÉCUTÉ","Qualification détaillée et environnement isolé requis","","Lot achats et contrats"
"REC-ACT-6e17ce82e588","ACT-6e17ce82e588","CONSOMMATEUR_NON_RESOLU","TRANSVERSE_OU_ORPHELIN_A_QUALIFIER","","Qualifier puis exécuter dans les contextes applicables ; variantes et champs à instancier après revue","UI_AUTH_API_DB","NON EXÉCUTÉ","Qualification détaillée et environnement isolé requis","","Lot partagé : propriétaire à affecter par orchestrateur"
"REC-ACT-6e2d5ef423f2","ACT-6e2d5ef423f2","admin | customer | mine | owner | refinery | sonasp","sales","/sales/:id","Qualifier puis exécuter dans les contextes applicables ; variantes et champs à instancier après revue","UI_AUTH_API_DB","NON EXÉCUTÉ","Qualification détaillée et environnement isolé requis","","Lot ventes internationales et paiements"
"REC-ACT-6e392708bd90","ACT-6e392708bd90","public","public-et-alias","/404","Qualifier puis exécuter dans les contextes applicables ; variantes et champs à instancier après revue","UI_AUTH_API_DB","NON EXÉCUTÉ","Qualification détaillée et environnement isolé requis","","Lot public-et-alias"
"REC-ACT-6e53e32e3bfc","ACT-6e53e32e3bfc","admin | mine | owner | sonasp","gold_purchases","/contrats/:id/modifier | /contrats/nouveau","Qualifier puis exécuter dans les contextes applicables ; variantes et champs à instancier après revue","UI_AUTH_API_DB","NON EXÉCUTÉ","Qualification détaillée et environnement isolé requis","","Lot achats et contrats"
"REC-ACT-6e7252a9b847","ACT-6e7252a9b847","comptoir | owner","portal-comptoir","/portail-comptoir/ventes-sonasp","Qualifier puis exécuter dans les contextes applicables ; variantes et champs à instancier après revue","UI_AUTH_API_DB","NON EXÉCUTÉ","Qualification détaillée et environnement isolé requis","","Lot portal-comptoir"
"REC-ACT-6ee73ec29779","ACT-6ee73ec29779","admin | dgi | mine | owner | sonasp","conciliation","/conciliation/:id","Qualifier puis exécuter dans les contextes applicables ; variantes et champs à instancier après revue","UI_AUTH_API_DB","NON EXÉCUTÉ","Qualification détaillée et environnement isolé requis","","Lot conciliation"
"REC-ACT-6ef93f376cb5","ACT-6ef93f376cb5","admin | dgmg | owner | sonasp","stakeholders","/stakeholders/mining-companies/:id","Qualifier puis exécuter dans les contextes applicables ; variantes et champs à instancier après revue","UI_AUTH_API_DB","NON EXÉCUTÉ","Qualification détaillée et environnement isolé requis","","Lot référentiels (root pilote Clients)"
"REC-ACT-6f21be09ad9c","ACT-6f21be09ad9c","admin | airport | customer | factory | owner | refinery | sonasp","dashboard","/dashboard/airport | /dashboard/customer | /dashboard/factory | /dashboard/management | /dashboard/refinery","Qualifier puis exécuter dans les contextes applicables ; variantes et champs à instancier après revue","UI_AUTH_API_DB","NON EXÉCUTÉ","Qualification détaillée et environnement isolé requis","","Lot pilotage national"
"REC-ACT-6f21d92376d4","ACT-6f21d92376d4","admin | airport | factory | mine | owner | sonasp","shipping","/freight | /freight-customs | /freight-customs/:id | /freight-customs/create | /freight/shipments/create | /shipping | /shipping/preparation | /shipping/preparation/new","Qualifier puis exécuter dans les contextes applicables ; variantes et champs à instancier après revue","UI_AUTH_API_DB","NON EXÉCUTÉ","Qualification détaillée et environnement isolé requis","","Lot expéditions"
"REC-ACT-6f24683ad368","ACT-6f24683ad368","collector | owner","portal-collector","/portail-collecteur","Qualifier puis exécuter dans les contextes applicables ; variantes et champs à instancier après revue","UI_AUTH_API_DB","NON EXÉCUTÉ","Qualification détaillée et environnement isolé requis","","Lot portal-collector"
"REC-ACT-6f2c4230409b","ACT-6f2c4230409b","admin | mine | owner | sonasp","sales","/sales/new","Qualifier puis exécuter dans les contextes applicables ; variantes et champs à instancier après revue","UI_AUTH_API_DB","NON EXÉCUTÉ","Qualification détaillée et environnement isolé requis","","Lot ventes internationales et paiements"
"REC-ACT-6f320c0a7f5f","ACT-6f320c0a7f5f","admin | mine | owner | sonasp","gold_purchases","/contrats/:id","Qualifier puis exécuter dans les contextes applicables ; variantes et champs à instancier après revue","UI_AUTH_API_DB","NON EXÉCUTÉ","Qualification détaillée et environnement isolé requis","","Lot achats et contrats"
"REC-ACT-6f471d5029cc","ACT-6f471d5029cc","admin | owner","administration","/users/:userId","Qualifier puis exécuter dans les contextes applicables ; variantes et champs à instancier après revue","UI_AUTH_API_DB","NON EXÉCUTÉ","Qualification détaillée et environnement isolé requis","","Lot administration et IAM"
"REC-ACT-6f57590c0d1d","ACT-6f57590c0d1d","admin | dgmg | owner","artisan-minier","/artisan-minier/comptoirs","Qualifier puis exécuter dans les contextes applicables ; variantes et champs à instancier après revue","UI_AUTH_API_DB","NON EXÉCUTÉ","Qualification détaillée et environnement isolé requis","","Lot artisans et affiliations"
"REC-ACT-6fabd97a534f","ACT-6fabd97a534f","admin | customer | mine | owner | sonasp","sales","/payments/:id","Qualifier puis exécuter dans les contextes applicables ; variantes et champs à instancier après revue","UI_AUTH_API_DB","NON EXÉCUTÉ","Qualification détaillée et environnement isolé requis","","Lot ventes internationales et paiements"
"REC-ACT-6fb331c60081","ACT-6fb331c60081","admin | mine | owner | refinery | sonasp","refining","/refining | /refining/:id/process","Qualifier puis exécuter dans les contextes applicables ; variantes et champs à instancier après revue","UI_AUTH_API_DB","NON EXÉCUTÉ","Qualification détaillée et environnement isolé requis","","Lot raffinage"
"REC-ACT-6fb965038267","ACT-6fb965038267","admin | airport | collector | comptoir | customer | dgi | dgmg | direction | factory | mine | owner | refinery | sonasp","transverse","/help","Qualifier puis exécuter dans les contextes applicables ; variantes et champs à instancier après revue","UI_AUTH_API_DB","NON EXÉCUTÉ","Qualification détaillée et environnement isolé requis","","Lot transverse"
"REC-ACT-6fbbf35ea6d7","ACT-6fbbf35ea6d7","admin | comptoir | owner | sonasp","artisan_gold_market","/artisan-minier/rapports/quantites","Qualifier puis exécuter dans les contextes applicables ; variantes et champs à instancier après revue","UI_AUTH_API_DB","NON EXÉCUTÉ","Qualification détaillée et environnement isolé requis","","Lot marché artisanal et paiements"
"REC-ACT-6ff40aa99c94","ACT-6ff40aa99c94","admin | collector | comptoir | owner | sonasp","artisan_gold_market","/artisan-minier/paiements/historique/:paiementId","Qualifier puis exécuter dans les contextes applicables ; variantes et champs à instancier après revue","UI_AUTH_API_DB","NON EXÉCUTÉ","Qualification détaillée et environnement isolé requis","","Lot marché artisanal et paiements"
"REC-ACT-7055174272a9","ACT-7055174272a9","admin | owner | sonasp","artisan-minier","/artisan-minier/:artisanId/infractions/:infractionId","Qualifier puis exécuter dans les contextes applicables ; variantes et champs à instancier après revue","UI_AUTH_API_DB","NON EXÉCUTÉ","Qualification détaillée et environnement isolé requis","","Lot artisans et affiliations"
"REC-ACT-70855f882de6","ACT-70855f882de6","admin | owner | sonasp","production","/production/licenses/requests","Qualifier puis exécuter dans les contextes applicables ; variantes et champs à instancier après revue","UI_AUTH_API_DB","NON EXÉCUTÉ","Qualification détaillée et environnement isolé requis","","Lot production industrielle"
"REC-ACT-70a6ac4b2934","ACT-70a6ac4b2934","collector | owner","portal-collector","/portail-collecteur","Qualifier puis exécuter dans les contextes applicables ; variantes et champs à instancier après revue","UI_AUTH_API_DB","NON EXÉCUTÉ","Qualification détaillée et environnement isolé requis","","Lot portal-collector"
"REC-ACT-70dee1f9a91a","ACT-70dee1f9a91a","admin | airport | collector | comptoir | customer | dgi | dgmg | direction | factory | mine | owner | refinery | sonasp","stakeholders | transverse","/customers | /customers/:id | /profile","Qualifier puis exécuter dans les contextes applicables ; variantes et champs à instancier après revue","UI_AUTH_API_DB","NON EXÉCUTÉ","Qualification détaillée et environnement isolé requis","","Lot partagé : propriétaire à affecter par orchestrateur"
"REC-ACT-70f5299e8da4","ACT-70f5299e8da4","CONSOMMATEUR_NON_RESOLU","TRANSVERSE_OU_ORPHELIN_A_QUALIFIER","","Qualifier puis exécuter dans les contextes applicables ; variantes et champs à instancier après revue","UI_AUTH_API_DB","NON EXÉCUTÉ","Qualification détaillée et environnement isolé requis","","Lot partagé : propriétaire à affecter par orchestrateur"
"REC-ACT-71380a83848e","ACT-71380a83848e","admin | collector | comptoir | dgi | owner | sonasp","administration | artisan_gold_market | public-et-alias | settings","/access/portals | /admin/gold-sales-settings | /admin/modules | /admin/users | /artisan-minier/paiements/:venteId/nouveau | /artisan-minier/paiements/historique/:paiementId | /artisan-minier/ventes-or | /artisan-minier/ventes-or/:id | /users","Qualifier puis exécuter dans les contextes applicables ; variantes et champs à instancier après revue","UI_AUTH_API_DB","NON EXÉCUTÉ","Qualification détaillée et environnement isolé requis","","Lot partagé : propriétaire à affecter par orchestrateur"
"REC-ACT-71722ea2a366","ACT-71722ea2a366","admin | airport | factory | mine | owner | sonasp","shipping","/freight | /freight-customs | /freight-customs/:id | /freight-customs/create | /freight/shipments/create | /shipping | /shipping/preparation | /shipping/preparation/new","Qualifier puis exécuter dans les contextes applicables ; variantes et champs à instancier après revue","UI_AUTH_API_DB","NON EXÉCUTÉ","Qualification détaillée et environnement isolé requis","","Lot expéditions"
"REC-ACT-71b02a2dac76","ACT-71b02a2dac76","admin | airport | mine | owner | sonasp","shipping","/freight-customs/:id","Qualifier puis exécuter dans les contextes applicables ; variantes et champs à instancier après revue","UI_AUTH_API_DB","NON EXÉCUTÉ","Qualification détaillée et environnement isolé requis","","Lot expéditions"
"REC-ACT-71da0f49d323","ACT-71da0f49d323","admin | mine | owner | sonasp","production","/production/licenses","Qualifier puis exécuter dans les contextes applicables ; variantes et champs à instancier après revue","UI_AUTH_API_DB","NON EXÉCUTÉ","Qualification détaillée et environnement isolé requis","","Lot production industrielle"
"REC-ACT-7256aee4dbda","ACT-7256aee4dbda","CONSOMMATEUR_NON_RESOLU","TRANSVERSE_OU_ORPHELIN_A_QUALIFIER","","Qualifier puis exécuter dans les contextes applicables ; variantes et champs à instancier après revue","UI_AUTH_API_DB","NON EXÉCUTÉ","Qualification détaillée et environnement isolé requis","","Lot partagé : propriétaire à affecter par orchestrateur"
"REC-ACT-726389806889","ACT-726389806889","admin | customer | owner | sonasp","sales","/payments/create | /payments/record","Qualifier puis exécuter dans les contextes applicables ; variantes et champs à instancier après revue","UI_AUTH_API_DB","NON EXÉCUTÉ","Qualification détaillée et environnement isolé requis","","Lot ventes internationales et paiements"
"REC-ACT-726fc5b8c228","ACT-726fc5b8c228","admin | mine | owner | refinery | sonasp","refining","/refining | /refining/:id/process","Qualifier puis exécuter dans les contextes applicables ; variantes et champs à instancier après revue","UI_AUTH_API_DB","NON EXÉCUTÉ","Qualification détaillée et environnement isolé requis","","Lot raffinage"
"REC-ACT-7295dd548795","ACT-7295dd548795","admin | collector | comptoir | dgmg | owner | sonasp","artisan-minier","/artisan-minier/:id | /artisan-minier/cartes/expirations | /artisan-minier/cartes/suivi | /artisan-minier/cartes/validation","Qualifier puis exécuter dans les contextes applicables ; variantes et champs à instancier après revue","UI_AUTH_API_DB","NON EXÉCUTÉ","Qualification détaillée et environnement isolé requis","","Lot artisans et affiliations"
"REC-ACT-72a47c112b8b","ACT-72a47c112b8b","admin | dgmg | owner | sonasp","stakeholders","/stakeholders/mining-companies/:id/edit | /stakeholders/mining-companies/new","Qualifier puis exécuter dans les contextes applicables ; variantes et champs à instancier après revue","UI_AUTH_API_DB","NON EXÉCUTÉ","Qualification détaillée et environnement isolé requis","","Lot référentiels (root pilote Clients)"
"REC-ACT-72db5ac4a779","ACT-72db5ac4a779","admin | mine | owner | sonasp","gold_purchases","/contrats/:id | /requisitions/:id","Qualifier puis exécuter dans les contextes applicables ; variantes et champs à instancier après revue","UI_AUTH_API_DB","NON EXÉCUTÉ","Qualification détaillée et environnement isolé requis","","Lot achats et contrats"
"REC-ACT-73241a4068f9","ACT-73241a4068f9","admin | owner","administration | public-et-alias","/admin/users | /users","Qualifier puis exécuter dans les contextes applicables ; variantes et champs à instancier après revue","UI_AUTH_API_DB","NON EXÉCUTÉ","Qualification détaillée et environnement isolé requis","","Lot partagé : propriétaire à affecter par orchestrateur"
"REC-ACT-73814e53856b","ACT-73814e53856b","admin | airport | mine | owner | sonasp","shipping","/freight-customs/:id","Qualifier puis exécuter dans les contextes applicables ; variantes et champs à instancier après revue","UI_AUTH_API_DB","NON EXÉCUTÉ","Qualification détaillée et environnement isolé requis","","Lot expéditions"
"REC-ACT-73d554e03a98","ACT-73d554e03a98","admin | owner | sonasp","artisan-minier","/artisan-minier/cartes/expirations | /artisan-minier/cartes/suivi | /artisan-minier/cartes/validation","Qualifier puis exécuter dans les contextes applicables ; variantes et champs à instancier après revue","UI_AUTH_API_DB","NON EXÉCUTÉ","Qualification détaillée et environnement isolé requis","","Lot artisans et affiliations"
"REC-ACT-73ef2f7b6078","ACT-73ef2f7b6078","admin | airport | collector | comptoir | customer | dgi | dgmg | direction | factory | mine | owner | refinery | sonasp","administration | artisan-minier | artisan_gold_market | conciliation | dashboard | gold_inventory | gold_purchases | international_markets | mining_sites | national_reserve | portal-collector | portal-comptoir | portal-direction | production | public-et-alias | sales | settings | shipping | stakeholders","/access/audit | /access/portals | /access/roles | /achats/comptes | /achats/comptes-paiements | /achats/demandes | /achats/plans | /achats/plans/:id | /achats/reglements | /achats/reglements/nouveau | /admin/gold-sales-settings | /admin/messagerie | /admin/messagerie/:uid | /admin/messagerie/nouveau | /admin/modules | /admin/refineries | /admin/refineries/edit/:id | /admin/refineries/new | /admin/settings | /admin/status-manager | /admin/transport-companies | /admin/transport-companies/edit/:id | /admin/transport-companies/new | /admin/users | /admin/workflow | /approvals | /artisan-minier | /artisan-minier/:artisanId/infractions/:infractionId | /artisan-minier/:artisanId/infractions/:infractionId/modifier | /artisan-minier/:artisanId/infractions/nouvelle | /artisan-minier/:id | /artisan-minier/:id/edit | /artisan-minier/cartes/expirations | /artisan-minier/cartes/suivi | /artisan-minier/cartes/validation | /artisan-minier/collecteurs | /artisan-minier/collecteurs/:id | /artisan-minier/collecteurs/:id/modifier | /artisan-minier/collecteurs/nouveau | /artisan-minier/comptoirs | /artisan-minier/comptoirs/:id | /artisan-minier/comptoirs/:id/modifier | /artisan-minier/comptoirs/nouveau | /artisan-minier/liste | /artisan-minier/paiements | /artisan-minier/paiements/:venteId/nouveau | /artisan-minier/paiements/historique | /artisan-minier/paiements/historique/:paiementId | /artisan-minier/rapports | /artisan-minier/rapports/chiffre-affaires | /artisan-minier/rapports/quantites | /artisan-minier/rapports/taxes | /artisan-minier/ventes-or | /artisan-minier/ventes-or/:id | /artisan-minier/ventes-or/:id/facture | /artisan-minier/ventes-or/:id/modifier | /artisan-minier/ventes-or/nouvelle | /artisan-sites | /artisan-sites/:siteId | /artisan-sites/:siteId/modifier | /artisan-sites/nouveau | /artisan-sites/production | /collecte/ventes | /collecte/ventes/nouvelle | /conciliation | /conciliation/:id | /conciliation/regles-fiscales | /contrats | /contrats/:id | /contrats/:id/modifier | /contrats/nouveau | /contrats/pilotage | /dashboard | /dashboard/airport | /dashboard/customer | /dashboard/factory | /dashboard/management | /dashboard/production-modern | /dashboard/refinery | /freight | /freight-customs | /freight-customs/:id | /freight-customs/create | /freight/shipments/:id | /freight/shipments/create | /gold-prices | /inventory | /inventory/add | /inventory/silver | /national-reserve | /national-reserve/allocations | /national-reserve/allocations/:id | /national-reserve/allocations/:id/edit | /national-reserve/allocations/new | /national-reserve/audit | /national-reserve/controls | /national-reserve/physical | /national-reserve/valuation | /parameters | /payments | /payments/:id | /payments/create | /payments/record | /performance/budgets | /performance/forecasts | /portail-collecteur | /portail-collecteur/documents | /portail-collecteur/stock | /portail-comptoir | /portail-comptoir/stock | /portail-comptoir/ventes-sonasp | /portail-direction/* | /portail-direction/achats | /portail-direction/alertes | /portail-direction/compte | /portail-direction/contrats | /portail-direction/finances | /portail-direction/performance | /portail-direction/previsions | /portail-direction/production | /portail-direction/rapports | /portail-direction/synthese | /production/:id | /production/achats-mines | /production/daily | /production/in-safe | /production/licenses | /production/licenses/requests | /requisitions | /requisitions/:id | /requisitions/:id/modifier | /requisitions/nouvelle | /sales | /sales/:id | /shipping | /shipping/preparation | /shipping/preparation/:id | /shipping/preparation/:id/details | /shipping/preparation/:id/edit | /shipping/preparation/new | /sonasp/cessions-comptoirs | /stakeholders/freight-companies | /stakeholders/organizations | /stakeholders/organizations/:id/edit | /stakeholders/organizations/new | /stakeholders/refinery-plants | /users | /users/:userId | /users/edit | /users/new","Qualifier puis exécuter dans les contextes applicables ; variantes et champs à instancier après revue","UI_AUTH_API_DB","NON EXÉCUTÉ","Qualification détaillée et environnement isolé requis","","Lot partagé : propriétaire à affecter par orchestrateur"
"REC-ACT-742e5c7d8edb","ACT-742e5c7d8edb","admin | collector | comptoir | dgmg | owner | sonasp","artisan-minier","/artisan-minier/liste","Qualifier puis exécuter dans les contextes applicables ; variantes et champs à instancier après revue","UI_AUTH_API_DB","NON EXÉCUTÉ","Qualification détaillée et environnement isolé requis","","Lot artisans et affiliations"
"REC-ACT-743f9a4c8dfe","ACT-743f9a4c8dfe","CONSOMMATEUR_NON_RESOLU","TRANSVERSE_OU_ORPHELIN_A_QUALIFIER","","Qualifier puis exécuter dans les contextes applicables ; variantes et champs à instancier après revue","UI_AUTH_API_DB","NON EXÉCUTÉ","Qualification détaillée et environnement isolé requis","","Lot partagé : propriétaire à affecter par orchestrateur"
"REC-ACT-744465a45453","ACT-744465a45453","admin | customer | mine | owner | refinery | sonasp","sales","/sales/:id","Qualifier puis exécuter dans les contextes applicables ; variantes et champs à instancier après revue","UI_AUTH_API_DB","NON EXÉCUTÉ","Qualification détaillée et environnement isolé requis","","Lot ventes internationales et paiements"
"REC-ACT-747a0a6ae94b","ACT-747a0a6ae94b","admin | owner | sonasp","public-et-alias","/admin/refineries/edit/:id | /admin/refineries/new","Qualifier puis exécuter dans les contextes applicables ; variantes et champs à instancier après revue","UI_AUTH_API_DB","NON EXÉCUTÉ","Qualification détaillée et environnement isolé requis","","Lot public-et-alias"
"REC-ACT-74a4112a1b04","ACT-74a4112a1b04","admin | owner | sonasp","public-et-alias","/sonasp/cessions-comptoirs","Qualifier puis exécuter dans les contextes applicables ; variantes et champs à instancier après revue","UI_AUTH_API_DB","NON EXÉCUTÉ","Qualification détaillée et environnement isolé requis","","Lot public-et-alias"
"REC-ACT-74b3d4c2bdb0","ACT-74b3d4c2bdb0","admin | collector | comptoir | dgi | owner | sonasp","artisan_gold_market","/artisan-minier/ventes-or","Qualifier puis exécuter dans les contextes applicables ; variantes et champs à instancier après revue","UI_AUTH_API_DB","NON EXÉCUTÉ","Qualification détaillée et environnement isolé requis","","Lot marché artisanal et paiements"
"REC-ACT-759a8984bdf6","ACT-759a8984bdf6","admin | mine | owner | sonasp","stakeholders","/customers/:id","Qualifier puis exécuter dans les contextes applicables ; variantes et champs à instancier après revue","UI_AUTH_API_DB","NON EXÉCUTÉ","Qualification détaillée et environnement isolé requis","","Lot référentiels (root pilote Clients)"
"REC-ACT-75aa683fb072","ACT-75aa683fb072","admin | airport | customer | factory | mine | owner | refinery | sonasp","international_markets","/fx-rates","Qualifier puis exécuter dans les contextes applicables ; variantes et champs à instancier après revue","UI_AUTH_API_DB","NON EXÉCUTÉ","Qualification détaillée et environnement isolé requis","","Lot international_markets"
"REC-ACT-75f4aa25c2c5","ACT-75f4aa25c2c5","public","public-et-alias","/","Qualifier puis exécuter dans les contextes applicables ; variantes et champs à instancier après revue","UI_AUTH_API_DB","NON EXÉCUTÉ","Qualification détaillée et environnement isolé requis","","Lot public-et-alias"
"REC-ACT-760e3f2251c5","ACT-760e3f2251c5","admin | collector | comptoir | dgmg | owner | sonasp","artisan-minier","/artisan-minier/liste","Qualifier puis exécuter dans les contextes applicables ; variantes et champs à instancier après revue","UI_AUTH_API_DB","NON EXÉCUTÉ","Qualification détaillée et environnement isolé requis","","Lot artisans et affiliations"
"REC-ACT-76a8e5fc6458","ACT-76a8e5fc6458","collector | owner","portal-collector","/portail-collecteur","Qualifier puis exécuter dans les contextes applicables ; variantes et champs à instancier après revue","UI_AUTH_API_DB","NON EXÉCUTÉ","Qualification détaillée et environnement isolé requis","","Lot portal-collector"
"REC-ACT-76b65e4edde5","ACT-76b65e4edde5","admin | dgi | mine | owner | sonasp","conciliation","/conciliation/:id","Qualifier puis exécuter dans les contextes applicables ; variantes et champs à instancier après revue","UI_AUTH_API_DB","NON EXÉCUTÉ","Qualification détaillée et environnement isolé requis","","Lot conciliation"
"REC-ACT-76cdb72e6f96","ACT-76cdb72e6f96","admin | airport | customer | factory | mine | owner | refinery | sonasp","international_markets","/gold-prices","Qualifier puis exécuter dans les contextes applicables ; variantes et champs à instancier après revue","UI_AUTH_API_DB","NON EXÉCUTÉ","Qualification détaillée et environnement isolé requis","","Lot international_markets"
"REC-ACT-76d0c65008e3","ACT-76d0c65008e3","admin | mine | owner | sonasp","gold_purchases","/contrats/:id","Qualifier puis exécuter dans les contextes applicables ; variantes et champs à instancier après revue","UI_AUTH_API_DB","NON EXÉCUTÉ","Qualification détaillée et environnement isolé requis","","Lot achats et contrats"
"REC-ACT-76da2d55c6bc","ACT-76da2d55c6bc","admin | mine | owner | sonasp","production","/production/licenses/edit/:id | /production/licenses/new","Qualifier puis exécuter dans les contextes applicables ; variantes et champs à instancier après revue","UI_AUTH_API_DB","NON EXÉCUTÉ","Qualification détaillée et environnement isolé requis","","Lot production industrielle"
"REC-ACT-76f4d7bfc62a","ACT-76f4d7bfc62a","admin | mine | owner | sonasp","gold_purchases","/requisitions","Qualifier puis exécuter dans les contextes applicables ; variantes et champs à instancier après revue","UI_AUTH_API_DB","NON EXÉCUTÉ","Qualification détaillée et environnement isolé requis","","Lot achats et contrats"
"REC-ACT-770491400c40","ACT-770491400c40","CONSOMMATEUR_NON_RESOLU","TRANSVERSE_OU_ORPHELIN_A_QUALIFIER","","Qualifier puis exécuter dans les contextes applicables ; variantes et champs à instancier après revue","UI_AUTH_API_DB","NON EXÉCUTÉ","Qualification détaillée et environnement isolé requis","","Lot partagé : propriétaire à affecter par orchestrateur"
"REC-ACT-7735664a2ed8","ACT-7735664a2ed8","admin | mine | owner | refinery | sonasp","gold_inventory","/inventory","Qualifier puis exécuter dans les contextes applicables ; variantes et champs à instancier après revue","UI_AUTH_API_DB","NON EXÉCUTÉ","Qualification détaillée et environnement isolé requis","","Lot stocks"
"REC-ACT-774e16721c70","ACT-774e16721c70","admin | airport | customer | factory | mine | owner | refinery | sonasp","international_markets","/fx-rates","Qualifier puis exécuter dans les contextes applicables ; variantes et champs à instancier après revue","UI_AUTH_API_DB","NON EXÉCUTÉ","Qualification détaillée et environnement isolé requis","","Lot international_markets"
"REC-ACT-774fb3bbc354","ACT-774fb3bbc354","admin | owner | sonasp","administration | settings","/admin/settings | /parameters","Qualifier puis exécuter dans les contextes applicables ; variantes et champs à instancier après revue","UI_AUTH_API_DB","NON EXÉCUTÉ","Qualification détaillée et environnement isolé requis","","Lot partagé : propriétaire à affecter par orchestrateur"
"REC-ACT-7765ab01e51e","ACT-7765ab01e51e","admin | dgi | dgmg | factory | mine | owner | sonasp","production","/production/daily","Qualifier puis exécuter dans les contextes applicables ; variantes et champs à instancier après revue","UI_AUTH_API_DB","NON EXÉCUTÉ","Qualification détaillée et environnement isolé requis","","Lot production industrielle"
"REC-ACT-77a1e8b16815","ACT-77a1e8b16815","admin | airport | customer | factory | owner | refinery | sonasp","dashboard","/dashboard/airport | /dashboard/customer | /dashboard/factory | /dashboard/management | /dashboard/refinery","Qualifier puis exécuter dans les contextes applicables ; variantes et champs à instancier après revue","UI_AUTH_API_DB","NON EXÉCUTÉ","Qualification détaillée et environnement isolé requis","","Lot pilotage national"
"REC-ACT-78142618eea8","ACT-78142618eea8","admin | airport | customer | factory | mine | owner | refinery | sonasp","international_markets","/fx-rates","Qualifier puis exécuter dans les contextes applicables ; variantes et champs à instancier après revue","UI_AUTH_API_DB","NON EXÉCUTÉ","Qualification détaillée et environnement isolé requis","","Lot international_markets"
"REC-ACT-7829dfb2ca68","ACT-7829dfb2ca68","admin | mine | owner | sonasp","gold_purchases","/achats/reglements","Qualifier puis exécuter dans les contextes applicables ; variantes et champs à instancier après revue","UI_AUTH_API_DB","NON EXÉCUTÉ","Qualification détaillée et environnement isolé requis","","Lot achats et contrats"
"REC-ACT-78326bd7aab5","ACT-78326bd7aab5","admin | collector | comptoir | dgmg | owner | sonasp","artisan-minier","/artisan-minier/:id | /artisan-minier/cartes/expirations | /artisan-minier/cartes/suivi | /artisan-minier/cartes/validation","Qualifier puis exécuter dans les contextes applicables ; variantes et champs à instancier après revue","UI_AUTH_API_DB","NON EXÉCUTÉ","Qualification détaillée et environnement isolé requis","","Lot artisans et affiliations"
"REC-ACT-787b5e60fbe0","ACT-787b5e60fbe0","admin | dgi | dgmg | factory | mine | owner | sonasp","production","/production/daily","Qualifier puis exécuter dans les contextes applicables ; variantes et champs à instancier après revue","UI_AUTH_API_DB","NON EXÉCUTÉ","Qualification détaillée et environnement isolé requis","","Lot production industrielle"
"REC-ACT-787ead27d328","ACT-787ead27d328","admin | airport | collector | comptoir | customer | dgi | dgmg | direction | factory | mine | owner | refinery | sonasp","administration | artisan-minier | artisan_gold_market | conciliation | dashboard | gold_inventory | gold_purchases | international_markets | mining_sites | national_reserve | portal-collector | portal-comptoir | portal-direction | production | public-et-alias | sales | settings | shipping | stakeholders","/access/audit | /access/portals | /access/roles | /achats/comptes | /achats/comptes-paiements | /achats/demandes | /achats/plans | /achats/plans/:id | /achats/reglements | /achats/reglements/nouveau | /admin/gold-sales-settings | /admin/messagerie | /admin/messagerie/:uid | /admin/messagerie/nouveau | /admin/modules | /admin/refineries | /admin/refineries/edit/:id | /admin/refineries/new | /admin/settings | /admin/status-manager | /admin/transport-companies | /admin/transport-companies/edit/:id | /admin/transport-companies/new | /admin/users | /admin/workflow | /approvals | /artisan-minier | /artisan-minier/:artisanId/infractions/:infractionId | /artisan-minier/:artisanId/infractions/:infractionId/modifier | /artisan-minier/:artisanId/infractions/nouvelle | /artisan-minier/:id | /artisan-minier/:id/edit | /artisan-minier/cartes/expirations | /artisan-minier/cartes/suivi | /artisan-minier/cartes/validation | /artisan-minier/collecteurs | /artisan-minier/collecteurs/:id | /artisan-minier/collecteurs/:id/modifier | /artisan-minier/collecteurs/nouveau | /artisan-minier/comptoirs | /artisan-minier/comptoirs/:id | /artisan-minier/comptoirs/:id/modifier | /artisan-minier/comptoirs/nouveau | /artisan-minier/liste | /artisan-minier/paiements | /artisan-minier/paiements/:venteId/nouveau | /artisan-minier/paiements/historique | /artisan-minier/paiements/historique/:paiementId | /artisan-minier/rapports | /artisan-minier/rapports/chiffre-affaires | /artisan-minier/rapports/quantites | /artisan-minier/rapports/taxes | /artisan-minier/ventes-or | /artisan-minier/ventes-or/:id | /artisan-minier/ventes-or/:id/facture | /artisan-minier/ventes-or/:id/modifier | /artisan-minier/ventes-or/nouvelle | /artisan-sites | /artisan-sites/:siteId | /artisan-sites/:siteId/modifier | /artisan-sites/nouveau | /artisan-sites/production | /collecte/ventes | /collecte/ventes/nouvelle | /conciliation | /conciliation/:id | /conciliation/regles-fiscales | /contrats | /contrats/:id | /contrats/:id/modifier | /contrats/nouveau | /contrats/pilotage | /dashboard | /dashboard/airport | /dashboard/customer | /dashboard/factory | /dashboard/management | /dashboard/production-modern | /dashboard/refinery | /freight | /freight-customs | /freight-customs/:id | /freight-customs/create | /freight/shipments/:id | /freight/shipments/create | /gold-prices | /inventory | /inventory/add | /inventory/silver | /national-reserve | /national-reserve/allocations | /national-reserve/allocations/:id | /national-reserve/allocations/:id/edit | /national-reserve/allocations/new | /national-reserve/audit | /national-reserve/controls | /national-reserve/physical | /national-reserve/valuation | /parameters | /payments | /payments/:id | /payments/create | /payments/record | /performance/budgets | /performance/forecasts | /portail-collecteur | /portail-collecteur/documents | /portail-collecteur/stock | /portail-comptoir | /portail-comptoir/stock | /portail-comptoir/ventes-sonasp | /portail-direction/* | /portail-direction/achats | /portail-direction/alertes | /portail-direction/compte | /portail-direction/contrats | /portail-direction/finances | /portail-direction/performance | /portail-direction/previsions | /portail-direction/production | /portail-direction/rapports | /portail-direction/synthese | /production/:id | /production/achats-mines | /production/daily | /production/in-safe | /production/licenses | /production/licenses/requests | /requisitions | /requisitions/:id | /requisitions/:id/modifier | /requisitions/nouvelle | /sales | /sales/:id | /shipping | /shipping/preparation | /shipping/preparation/:id | /shipping/preparation/:id/details | /shipping/preparation/:id/edit | /shipping/preparation/new | /sonasp/cessions-comptoirs | /stakeholders/freight-companies | /stakeholders/organizations | /stakeholders/organizations/:id/edit | /stakeholders/organizations/new | /stakeholders/refinery-plants | /users | /users/:userId | /users/edit | /users/new","Qualifier puis exécuter dans les contextes applicables ; variantes et champs à instancier après revue","UI_AUTH_API_DB","NON EXÉCUTÉ","Qualification détaillée et environnement isolé requis","","Lot partagé : propriétaire à affecter par orchestrateur"
"REC-ACT-78842375efb1","ACT-78842375efb1","admin | airport | customer | factory | mine | owner | refinery | sonasp","analytics | production_analytics | reports | sales_analytics","/analytics | /analytics/national | /analytics/production | /analytics/ventes | /reports","Qualifier puis exécuter dans les contextes applicables ; variantes et champs à instancier après revue","UI_AUTH_API_DB","NON EXÉCUTÉ","Qualification détaillée et environnement isolé requis","","Lot partagé : propriétaire à affecter par orchestrateur"
"REC-ACT-7886bdf9a738","ACT-7886bdf9a738","admin | collector | comptoir | dgmg | owner | sonasp","artisan-minier","/artisan-minier/:id/edit | /artisan-minier/liste","Qualifier puis exécuter dans les contextes applicables ; variantes et champs à instancier après revue","UI_AUTH_API_DB","NON EXÉCUTÉ","Qualification détaillée et environnement isolé requis","","Lot artisans et affiliations"
"REC-ACT-78999acda463","ACT-78999acda463","admin | customer | mine | owner | sonasp","sales","/payments","Qualifier puis exécuter dans les contextes applicables ; variantes et champs à instancier après revue","UI_AUTH_API_DB","NON EXÉCUTÉ","Qualification détaillée et environnement isolé requis","","Lot ventes internationales et paiements"
"REC-ACT-78ce0d63c8ce","ACT-78ce0d63c8ce","admin | owner | sonasp","stakeholders","/customers/:id/edit | /customers/new","Qualifier puis exécuter dans les contextes applicables ; variantes et champs à instancier après revue","UI_AUTH_API_DB","NON EXÉCUTÉ","Qualification détaillée et environnement isolé requis","","Lot référentiels (root pilote Clients)"
"REC-ACT-78e418246d90","ACT-78e418246d90","admin | owner | sonasp","national_reserve","/national-reserve/allocations | /national-reserve/allocations/:id","Qualifier puis exécuter dans les contextes applicables ; variantes et champs à instancier après revue","UI_AUTH_API_DB","NON EXÉCUTÉ","Qualification détaillée et environnement isolé requis","","Lot réserve nationale"
"REC-ACT-792869be9343","ACT-792869be9343","public","authentification","/activate-account","Qualifier puis exécuter dans les contextes applicables ; variantes et champs à instancier après revue","UI_AUTH_API_DB","NON EXÉCUTÉ","Qualification détaillée et environnement isolé requis","","Lot authentification"
"REC-ACT-7939e7950b9f","ACT-7939e7950b9f","admin | mine | owner | sonasp","gold_purchases","/requisitions/:id","Qualifier puis exécuter dans les contextes applicables ; variantes et champs à instancier après revue","UI_AUTH_API_DB","NON EXÉCUTÉ","Qualification détaillée et environnement isolé requis","","Lot achats et contrats"
"REC-ACT-794943d597a9","ACT-794943d597a9","owner | sonasp","public-et-alias","/approvals","Qualifier puis exécuter dans les contextes applicables ; variantes et champs à instancier après revue","UI_AUTH_API_DB","NON EXÉCUTÉ","Qualification détaillée et environnement isolé requis","","Lot public-et-alias"
"REC-ACT-79825d40b269","ACT-79825d40b269","admin | dgmg | owner | sonasp","stakeholders","/stakeholders/mining-companies","Qualifier puis exécuter dans les contextes applicables ; variantes et champs à instancier après revue","UI_AUTH_API_DB","NON EXÉCUTÉ","Qualification détaillée et environnement isolé requis","","Lot référentiels (root pilote Clients)"
"REC-ACT-79f79093f559","ACT-79f79093f559","admin | collector | comptoir | dgmg | owner | sonasp","artisan-minier","/artisan-minier/liste","Qualifier puis exécuter dans les contextes applicables ; variantes et champs à instancier après revue","UI_AUTH_API_DB","NON EXÉCUTÉ","Qualification détaillée et environnement isolé requis","","Lot artisans et affiliations"
"REC-ACT-7a08e3bca1d4","ACT-7a08e3bca1d4","admin | owner | sonasp","artisan-minier","/artisan-minier/cartes/expirations | /artisan-minier/cartes/suivi | /artisan-minier/cartes/validation","Qualifier puis exécuter dans les contextes applicables ; variantes et champs à instancier après revue","UI_AUTH_API_DB","NON EXÉCUTÉ","Qualification détaillée et environnement isolé requis","","Lot artisans et affiliations"
"REC-ACT-7a302fb9d684","ACT-7a302fb9d684","admin | collector | comptoir | dgi | owner | sonasp","artisan_gold_market","/artisan-minier/ventes-or","Qualifier puis exécuter dans les contextes applicables ; variantes et champs à instancier après revue","UI_AUTH_API_DB","NON EXÉCUTÉ","Qualification détaillée et environnement isolé requis","","Lot marché artisanal et paiements"
"REC-ACT-7a85a5fbd1e6","ACT-7a85a5fbd1e6","admin | dgmg | owner","artisan-minier","/artisan-minier/comptoirs/:id | /artisan-minier/comptoirs/:id/modifier | /artisan-minier/comptoirs/nouveau","Qualifier puis exécuter dans les contextes applicables ; variantes et champs à instancier après revue","UI_AUTH_API_DB","NON EXÉCUTÉ","Qualification détaillée et environnement isolé requis","","Lot artisans et affiliations"
"REC-ACT-7a87255653d4","ACT-7a87255653d4","admin | airport | factory | mine | owner | sonasp","shipping","/freight/shipments/create","Qualifier puis exécuter dans les contextes applicables ; variantes et champs à instancier après revue","UI_AUTH_API_DB","NON EXÉCUTÉ","Qualification détaillée et environnement isolé requis","","Lot expéditions"
"REC-ACT-7aa4b057e2c9","ACT-7aa4b057e2c9","admin | airport | factory | mine | owner | sonasp","shipping","/freight/shipments/:id","Qualifier puis exécuter dans les contextes applicables ; variantes et champs à instancier après revue","UI_AUTH_API_DB","NON EXÉCUTÉ","Qualification détaillée et environnement isolé requis","","Lot expéditions"
"REC-ACT-7ab224cf022b","ACT-7ab224cf022b","admin | customer | owner | sonasp","sales","/sales/approve/:saleId | /sales/approve/:saleId/:token","Qualifier puis exécuter dans les contextes applicables ; variantes et champs à instancier après revue","UI_AUTH_API_DB","NON EXÉCUTÉ","Qualification détaillée et environnement isolé requis","","Lot ventes internationales et paiements"
"REC-ACT-7ac529e360b4","ACT-7ac529e360b4","admin | customer | mine | owner | sonasp","sales","/payments/:id","Qualifier puis exécuter dans les contextes applicables ; variantes et champs à instancier après revue","UI_AUTH_API_DB","NON EXÉCUTÉ","Qualification détaillée et environnement isolé requis","","Lot ventes internationales et paiements"
"REC-ACT-7b0b25a9c833","ACT-7b0b25a9c833","CONSOMMATEUR_NON_RESOLU","TRANSVERSE_OU_ORPHELIN_A_QUALIFIER","","Qualifier puis exécuter dans les contextes applicables ; variantes et champs à instancier après revue","UI_AUTH_API_DB","NON EXÉCUTÉ","Qualification détaillée et environnement isolé requis","","Lot partagé : propriétaire à affecter par orchestrateur"
"REC-ACT-7b2bf5fa832e","ACT-7b2bf5fa832e","public","public-et-alias","/","Qualifier puis exécuter dans les contextes applicables ; variantes et champs à instancier après revue","UI_AUTH_API_DB","NON EXÉCUTÉ","Qualification détaillée et environnement isolé requis","","Lot public-et-alias"
"REC-ACT-7b76a2749207","ACT-7b76a2749207","admin | dgmg | owner | sonasp","mining_sites","/artisan-sites/:siteId","Qualifier puis exécuter dans les contextes applicables ; variantes et champs à instancier après revue","UI_AUTH_API_DB","NON EXÉCUTÉ","Qualification détaillée et environnement isolé requis","","Lot sites artisanaux"
"REC-ACT-7c0ffa58d08e","ACT-7c0ffa58d08e","admin | customer | mine | owner | refinery | sonasp","sales","/sales/:id","Qualifier puis exécuter dans les contextes applicables ; variantes et champs à instancier après revue","UI_AUTH_API_DB","NON EXÉCUTÉ","Qualification détaillée et environnement isolé requis","","Lot ventes internationales et paiements"
"REC-ACT-7c3f68f72055","ACT-7c3f68f72055","admin | collector | comptoir | owner | sonasp","artisan_gold_market","/artisan-minier/paiements/:venteId/nouveau","Qualifier puis exécuter dans les contextes applicables ; variantes et champs à instancier après revue","UI_AUTH_API_DB","NON EXÉCUTÉ","Qualification détaillée et environnement isolé requis","","Lot marché artisanal et paiements"
"REC-ACT-7cdf08373f77","ACT-7cdf08373f77","admin | owner | sonasp","dashboard","/dashboard","Qualifier puis exécuter dans les contextes applicables ; variantes et champs à instancier après revue","UI_AUTH_API_DB","NON EXÉCUTÉ","Qualification détaillée et environnement isolé requis","","Lot pilotage national"
"REC-ACT-7d07f798cb46","ACT-7d07f798cb46","admin | airport | mine | owner | sonasp","shipping","/freight-customs/:id","Qualifier puis exécuter dans les contextes applicables ; variantes et champs à instancier après revue","UI_AUTH_API_DB","NON EXÉCUTÉ","Qualification détaillée et environnement isolé requis","","Lot expéditions"
"REC-ACT-7d11d027703f","ACT-7d11d027703f","admin | owner | sonasp","settings","/admin/workflow","Qualifier puis exécuter dans les contextes applicables ; variantes et champs à instancier après revue","UI_AUTH_API_DB","NON EXÉCUTÉ","Qualification détaillée et environnement isolé requis","","Lot paramètres"
"REC-ACT-7d34afef317f","ACT-7d34afef317f","admin | mine | owner | refinery | sonasp","refining","/refining | /refining/:id/process","Qualifier puis exécuter dans les contextes applicables ; variantes et champs à instancier après revue","UI_AUTH_API_DB","NON EXÉCUTÉ","Qualification détaillée et environnement isolé requis","","Lot raffinage"
"REC-ACT-7d386a473683","ACT-7d386a473683","admin | collector | comptoir | dgmg | owner | sonasp","artisan-minier | artisan_gold_market","/artisan-minier/:id/edit | /artisan-minier/collecteurs/:id/modifier | /artisan-minier/collecteurs/nouveau | /artisan-minier/comptoirs/:id | /artisan-minier/comptoirs/:id/modifier | /artisan-minier/comptoirs/nouveau | /artisan-minier/liste | /collecte/ventes | /collecte/ventes/nouvelle","Qualifier puis exécuter dans les contextes applicables ; variantes et champs à instancier après revue","UI_AUTH_API_DB","NON EXÉCUTÉ","Qualification détaillée et environnement isolé requis","","Lot partagé : propriétaire à affecter par orchestrateur"
"REC-ACT-7dcdba4f2b02","ACT-7dcdba4f2b02","admin | owner | sonasp","national_reserve","/national-reserve/allocations | /national-reserve/allocations/:id","Qualifier puis exécuter dans les contextes applicables ; variantes et champs à instancier après revue","UI_AUTH_API_DB","NON EXÉCUTÉ","Qualification détaillée et environnement isolé requis","","Lot réserve nationale"
"REC-ACT-7dd74d1cde4c","ACT-7dd74d1cde4c","admin | owner | sonasp","gold_purchases","/achats/reglements/nouveau","Qualifier puis exécuter dans les contextes applicables ; variantes et champs à instancier après revue","UI_AUTH_API_DB","NON EXÉCUTÉ","Qualification détaillée et environnement isolé requis","","Lot achats et contrats"
"REC-ACT-7df36ba8bb75","ACT-7df36ba8bb75","admin | owner | sonasp","artisan-minier","/artisan-minier/:artisanId/infractions/:infractionId","Qualifier puis exécuter dans les contextes applicables ; variantes et champs à instancier après revue","UI_AUTH_API_DB","NON EXÉCUTÉ","Qualification détaillée et environnement isolé requis","","Lot artisans et affiliations"
"REC-ACT-7df53725a639","ACT-7df53725a639","admin | airport | collector | comptoir | customer | dgi | dgmg | direction | factory | mine | owner | refinery | sonasp","transverse","/help","Qualifier puis exécuter dans les contextes applicables ; variantes et champs à instancier après revue","UI_AUTH_API_DB","NON EXÉCUTÉ","Qualification détaillée et environnement isolé requis","","Lot transverse"
"REC-ACT-7df729015f4f","ACT-7df729015f4f","dgi | dgmg | owner","portal-dgi | portal-dgmg","/portail-dgi | /portail-dgmg","Qualifier puis exécuter dans les contextes applicables ; variantes et champs à instancier après revue","UI_AUTH_API_DB","NON EXÉCUTÉ","Qualification détaillée et environnement isolé requis","","Lot partagé : propriétaire à affecter par orchestrateur"
"REC-ACT-7e4ae509f726","ACT-7e4ae509f726","CONSOMMATEUR_NON_RESOLU","TRANSVERSE_OU_ORPHELIN_A_QUALIFIER","","Qualifier puis exécuter dans les contextes applicables ; variantes et champs à instancier après revue","UI_AUTH_API_DB","NON EXÉCUTÉ","Qualification détaillée et environnement isolé requis","","Lot partagé : propriétaire à affecter par orchestrateur"
"REC-ACT-7e7b52cbd074","ACT-7e7b52cbd074","public","public-et-alias","/","Qualifier puis exécuter dans les contextes applicables ; variantes et champs à instancier après revue","UI_AUTH_API_DB","NON EXÉCUTÉ","Qualification détaillée et environnement isolé requis","","Lot public-et-alias"
"REC-ACT-7ed0f3fc4ae8","ACT-7ed0f3fc4ae8","admin | mine | owner | refinery | sonasp","refining","/refining | /refining/:id/process","Qualifier puis exécuter dans les contextes applicables ; variantes et champs à instancier après revue","UI_AUTH_API_DB","NON EXÉCUTÉ","Qualification détaillée et environnement isolé requis","","Lot raffinage"
"REC-ACT-7ef5c9d290ba","ACT-7ef5c9d290ba","CONSOMMATEUR_NON_RESOLU","TRANSVERSE_OU_ORPHELIN_A_QUALIFIER","","Qualifier puis exécuter dans les contextes applicables ; variantes et champs à instancier après revue","UI_AUTH_API_DB","NON EXÉCUTÉ","Qualification détaillée et environnement isolé requis","","Lot partagé : propriétaire à affecter par orchestrateur"
"REC-ACT-7effd6485259","ACT-7effd6485259","admin | dgmg | owner","artisan-minier","/artisan-minier/comptoirs","Qualifier puis exécuter dans les contextes applicables ; variantes et champs à instancier après revue","UI_AUTH_API_DB","NON EXÉCUTÉ","Qualification détaillée et environnement isolé requis","","Lot artisans et affiliations"
"REC-ACT-7f09586442a3","ACT-7f09586442a3","admin | owner | sonasp","artisan-minier","/artisan-minier","Qualifier puis exécuter dans les contextes applicables ; variantes et champs à instancier après revue","UI_AUTH_API_DB","NON EXÉCUTÉ","Qualification détaillée et environnement isolé requis","","Lot artisans et affiliations"
"REC-ACT-7f1998947df2","ACT-7f1998947df2","admin | customer | mine | owner | sonasp","sales","/payments/:id","Qualifier puis exécuter dans les contextes applicables ; variantes et champs à instancier après revue","UI_AUTH_API_DB","NON EXÉCUTÉ","Qualification détaillée et environnement isolé requis","","Lot ventes internationales et paiements"
"REC-ACT-7f63f1424091","ACT-7f63f1424091","CONSOMMATEUR_NON_RESOLU","TRANSVERSE_OU_ORPHELIN_A_QUALIFIER","","Qualifier puis exécuter dans les contextes applicables ; variantes et champs à instancier après revue","UI_AUTH_API_DB","NON EXÉCUTÉ","Qualification détaillée et environnement isolé requis","","Lot partagé : propriétaire à affecter par orchestrateur"
"REC-ACT-7fe68708a943","ACT-7fe68708a943","admin | owner | sonasp","gold_purchases","/achats/reglements/nouveau","Qualifier puis exécuter dans les contextes applicables ; variantes et champs à instancier après revue","UI_AUTH_API_DB","NON EXÉCUTÉ","Qualification détaillée et environnement isolé requis","","Lot achats et contrats"
"REC-ACT-7ff4888734e2","ACT-7ff4888734e2","admin | mine | owner | sonasp","gold_purchases","/achats/reglements","Qualifier puis exécuter dans les contextes applicables ; variantes et champs à instancier après revue","UI_AUTH_API_DB","NON EXÉCUTÉ","Qualification détaillée et environnement isolé requis","","Lot achats et contrats"
"REC-ACT-8054d583e65b","ACT-8054d583e65b","admin | dgi | dgmg | factory | mine | owner | sonasp","production","/production/daily","Qualifier puis exécuter dans les contextes applicables ; variantes et champs à instancier après revue","UI_AUTH_API_DB","NON EXÉCUTÉ","Qualification détaillée et environnement isolé requis","","Lot production industrielle"
"REC-ACT-807af545189c","ACT-807af545189c","CONSOMMATEUR_NON_RESOLU","TRANSVERSE_OU_ORPHELIN_A_QUALIFIER","","Qualifier puis exécuter dans les contextes applicables ; variantes et champs à instancier après revue","UI_AUTH_API_DB","NON EXÉCUTÉ","Qualification détaillée et environnement isolé requis","","Lot partagé : propriétaire à affecter par orchestrateur"
"REC-ACT-80e92ac030eb","ACT-80e92ac030eb","admin | mine | owner | refinery | sonasp","refining","/refining | /refining/:id/process","Qualifier puis exécuter dans les contextes applicables ; variantes et champs à instancier après revue","UI_AUTH_API_DB","NON EXÉCUTÉ","Qualification détaillée et environnement isolé requis","","Lot raffinage"
"REC-ACT-810cc0e01eda","ACT-810cc0e01eda","admin | customer | mine | owner | refinery | sonasp","sales","/sales","Qualifier puis exécuter dans les contextes applicables ; variantes et champs à instancier après revue","UI_AUTH_API_DB","NON EXÉCUTÉ","Qualification détaillée et environnement isolé requis","","Lot ventes internationales et paiements"
"REC-ACT-8116a72c2721","ACT-8116a72c2721","admin | dgmg | owner","mining_sites","/artisan-sites/:siteId/modifier | /artisan-sites/nouveau","Qualifier puis exécuter dans les contextes applicables ; variantes et champs à instancier après revue","UI_AUTH_API_DB","NON EXÉCUTÉ","Qualification détaillée et environnement isolé requis","","Lot sites artisanaux"
"REC-ACT-8127eaaf1f53","ACT-8127eaaf1f53","admin | airport | customer | factory | mine | owner | refinery | sonasp","international_markets","/fx-rates","Qualifier puis exécuter dans les contextes applicables ; variantes et champs à instancier après revue","UI_AUTH_API_DB","NON EXÉCUTÉ","Qualification détaillée et environnement isolé requis","","Lot international_markets"
"REC-ACT-8149f3871355","ACT-8149f3871355","admin | airport | collector | comptoir | customer | dgi | dgmg | direction | factory | mine | owner | refinery | sonasp","administration | artisan-minier | artisan_gold_market | conciliation | dashboard | gold_inventory | gold_purchases | international_markets | mining_sites | national_reserve | portal-collector | portal-comptoir | portal-direction | production | public-et-alias | sales | settings | shipping | stakeholders","/access/audit | /access/portals | /access/roles | /achats/comptes | /achats/comptes-paiements | /achats/demandes | /achats/plans | /achats/plans/:id | /achats/reglements | /achats/reglements/nouveau | /admin/gold-sales-settings | /admin/messagerie | /admin/messagerie/:uid | /admin/messagerie/nouveau | /admin/modules | /admin/refineries | /admin/refineries/edit/:id | /admin/refineries/new | /admin/settings | /admin/status-manager | /admin/transport-companies | /admin/transport-companies/edit/:id | /admin/transport-companies/new | /admin/users | /admin/workflow | /approvals | /artisan-minier | /artisan-minier/:artisanId/infractions/:infractionId | /artisan-minier/:artisanId/infractions/:infractionId/modifier | /artisan-minier/:artisanId/infractions/nouvelle | /artisan-minier/:id | /artisan-minier/:id/edit | /artisan-minier/cartes/expirations | /artisan-minier/cartes/suivi | /artisan-minier/cartes/validation | /artisan-minier/collecteurs | /artisan-minier/collecteurs/:id | /artisan-minier/collecteurs/:id/modifier | /artisan-minier/collecteurs/nouveau | /artisan-minier/comptoirs | /artisan-minier/comptoirs/:id | /artisan-minier/comptoirs/:id/modifier | /artisan-minier/comptoirs/nouveau | /artisan-minier/liste | /artisan-minier/paiements | /artisan-minier/paiements/:venteId/nouveau | /artisan-minier/paiements/historique | /artisan-minier/paiements/historique/:paiementId | /artisan-minier/rapports | /artisan-minier/rapports/chiffre-affaires | /artisan-minier/rapports/quantites | /artisan-minier/rapports/taxes | /artisan-minier/ventes-or | /artisan-minier/ventes-or/:id | /artisan-minier/ventes-or/:id/facture | /artisan-minier/ventes-or/:id/modifier | /artisan-minier/ventes-or/nouvelle | /artisan-sites | /artisan-sites/:siteId | /artisan-sites/:siteId/modifier | /artisan-sites/nouveau | /artisan-sites/production | /collecte/ventes | /collecte/ventes/nouvelle | /conciliation | /conciliation/:id | /conciliation/regles-fiscales | /contrats | /contrats/:id | /contrats/:id/modifier | /contrats/nouveau | /contrats/pilotage | /dashboard | /dashboard/airport | /dashboard/customer | /dashboard/factory | /dashboard/management | /dashboard/production-modern | /dashboard/refinery | /freight | /freight-customs | /freight-customs/:id | /freight-customs/create | /freight/shipments/:id | /freight/shipments/create | /gold-prices | /inventory | /inventory/add | /inventory/silver | /national-reserve | /national-reserve/allocations | /national-reserve/allocations/:id | /national-reserve/allocations/:id/edit | /national-reserve/allocations/new | /national-reserve/audit | /national-reserve/controls | /national-reserve/physical | /national-reserve/valuation | /parameters | /payments | /payments/:id | /payments/create | /payments/record | /performance/budgets | /performance/forecasts | /portail-collecteur | /portail-collecteur/documents | /portail-collecteur/stock | /portail-comptoir | /portail-comptoir/stock | /portail-comptoir/ventes-sonasp | /portail-direction/* | /portail-direction/achats | /portail-direction/alertes | /portail-direction/compte | /portail-direction/contrats | /portail-direction/finances | /portail-direction/performance | /portail-direction/previsions | /portail-direction/production | /portail-direction/rapports | /portail-direction/synthese | /production/:id | /production/achats-mines | /production/daily | /production/in-safe | /production/licenses | /production/licenses/requests | /requisitions | /requisitions/:id | /requisitions/:id/modifier | /requisitions/nouvelle | /sales | /sales/:id | /shipping | /shipping/preparation | /shipping/preparation/:id | /shipping/preparation/:id/details | /shipping/preparation/:id/edit | /shipping/preparation/new | /sonasp/cessions-comptoirs | /stakeholders/freight-companies | /stakeholders/organizations | /stakeholders/organizations/:id/edit | /stakeholders/organizations/new | /stakeholders/refinery-plants | /users | /users/:userId | /users/edit | /users/new","Qualifier puis exécuter dans les contextes applicables ; variantes et champs à instancier après revue","UI_AUTH_API_DB","NON EXÉCUTÉ","Qualification détaillée et environnement isolé requis","","Lot partagé : propriétaire à affecter par orchestrateur"
"REC-ACT-81a76eb516b7","ACT-81a76eb516b7","CONSOMMATEUR_NON_RESOLU","TRANSVERSE_OU_ORPHELIN_A_QUALIFIER","","Qualifier puis exécuter dans les contextes applicables ; variantes et champs à instancier après revue","UI_AUTH_API_DB","NON EXÉCUTÉ","Qualification détaillée et environnement isolé requis","","Lot partagé : propriétaire à affecter par orchestrateur"
"REC-ACT-81d6d4fb460a","ACT-81d6d4fb460a","admin | collector | comptoir | dgmg | owner | sonasp","artisan-minier","/artisan-minier/:id/edit | /artisan-minier/liste","Qualifier puis exécuter dans les contextes applicables ; variantes et champs à instancier après revue","UI_AUTH_API_DB","NON EXÉCUTÉ","Qualification détaillée et environnement isolé requis","","Lot artisans et affiliations"
"REC-ACT-82102be024a1","ACT-82102be024a1","admin | mine | owner | sonasp","international_markets","/sales/simulator","Qualifier puis exécuter dans les contextes applicables ; variantes et champs à instancier après revue","UI_AUTH_API_DB","NON EXÉCUTÉ","Qualification détaillée et environnement isolé requis","","Lot international_markets"
"REC-ACT-821d68c4dbd4","ACT-821d68c4dbd4","admin | mine | owner | sonasp","gold_purchases","/achats/reglements","Qualifier puis exécuter dans les contextes applicables ; variantes et champs à instancier après revue","UI_AUTH_API_DB","NON EXÉCUTÉ","Qualification détaillée et environnement isolé requis","","Lot achats et contrats"
"REC-ACT-8224422cb259","ACT-8224422cb259","admin | dgi | mine | owner | sonasp","conciliation","/conciliation","Qualifier puis exécuter dans les contextes applicables ; variantes et champs à instancier après revue","UI_AUTH_API_DB","NON EXÉCUTÉ","Qualification détaillée et environnement isolé requis","","Lot conciliation"
"REC-ACT-82d34339470f","ACT-82d34339470f","admin | airport | collector | comptoir | customer | dgi | dgmg | direction | factory | mine | owner | refinery | sonasp","administration | artisan-minier | artisan_gold_market | conciliation | dashboard | gold_inventory | gold_purchases | international_markets | mining_sites | national_reserve | portal-collector | portal-comptoir | portal-direction | production | public-et-alias | sales | settings | shipping | stakeholders","/access/audit | /access/portals | /access/roles | /achats/comptes | /achats/comptes-paiements | /achats/demandes | /achats/plans | /achats/plans/:id | /achats/reglements | /achats/reglements/nouveau | /admin/gold-sales-settings | /admin/messagerie | /admin/messagerie/:uid | /admin/messagerie/nouveau | /admin/modules | /admin/refineries | /admin/refineries/edit/:id | /admin/refineries/new | /admin/settings | /admin/status-manager | /admin/transport-companies | /admin/transport-companies/edit/:id | /admin/transport-companies/new | /admin/users | /admin/workflow | /approvals | /artisan-minier | /artisan-minier/:artisanId/infractions/:infractionId | /artisan-minier/:artisanId/infractions/:infractionId/modifier | /artisan-minier/:artisanId/infractions/nouvelle | /artisan-minier/:id | /artisan-minier/:id/edit | /artisan-minier/cartes/expirations | /artisan-minier/cartes/suivi | /artisan-minier/cartes/validation | /artisan-minier/collecteurs | /artisan-minier/collecteurs/:id | /artisan-minier/collecteurs/:id/modifier | /artisan-minier/collecteurs/nouveau | /artisan-minier/comptoirs | /artisan-minier/comptoirs/:id | /artisan-minier/comptoirs/:id/modifier | /artisan-minier/comptoirs/nouveau | /artisan-minier/liste | /artisan-minier/paiements | /artisan-minier/paiements/:venteId/nouveau | /artisan-minier/paiements/historique | /artisan-minier/paiements/historique/:paiementId | /artisan-minier/rapports | /artisan-minier/rapports/chiffre-affaires | /artisan-minier/rapports/quantites | /artisan-minier/rapports/taxes | /artisan-minier/ventes-or | /artisan-minier/ventes-or/:id | /artisan-minier/ventes-or/:id/facture | /artisan-minier/ventes-or/:id/modifier | /artisan-minier/ventes-or/nouvelle | /artisan-sites | /artisan-sites/:siteId | /artisan-sites/:siteId/modifier | /artisan-sites/nouveau | /artisan-sites/production | /collecte/ventes | /collecte/ventes/nouvelle | /conciliation | /conciliation/:id | /conciliation/regles-fiscales | /contrats | /contrats/:id | /contrats/:id/modifier | /contrats/nouveau | /contrats/pilotage | /dashboard | /dashboard/airport | /dashboard/customer | /dashboard/factory | /dashboard/management | /dashboard/production-modern | /dashboard/refinery | /freight | /freight-customs | /freight-customs/:id | /freight-customs/create | /freight/shipments/:id | /freight/shipments/create | /gold-prices | /inventory | /inventory/add | /inventory/silver | /national-reserve | /national-reserve/allocations | /national-reserve/allocations/:id | /national-reserve/allocations/:id/edit | /national-reserve/allocations/new | /national-reserve/audit | /national-reserve/controls | /national-reserve/physical | /national-reserve/valuation | /parameters | /payments | /payments/:id | /payments/create | /payments/record | /performance/budgets | /performance/forecasts | /portail-collecteur | /portail-collecteur/documents | /portail-collecteur/stock | /portail-comptoir | /portail-comptoir/stock | /portail-comptoir/ventes-sonasp | /portail-direction/* | /portail-direction/achats | /portail-direction/alertes | /portail-direction/compte | /portail-direction/contrats | /portail-direction/finances | /portail-direction/performance | /portail-direction/previsions | /portail-direction/production | /portail-direction/rapports | /portail-direction/synthese | /production/:id | /production/achats-mines | /production/daily | /production/in-safe | /production/licenses | /production/licenses/requests | /requisitions | /requisitions/:id | /requisitions/:id/modifier | /requisitions/nouvelle | /sales | /sales/:id | /shipping | /shipping/preparation | /shipping/preparation/:id | /shipping/preparation/:id/details | /shipping/preparation/:id/edit | /shipping/preparation/new | /sonasp/cessions-comptoirs | /stakeholders/freight-companies | /stakeholders/organizations | /stakeholders/organizations/:id/edit | /stakeholders/organizations/new | /stakeholders/refinery-plants | /users | /users/:userId | /users/edit | /users/new","Qualifier puis exécuter dans les contextes applicables ; variantes et champs à instancier après revue","UI_AUTH_API_DB","NON EXÉCUTÉ","Qualification détaillée et environnement isolé requis","","Lot partagé : propriétaire à affecter par orchestrateur"
"REC-ACT-82e541945282","ACT-82e541945282","admin | owner | sonasp","national_reserve","/national-reserve/allocations/:id/edit | /national-reserve/allocations/new","Qualifier puis exécuter dans les contextes applicables ; variantes et champs à instancier après revue","UI_AUTH_API_DB","NON EXÉCUTÉ","Qualification détaillée et environnement isolé requis","","Lot réserve nationale"
"REC-ACT-82fa4f3a7f46","ACT-82fa4f3a7f46","admin | owner | sonasp","national_reserve","/national-reserve/allocations | /national-reserve/allocations/:id","Qualifier puis exécuter dans les contextes applicables ; variantes et champs à instancier après revue","UI_AUTH_API_DB","NON EXÉCUTÉ","Qualification détaillée et environnement isolé requis","","Lot réserve nationale"
"REC-ACT-8436cc5cb2c0","ACT-8436cc5cb2c0","admin | collector | comptoir | dgmg | owner | sonasp","artisan-minier","/artisan-minier/collecteurs | /artisan-minier/collecteurs/:id","Qualifier puis exécuter dans les contextes applicables ; variantes et champs à instancier après revue","UI_AUTH_API_DB","NON EXÉCUTÉ","Qualification détaillée et environnement isolé requis","","Lot artisans et affiliations"
"REC-ACT-84757c40daad","ACT-84757c40daad","admin | owner | sonasp","settings","/admin/gold-sales-settings","Qualifier puis exécuter dans les contextes applicables ; variantes et champs à instancier après revue","UI_AUTH_API_DB","NON EXÉCUTÉ","Qualification détaillée et environnement isolé requis","","Lot paramètres"
"REC-ACT-84783346c523","ACT-84783346c523","admin | airport | customer | factory | mine | owner | refinery | sonasp","analytics | production_analytics | reports | sales_analytics","/analytics | /analytics/national | /analytics/production | /analytics/ventes | /reports","Qualifier puis exécuter dans les contextes applicables ; variantes et champs à instancier après revue","UI_AUTH_API_DB","NON EXÉCUTÉ","Qualification détaillée et environnement isolé requis","","Lot partagé : propriétaire à affecter par orchestrateur"
"REC-ACT-847983e369c4","ACT-847983e369c4","admin | airport | factory | mine | owner | sonasp","shipping","/freight/shipments/:id","Qualifier puis exécuter dans les contextes applicables ; variantes et champs à instancier après revue","UI_AUTH_API_DB","NON EXÉCUTÉ","Qualification détaillée et environnement isolé requis","","Lot expéditions"
"REC-ACT-84961817baeb","ACT-84961817baeb","admin | mine | owner | sonasp","gold_purchases","/requisitions/:id","Qualifier puis exécuter dans les contextes applicables ; variantes et champs à instancier après revue","UI_AUTH_API_DB","NON EXÉCUTÉ","Qualification détaillée et environnement isolé requis","","Lot achats et contrats"
"REC-ACT-84a6392425c6","ACT-84a6392425c6","admin | owner | sonasp","national_reserve","/national-reserve | /national-reserve/audit | /national-reserve/controls | /national-reserve/physical | /national-reserve/valuation","Qualifier puis exécuter dans les contextes applicables ; variantes et champs à instancier après revue","UI_AUTH_API_DB","NON EXÉCUTÉ","Qualification détaillée et environnement isolé requis","","Lot réserve nationale"
"REC-ACT-84c140ca5820","ACT-84c140ca5820","admin | owner | sonasp","stakeholders","/customers/:id/edit | /customers/new","Qualifier puis exécuter dans les contextes applicables ; variantes et champs à instancier après revue","UI_AUTH_API_DB","NON EXÉCUTÉ","Qualification détaillée et environnement isolé requis","","Lot référentiels (root pilote Clients)"
"REC-ACT-84d9282060ac","ACT-84d9282060ac","CONSOMMATEUR_NON_RESOLU","TRANSVERSE_OU_ORPHELIN_A_QUALIFIER","","Qualifier puis exécuter dans les contextes applicables ; variantes et champs à instancier après revue","UI_AUTH_API_DB","NON EXÉCUTÉ","Qualification détaillée et environnement isolé requis","","Lot partagé : propriétaire à affecter par orchestrateur"
"REC-ACT-84ed030bc253","ACT-84ed030bc253","owner | sonasp","public-et-alias","/approvals","Qualifier puis exécuter dans les contextes applicables ; variantes et champs à instancier après revue","UI_AUTH_API_DB","NON EXÉCUTÉ","Qualification détaillée et environnement isolé requis","","Lot public-et-alias"
"REC-ACT-851cfc986d4d","ACT-851cfc986d4d","admin | collector | comptoir | dgmg | owner | sonasp","artisan-minier","/artisan-minier/:id | /artisan-minier/cartes/expirations | /artisan-minier/cartes/suivi | /artisan-minier/cartes/validation","Qualifier puis exécuter dans les contextes applicables ; variantes et champs à instancier après revue","UI_AUTH_API_DB","NON EXÉCUTÉ","Qualification détaillée et environnement isolé requis","","Lot artisans et affiliations"
"REC-ACT-853331d42fb3","ACT-853331d42fb3","admin | customer | mine | owner | refinery | sonasp","sales","/sales","Qualifier puis exécuter dans les contextes applicables ; variantes et champs à instancier après revue","UI_AUTH_API_DB","NON EXÉCUTÉ","Qualification détaillée et environnement isolé requis","","Lot ventes internationales et paiements"
"REC-ACT-85571a810d7b","ACT-85571a810d7b","admin | airport | customer | factory | owner | refinery | sonasp","dashboard","/dashboard/airport | /dashboard/customer | /dashboard/factory | /dashboard/management | /dashboard/refinery","Qualifier puis exécuter dans les contextes applicables ; variantes et champs à instancier après revue","UI_AUTH_API_DB","NON EXÉCUTÉ","Qualification détaillée et environnement isolé requis","","Lot pilotage national"
"REC-ACT-857b1d3e4dc1","ACT-857b1d3e4dc1","admin | airport | factory | mine | owner | sonasp","documents","/documents/assay-certificates","Qualifier puis exécuter dans les contextes applicables ; variantes et champs à instancier après revue","UI_AUTH_API_DB","NON EXÉCUTÉ","Qualification détaillée et environnement isolé requis","","Lot documents"
"REC-ACT-857d6b9b5547","ACT-857d6b9b5547","admin | owner","administration","/users/edit | /users/new","Qualifier puis exécuter dans les contextes applicables ; variantes et champs à instancier après revue","UI_AUTH_API_DB","NON EXÉCUTÉ","Qualification détaillée et environnement isolé requis","","Lot administration et IAM"
"REC-ACT-858529106e14","ACT-858529106e14","admin | dgmg | owner","artisan-minier","/artisan-minier/collecteurs/:id/modifier | /artisan-minier/collecteurs/nouveau","Qualifier puis exécuter dans les contextes applicables ; variantes et champs à instancier après revue","UI_AUTH_API_DB","NON EXÉCUTÉ","Qualification détaillée et environnement isolé requis","","Lot artisans et affiliations"
"REC-ACT-85baf1d8e94d","ACT-85baf1d8e94d","admin | owner | sonasp","national_reserve","/national-reserve/allocations | /national-reserve/allocations/:id","Qualifier puis exécuter dans les contextes applicables ; variantes et champs à instancier après revue","UI_AUTH_API_DB","NON EXÉCUTÉ","Qualification détaillée et environnement isolé requis","","Lot réserve nationale"
"REC-ACT-85d24592cf1b","ACT-85d24592cf1b","admin | customer | mine | owner | refinery | sonasp","sales","/sales","Qualifier puis exécuter dans les contextes applicables ; variantes et champs à instancier après revue","UI_AUTH_API_DB","NON EXÉCUTÉ","Qualification détaillée et environnement isolé requis","","Lot ventes internationales et paiements"
"REC-ACT-85f530118ce2","ACT-85f530118ce2","admin | airport | collector | comptoir | customer | dgi | dgmg | direction | factory | mine | owner | refinery | sonasp","transverse","/help","Qualifier puis exécuter dans les contextes applicables ; variantes et champs à instancier après revue","UI_AUTH_API_DB","NON EXÉCUTÉ","Qualification détaillée et environnement isolé requis","","Lot transverse"
"REC-ACT-862041d0c36a","ACT-862041d0c36a","admin | owner","administration","/access/roles","Qualifier puis exécuter dans les contextes applicables ; variantes et champs à instancier après revue","UI_AUTH_API_DB","NON EXÉCUTÉ","Qualification détaillée et environnement isolé requis","","Lot administration et IAM"
"REC-ACT-8637262e2e48","ACT-8637262e2e48","admin | owner | refinery | sonasp","gold_inventory","/inventory/add","Qualifier puis exécuter dans les contextes applicables ; variantes et champs à instancier après revue","UI_AUTH_API_DB","NON EXÉCUTÉ","Qualification détaillée et environnement isolé requis","","Lot stocks"
"REC-ACT-867e49972bc9","ACT-867e49972bc9","admin | owner | sonasp","stakeholders","/customers/:id/edit | /customers/new","Qualifier puis exécuter dans les contextes applicables ; variantes et champs à instancier après revue","UI_AUTH_API_DB","NON EXÉCUTÉ","Qualification détaillée et environnement isolé requis","","Lot référentiels (root pilote Clients)"
"REC-ACT-86f7645550ef","ACT-86f7645550ef","admin | customer | owner | sonasp","sales","/sales/approve/:saleId | /sales/approve/:saleId/:token","Qualifier puis exécuter dans les contextes applicables ; variantes et champs à instancier après revue","UI_AUTH_API_DB","NON EXÉCUTÉ","Qualification détaillée et environnement isolé requis","","Lot ventes internationales et paiements"
"REC-ACT-871bf185e0a9","ACT-871bf185e0a9","admin | mine | owner | sonasp","gold_purchases","/contrats/:id","Qualifier puis exécuter dans les contextes applicables ; variantes et champs à instancier après revue","UI_AUTH_API_DB","NON EXÉCUTÉ","Qualification détaillée et environnement isolé requis","","Lot achats et contrats"
"REC-ACT-872aa66ccd44","ACT-872aa66ccd44","admin | mine | owner | sonasp","stakeholders","/customers/:id","Qualifier puis exécuter dans les contextes applicables ; variantes et champs à instancier après revue","UI_AUTH_API_DB","NON EXÉCUTÉ","Qualification détaillée et environnement isolé requis","","Lot référentiels (root pilote Clients)"
"REC-ACT-872f2aa0df08","ACT-872f2aa0df08","admin | mine | owner | sonasp","production","/production/licenses/edit/:id | /production/licenses/new","Qualifier puis exécuter dans les contextes applicables ; variantes et champs à instancier après revue","UI_AUTH_API_DB","NON EXÉCUTÉ","Qualification détaillée et environnement isolé requis","","Lot production industrielle"
"REC-ACT-87683f0a6b93","ACT-87683f0a6b93","admin | mine | owner | sonasp","gold_purchases","/contrats/:id/modifier | /contrats/nouveau","Qualifier puis exécuter dans les contextes applicables ; variantes et champs à instancier après revue","UI_AUTH_API_DB","NON EXÉCUTÉ","Qualification détaillée et environnement isolé requis","","Lot achats et contrats"
"REC-ACT-87b9b840b7de","ACT-87b9b840b7de","admin | dgi | mine | owner | sonasp","conciliation","/conciliation","Qualifier puis exécuter dans les contextes applicables ; variantes et champs à instancier après revue","UI_AUTH_API_DB","NON EXÉCUTÉ","Qualification détaillée et environnement isolé requis","","Lot conciliation"
"REC-ACT-87c4836f6538","ACT-87c4836f6538","CONSOMMATEUR_NON_RESOLU","TRANSVERSE_OU_ORPHELIN_A_QUALIFIER","","Qualifier puis exécuter dans les contextes applicables ; variantes et champs à instancier après revue","UI_AUTH_API_DB","NON EXÉCUTÉ","Qualification détaillée et environnement isolé requis","","Lot partagé : propriétaire à affecter par orchestrateur"
"REC-ACT-87c6fa81e9a4","ACT-87c6fa81e9a4","mine | owner","portal-mine","/portail-mine","Qualifier puis exécuter dans les contextes applicables ; variantes et champs à instancier après revue","UI_AUTH_API_DB","NON EXÉCUTÉ","Qualification détaillée et environnement isolé requis","","Lot portal-mine"
"REC-ACT-87e3cabef325","ACT-87e3cabef325","admin | dgmg | owner | sonasp","mining_sites","/artisan-sites","Qualifier puis exécuter dans les contextes applicables ; variantes et champs à instancier après revue","UI_AUTH_API_DB","NON EXÉCUTÉ","Qualification détaillée et environnement isolé requis","","Lot sites artisanaux"
"REC-ACT-87e7beef7e8c","ACT-87e7beef7e8c","admin | customer | mine | owner | refinery | sonasp","sales","/sales/:id","Qualifier puis exécuter dans les contextes applicables ; variantes et champs à instancier après revue","UI_AUTH_API_DB","NON EXÉCUTÉ","Qualification détaillée et environnement isolé requis","","Lot ventes internationales et paiements"
"REC-ACT-87fb85072cad","ACT-87fb85072cad","admin | dgi | dgmg | factory | mine | owner | sonasp","production","/production/:id","Qualifier puis exécuter dans les contextes applicables ; variantes et champs à instancier après revue","UI_AUTH_API_DB","NON EXÉCUTÉ","Qualification détaillée et environnement isolé requis","","Lot production industrielle"
"REC-ACT-882aa4a7670a","ACT-882aa4a7670a","admin | dgmg | owner | sonasp","mining_sites","/artisan-sites","Qualifier puis exécuter dans les contextes applicables ; variantes et champs à instancier après revue","UI_AUTH_API_DB","NON EXÉCUTÉ","Qualification détaillée et environnement isolé requis","","Lot sites artisanaux"
"REC-ACT-88385504c519","ACT-88385504c519","admin | collector | comptoir | dgmg | owner | sonasp","artisan-minier","/artisan-minier/liste","Qualifier puis exécuter dans les contextes applicables ; variantes et champs à instancier après revue","UI_AUTH_API_DB","NON EXÉCUTÉ","Qualification détaillée et environnement isolé requis","","Lot artisans et affiliations"
"REC-ACT-88587556af77","ACT-88587556af77","owner | sonasp","public-et-alias","/approvals","Qualifier puis exécuter dans les contextes applicables ; variantes et champs à instancier après revue","UI_AUTH_API_DB","NON EXÉCUTÉ","Qualification détaillée et environnement isolé requis","","Lot public-et-alias"
"REC-ACT-8894e59257f6","ACT-8894e59257f6","admin | dgi | mine | owner | sonasp","conciliation","/conciliation","Qualifier puis exécuter dans les contextes applicables ; variantes et champs à instancier après revue","UI_AUTH_API_DB","NON EXÉCUTÉ","Qualification détaillée et environnement isolé requis","","Lot conciliation"
"REC-ACT-88b82bba6c3c","ACT-88b82bba6c3c","mine | owner","portal-mine","/portail-mine","Qualifier puis exécuter dans les contextes applicables ; variantes et champs à instancier après revue","UI_AUTH_API_DB","NON EXÉCUTÉ","Qualification détaillée et environnement isolé requis","","Lot portal-mine"
"REC-ACT-88bdda6ddca7","ACT-88bdda6ddca7","admin | mine | owner | sonasp","gold_purchases","/requisitions/:id","Qualifier puis exécuter dans les contextes applicables ; variantes et champs à instancier après revue","UI_AUTH_API_DB","NON EXÉCUTÉ","Qualification détaillée et environnement isolé requis","","Lot achats et contrats"
"REC-ACT-88bee830eb93","ACT-88bee830eb93","CONSOMMATEUR_NON_RESOLU","TRANSVERSE_OU_ORPHELIN_A_QUALIFIER","","Qualifier puis exécuter dans les contextes applicables ; variantes et champs à instancier après revue","UI_AUTH_API_DB","NON EXÉCUTÉ","Qualification détaillée et environnement isolé requis","","Lot partagé : propriétaire à affecter par orchestrateur"
"REC-ACT-88c06694548d","ACT-88c06694548d","admin | collector | comptoir | dgmg | owner | sonasp","artisan-minier","/artisan-minier/:id | /artisan-minier/cartes/expirations | /artisan-minier/cartes/suivi | /artisan-minier/cartes/validation","Qualifier puis exécuter dans les contextes applicables ; variantes et champs à instancier après revue","UI_AUTH_API_DB","NON EXÉCUTÉ","Qualification détaillée et environnement isolé requis","","Lot artisans et affiliations"
"REC-ACT-89379306c1a1","ACT-89379306c1a1","admin | comptoir | owner | sonasp","artisan_gold_market","/artisan-minier/ventes-or/:id/facture","Qualifier puis exécuter dans les contextes applicables ; variantes et champs à instancier après revue","UI_AUTH_API_DB","NON EXÉCUTÉ","Qualification détaillée et environnement isolé requis","","Lot marché artisanal et paiements"
"REC-ACT-8976b4e3f500","ACT-8976b4e3f500","admin | dgmg | owner","artisan-minier","/artisan-minier/comptoirs/:id | /artisan-minier/comptoirs/:id/modifier | /artisan-minier/comptoirs/nouveau","Qualifier puis exécuter dans les contextes applicables ; variantes et champs à instancier après revue","UI_AUTH_API_DB","NON EXÉCUTÉ","Qualification détaillée et environnement isolé requis","","Lot artisans et affiliations"
"REC-ACT-898dd16c0670","ACT-898dd16c0670","CONSOMMATEUR_NON_RESOLU","TRANSVERSE_OU_ORPHELIN_A_QUALIFIER","","Qualifier puis exécuter dans les contextes applicables ; variantes et champs à instancier après revue","UI_AUTH_API_DB","NON EXÉCUTÉ","Qualification détaillée et environnement isolé requis","","Lot partagé : propriétaire à affecter par orchestrateur"
"REC-ACT-89a94c2a449c","ACT-89a94c2a449c","CONSOMMATEUR_NON_RESOLU","TRANSVERSE_OU_ORPHELIN_A_QUALIFIER","","Qualifier puis exécuter dans les contextes applicables ; variantes et champs à instancier après revue","UI_AUTH_API_DB","NON EXÉCUTÉ","Qualification détaillée et environnement isolé requis","","Lot partagé : propriétaire à affecter par orchestrateur"
"REC-ACT-89ae43607f90","ACT-89ae43607f90","admin | customer | mine | owner | refinery | sonasp","sales","/sales","Qualifier puis exécuter dans les contextes applicables ; variantes et champs à instancier après revue","UI_AUTH_API_DB","NON EXÉCUTÉ","Qualification détaillée et environnement isolé requis","","Lot ventes internationales et paiements"
"REC-ACT-89d6169e6bc5","ACT-89d6169e6bc5","public","public-et-alias","/assistance","Qualifier puis exécuter dans les contextes applicables ; variantes et champs à instancier après revue","UI_AUTH_API_DB","NON EXÉCUTÉ","Qualification détaillée et environnement isolé requis","","Lot public-et-alias"
"REC-ACT-8a12873cf7d2","ACT-8a12873cf7d2","admin | mine | owner | sonasp","gold_purchases","/requisitions/:id","Qualifier puis exécuter dans les contextes applicables ; variantes et champs à instancier après revue","UI_AUTH_API_DB","NON EXÉCUTÉ","Qualification détaillée et environnement isolé requis","","Lot achats et contrats"
"REC-ACT-8bdf185e8afa","ACT-8bdf185e8afa","admin | collector | comptoir | dgmg | owner | sonasp","artisan-minier","/artisan-minier/:id/edit | /artisan-minier/liste","Qualifier puis exécuter dans les contextes applicables ; variantes et champs à instancier après revue","UI_AUTH_API_DB","NON EXÉCUTÉ","Qualification détaillée et environnement isolé requis","","Lot artisans et affiliations"
"REC-ACT-8bff261c26f1","ACT-8bff261c26f1","admin | airport | customer | dgi | dgmg | factory | mine | owner | refinery | sonasp","production | sales | shipping","/freight/shipments/:id | /production/:id | /sales/:id | /shipping/preparation/:id | /shipping/preparation/:id/details","Qualifier puis exécuter dans les contextes applicables ; variantes et champs à instancier après revue","UI_AUTH_API_DB","NON EXÉCUTÉ","Qualification détaillée et environnement isolé requis","","Lot partagé : propriétaire à affecter par orchestrateur"
"REC-ACT-8c1c79b949b1","ACT-8c1c79b949b1","admin | mine | owner | refinery | sonasp","refining","/refining | /refining/:id/process","Qualifier puis exécuter dans les contextes applicables ; variantes et champs à instancier après revue","UI_AUTH_API_DB","NON EXÉCUTÉ","Qualification détaillée et environnement isolé requis","","Lot raffinage"
"REC-ACT-8c4597a0b753","ACT-8c4597a0b753","CONSOMMATEUR_NON_RESOLU","TRANSVERSE_OU_ORPHELIN_A_QUALIFIER","","Qualifier puis exécuter dans les contextes applicables ; variantes et champs à instancier après revue","UI_AUTH_API_DB","NON EXÉCUTÉ","Qualification détaillée et environnement isolé requis","","Lot partagé : propriétaire à affecter par orchestrateur"
"REC-ACT-8c62e8a2f899","ACT-8c62e8a2f899","admin | collector | comptoir | owner | sonasp","artisan_gold_market","/artisan-minier/paiements/:venteId/nouveau","Qualifier puis exécuter dans les contextes applicables ; variantes et champs à instancier après revue","UI_AUTH_API_DB","NON EXÉCUTÉ","Qualification détaillée et environnement isolé requis","","Lot marché artisanal et paiements"
"REC-ACT-8cf0c069831a","ACT-8cf0c069831a","admin | owner | sonasp","national_reserve","/national-reserve/allocations/:id/edit | /national-reserve/allocations/new","Qualifier puis exécuter dans les contextes applicables ; variantes et champs à instancier après revue","UI_AUTH_API_DB","NON EXÉCUTÉ","Qualification détaillée et environnement isolé requis","","Lot réserve nationale"
"REC-ACT-8d3b92dc0c6f","ACT-8d3b92dc0c6f","admin | collector | comptoir | dgmg | owner | sonasp","artisan-minier","/artisan-minier/:id","Qualifier puis exécuter dans les contextes applicables ; variantes et champs à instancier après revue","UI_AUTH_API_DB","NON EXÉCUTÉ","Qualification détaillée et environnement isolé requis","","Lot artisans et affiliations"
"REC-ACT-8d524c5fac8b","ACT-8d524c5fac8b","admin | airport | factory | mine | owner | sonasp","shipping","/freight/shipments/:id","Qualifier puis exécuter dans les contextes applicables ; variantes et champs à instancier après revue","UI_AUTH_API_DB","NON EXÉCUTÉ","Qualification détaillée et environnement isolé requis","","Lot expéditions"
"REC-ACT-8d91802dc472","ACT-8d91802dc472","admin | collector | comptoir | dgi | owner | sonasp","artisan_gold_market","/artisan-minier/ventes-or/:id","Qualifier puis exécuter dans les contextes applicables ; variantes et champs à instancier après revue","UI_AUTH_API_DB","NON EXÉCUTÉ","Qualification détaillée et environnement isolé requis","","Lot marché artisanal et paiements"
"REC-ACT-8df3462cb7d5","ACT-8df3462cb7d5","admin | owner | refinery | sonasp","gold_inventory","/inventory/add","Qualifier puis exécuter dans les contextes applicables ; variantes et champs à instancier après revue","UI_AUTH_API_DB","NON EXÉCUTÉ","Qualification détaillée et environnement isolé requis","","Lot stocks"
"REC-ACT-8e072f67b9c6","ACT-8e072f67b9c6","admin | mine | owner | sonasp","gold_purchases","/requisitions/:id","Qualifier puis exécuter dans les contextes applicables ; variantes et champs à instancier après revue","UI_AUTH_API_DB","NON EXÉCUTÉ","Qualification détaillée et environnement isolé requis","","Lot achats et contrats"
"REC-ACT-8e2e4b03739f","ACT-8e2e4b03739f","admin | dgmg | owner","artisan-minier","/artisan-minier/collecteurs/:id/modifier | /artisan-minier/collecteurs/nouveau","Qualifier puis exécuter dans les contextes applicables ; variantes et champs à instancier après revue","UI_AUTH_API_DB","NON EXÉCUTÉ","Qualification détaillée et environnement isolé requis","","Lot artisans et affiliations"
"REC-ACT-8e353e719cea","ACT-8e353e719cea","CONSOMMATEUR_NON_RESOLU","TRANSVERSE_OU_ORPHELIN_A_QUALIFIER","","Qualifier puis exécuter dans les contextes applicables ; variantes et champs à instancier après revue","UI_AUTH_API_DB","NON EXÉCUTÉ","Qualification détaillée et environnement isolé requis","","Lot partagé : propriétaire à affecter par orchestrateur"
"REC-ACT-8e488908c603","ACT-8e488908c603","admin | mine | owner | sonasp","stakeholders","/stakeholders/depositors","Qualifier puis exécuter dans les contextes applicables ; variantes et champs à instancier après revue","UI_AUTH_API_DB","NON EXÉCUTÉ","Qualification détaillée et environnement isolé requis","","Lot référentiels (root pilote Clients)"
"REC-ACT-8e5f44710ca0","ACT-8e5f44710ca0","admin | dgi | mine | owner | sonasp","conciliation","/conciliation/:id","Qualifier puis exécuter dans les contextes applicables ; variantes et champs à instancier après revue","UI_AUTH_API_DB","NON EXÉCUTÉ","Qualification détaillée et environnement isolé requis","","Lot conciliation"
"REC-ACT-8e63e4bc27cf","ACT-8e63e4bc27cf","admin | mine | owner | sonasp","gold_purchases","/achats/comptes | /achats/comptes-paiements | /achats/demandes | /achats/plans | /achats/plans/:id | /achats/reglements","Qualifier puis exécuter dans les contextes applicables ; variantes et champs à instancier après revue","UI_AUTH_API_DB","NON EXÉCUTÉ","Qualification détaillée et environnement isolé requis","","Lot achats et contrats"
"REC-ACT-8e6e5eec34d3","ACT-8e6e5eec34d3","admin | mine | owner | sonasp","sales","/sales/new","Qualifier puis exécuter dans les contextes applicables ; variantes et champs à instancier après revue","UI_AUTH_API_DB","NON EXÉCUTÉ","Qualification détaillée et environnement isolé requis","","Lot ventes internationales et paiements"
"REC-ACT-8e94a1933cc8","ACT-8e94a1933cc8","admin | collector | comptoir | dgmg | owner | sonasp","artisan-minier","/artisan-minier/:id | /artisan-minier/cartes/expirations | /artisan-minier/cartes/suivi | /artisan-minier/cartes/validation","Qualifier puis exécuter dans les contextes applicables ; variantes et champs à instancier après revue","UI_AUTH_API_DB","NON EXÉCUTÉ","Qualification détaillée et environnement isolé requis","","Lot artisans et affiliations"
"REC-ACT-8f2c27aebf13","ACT-8f2c27aebf13","CONSOMMATEUR_NON_RESOLU","TRANSVERSE_OU_ORPHELIN_A_QUALIFIER","","Qualifier puis exécuter dans les contextes applicables ; variantes et champs à instancier après revue","UI_AUTH_API_DB","NON EXÉCUTÉ","Qualification détaillée et environnement isolé requis","","Lot partagé : propriétaire à affecter par orchestrateur"
"REC-ACT-8f46ecc780c9","ACT-8f46ecc780c9","admin | collector | comptoir | dgmg | owner | sonasp","artisan-minier","/artisan-minier/liste","Qualifier puis exécuter dans les contextes applicables ; variantes et champs à instancier après revue","UI_AUTH_API_DB","NON EXÉCUTÉ","Qualification détaillée et environnement isolé requis","","Lot artisans et affiliations"
"REC-ACT-8fa40edd684c","ACT-8fa40edd684c","admin | airport | customer | factory | mine | owner | refinery | sonasp","analytics | production_analytics | reports | sales_analytics","/analytics | /analytics/national | /analytics/production | /analytics/ventes | /reports","Qualifier puis exécuter dans les contextes applicables ; variantes et champs à instancier après revue","UI_AUTH_API_DB","NON EXÉCUTÉ","Qualification détaillée et environnement isolé requis","","Lot partagé : propriétaire à affecter par orchestrateur"
"REC-ACT-8fb8d1aa164d","ACT-8fb8d1aa164d","admin | owner | sonasp","national_reserve","/national-reserve/allocations | /national-reserve/allocations/:id","Qualifier puis exécuter dans les contextes applicables ; variantes et champs à instancier après revue","UI_AUTH_API_DB","NON EXÉCUTÉ","Qualification détaillée et environnement isolé requis","","Lot réserve nationale"
"REC-ACT-8fc6a292af96","ACT-8fc6a292af96","admin | collector | comptoir | dgmg | owner | sonasp","artisan-minier","/artisan-minier/:id","Qualifier puis exécuter dans les contextes applicables ; variantes et champs à instancier après revue","UI_AUTH_API_DB","NON EXÉCUTÉ","Qualification détaillée et environnement isolé requis","","Lot artisans et affiliations"
"REC-ACT-8ffc99a7d9c8","ACT-8ffc99a7d9c8","admin | airport | factory | mine | owner | sonasp","shipping","/freight | /freight-customs | /freight-customs/:id | /freight-customs/create | /freight/shipments/create | /shipping | /shipping/preparation | /shipping/preparation/new","Qualifier puis exécuter dans les contextes applicables ; variantes et champs à instancier après revue","UI_AUTH_API_DB","NON EXÉCUTÉ","Qualification détaillée et environnement isolé requis","","Lot expéditions"
"REC-ACT-900f309d3ecf","ACT-900f309d3ecf","admin | dgi | mine | owner | sonasp","conciliation","/conciliation/:id","Qualifier puis exécuter dans les contextes applicables ; variantes et champs à instancier après revue","UI_AUTH_API_DB","NON EXÉCUTÉ","Qualification détaillée et environnement isolé requis","","Lot conciliation"
"REC-ACT-90138f8f0b52","ACT-90138f8f0b52","CONSOMMATEUR_NON_RESOLU","TRANSVERSE_OU_ORPHELIN_A_QUALIFIER","","Qualifier puis exécuter dans les contextes applicables ; variantes et champs à instancier après revue","UI_AUTH_API_DB","NON EXÉCUTÉ","Qualification détaillée et environnement isolé requis","","Lot partagé : propriétaire à affecter par orchestrateur"
"REC-ACT-901ac4f5147f","ACT-901ac4f5147f","admin | customer | mine | owner | sonasp","sales","/payments/:id","Qualifier puis exécuter dans les contextes applicables ; variantes et champs à instancier après revue","UI_AUTH_API_DB","NON EXÉCUTÉ","Qualification détaillée et environnement isolé requis","","Lot ventes internationales et paiements"
"REC-ACT-904822ddca24","ACT-904822ddca24","admin | airport | collector | comptoir | customer | dgi | dgmg | direction | factory | mine | owner | refinery | sonasp","administration | gold_inventory | international_markets | national_reserve | public-et-alias | sales | transverse","/access/portals | /access/roles | /admin/users | /gold-prices | /inventory/silver | /national-reserve/allocations | /national-reserve/allocations/:id | /national-reserve/allocations/:id/edit | /national-reserve/allocations/new | /payments/create | /payments/record | /profile | /users | /users/edit | /users/new","Qualifier puis exécuter dans les contextes applicables ; variantes et champs à instancier après revue","UI_AUTH_API_DB","NON EXÉCUTÉ","Qualification détaillée et environnement isolé requis","","Lot partagé : propriétaire à affecter par orchestrateur"
"REC-ACT-904e38473678","ACT-904e38473678","admin | dgi | mine | owner | sonasp","conciliation","/conciliation/regles-fiscales","Qualifier puis exécuter dans les contextes applicables ; variantes et champs à instancier après revue","UI_AUTH_API_DB","NON EXÉCUTÉ","Qualification détaillée et environnement isolé requis","","Lot conciliation"
"REC-ACT-906f7e3e1ea3","ACT-906f7e3e1ea3","admin | airport | customer | factory | mine | owner | refinery | sonasp","analytics | production_analytics | reports | sales_analytics","/analytics | /analytics/national | /analytics/production | /analytics/ventes | /reports","Qualifier puis exécuter dans les contextes applicables ; variantes et champs à instancier après revue","UI_AUTH_API_DB","NON EXÉCUTÉ","Qualification détaillée et environnement isolé requis","","Lot partagé : propriétaire à affecter par orchestrateur"
"REC-ACT-90ae94c01f91","ACT-90ae94c01f91","admin | collector | comptoir | dgmg | owner | sonasp","artisan_gold_market","/collecte/ventes | /collecte/ventes/nouvelle","Qualifier puis exécuter dans les contextes applicables ; variantes et champs à instancier après revue","UI_AUTH_API_DB","NON EXÉCUTÉ","Qualification détaillée et environnement isolé requis","","Lot marché artisanal et paiements"
"REC-ACT-90bbd847bed9","ACT-90bbd847bed9","CONSOMMATEUR_NON_RESOLU","TRANSVERSE_OU_ORPHELIN_A_QUALIFIER","","Qualifier puis exécuter dans les contextes applicables ; variantes et champs à instancier après revue","UI_AUTH_API_DB","NON EXÉCUTÉ","Qualification détaillée et environnement isolé requis","","Lot partagé : propriétaire à affecter par orchestrateur"
"REC-ACT-90d61d436b8f","ACT-90d61d436b8f","comptoir | owner","portal-comptoir","/portail-comptoir/stock","Qualifier puis exécuter dans les contextes applicables ; variantes et champs à instancier après revue","UI_AUTH_API_DB","NON EXÉCUTÉ","Qualification détaillée et environnement isolé requis","","Lot portal-comptoir"
"REC-ACT-90e07d123711","ACT-90e07d123711","admin | customer | mine | owner | sonasp","sales","/payments/virtual","Qualifier puis exécuter dans les contextes applicables ; variantes et champs à instancier après revue","UI_AUTH_API_DB","NON EXÉCUTÉ","Qualification détaillée et environnement isolé requis","","Lot ventes internationales et paiements"
"REC-ACT-916f07082a16","ACT-916f07082a16","admin | mine | owner | sonasp","gold_purchases","/contrats/:id","Qualifier puis exécuter dans les contextes applicables ; variantes et champs à instancier après revue","UI_AUTH_API_DB","NON EXÉCUTÉ","Qualification détaillée et environnement isolé requis","","Lot achats et contrats"
"REC-ACT-91da2f0c90a5","ACT-91da2f0c90a5","CONSOMMATEUR_NON_RESOLU","TRANSVERSE_OU_ORPHELIN_A_QUALIFIER","","Qualifier puis exécuter dans les contextes applicables ; variantes et champs à instancier après revue","UI_AUTH_API_DB","NON EXÉCUTÉ","Qualification détaillée et environnement isolé requis","","Lot partagé : propriétaire à affecter par orchestrateur"
"REC-ACT-91f0054cbdf7","ACT-91f0054cbdf7","admin | airport | factory | mine | owner | sonasp","shipping","/freight | /freight-customs | /freight-customs/:id | /freight-customs/create | /freight/shipments/create | /shipping | /shipping/preparation | /shipping/preparation/new","Qualifier puis exécuter dans les contextes applicables ; variantes et champs à instancier après revue","UI_AUTH_API_DB","NON EXÉCUTÉ","Qualification détaillée et environnement isolé requis","","Lot expéditions"
"REC-ACT-925a26f62022","ACT-925a26f62022","public","authentification","/login","Qualifier puis exécuter dans les contextes applicables ; variantes et champs à instancier après revue","UI_AUTH_API_DB","NON EXÉCUTÉ","Qualification détaillée et environnement isolé requis","","Lot authentification"
"REC-ACT-9295db8f3692","ACT-9295db8f3692","admin | airport | collector | comptoir | customer | dgi | dgmg | direction | factory | mine | owner | refinery | sonasp","transverse","/help","Qualifier puis exécuter dans les contextes applicables ; variantes et champs à instancier après revue","UI_AUTH_API_DB","NON EXÉCUTÉ","Qualification détaillée et environnement isolé requis","","Lot transverse"
"REC-ACT-929eee6a41df","ACT-929eee6a41df","admin | owner | sonasp","gold_purchases","/achats/reglements/nouveau","Qualifier puis exécuter dans les contextes applicables ; variantes et champs à instancier après revue","UI_AUTH_API_DB","NON EXÉCUTÉ","Qualification détaillée et environnement isolé requis","","Lot achats et contrats"
"REC-ACT-92a128503342","ACT-92a128503342","admin | dgmg | owner | sonasp","stakeholders","/stakeholders/organizations","Qualifier puis exécuter dans les contextes applicables ; variantes et champs à instancier après revue","UI_AUTH_API_DB","NON EXÉCUTÉ","Qualification détaillée et environnement isolé requis","","Lot référentiels (root pilote Clients)"
"REC-ACT-92da7165f738","ACT-92da7165f738","admin | dgmg | owner","mining_sites","/artisan-sites/:siteId/modifier | /artisan-sites/nouveau","Qualifier puis exécuter dans les contextes applicables ; variantes et champs à instancier après revue","UI_AUTH_API_DB","NON EXÉCUTÉ","Qualification détaillée et environnement isolé requis","","Lot sites artisanaux"
"REC-ACT-9362c7fd7dcd","ACT-9362c7fd7dcd","admin | owner | sonasp","settings","/admin/workflow","Qualifier puis exécuter dans les contextes applicables ; variantes et champs à instancier après revue","UI_AUTH_API_DB","NON EXÉCUTÉ","Qualification détaillée et environnement isolé requis","","Lot paramètres"
"REC-ACT-9389c39df260","ACT-9389c39df260","CONSOMMATEUR_NON_RESOLU","TRANSVERSE_OU_ORPHELIN_A_QUALIFIER","","Qualifier puis exécuter dans les contextes applicables ; variantes et champs à instancier après revue","UI_AUTH_API_DB","NON EXÉCUTÉ","Qualification détaillée et environnement isolé requis","","Lot partagé : propriétaire à affecter par orchestrateur"
"REC-ACT-93b706bf0cdc","ACT-93b706bf0cdc","admin | airport | dgi | dgmg | factory | mine | owner | refinery | sonasp","production | refining | shipping","/freight/shipments/:id | /production/daily | /refining/freight-shipments","Qualifier puis exécuter dans les contextes applicables ; variantes et champs à instancier après revue","UI_AUTH_API_DB","NON EXÉCUTÉ","Qualification détaillée et environnement isolé requis","","Lot partagé : propriétaire à affecter par orchestrateur"
"REC-ACT-9419b1950ceb","ACT-9419b1950ceb","admin | mine | owner | sonasp","sales","/sales/new","Qualifier puis exécuter dans les contextes applicables ; variantes et champs à instancier après revue","UI_AUTH_API_DB","NON EXÉCUTÉ","Qualification détaillée et environnement isolé requis","","Lot ventes internationales et paiements"
"REC-ACT-9440b15e8620","ACT-9440b15e8620","admin | owner | sonasp","gold_purchases","/achats/plans/:id","Qualifier puis exécuter dans les contextes applicables ; variantes et champs à instancier après revue","UI_AUTH_API_DB","NON EXÉCUTÉ","Qualification détaillée et environnement isolé requis","","Lot achats et contrats"
"REC-ACT-946524b2b5ce","ACT-946524b2b5ce","admin | customer | mine | owner | sonasp","sales","/payments/virtual","Qualifier puis exécuter dans les contextes applicables ; variantes et champs à instancier après revue","UI_AUTH_API_DB","NON EXÉCUTÉ","Qualification détaillée et environnement isolé requis","","Lot ventes internationales et paiements"
"REC-ACT-94888628db1b","ACT-94888628db1b","admin | airport | factory | mine | owner | sonasp","shipping","/shipping/preparation/new","Qualifier puis exécuter dans les contextes applicables ; variantes et champs à instancier après revue","UI_AUTH_API_DB","NON EXÉCUTÉ","Qualification détaillée et environnement isolé requis","","Lot expéditions"
"REC-ACT-9488e9d675e3","ACT-9488e9d675e3","admin | dgmg | owner","artisan-minier","/artisan-minier/collecteurs/:id/modifier | /artisan-minier/collecteurs/nouveau","Qualifier puis exécuter dans les contextes applicables ; variantes et champs à instancier après revue","UI_AUTH_API_DB","NON EXÉCUTÉ","Qualification détaillée et environnement isolé requis","","Lot artisans et affiliations"
"REC-ACT-94901cd6eeed","ACT-94901cd6eeed","admin | customer | mine | owner | sonasp","sales","/payments","Qualifier puis exécuter dans les contextes applicables ; variantes et champs à instancier après revue","UI_AUTH_API_DB","NON EXÉCUTÉ","Qualification détaillée et environnement isolé requis","","Lot ventes internationales et paiements"
"REC-ACT-953c0960293b","ACT-953c0960293b","admin | airport | collector | comptoir | customer | dgi | dgmg | direction | factory | mine | owner | refinery | sonasp","transverse","/help","Qualifier puis exécuter dans les contextes applicables ; variantes et champs à instancier après revue","UI_AUTH_API_DB","NON EXÉCUTÉ","Qualification détaillée et environnement isolé requis","","Lot transverse"
"REC-ACT-9549449b66ae","ACT-9549449b66ae","admin | owner","administration","/users/:userId","Qualifier puis exécuter dans les contextes applicables ; variantes et champs à instancier après revue","UI_AUTH_API_DB","NON EXÉCUTÉ","Qualification détaillée et environnement isolé requis","","Lot administration et IAM"
"REC-ACT-958c2b75c56f","ACT-958c2b75c56f","admin | owner | sonasp","artisan-minier","/artisan-minier","Qualifier puis exécuter dans les contextes applicables ; variantes et champs à instancier après revue","UI_AUTH_API_DB","NON EXÉCUTÉ","Qualification détaillée et environnement isolé requis","","Lot artisans et affiliations"
"REC-ACT-95b477376952","ACT-95b477376952","admin | collector | comptoir | dgmg | owner | sonasp","artisan_gold_market","/collecte/ventes | /collecte/ventes/nouvelle","Qualifier puis exécuter dans les contextes applicables ; variantes et champs à instancier après revue","UI_AUTH_API_DB","NON EXÉCUTÉ","Qualification détaillée et environnement isolé requis","","Lot marché artisanal et paiements"
"REC-ACT-95d3e6ff944e","ACT-95d3e6ff944e","admin | airport | collector | comptoir | customer | dgi | dgmg | direction | factory | mine | owner | refinery | sonasp","transverse","/help","Qualifier puis exécuter dans les contextes applicables ; variantes et champs à instancier après revue","UI_AUTH_API_DB","NON EXÉCUTÉ","Qualification détaillée et environnement isolé requis","","Lot transverse"
"REC-ACT-961bb7d8699f","ACT-961bb7d8699f","CONSOMMATEUR_NON_RESOLU","TRANSVERSE_OU_ORPHELIN_A_QUALIFIER","","Qualifier puis exécuter dans les contextes applicables ; variantes et champs à instancier après revue","UI_AUTH_API_DB","NON EXÉCUTÉ","Qualification détaillée et environnement isolé requis","","Lot partagé : propriétaire à affecter par orchestrateur"
"REC-ACT-96273f636ac8","ACT-96273f636ac8","admin | mine | owner | sonasp","production","/performance/budgets | /performance/forecasts","Qualifier puis exécuter dans les contextes applicables ; variantes et champs à instancier après revue","UI_AUTH_API_DB","NON EXÉCUTÉ","Qualification détaillée et environnement isolé requis","","Lot production industrielle"
"REC-ACT-963fa19fae83","ACT-963fa19fae83","admin | collector | comptoir | dgmg | owner | sonasp","artisan-minier","/artisan-minier/:id | /artisan-minier/cartes/expirations | /artisan-minier/cartes/suivi | /artisan-minier/cartes/validation","Qualifier puis exécuter dans les contextes applicables ; variantes et champs à instancier après revue","UI_AUTH_API_DB","NON EXÉCUTÉ","Qualification détaillée et environnement isolé requis","","Lot artisans et affiliations"
"REC-ACT-965ce0df60d0","ACT-965ce0df60d0","admin | owner | sonasp","national_reserve","/national-reserve/allocations/:id/edit | /national-reserve/allocations/new","Qualifier puis exécuter dans les contextes applicables ; variantes et champs à instancier après revue","UI_AUTH_API_DB","NON EXÉCUTÉ","Qualification détaillée et environnement isolé requis","","Lot réserve nationale"
"REC-ACT-96b6fbd773a4","ACT-96b6fbd773a4","admin | airport | factory | mine | owner | sonasp","shipping","/shipping/preparation/:id | /shipping/preparation/:id/details","Qualifier puis exécuter dans les contextes applicables ; variantes et champs à instancier après revue","UI_AUTH_API_DB","NON EXÉCUTÉ","Qualification détaillée et environnement isolé requis","","Lot expéditions"
"REC-ACT-96b7cfb310c7","ACT-96b7cfb310c7","admin | airport | mine | owner | sonasp","shipping","/freight-customs/:id","Qualifier puis exécuter dans les contextes applicables ; variantes et champs à instancier après revue","UI_AUTH_API_DB","NON EXÉCUTÉ","Qualification détaillée et environnement isolé requis","","Lot expéditions"
"REC-ACT-96d22686ce87","ACT-96d22686ce87","admin | customer | mine | owner | sonasp","sales","/payments/:id","Qualifier puis exécuter dans les contextes applicables ; variantes et champs à instancier après revue","UI_AUTH_API_DB","NON EXÉCUTÉ","Qualification détaillée et environnement isolé requis","","Lot ventes internationales et paiements"
"REC-ACT-96fdd5e33327","ACT-96fdd5e33327","admin | airport | collector | comptoir | customer | dgi | dgmg | factory | mine | owner | refinery | sonasp","administration | artisan-minier | artisan_gold_market | conciliation | dashboard | gold_inventory | gold_purchases | international_markets | national_reserve | portal-collector | production | public-et-alias | sales | settings | shipping | stakeholders","/access/audit | /access/portals | /access/roles | /achats/comptes | /achats/comptes-paiements | /achats/demandes | /achats/plans | /achats/plans/:id | /achats/reglements | /admin/gold-sales-settings | /admin/messagerie | /admin/modules | /admin/refineries | /admin/refineries/edit/:id | /admin/refineries/new | /admin/settings | /admin/status-manager | /admin/transport-companies | /admin/transport-companies/edit/:id | /admin/transport-companies/new | /admin/users | /admin/workflow | /approvals | /artisan-minier/:artisanId/infractions/:infractionId | /artisan-minier/:artisanId/infractions/:infractionId/modifier | /artisan-minier/:artisanId/infractions/nouvelle | /artisan-minier/:id | /artisan-minier/:id/edit | /artisan-minier/cartes/expirations | /artisan-minier/cartes/suivi | /artisan-minier/cartes/validation | /artisan-minier/collecteurs | /artisan-minier/collecteurs/:id | /artisan-minier/collecteurs/:id/modifier | /artisan-minier/collecteurs/nouveau | /artisan-minier/comptoirs | /artisan-minier/comptoirs/:id | /artisan-minier/comptoirs/:id/modifier | /artisan-minier/comptoirs/nouveau | /artisan-minier/liste | /artisan-minier/paiements | /artisan-minier/paiements/:venteId/nouveau | /artisan-minier/paiements/historique | /artisan-minier/paiements/historique/:paiementId | /artisan-minier/rapports | /artisan-minier/rapports/chiffre-affaires | /artisan-minier/rapports/quantites | /artisan-minier/rapports/taxes | /artisan-minier/ventes-or | /artisan-minier/ventes-or/:id | /artisan-minier/ventes-or/:id/facture | /artisan-minier/ventes-or/:id/modifier | /artisan-minier/ventes-or/nouvelle | /collecte/ventes | /collecte/ventes/nouvelle | /conciliation | /conciliation/:id | /conciliation/regles-fiscales | /contrats | /contrats/:id | /contrats/pilotage | /dashboard/airport | /dashboard/customer | /dashboard/factory | /dashboard/management | /dashboard/production-modern | /dashboard/refinery | /freight | /freight-customs | /freight-customs/:id | /freight-customs/create | /freight/shipments/:id | /freight/shipments/create | /gold-prices | /inventory | /inventory/add | /inventory/silver | /national-reserve | /national-reserve/allocations | /national-reserve/allocations/:id | /national-reserve/allocations/:id/edit | /national-reserve/allocations/new | /national-reserve/audit | /national-reserve/controls | /national-reserve/physical | /national-reserve/valuation | /parameters | /payments | /payments/:id | /performance/budgets | /performance/forecasts | /portail-collecteur | /portail-collecteur/documents | /portail-collecteur/stock | /portail-dgi/paiements | /portail-dgmg/reserve-validations | /production/:id | /production/achats-mines | /production/daily | /production/in-safe | /production/licenses | /production/licenses/requests | /requisitions | /requisitions/:id | /sales | /sales/:id | /shipping | /shipping/preparation | /shipping/preparation/:id | /shipping/preparation/:id/details | /shipping/preparation/:id/edit | /shipping/preparation/new | /stakeholders/freight-companies | /stakeholders/organizations | /stakeholders/organizations/:id/edit | /stakeholders/organizations/new | /stakeholders/refinery-plants | /users | /users/:userId | /users/edit | /users/new","Qualifier puis exécuter dans les contextes applicables ; variantes et champs à instancier après revue","UI_AUTH_API_DB","NON EXÉCUTÉ","Qualification détaillée et environnement isolé requis","","Lot partagé : propriétaire à affecter par orchestrateur"
"REC-ACT-9795d068913a","ACT-9795d068913a","admin | mine | owner | sonasp","gold_purchases","/contrats/:id | /requisitions/:id","Qualifier puis exécuter dans les contextes applicables ; variantes et champs à instancier après revue","UI_AUTH_API_DB","NON EXÉCUTÉ","Qualification détaillée et environnement isolé requis","","Lot achats et contrats"
"REC-ACT-97f7d7fb054b","ACT-97f7d7fb054b","admin | customer | mine | owner | sonasp","sales","/payments","Qualifier puis exécuter dans les contextes applicables ; variantes et champs à instancier après revue","UI_AUTH_API_DB","NON EXÉCUTÉ","Qualification détaillée et environnement isolé requis","","Lot ventes internationales et paiements"
"REC-ACT-97f976ad6c19","ACT-97f976ad6c19","admin | comptoir | owner | sonasp","artisan_gold_market","/artisan-minier/rapports/chiffre-affaires","Qualifier puis exécuter dans les contextes applicables ; variantes et champs à instancier après revue","UI_AUTH_API_DB","NON EXÉCUTÉ","Qualification détaillée et environnement isolé requis","","Lot marché artisanal et paiements"
"REC-ACT-982a85ad9a83","ACT-982a85ad9a83","public","public-et-alias","/assistance","Qualifier puis exécuter dans les contextes applicables ; variantes et champs à instancier après revue","UI_AUTH_API_DB","NON EXÉCUTÉ","Qualification détaillée et environnement isolé requis","","Lot public-et-alias"
"REC-ACT-984efc4a7c8a","ACT-984efc4a7c8a","admin | collector | comptoir | dgmg | owner | sonasp","artisan-minier","/artisan-minier/:id/edit | /artisan-minier/liste","Qualifier puis exécuter dans les contextes applicables ; variantes et champs à instancier après revue","UI_AUTH_API_DB","NON EXÉCUTÉ","Qualification détaillée et environnement isolé requis","","Lot artisans et affiliations"
"REC-ACT-98600eeec956","ACT-98600eeec956","admin | collector | comptoir | dgi | owner | sonasp","artisan_gold_market","/artisan-minier/ventes-or/:id","Qualifier puis exécuter dans les contextes applicables ; variantes et champs à instancier après revue","UI_AUTH_API_DB","NON EXÉCUTÉ","Qualification détaillée et environnement isolé requis","","Lot marché artisanal et paiements"
"REC-ACT-986fce046e7a","ACT-986fce046e7a","admin | customer | mine | owner | refinery | sonasp","sales","/sales/:id","Qualifier puis exécuter dans les contextes applicables ; variantes et champs à instancier après revue","UI_AUTH_API_DB","NON EXÉCUTÉ","Qualification détaillée et environnement isolé requis","","Lot ventes internationales et paiements"
"REC-ACT-986feb879982","ACT-986feb879982","admin | owner | sonasp","artisan-minier","/artisan-minier/:artisanId/infractions/:infractionId/modifier | /artisan-minier/:artisanId/infractions/nouvelle","Qualifier puis exécuter dans les contextes applicables ; variantes et champs à instancier après revue","UI_AUTH_API_DB","NON EXÉCUTÉ","Qualification détaillée et environnement isolé requis","","Lot artisans et affiliations"
"REC-ACT-9881525fc9e4","ACT-9881525fc9e4","admin | customer | mine | owner | sonasp","sales","/payments/:id","Qualifier puis exécuter dans les contextes applicables ; variantes et champs à instancier après revue","UI_AUTH_API_DB","NON EXÉCUTÉ","Qualification détaillée et environnement isolé requis","","Lot ventes internationales et paiements"
"REC-ACT-9883ef862c2c","ACT-9883ef862c2c","admin | dgi | mine | owner | sonasp","conciliation","/conciliation","Qualifier puis exécuter dans les contextes applicables ; variantes et champs à instancier après revue","UI_AUTH_API_DB","NON EXÉCUTÉ","Qualification détaillée et environnement isolé requis","","Lot conciliation"
"REC-ACT-98d09bba6d41","ACT-98d09bba6d41","admin | owner | sonasp","artisan-minier","/artisan-minier/:artisanId/infractions/:infractionId","Qualifier puis exécuter dans les contextes applicables ; variantes et champs à instancier après revue","UI_AUTH_API_DB","NON EXÉCUTÉ","Qualification détaillée et environnement isolé requis","","Lot artisans et affiliations"
"REC-ACT-9904de6a5d06","ACT-9904de6a5d06","admin | customer | mine | owner | sonasp","sales","/payments","Qualifier puis exécuter dans les contextes applicables ; variantes et champs à instancier après revue","UI_AUTH_API_DB","NON EXÉCUTÉ","Qualification détaillée et environnement isolé requis","","Lot ventes internationales et paiements"
"REC-ACT-99a0316b1f1a","ACT-99a0316b1f1a","admin | mine | owner | sonasp","international_markets","/sales/simulator","Qualifier puis exécuter dans les contextes applicables ; variantes et champs à instancier après revue","UI_AUTH_API_DB","NON EXÉCUTÉ","Qualification détaillée et environnement isolé requis","","Lot international_markets"
"REC-ACT-99b1cfdfcc22","ACT-99b1cfdfcc22","admin | airport | factory | mine | owner | sonasp","shipping","/freight/shipments/:id","Qualifier puis exécuter dans les contextes applicables ; variantes et champs à instancier après revue","UI_AUTH_API_DB","NON EXÉCUTÉ","Qualification détaillée et environnement isolé requis","","Lot expéditions"
"REC-ACT-99cc026702f4","ACT-99cc026702f4","admin | owner | sonasp","administration | settings","/admin/settings | /parameters","Qualifier puis exécuter dans les contextes applicables ; variantes et champs à instancier après revue","UI_AUTH_API_DB","NON EXÉCUTÉ","Qualification détaillée et environnement isolé requis","","Lot partagé : propriétaire à affecter par orchestrateur"
"REC-ACT-99f772fd6bb3","ACT-99f772fd6bb3","admin | owner | sonasp","artisan-minier","/artisan-minier/:artisanId/infractions/:infractionId/modifier | /artisan-minier/:artisanId/infractions/nouvelle","Qualifier puis exécuter dans les contextes applicables ; variantes et champs à instancier après revue","UI_AUTH_API_DB","NON EXÉCUTÉ","Qualification détaillée et environnement isolé requis","","Lot artisans et affiliations"
"REC-ACT-99fc608cd9e1","ACT-99fc608cd9e1","admin | airport | factory | mine | owner | sonasp","shipping","/freight/shipments/create","Qualifier puis exécuter dans les contextes applicables ; variantes et champs à instancier après revue","UI_AUTH_API_DB","NON EXÉCUTÉ","Qualification détaillée et environnement isolé requis","","Lot expéditions"
"REC-ACT-9a12594bed36","ACT-9a12594bed36","admin | mine | owner | refinery | sonasp","refining","/refining | /refining/:id/process","Qualifier puis exécuter dans les contextes applicables ; variantes et champs à instancier après revue","UI_AUTH_API_DB","NON EXÉCUTÉ","Qualification détaillée et environnement isolé requis","","Lot raffinage"
"REC-ACT-9a125d2d84ba","ACT-9a125d2d84ba","admin | customer | mine | owner | refinery | sonasp","sales","/sales/:id","Qualifier puis exécuter dans les contextes applicables ; variantes et champs à instancier après revue","UI_AUTH_API_DB","NON EXÉCUTÉ","Qualification détaillée et environnement isolé requis","","Lot ventes internationales et paiements"
"REC-ACT-9a14e02a6d6b","ACT-9a14e02a6d6b","admin | owner | sonasp","gold_purchases","/achats/comptes-paiements","Qualifier puis exécuter dans les contextes applicables ; variantes et champs à instancier après revue","UI_AUTH_API_DB","NON EXÉCUTÉ","Qualification détaillée et environnement isolé requis","","Lot achats et contrats"
"REC-ACT-9a1d1ae68021","ACT-9a1d1ae68021","admin | airport | mine | owner | sonasp","shipping","/freight-customs/:id","Qualifier puis exécuter dans les contextes applicables ; variantes et champs à instancier après revue","UI_AUTH_API_DB","NON EXÉCUTÉ","Qualification détaillée et environnement isolé requis","","Lot expéditions"
"REC-ACT-9a3ac7ca86c8","ACT-9a3ac7ca86c8","admin | mine | owner | refinery | sonasp","gold_inventory","/inventory","Qualifier puis exécuter dans les contextes applicables ; variantes et champs à instancier après revue","UI_AUTH_API_DB","NON EXÉCUTÉ","Qualification détaillée et environnement isolé requis","","Lot stocks"
"REC-ACT-9a6a5f73c3dc","ACT-9a6a5f73c3dc","admin | dgi | mine | owner | sonasp","conciliation","/conciliation/regles-fiscales","Qualifier puis exécuter dans les contextes applicables ; variantes et champs à instancier après revue","UI_AUTH_API_DB","NON EXÉCUTÉ","Qualification détaillée et environnement isolé requis","","Lot conciliation"
"REC-ACT-9af9d34db7eb","ACT-9af9d34db7eb","CONSOMMATEUR_NON_RESOLU","TRANSVERSE_OU_ORPHELIN_A_QUALIFIER","","Qualifier puis exécuter dans les contextes applicables ; variantes et champs à instancier après revue","UI_AUTH_API_DB","NON EXÉCUTÉ","Qualification détaillée et environnement isolé requis","","Lot partagé : propriétaire à affecter par orchestrateur"
"REC-ACT-9b5e30665057","ACT-9b5e30665057","admin | mine | owner | refinery | sonasp","gold_inventory","/inventory","Qualifier puis exécuter dans les contextes applicables ; variantes et champs à instancier après revue","UI_AUTH_API_DB","NON EXÉCUTÉ","Qualification détaillée et environnement isolé requis","","Lot stocks"
"REC-ACT-9b68b590f2f6","ACT-9b68b590f2f6","admin | airport | factory | mine | owner | sonasp","shipping","/freight/shipments/:id","Qualifier puis exécuter dans les contextes applicables ; variantes et champs à instancier après revue","UI_AUTH_API_DB","NON EXÉCUTÉ","Qualification détaillée et environnement isolé requis","","Lot expéditions"
"REC-ACT-9b71b761badd","ACT-9b71b761badd","admin | owner","administration","/admin/messagerie/:uid | /admin/messagerie/nouveau","Qualifier puis exécuter dans les contextes applicables ; variantes et champs à instancier après revue","UI_AUTH_API_DB","NON EXÉCUTÉ","Qualification détaillée et environnement isolé requis","","Lot administration et IAM"
"REC-ACT-9ba001b8cbab","ACT-9ba001b8cbab","CONSOMMATEUR_NON_RESOLU","TRANSVERSE_OU_ORPHELIN_A_QUALIFIER","","Qualifier puis exécuter dans les contextes applicables ; variantes et champs à instancier après revue","UI_AUTH_API_DB","NON EXÉCUTÉ","Qualification détaillée et environnement isolé requis","","Lot partagé : propriétaire à affecter par orchestrateur"
"REC-ACT-9bb32758fb06","ACT-9bb32758fb06","admin | owner","administration","/admin/messagerie","Qualifier puis exécuter dans les contextes applicables ; variantes et champs à instancier après revue","UI_AUTH_API_DB","NON EXÉCUTÉ","Qualification détaillée et environnement isolé requis","","Lot administration et IAM"
"REC-ACT-9bf5747c7161","ACT-9bf5747c7161","admin | owner","administration | public-et-alias","/admin/users | /users","Qualifier puis exécuter dans les contextes applicables ; variantes et champs à instancier après revue","UI_AUTH_API_DB","NON EXÉCUTÉ","Qualification détaillée et environnement isolé requis","","Lot partagé : propriétaire à affecter par orchestrateur"
"REC-ACT-9c0daf6130c6","ACT-9c0daf6130c6","CONSOMMATEUR_NON_RESOLU","TRANSVERSE_OU_ORPHELIN_A_QUALIFIER","","Qualifier puis exécuter dans les contextes applicables ; variantes et champs à instancier après revue","UI_AUTH_API_DB","NON EXÉCUTÉ","Qualification détaillée et environnement isolé requis","","Lot partagé : propriétaire à affecter par orchestrateur"
"REC-ACT-9c1cb6da8974","ACT-9c1cb6da8974","CONSOMMATEUR_NON_RESOLU","TRANSVERSE_OU_ORPHELIN_A_QUALIFIER","","Qualifier puis exécuter dans les contextes applicables ; variantes et champs à instancier après revue","UI_AUTH_API_DB","NON EXÉCUTÉ","Qualification détaillée et environnement isolé requis","","Lot partagé : propriétaire à affecter par orchestrateur"
"REC-ACT-9ce4cc80a05f","ACT-9ce4cc80a05f","public","authentification","/login","Qualifier puis exécuter dans les contextes applicables ; variantes et champs à instancier après revue","UI_AUTH_API_DB","NON EXÉCUTÉ","Qualification détaillée et environnement isolé requis","","Lot authentification"
"REC-ACT-9cf6272d3988","ACT-9cf6272d3988","CONSOMMATEUR_NON_RESOLU","TRANSVERSE_OU_ORPHELIN_A_QUALIFIER","","Qualifier puis exécuter dans les contextes applicables ; variantes et champs à instancier après revue","UI_AUTH_API_DB","NON EXÉCUTÉ","Qualification détaillée et environnement isolé requis","","Lot partagé : propriétaire à affecter par orchestrateur"
"REC-ACT-9d83b8261f9b","ACT-9d83b8261f9b","dgmg | owner","national_reserve","/portail-dgmg/reserve-validations","Qualifier puis exécuter dans les contextes applicables ; variantes et champs à instancier après revue","UI_AUTH_API_DB","NON EXÉCUTÉ","Qualification détaillée et environnement isolé requis","","Lot réserve nationale"
"REC-ACT-9dfd5b052f04","ACT-9dfd5b052f04","admin | collector | comptoir | owner | sonasp","artisan_gold_market","/artisan-minier/paiements/historique/:paiementId","Qualifier puis exécuter dans les contextes applicables ; variantes et champs à instancier après revue","UI_AUTH_API_DB","NON EXÉCUTÉ","Qualification détaillée et environnement isolé requis","","Lot marché artisanal et paiements"
"REC-ACT-9e5be50c12e6","ACT-9e5be50c12e6","admin | owner | sonasp","national_reserve","/national-reserve | /national-reserve/audit | /national-reserve/controls | /national-reserve/physical | /national-reserve/valuation","Qualifier puis exécuter dans les contextes applicables ; variantes et champs à instancier après revue","UI_AUTH_API_DB","NON EXÉCUTÉ","Qualification détaillée et environnement isolé requis","","Lot réserve nationale"
"REC-ACT-9eb27f8a8829","ACT-9eb27f8a8829","admin | customer | mine | owner | sonasp","sales","/payments/:id","Qualifier puis exécuter dans les contextes applicables ; variantes et champs à instancier après revue","UI_AUTH_API_DB","NON EXÉCUTÉ","Qualification détaillée et environnement isolé requis","","Lot ventes internationales et paiements"
"REC-ACT-9ed6647cc59c","ACT-9ed6647cc59c","admin | customer | mine | owner | refinery | sonasp","sales","/sales/:id","Qualifier puis exécuter dans les contextes applicables ; variantes et champs à instancier après revue","UI_AUTH_API_DB","NON EXÉCUTÉ","Qualification détaillée et environnement isolé requis","","Lot ventes internationales et paiements"
"REC-ACT-9f231558db10","ACT-9f231558db10","admin | airport | factory | mine | owner | sonasp","shipping","/shipping/preparation/:id | /shipping/preparation/:id/details","Qualifier puis exécuter dans les contextes applicables ; variantes et champs à instancier après revue","UI_AUTH_API_DB","NON EXÉCUTÉ","Qualification détaillée et environnement isolé requis","","Lot expéditions"
"REC-ACT-9f2a8f8909ba","ACT-9f2a8f8909ba","admin | owner | sonasp","artisan-minier","/artisan-minier/:artisanId/infractions/:infractionId/modifier | /artisan-minier/:artisanId/infractions/nouvelle","Qualifier puis exécuter dans les contextes applicables ; variantes et champs à instancier après revue","UI_AUTH_API_DB","NON EXÉCUTÉ","Qualification détaillée et environnement isolé requis","","Lot artisans et affiliations"
"REC-ACT-9f6071e307dc","ACT-9f6071e307dc","admin | airport | factory | mine | owner | sonasp","shipping","/freight/shipments/:id","Qualifier puis exécuter dans les contextes applicables ; variantes et champs à instancier après revue","UI_AUTH_API_DB","NON EXÉCUTÉ","Qualification détaillée et environnement isolé requis","","Lot expéditions"
"REC-ACT-9fa090077a46","ACT-9fa090077a46","admin | airport | collector | comptoir | customer | dgi | dgmg | direction | factory | mine | owner | refinery | sonasp","administration | artisan-minier | artisan_gold_market | conciliation | dashboard | gold_inventory | gold_purchases | international_markets | mining_sites | national_reserve | portal-collector | portal-comptoir | portal-direction | production | public-et-alias | sales | settings | shipping | stakeholders","/access/audit | /access/portals | /access/roles | /achats/comptes | /achats/comptes-paiements | /achats/demandes | /achats/plans | /achats/plans/:id | /achats/reglements | /achats/reglements/nouveau | /admin/gold-sales-settings | /admin/messagerie | /admin/messagerie/:uid | /admin/messagerie/nouveau | /admin/modules | /admin/refineries | /admin/refineries/edit/:id | /admin/refineries/new | /admin/settings | /admin/status-manager | /admin/transport-companies | /admin/transport-companies/edit/:id | /admin/transport-companies/new | /admin/users | /admin/workflow | /approvals | /artisan-minier | /artisan-minier/:artisanId/infractions/:infractionId | /artisan-minier/:artisanId/infractions/:infractionId/modifier | /artisan-minier/:artisanId/infractions/nouvelle | /artisan-minier/:id | /artisan-minier/:id/edit | /artisan-minier/cartes/expirations | /artisan-minier/cartes/suivi | /artisan-minier/cartes/validation | /artisan-minier/collecteurs | /artisan-minier/collecteurs/:id | /artisan-minier/collecteurs/:id/modifier | /artisan-minier/collecteurs/nouveau | /artisan-minier/comptoirs | /artisan-minier/comptoirs/:id | /artisan-minier/comptoirs/:id/modifier | /artisan-minier/comptoirs/nouveau | /artisan-minier/liste | /artisan-minier/paiements | /artisan-minier/paiements/:venteId/nouveau | /artisan-minier/paiements/historique | /artisan-minier/paiements/historique/:paiementId | /artisan-minier/rapports | /artisan-minier/rapports/chiffre-affaires | /artisan-minier/rapports/quantites | /artisan-minier/rapports/taxes | /artisan-minier/ventes-or | /artisan-minier/ventes-or/:id | /artisan-minier/ventes-or/:id/facture | /artisan-minier/ventes-or/:id/modifier | /artisan-minier/ventes-or/nouvelle | /artisan-sites | /artisan-sites/:siteId | /artisan-sites/:siteId/modifier | /artisan-sites/nouveau | /artisan-sites/production | /collecte/ventes | /collecte/ventes/nouvelle | /conciliation | /conciliation/:id | /conciliation/regles-fiscales | /contrats | /contrats/:id | /contrats/:id/modifier | /contrats/nouveau | /contrats/pilotage | /dashboard | /dashboard/airport | /dashboard/customer | /dashboard/factory | /dashboard/management | /dashboard/production-modern | /dashboard/refinery | /freight | /freight-customs | /freight-customs/:id | /freight-customs/create | /freight/shipments/:id | /freight/shipments/create | /gold-prices | /inventory | /inventory/add | /inventory/silver | /national-reserve | /national-reserve/allocations | /national-reserve/allocations/:id | /national-reserve/allocations/:id/edit | /national-reserve/allocations/new | /national-reserve/audit | /national-reserve/controls | /national-reserve/physical | /national-reserve/valuation | /parameters | /payments | /payments/:id | /payments/create | /payments/record | /performance/budgets | /performance/forecasts | /portail-collecteur | /portail-collecteur/documents | /portail-collecteur/stock | /portail-comptoir | /portail-comptoir/stock | /portail-comptoir/ventes-sonasp | /portail-direction/* | /portail-direction/achats | /portail-direction/alertes | /portail-direction/compte | /portail-direction/contrats | /portail-direction/finances | /portail-direction/performance | /portail-direction/previsions | /portail-direction/production | /portail-direction/rapports | /portail-direction/synthese | /production/:id | /production/achats-mines | /production/daily | /production/in-safe | /production/licenses | /production/licenses/requests | /requisitions | /requisitions/:id | /requisitions/:id/modifier | /requisitions/nouvelle | /sales | /sales/:id | /shipping | /shipping/preparation | /shipping/preparation/:id | /shipping/preparation/:id/details | /shipping/preparation/:id/edit | /shipping/preparation/new | /sonasp/cessions-comptoirs | /stakeholders/freight-companies | /stakeholders/organizations | /stakeholders/organizations/:id/edit | /stakeholders/organizations/new | /stakeholders/refinery-plants | /users | /users/:userId | /users/edit | /users/new","Qualifier puis exécuter dans les contextes applicables ; variantes et champs à instancier après revue","UI_AUTH_API_DB","NON EXÉCUTÉ","Qualification détaillée et environnement isolé requis","","Lot partagé : propriétaire à affecter par orchestrateur"
"REC-ACT-9fbb36074531","ACT-9fbb36074531","admin | owner | sonasp","public-et-alias","/admin/transport-companies/edit/:id | /admin/transport-companies/new","Qualifier puis exécuter dans les contextes applicables ; variantes et champs à instancier après revue","UI_AUTH_API_DB","NON EXÉCUTÉ","Qualification détaillée et environnement isolé requis","","Lot public-et-alias"
"REC-ACT-9ff2993f3403","ACT-9ff2993f3403","admin | dgmg | owner","artisan-minier","/artisan-minier/collecteurs/:id/modifier | /artisan-minier/collecteurs/nouveau","Qualifier puis exécuter dans les contextes applicables ; variantes et champs à instancier après revue","UI_AUTH_API_DB","NON EXÉCUTÉ","Qualification détaillée et environnement isolé requis","","Lot artisans et affiliations"
"REC-ACT-a0716a13b132","ACT-a0716a13b132","admin | owner","administration","/admin/messagerie","Qualifier puis exécuter dans les contextes applicables ; variantes et champs à instancier après revue","UI_AUTH_API_DB","NON EXÉCUTÉ","Qualification détaillée et environnement isolé requis","","Lot administration et IAM"
"REC-ACT-a07331de4f92","ACT-a07331de4f92","admin | owner | sonasp","dashboard","/dashboard","Qualifier puis exécuter dans les contextes applicables ; variantes et champs à instancier après revue","UI_AUTH_API_DB","NON EXÉCUTÉ","Qualification détaillée et environnement isolé requis","","Lot pilotage national"
"REC-ACT-a08ab28b27a3","ACT-a08ab28b27a3","admin | collector | comptoir | dgmg | owner | sonasp","artisan-minier","/artisan-minier/collecteurs | /artisan-minier/collecteurs/:id","Qualifier puis exécuter dans les contextes applicables ; variantes et champs à instancier après revue","UI_AUTH_API_DB","NON EXÉCUTÉ","Qualification détaillée et environnement isolé requis","","Lot artisans et affiliations"
"REC-ACT-a0b904b9c4be","ACT-a0b904b9c4be","admin | airport | factory | mine | owner | sonasp","documents","/documents/assay-certificates","Qualifier puis exécuter dans les contextes applicables ; variantes et champs à instancier après revue","UI_AUTH_API_DB","NON EXÉCUTÉ","Qualification détaillée et environnement isolé requis","","Lot documents"
"REC-ACT-a0dad6de683d","ACT-a0dad6de683d","public","public-et-alias","/","Qualifier puis exécuter dans les contextes applicables ; variantes et champs à instancier après revue","UI_AUTH_API_DB","NON EXÉCUTÉ","Qualification détaillée et environnement isolé requis","","Lot public-et-alias"
"REC-ACT-a1163920c1d9","ACT-a1163920c1d9","dgmg | owner","national_reserve","/portail-dgmg/reserve-validations","Qualifier puis exécuter dans les contextes applicables ; variantes et champs à instancier après revue","UI_AUTH_API_DB","NON EXÉCUTÉ","Qualification détaillée et environnement isolé requis","","Lot réserve nationale"
"REC-ACT-a13357d6af3d","ACT-a13357d6af3d","CONSOMMATEUR_NON_RESOLU","TRANSVERSE_OU_ORPHELIN_A_QUALIFIER","","Qualifier puis exécuter dans les contextes applicables ; variantes et champs à instancier après revue","UI_AUTH_API_DB","NON EXÉCUTÉ","Qualification détaillée et environnement isolé requis","","Lot partagé : propriétaire à affecter par orchestrateur"
"REC-ACT-a175bf8a633f","ACT-a175bf8a633f","admin | owner | sonasp","national_reserve","/national-reserve/allocations/:id/edit | /national-reserve/allocations/new","Qualifier puis exécuter dans les contextes applicables ; variantes et champs à instancier après revue","UI_AUTH_API_DB","NON EXÉCUTÉ","Qualification détaillée et environnement isolé requis","","Lot réserve nationale"
"REC-ACT-a18b823271f4","ACT-a18b823271f4","admin | dgmg | owner | sonasp","mining_sites","/artisan-sites","Qualifier puis exécuter dans les contextes applicables ; variantes et champs à instancier après revue","UI_AUTH_API_DB","NON EXÉCUTÉ","Qualification détaillée et environnement isolé requis","","Lot sites artisanaux"
"REC-ACT-a1e7f80d6a3c","ACT-a1e7f80d6a3c","admin | mine | owner | sonasp","administration | production | settings","/admin/settings | /parameters | /production/licenses/edit/:id | /production/licenses/new","Qualifier puis exécuter dans les contextes applicables ; variantes et champs à instancier après revue","UI_AUTH_API_DB","NON EXÉCUTÉ","Qualification détaillée et environnement isolé requis","","Lot partagé : propriétaire à affecter par orchestrateur"
"REC-ACT-a20b4f00eb95","ACT-a20b4f00eb95","admin | owner","administration","/admin/messagerie","Qualifier puis exécuter dans les contextes applicables ; variantes et champs à instancier après revue","UI_AUTH_API_DB","NON EXÉCUTÉ","Qualification détaillée et environnement isolé requis","","Lot administration et IAM"
"REC-ACT-a24741e2a16e","ACT-a24741e2a16e","admin | airport | factory | mine | owner | sonasp","shipping","/shipping/preparation/:id/edit","Qualifier puis exécuter dans les contextes applicables ; variantes et champs à instancier après revue","UI_AUTH_API_DB","NON EXÉCUTÉ","Qualification détaillée et environnement isolé requis","","Lot expéditions"
"REC-ACT-a2ef071d0f99","ACT-a2ef071d0f99","admin | dgmg | owner | sonasp","stakeholders","/stakeholders/mining-companies","Qualifier puis exécuter dans les contextes applicables ; variantes et champs à instancier après revue","UI_AUTH_API_DB","NON EXÉCUTÉ","Qualification détaillée et environnement isolé requis","","Lot référentiels (root pilote Clients)"
"REC-ACT-a2f7becf13b2","ACT-a2f7becf13b2","dgi | dgmg | owner","portal-dgi | portal-dgmg","/portail-dgi | /portail-dgmg","Qualifier puis exécuter dans les contextes applicables ; variantes et champs à instancier après revue","UI_AUTH_API_DB","NON EXÉCUTÉ","Qualification détaillée et environnement isolé requis","","Lot partagé : propriétaire à affecter par orchestrateur"
"REC-ACT-a32aaff8a9ee","ACT-a32aaff8a9ee","admin | collector | comptoir | dgmg | owner | sonasp","artisan_gold_market","/collecte/ventes | /collecte/ventes/nouvelle","Qualifier puis exécuter dans les contextes applicables ; variantes et champs à instancier après revue","UI_AUTH_API_DB","NON EXÉCUTÉ","Qualification détaillée et environnement isolé requis","","Lot marché artisanal et paiements"
"REC-ACT-a358d2a4b214","ACT-a358d2a4b214","CONSOMMATEUR_NON_RESOLU","TRANSVERSE_OU_ORPHELIN_A_QUALIFIER","","Qualifier puis exécuter dans les contextes applicables ; variantes et champs à instancier après revue","UI_AUTH_API_DB","NON EXÉCUTÉ","Qualification détaillée et environnement isolé requis","","Lot partagé : propriétaire à affecter par orchestrateur"
"REC-ACT-a35a12552b9e","ACT-a35a12552b9e","admin | mine | owner | refinery | sonasp","refining","/refining | /refining/:id/process","Qualifier puis exécuter dans les contextes applicables ; variantes et champs à instancier après revue","UI_AUTH_API_DB","NON EXÉCUTÉ","Qualification détaillée et environnement isolé requis","","Lot raffinage"
"REC-ACT-a3e6b45c7937","ACT-a3e6b45c7937","admin | airport | factory | mine | owner | sonasp","shipping","/freight | /freight-customs | /freight-customs/:id | /freight-customs/create | /freight/shipments/create | /shipping | /shipping/preparation | /shipping/preparation/new","Qualifier puis exécuter dans les contextes applicables ; variantes et champs à instancier après revue","UI_AUTH_API_DB","NON EXÉCUTÉ","Qualification détaillée et environnement isolé requis","","Lot expéditions"
"REC-ACT-a3ed63e81141","ACT-a3ed63e81141","mine | owner","portal-mine","/portail-mine","Qualifier puis exécuter dans les contextes applicables ; variantes et champs à instancier après revue","UI_AUTH_API_DB","NON EXÉCUTÉ","Qualification détaillée et environnement isolé requis","","Lot portal-mine"
"REC-ACT-a3fb6de9a9e1","ACT-a3fb6de9a9e1","admin | dgmg | owner | sonasp","mining_sites","/artisan-sites","Qualifier puis exécuter dans les contextes applicables ; variantes et champs à instancier après revue","UI_AUTH_API_DB","NON EXÉCUTÉ","Qualification détaillée et environnement isolé requis","","Lot sites artisanaux"
"REC-ACT-a4240faa7b32","ACT-a4240faa7b32","admin | collector | comptoir | dgmg | owner | sonasp","artisan-minier","/artisan-minier/:id | /artisan-minier/cartes/expirations | /artisan-minier/cartes/suivi | /artisan-minier/cartes/validation","Qualifier puis exécuter dans les contextes applicables ; variantes et champs à instancier après revue","UI_AUTH_API_DB","NON EXÉCUTÉ","Qualification détaillée et environnement isolé requis","","Lot artisans et affiliations"
"REC-ACT-a4c3dd2e5baf","ACT-a4c3dd2e5baf","admin | collector | comptoir | dgmg | owner | sonasp","artisan-minier","/artisan-minier/:id | /artisan-minier/cartes/expirations | /artisan-minier/cartes/suivi | /artisan-minier/cartes/validation","Qualifier puis exécuter dans les contextes applicables ; variantes et champs à instancier après revue","UI_AUTH_API_DB","NON EXÉCUTÉ","Qualification détaillée et environnement isolé requis","","Lot artisans et affiliations"
"REC-ACT-a4d106a49873","ACT-a4d106a49873","admin | mine | owner | sonasp","production","/performance/budgets | /performance/forecasts","Qualifier puis exécuter dans les contextes applicables ; variantes et champs à instancier après revue","UI_AUTH_API_DB","NON EXÉCUTÉ","Qualification détaillée et environnement isolé requis","","Lot production industrielle"
"REC-ACT-a51ee98f152b","ACT-a51ee98f152b","admin | owner","administration","/users/:userId","Qualifier puis exécuter dans les contextes applicables ; variantes et champs à instancier après revue","UI_AUTH_API_DB","NON EXÉCUTÉ","Qualification détaillée et environnement isolé requis","","Lot administration et IAM"
"REC-ACT-a535ebcf491d","ACT-a535ebcf491d","admin | owner","administration","/users/edit | /users/new","Qualifier puis exécuter dans les contextes applicables ; variantes et champs à instancier après revue","UI_AUTH_API_DB","NON EXÉCUTÉ","Qualification détaillée et environnement isolé requis","","Lot administration et IAM"
"REC-ACT-a53bc923cbf2","ACT-a53bc923cbf2","admin | owner | sonasp","artisan-minier","/artisan-minier/cartes/expirations | /artisan-minier/cartes/suivi | /artisan-minier/cartes/validation","Qualifier puis exécuter dans les contextes applicables ; variantes et champs à instancier après revue","UI_AUTH_API_DB","NON EXÉCUTÉ","Qualification détaillée et environnement isolé requis","","Lot artisans et affiliations"
"REC-ACT-a5cf6031cfe4","ACT-a5cf6031cfe4","collector | owner","portal-collector","/portail-collecteur/documents","Qualifier puis exécuter dans les contextes applicables ; variantes et champs à instancier après revue","UI_AUTH_API_DB","NON EXÉCUTÉ","Qualification détaillée et environnement isolé requis","","Lot portal-collector"
"REC-ACT-a6075e155043","ACT-a6075e155043","admin | customer | mine | owner | sonasp","sales","/payments/virtual","Qualifier puis exécuter dans les contextes applicables ; variantes et champs à instancier après revue","UI_AUTH_API_DB","NON EXÉCUTÉ","Qualification détaillée et environnement isolé requis","","Lot ventes internationales et paiements"
"REC-ACT-a61e69c2cdab","ACT-a61e69c2cdab","admin | mine | owner | refinery | sonasp","gold_inventory","/inventory","Qualifier puis exécuter dans les contextes applicables ; variantes et champs à instancier après revue","UI_AUTH_API_DB","NON EXÉCUTÉ","Qualification détaillée et environnement isolé requis","","Lot stocks"
"REC-ACT-a62291c10832","ACT-a62291c10832","admin | dgi | mine | owner | sonasp","conciliation","/conciliation/:id","Qualifier puis exécuter dans les contextes applicables ; variantes et champs à instancier après revue","UI_AUTH_API_DB","NON EXÉCUTÉ","Qualification détaillée et environnement isolé requis","","Lot conciliation"
"REC-ACT-a63474390c6c","ACT-a63474390c6c","admin | dgi | dgmg | factory | mine | owner | sonasp","production","/production/daily","Qualifier puis exécuter dans les contextes applicables ; variantes et champs à instancier après revue","UI_AUTH_API_DB","NON EXÉCUTÉ","Qualification détaillée et environnement isolé requis","","Lot production industrielle"
"REC-ACT-a6507f1c16d0","ACT-a6507f1c16d0","admin | owner | sonasp","gold_purchases","/achats/reglements/nouveau","Qualifier puis exécuter dans les contextes applicables ; variantes et champs à instancier après revue","UI_AUTH_API_DB","NON EXÉCUTÉ","Qualification détaillée et environnement isolé requis","","Lot achats et contrats"
"REC-ACT-a6d0fc47987b","ACT-a6d0fc47987b","admin | mine | owner | sonasp","production","/production/licenses/edit/:id | /production/licenses/new","Qualifier puis exécuter dans les contextes applicables ; variantes et champs à instancier après revue","UI_AUTH_API_DB","NON EXÉCUTÉ","Qualification détaillée et environnement isolé requis","","Lot production industrielle"
"REC-ACT-a6fff4d8f8cd","ACT-a6fff4d8f8cd","admin | airport | factory | mine | owner | sonasp","shipping","/shipping/preparation/new","Qualifier puis exécuter dans les contextes applicables ; variantes et champs à instancier après revue","UI_AUTH_API_DB","NON EXÉCUTÉ","Qualification détaillée et environnement isolé requis","","Lot expéditions"
"REC-ACT-a703e1ed77ca","ACT-a703e1ed77ca","admin | comptoir | owner | sonasp","artisan_gold_market","/artisan-minier/ventes-or/:id/facture","Qualifier puis exécuter dans les contextes applicables ; variantes et champs à instancier après revue","UI_AUTH_API_DB","NON EXÉCUTÉ","Qualification détaillée et environnement isolé requis","","Lot marché artisanal et paiements"
"REC-ACT-a73fc4f370ea","ACT-a73fc4f370ea","admin | airport | collector | comptoir | customer | dgi | dgmg | factory | mine | owner | refinery | sonasp","administration | artisan-minier | artisan_gold_market | conciliation | dashboard | gold_inventory | gold_purchases | international_markets | national_reserve | portal-collector | production | public-et-alias | sales | settings | shipping | stakeholders","/access/audit | /access/portals | /access/roles | /achats/comptes | /achats/comptes-paiements | /achats/demandes | /achats/plans | /achats/plans/:id | /achats/reglements | /admin/gold-sales-settings | /admin/messagerie | /admin/modules | /admin/refineries | /admin/refineries/edit/:id | /admin/refineries/new | /admin/settings | /admin/status-manager | /admin/transport-companies | /admin/transport-companies/edit/:id | /admin/transport-companies/new | /admin/users | /admin/workflow | /approvals | /artisan-minier/:artisanId/infractions/:infractionId | /artisan-minier/:artisanId/infractions/:infractionId/modifier | /artisan-minier/:artisanId/infractions/nouvelle | /artisan-minier/:id | /artisan-minier/:id/edit | /artisan-minier/cartes/expirations | /artisan-minier/cartes/suivi | /artisan-minier/cartes/validation | /artisan-minier/collecteurs | /artisan-minier/collecteurs/:id | /artisan-minier/collecteurs/:id/modifier | /artisan-minier/collecteurs/nouveau | /artisan-minier/comptoirs | /artisan-minier/comptoirs/:id | /artisan-minier/comptoirs/:id/modifier | /artisan-minier/comptoirs/nouveau | /artisan-minier/liste | /artisan-minier/paiements | /artisan-minier/paiements/:venteId/nouveau | /artisan-minier/paiements/historique | /artisan-minier/paiements/historique/:paiementId | /artisan-minier/rapports | /artisan-minier/rapports/chiffre-affaires | /artisan-minier/rapports/quantites | /artisan-minier/rapports/taxes | /artisan-minier/ventes-or | /artisan-minier/ventes-or/:id | /artisan-minier/ventes-or/:id/facture | /artisan-minier/ventes-or/:id/modifier | /artisan-minier/ventes-or/nouvelle | /collecte/ventes | /collecte/ventes/nouvelle | /conciliation | /conciliation/:id | /conciliation/regles-fiscales | /contrats | /contrats/:id | /contrats/pilotage | /dashboard/airport | /dashboard/customer | /dashboard/factory | /dashboard/management | /dashboard/production-modern | /dashboard/refinery | /freight | /freight-customs | /freight-customs/:id | /freight-customs/create | /freight/shipments/:id | /freight/shipments/create | /gold-prices | /inventory | /inventory/add | /inventory/silver | /national-reserve | /national-reserve/allocations | /national-reserve/allocations/:id | /national-reserve/allocations/:id/edit | /national-reserve/allocations/new | /national-reserve/audit | /national-reserve/controls | /national-reserve/physical | /national-reserve/valuation | /parameters | /payments | /payments/:id | /performance/budgets | /performance/forecasts | /portail-collecteur | /portail-collecteur/documents | /portail-collecteur/stock | /portail-dgi/paiements | /portail-dgmg/reserve-validations | /production/:id | /production/achats-mines | /production/daily | /production/in-safe | /production/licenses | /production/licenses/requests | /requisitions | /requisitions/:id | /sales | /sales/:id | /shipping | /shipping/preparation | /shipping/preparation/:id | /shipping/preparation/:id/details | /shipping/preparation/:id/edit | /shipping/preparation/new | /stakeholders/freight-companies | /stakeholders/organizations | /stakeholders/organizations/:id/edit | /stakeholders/organizations/new | /stakeholders/refinery-plants | /users | /users/:userId | /users/edit | /users/new","Qualifier puis exécuter dans les contextes applicables ; variantes et champs à instancier après revue","UI_AUTH_API_DB","NON EXÉCUTÉ","Qualification détaillée et environnement isolé requis","","Lot partagé : propriétaire à affecter par orchestrateur"
"REC-ACT-a79a20ad9f77","ACT-a79a20ad9f77","CONSOMMATEUR_NON_RESOLU","TRANSVERSE_OU_ORPHELIN_A_QUALIFIER","","Qualifier puis exécuter dans les contextes applicables ; variantes et champs à instancier après revue","UI_AUTH_API_DB","NON EXÉCUTÉ","Qualification détaillée et environnement isolé requis","","Lot partagé : propriétaire à affecter par orchestrateur"
"REC-ACT-a805cadd6979","ACT-a805cadd6979","admin | owner | sonasp","national_reserve","/national-reserve/allocations | /national-reserve/allocations/:id","Qualifier puis exécuter dans les contextes applicables ; variantes et champs à instancier après revue","UI_AUTH_API_DB","NON EXÉCUTÉ","Qualification détaillée et environnement isolé requis","","Lot réserve nationale"
"REC-ACT-a870acda37e2","ACT-a870acda37e2","admin | airport | factory | mine | owner | sonasp","documents","/documents/assay-certificates","Qualifier puis exécuter dans les contextes applicables ; variantes et champs à instancier après revue","UI_AUTH_API_DB","NON EXÉCUTÉ","Qualification détaillée et environnement isolé requis","","Lot documents"
"REC-ACT-a8ae67062816","ACT-a8ae67062816","CONSOMMATEUR_NON_RESOLU","TRANSVERSE_OU_ORPHELIN_A_QUALIFIER","","Qualifier puis exécuter dans les contextes applicables ; variantes et champs à instancier après revue","UI_AUTH_API_DB","NON EXÉCUTÉ","Qualification détaillée et environnement isolé requis","","Lot partagé : propriétaire à affecter par orchestrateur"
"REC-ACT-a8bbaabc10de","ACT-a8bbaabc10de","CONSOMMATEUR_NON_RESOLU","TRANSVERSE_OU_ORPHELIN_A_QUALIFIER","","Qualifier puis exécuter dans les contextes applicables ; variantes et champs à instancier après revue","UI_AUTH_API_DB","NON EXÉCUTÉ","Qualification détaillée et environnement isolé requis","","Lot partagé : propriétaire à affecter par orchestrateur"
"REC-ACT-a8d76fd80da7","ACT-a8d76fd80da7","admin | customer | mine | owner | sonasp","sales","/payments/:id","Qualifier puis exécuter dans les contextes applicables ; variantes et champs à instancier après revue","UI_AUTH_API_DB","NON EXÉCUTÉ","Qualification détaillée et environnement isolé requis","","Lot ventes internationales et paiements"
"REC-ACT-a8dc2031ee3f","ACT-a8dc2031ee3f","admin | collector | comptoir | dgmg | owner | sonasp","artisan-minier","/artisan-minier/:id/edit | /artisan-minier/liste","Qualifier puis exécuter dans les contextes applicables ; variantes et champs à instancier après revue","UI_AUTH_API_DB","NON EXÉCUTÉ","Qualification détaillée et environnement isolé requis","","Lot artisans et affiliations"
"REC-ACT-a8dd45b45b02","ACT-a8dd45b45b02","admin | dgmg | owner | sonasp","mining_sites","/artisan-sites/:siteId","Qualifier puis exécuter dans les contextes applicables ; variantes et champs à instancier après revue","UI_AUTH_API_DB","NON EXÉCUTÉ","Qualification détaillée et environnement isolé requis","","Lot sites artisanaux"
"REC-ACT-a8f5b7d2a172","ACT-a8f5b7d2a172","admin | owner | sonasp","artisan-minier","/artisan-minier/cartes/expirations | /artisan-minier/cartes/suivi | /artisan-minier/cartes/validation","Qualifier puis exécuter dans les contextes applicables ; variantes et champs à instancier après revue","UI_AUTH_API_DB","NON EXÉCUTÉ","Qualification détaillée et environnement isolé requis","","Lot artisans et affiliations"
"REC-ACT-a8fc578746c0","ACT-a8fc578746c0","collector | owner","portal-collector","/portail-collecteur","Qualifier puis exécuter dans les contextes applicables ; variantes et champs à instancier après revue","UI_AUTH_API_DB","NON EXÉCUTÉ","Qualification détaillée et environnement isolé requis","","Lot portal-collector"
"REC-ACT-a91f29202bef","ACT-a91f29202bef","admin | mine | owner | refinery | sonasp","refining","/refining/freight-shipments","Qualifier puis exécuter dans les contextes applicables ; variantes et champs à instancier après revue","UI_AUTH_API_DB","NON EXÉCUTÉ","Qualification détaillée et environnement isolé requis","","Lot raffinage"
"REC-ACT-a9211349303c","ACT-a9211349303c","direction | owner","portal-direction","/portail-direction/* | /portail-direction/achats | /portail-direction/alertes | /portail-direction/compte | /portail-direction/contrats | /portail-direction/finances | /portail-direction/performance | /portail-direction/previsions | /portail-direction/production | /portail-direction/rapports | /portail-direction/synthese","Qualifier puis exécuter dans les contextes applicables ; variantes et champs à instancier après revue","UI_AUTH_API_DB","NON EXÉCUTÉ","Qualification détaillée et environnement isolé requis","","Lot portal-direction"
"REC-ACT-a93d294c2fc6","ACT-a93d294c2fc6","admin | collector | comptoir | owner | sonasp","artisan_gold_market","/artisan-minier/paiements/:venteId/nouveau","Qualifier puis exécuter dans les contextes applicables ; variantes et champs à instancier après revue","UI_AUTH_API_DB","NON EXÉCUTÉ","Qualification détaillée et environnement isolé requis","","Lot marché artisanal et paiements"
"REC-ACT-a94883448444","ACT-a94883448444","admin | collector | comptoir | dgmg | owner | sonasp","artisan-minier","/artisan-minier/:id","Qualifier puis exécuter dans les contextes applicables ; variantes et champs à instancier après revue","UI_AUTH_API_DB","NON EXÉCUTÉ","Qualification détaillée et environnement isolé requis","","Lot artisans et affiliations"
"REC-ACT-a9697538a662","ACT-a9697538a662","admin | mine | owner | sonasp","gold_purchases","/achats/comptes | /achats/comptes-paiements | /achats/demandes | /achats/plans | /achats/plans/:id | /achats/reglements","Qualifier puis exécuter dans les contextes applicables ; variantes et champs à instancier après revue","UI_AUTH_API_DB","NON EXÉCUTÉ","Qualification détaillée et environnement isolé requis","","Lot achats et contrats"
"REC-ACT-a96a10e7af32","ACT-a96a10e7af32","admin | owner | sonasp","gold_purchases","/achats/reglements/nouveau","Qualifier puis exécuter dans les contextes applicables ; variantes et champs à instancier après revue","UI_AUTH_API_DB","NON EXÉCUTÉ","Qualification détaillée et environnement isolé requis","","Lot achats et contrats"
"REC-ACT-a9cc41862ab2","ACT-a9cc41862ab2","admin | airport | factory | mine | owner | sonasp","shipping","/freight | /freight-customs | /freight-customs/:id | /freight-customs/create | /freight/shipments/create | /shipping | /shipping/preparation | /shipping/preparation/new","Qualifier puis exécuter dans les contextes applicables ; variantes et champs à instancier après revue","UI_AUTH_API_DB","NON EXÉCUTÉ","Qualification détaillée et environnement isolé requis","","Lot expéditions"
"REC-ACT-aa4bf5c93f97","ACT-aa4bf5c93f97","CONSOMMATEUR_NON_RESOLU","TRANSVERSE_OU_ORPHELIN_A_QUALIFIER","","Qualifier puis exécuter dans les contextes applicables ; variantes et champs à instancier après revue","UI_AUTH_API_DB","NON EXÉCUTÉ","Qualification détaillée et environnement isolé requis","","Lot partagé : propriétaire à affecter par orchestrateur"
"REC-ACT-aac38ab2d90e","ACT-aac38ab2d90e","admin | owner | sonasp","public-et-alias","/admin/refineries/edit/:id | /admin/refineries/new","Qualifier puis exécuter dans les contextes applicables ; variantes et champs à instancier après revue","UI_AUTH_API_DB","NON EXÉCUTÉ","Qualification détaillée et environnement isolé requis","","Lot public-et-alias"
"REC-ACT-aaea3bdc7e7b","ACT-aaea3bdc7e7b","admin | owner | sonasp","artisan-minier","/artisan-minier/cartes/expirations | /artisan-minier/cartes/suivi | /artisan-minier/cartes/validation","Qualifier puis exécuter dans les contextes applicables ; variantes et champs à instancier après revue","UI_AUTH_API_DB","NON EXÉCUTÉ","Qualification détaillée et environnement isolé requis","","Lot artisans et affiliations"
"REC-ACT-aaf1b2d6cd92","ACT-aaf1b2d6cd92","admin | dgi | mine | owner | sonasp","conciliation","/conciliation","Qualifier puis exécuter dans les contextes applicables ; variantes et champs à instancier après revue","UI_AUTH_API_DB","NON EXÉCUTÉ","Qualification détaillée et environnement isolé requis","","Lot conciliation"
"REC-ACT-ab1042f1fb15","ACT-ab1042f1fb15","admin | dgi | dgmg | factory | mine | owner | sonasp","production","/production/:id | /production/daily","Qualifier puis exécuter dans les contextes applicables ; variantes et champs à instancier après revue","UI_AUTH_API_DB","NON EXÉCUTÉ","Qualification détaillée et environnement isolé requis","","Lot production industrielle"
"REC-ACT-ab331c063f5b","ACT-ab331c063f5b","admin | owner | sonasp","gold_purchases","/achats/plans/:id","Qualifier puis exécuter dans les contextes applicables ; variantes et champs à instancier après revue","UI_AUTH_API_DB","NON EXÉCUTÉ","Qualification détaillée et environnement isolé requis","","Lot achats et contrats"
"REC-ACT-ab57d01ca67e","ACT-ab57d01ca67e","admin | mine | owner | refinery | sonasp","refining","/refining | /refining/:id/process","Qualifier puis exécuter dans les contextes applicables ; variantes et champs à instancier après revue","UI_AUTH_API_DB","NON EXÉCUTÉ","Qualification détaillée et environnement isolé requis","","Lot raffinage"
"REC-ACT-aba7d188ddbb","ACT-aba7d188ddbb","admin | collector | comptoir | dgmg | owner | sonasp","artisan-minier","/artisan-minier/collecteurs | /artisan-minier/collecteurs/:id","Qualifier puis exécuter dans les contextes applicables ; variantes et champs à instancier après revue","UI_AUTH_API_DB","NON EXÉCUTÉ","Qualification détaillée et environnement isolé requis","","Lot artisans et affiliations"
"REC-ACT-aba88405d794","ACT-aba88405d794","comptoir | owner","portal-comptoir","/portail-comptoir","Qualifier puis exécuter dans les contextes applicables ; variantes et champs à instancier après revue","UI_AUTH_API_DB","NON EXÉCUTÉ","Qualification détaillée et environnement isolé requis","","Lot portal-comptoir"
"REC-ACT-abebaf560628","ACT-abebaf560628","admin | airport | collector | comptoir | customer | dgi | dgmg | direction | factory | mine | owner | refinery | sonasp","administration | artisan-minier | artisan_gold_market | conciliation | dashboard | gold_inventory | gold_purchases | international_markets | mining_sites | national_reserve | portal-collector | portal-comptoir | portal-direction | production | public-et-alias | sales | settings | shipping | stakeholders","/access/audit | /access/portals | /access/roles | /achats/comptes | /achats/comptes-paiements | /achats/demandes | /achats/plans | /achats/plans/:id | /achats/reglements | /achats/reglements/nouveau | /admin/gold-sales-settings | /admin/messagerie | /admin/messagerie/:uid | /admin/messagerie/nouveau | /admin/modules | /admin/refineries | /admin/refineries/edit/:id | /admin/refineries/new | /admin/settings | /admin/status-manager | /admin/transport-companies | /admin/transport-companies/edit/:id | /admin/transport-companies/new | /admin/users | /admin/workflow | /approvals | /artisan-minier | /artisan-minier/:artisanId/infractions/:infractionId | /artisan-minier/:artisanId/infractions/:infractionId/modifier | /artisan-minier/:artisanId/infractions/nouvelle | /artisan-minier/:id | /artisan-minier/:id/edit | /artisan-minier/cartes/expirations | /artisan-minier/cartes/suivi | /artisan-minier/cartes/validation | /artisan-minier/collecteurs | /artisan-minier/collecteurs/:id | /artisan-minier/collecteurs/:id/modifier | /artisan-minier/collecteurs/nouveau | /artisan-minier/comptoirs | /artisan-minier/comptoirs/:id | /artisan-minier/comptoirs/:id/modifier | /artisan-minier/comptoirs/nouveau | /artisan-minier/liste | /artisan-minier/paiements | /artisan-minier/paiements/:venteId/nouveau | /artisan-minier/paiements/historique | /artisan-minier/paiements/historique/:paiementId | /artisan-minier/rapports | /artisan-minier/rapports/chiffre-affaires | /artisan-minier/rapports/quantites | /artisan-minier/rapports/taxes | /artisan-minier/ventes-or | /artisan-minier/ventes-or/:id | /artisan-minier/ventes-or/:id/facture | /artisan-minier/ventes-or/:id/modifier | /artisan-minier/ventes-or/nouvelle | /artisan-sites | /artisan-sites/:siteId | /artisan-sites/:siteId/modifier | /artisan-sites/nouveau | /artisan-sites/production | /collecte/ventes | /collecte/ventes/nouvelle | /conciliation | /conciliation/:id | /conciliation/regles-fiscales | /contrats | /contrats/:id | /contrats/:id/modifier | /contrats/nouveau | /contrats/pilotage | /dashboard | /dashboard/airport | /dashboard/customer | /dashboard/factory | /dashboard/management | /dashboard/production-modern | /dashboard/refinery | /freight | /freight-customs | /freight-customs/:id | /freight-customs/create | /freight/shipments/:id | /freight/shipments/create | /gold-prices | /inventory | /inventory/add | /inventory/silver | /national-reserve | /national-reserve/allocations | /national-reserve/allocations/:id | /national-reserve/allocations/:id/edit | /national-reserve/allocations/new | /national-reserve/audit | /national-reserve/controls | /national-reserve/physical | /national-reserve/valuation | /parameters | /payments | /payments/:id | /payments/create | /payments/record | /performance/budgets | /performance/forecasts | /portail-collecteur | /portail-collecteur/documents | /portail-collecteur/stock | /portail-comptoir | /portail-comptoir/stock | /portail-comptoir/ventes-sonasp | /portail-direction/* | /portail-direction/achats | /portail-direction/alertes | /portail-direction/compte | /portail-direction/contrats | /portail-direction/finances | /portail-direction/performance | /portail-direction/previsions | /portail-direction/production | /portail-direction/rapports | /portail-direction/synthese | /production/:id | /production/achats-mines | /production/daily | /production/in-safe | /production/licenses | /production/licenses/requests | /requisitions | /requisitions/:id | /requisitions/:id/modifier | /requisitions/nouvelle | /sales | /sales/:id | /shipping | /shipping/preparation | /shipping/preparation/:id | /shipping/preparation/:id/details | /shipping/preparation/:id/edit | /shipping/preparation/new | /sonasp/cessions-comptoirs | /stakeholders/freight-companies | /stakeholders/organizations | /stakeholders/organizations/:id/edit | /stakeholders/organizations/new | /stakeholders/refinery-plants | /users | /users/:userId | /users/edit | /users/new","Qualifier puis exécuter dans les contextes applicables ; variantes et champs à instancier après revue","UI_AUTH_API_DB","NON EXÉCUTÉ","Qualification détaillée et environnement isolé requis","","Lot partagé : propriétaire à affecter par orchestrateur"
"REC-ACT-ac1a18f1d46d","ACT-ac1a18f1d46d","admin | owner | sonasp","national_reserve","/national-reserve/allocations/:id/edit | /national-reserve/allocations/new","Qualifier puis exécuter dans les contextes applicables ; variantes et champs à instancier après revue","UI_AUTH_API_DB","NON EXÉCUTÉ","Qualification détaillée et environnement isolé requis","","Lot réserve nationale"
"REC-ACT-ac738cec3861","ACT-ac738cec3861","CONSOMMATEUR_NON_RESOLU","TRANSVERSE_OU_ORPHELIN_A_QUALIFIER","","Qualifier puis exécuter dans les contextes applicables ; variantes et champs à instancier après revue","UI_AUTH_API_DB","NON EXÉCUTÉ","Qualification détaillée et environnement isolé requis","","Lot partagé : propriétaire à affecter par orchestrateur"
"REC-ACT-ac9054b766be","ACT-ac9054b766be","admin | dgi | dgmg | factory | mine | owner | sonasp","production","/production/:id | /production/daily","Qualifier puis exécuter dans les contextes applicables ; variantes et champs à instancier après revue","UI_AUTH_API_DB","NON EXÉCUTÉ","Qualification détaillée et environnement isolé requis","","Lot production industrielle"
"REC-ACT-accfe985b430","ACT-accfe985b430","admin | airport | collector | comptoir | customer | dgi | dgmg | direction | factory | mine | owner | refinery | sonasp","administration | artisan-minier | artisan_gold_market | conciliation | dashboard | gold_inventory | gold_purchases | international_markets | mining_sites | national_reserve | portal-collector | portal-comptoir | portal-direction | production | public-et-alias | sales | settings | shipping | stakeholders","/access/audit | /access/portals | /access/roles | /achats/comptes | /achats/comptes-paiements | /achats/demandes | /achats/plans | /achats/plans/:id | /achats/reglements | /achats/reglements/nouveau | /admin/gold-sales-settings | /admin/messagerie | /admin/messagerie/:uid | /admin/messagerie/nouveau | /admin/modules | /admin/refineries | /admin/refineries/edit/:id | /admin/refineries/new | /admin/settings | /admin/status-manager | /admin/transport-companies | /admin/transport-companies/edit/:id | /admin/transport-companies/new | /admin/users | /admin/workflow | /approvals | /artisan-minier | /artisan-minier/:artisanId/infractions/:infractionId | /artisan-minier/:artisanId/infractions/:infractionId/modifier | /artisan-minier/:artisanId/infractions/nouvelle | /artisan-minier/:id | /artisan-minier/:id/edit | /artisan-minier/cartes/expirations | /artisan-minier/cartes/suivi | /artisan-minier/cartes/validation | /artisan-minier/collecteurs | /artisan-minier/collecteurs/:id | /artisan-minier/collecteurs/:id/modifier | /artisan-minier/collecteurs/nouveau | /artisan-minier/comptoirs | /artisan-minier/comptoirs/:id | /artisan-minier/comptoirs/:id/modifier | /artisan-minier/comptoirs/nouveau | /artisan-minier/liste | /artisan-minier/paiements | /artisan-minier/paiements/:venteId/nouveau | /artisan-minier/paiements/historique | /artisan-minier/paiements/historique/:paiementId | /artisan-minier/rapports | /artisan-minier/rapports/chiffre-affaires | /artisan-minier/rapports/quantites | /artisan-minier/rapports/taxes | /artisan-minier/ventes-or | /artisan-minier/ventes-or/:id | /artisan-minier/ventes-or/:id/facture | /artisan-minier/ventes-or/:id/modifier | /artisan-minier/ventes-or/nouvelle | /artisan-sites | /artisan-sites/:siteId | /artisan-sites/:siteId/modifier | /artisan-sites/nouveau | /artisan-sites/production | /collecte/ventes | /collecte/ventes/nouvelle | /conciliation | /conciliation/:id | /conciliation/regles-fiscales | /contrats | /contrats/:id | /contrats/:id/modifier | /contrats/nouveau | /contrats/pilotage | /dashboard | /dashboard/airport | /dashboard/customer | /dashboard/factory | /dashboard/management | /dashboard/production-modern | /dashboard/refinery | /freight | /freight-customs | /freight-customs/:id | /freight-customs/create | /freight/shipments/:id | /freight/shipments/create | /gold-prices | /inventory | /inventory/add | /inventory/silver | /national-reserve | /national-reserve/allocations | /national-reserve/allocations/:id | /national-reserve/allocations/:id/edit | /national-reserve/allocations/new | /national-reserve/audit | /national-reserve/controls | /national-reserve/physical | /national-reserve/valuation | /parameters | /payments | /payments/:id | /payments/create | /payments/record | /performance/budgets | /performance/forecasts | /portail-collecteur | /portail-collecteur/documents | /portail-collecteur/stock | /portail-comptoir | /portail-comptoir/stock | /portail-comptoir/ventes-sonasp | /portail-direction/* | /portail-direction/achats | /portail-direction/alertes | /portail-direction/compte | /portail-direction/contrats | /portail-direction/finances | /portail-direction/performance | /portail-direction/previsions | /portail-direction/production | /portail-direction/rapports | /portail-direction/synthese | /production/:id | /production/achats-mines | /production/daily | /production/in-safe | /production/licenses | /production/licenses/requests | /requisitions | /requisitions/:id | /requisitions/:id/modifier | /requisitions/nouvelle | /sales | /sales/:id | /shipping | /shipping/preparation | /shipping/preparation/:id | /shipping/preparation/:id/details | /shipping/preparation/:id/edit | /shipping/preparation/new | /sonasp/cessions-comptoirs | /stakeholders/freight-companies | /stakeholders/organizations | /stakeholders/organizations/:id/edit | /stakeholders/organizations/new | /stakeholders/refinery-plants | /users | /users/:userId | /users/edit | /users/new","Qualifier puis exécuter dans les contextes applicables ; variantes et champs à instancier après revue","UI_AUTH_API_DB","NON EXÉCUTÉ","Qualification détaillée et environnement isolé requis","","Lot partagé : propriétaire à affecter par orchestrateur"
"REC-ACT-acd18ac7f541","ACT-acd18ac7f541","admin | collector | comptoir | dgmg | owner | sonasp","artisan-minier","/artisan-minier/:id/edit | /artisan-minier/liste","Qualifier puis exécuter dans les contextes applicables ; variantes et champs à instancier après revue","UI_AUTH_API_DB","NON EXÉCUTÉ","Qualification détaillée et environnement isolé requis","","Lot artisans et affiliations"
"REC-ACT-acd569bbe97f","ACT-acd569bbe97f","admin | dgi | mine | owner | sonasp","conciliation","/conciliation/:id","Qualifier puis exécuter dans les contextes applicables ; variantes et champs à instancier après revue","UI_AUTH_API_DB","NON EXÉCUTÉ","Qualification détaillée et environnement isolé requis","","Lot conciliation"
"REC-ACT-ad1c8dfa4cb5","ACT-ad1c8dfa4cb5","admin | owner | sonasp","gold_purchases","/requisitions/:id/modifier | /requisitions/nouvelle","Qualifier puis exécuter dans les contextes applicables ; variantes et champs à instancier après revue","UI_AUTH_API_DB","NON EXÉCUTÉ","Qualification détaillée et environnement isolé requis","","Lot achats et contrats"
"REC-ACT-ad1f3c6c6e28","ACT-ad1f3c6c6e28","admin | mine | owner | sonasp","gold_purchases","/achats/reglements","Qualifier puis exécuter dans les contextes applicables ; variantes et champs à instancier après revue","UI_AUTH_API_DB","NON EXÉCUTÉ","Qualification détaillée et environnement isolé requis","","Lot achats et contrats"
"REC-ACT-ad2857824a1a","ACT-ad2857824a1a","admin | mine | owner | sonasp","gold_purchases","/contrats/:id/modifier | /contrats/nouveau","Qualifier puis exécuter dans les contextes applicables ; variantes et champs à instancier après revue","UI_AUTH_API_DB","NON EXÉCUTÉ","Qualification détaillée et environnement isolé requis","","Lot achats et contrats"
"REC-ACT-ad3d5895ee9e","ACT-ad3d5895ee9e","CONSOMMATEUR_NON_RESOLU","TRANSVERSE_OU_ORPHELIN_A_QUALIFIER","","Qualifier puis exécuter dans les contextes applicables ; variantes et champs à instancier après revue","UI_AUTH_API_DB","NON EXÉCUTÉ","Qualification détaillée et environnement isolé requis","","Lot partagé : propriétaire à affecter par orchestrateur"
"REC-ACT-ad4bcd0fcc76","ACT-ad4bcd0fcc76","CONSOMMATEUR_NON_RESOLU","TRANSVERSE_OU_ORPHELIN_A_QUALIFIER","","Qualifier puis exécuter dans les contextes applicables ; variantes et champs à instancier après revue","UI_AUTH_API_DB","NON EXÉCUTÉ","Qualification détaillée et environnement isolé requis","","Lot partagé : propriétaire à affecter par orchestrateur"
"REC-ACT-ad52d1514a97","ACT-ad52d1514a97","admin | owner | sonasp","production","/production/licenses/requests","Qualifier puis exécuter dans les contextes applicables ; variantes et champs à instancier après revue","UI_AUTH_API_DB","NON EXÉCUTÉ","Qualification détaillée et environnement isolé requis","","Lot production industrielle"
"REC-ACT-addbebecaba8","ACT-addbebecaba8","admin | owner","administration","/admin/messagerie","Qualifier puis exécuter dans les contextes applicables ; variantes et champs à instancier après revue","UI_AUTH_API_DB","NON EXÉCUTÉ","Qualification détaillée et environnement isolé requis","","Lot administration et IAM"
"REC-ACT-ade73abcada7","ACT-ade73abcada7","admin | collector | comptoir | dgmg | owner | sonasp","artisan-minier","/artisan-minier/liste","Qualifier puis exécuter dans les contextes applicables ; variantes et champs à instancier après revue","UI_AUTH_API_DB","NON EXÉCUTÉ","Qualification détaillée et environnement isolé requis","","Lot artisans et affiliations"
"REC-ACT-adfc3a7dad91","ACT-adfc3a7dad91","CONSOMMATEUR_NON_RESOLU","TRANSVERSE_OU_ORPHELIN_A_QUALIFIER","","Qualifier puis exécuter dans les contextes applicables ; variantes et champs à instancier après revue","UI_AUTH_API_DB","NON EXÉCUTÉ","Qualification détaillée et environnement isolé requis","","Lot partagé : propriétaire à affecter par orchestrateur"
"REC-ACT-ae035efc545a","ACT-ae035efc545a","admin | mine | owner | sonasp","gold_purchases","/achats/reglements","Qualifier puis exécuter dans les contextes applicables ; variantes et champs à instancier après revue","UI_AUTH_API_DB","NON EXÉCUTÉ","Qualification détaillée et environnement isolé requis","","Lot achats et contrats"
"REC-ACT-ae166806ff4b","ACT-ae166806ff4b","admin | airport | customer | factory | mine | owner | refinery | sonasp","international_markets","/fx-rates","Qualifier puis exécuter dans les contextes applicables ; variantes et champs à instancier après revue","UI_AUTH_API_DB","NON EXÉCUTÉ","Qualification détaillée et environnement isolé requis","","Lot international_markets"
"REC-ACT-ae1feaa24e05","ACT-ae1feaa24e05","admin | mine | owner | sonasp","gold_purchases","/requisitions","Qualifier puis exécuter dans les contextes applicables ; variantes et champs à instancier après revue","UI_AUTH_API_DB","NON EXÉCUTÉ","Qualification détaillée et environnement isolé requis","","Lot achats et contrats"
"REC-ACT-ae2e259ddeb9","ACT-ae2e259ddeb9","CONSOMMATEUR_NON_RESOLU","TRANSVERSE_OU_ORPHELIN_A_QUALIFIER","","Qualifier puis exécuter dans les contextes applicables ; variantes et champs à instancier après revue","UI_AUTH_API_DB","NON EXÉCUTÉ","Qualification détaillée et environnement isolé requis","","Lot partagé : propriétaire à affecter par orchestrateur"
"REC-ACT-ae548452a3bb","ACT-ae548452a3bb","admin | owner | sonasp","artisan-minier","/artisan-minier/cartes/expirations | /artisan-minier/cartes/suivi | /artisan-minier/cartes/validation","Qualifier puis exécuter dans les contextes applicables ; variantes et champs à instancier après revue","UI_AUTH_API_DB","NON EXÉCUTÉ","Qualification détaillée et environnement isolé requis","","Lot artisans et affiliations"
"REC-ACT-ae74e6cc7b11","ACT-ae74e6cc7b11","admin | customer | mine | owner | sonasp","sales","/payments/:id","Qualifier puis exécuter dans les contextes applicables ; variantes et champs à instancier après revue","UI_AUTH_API_DB","NON EXÉCUTÉ","Qualification détaillée et environnement isolé requis","","Lot ventes internationales et paiements"
"REC-ACT-aec1661e5eda","ACT-aec1661e5eda","admin | collector | comptoir | owner | sonasp","artisan_gold_market","/artisan-minier/paiements/historique/:paiementId","Qualifier puis exécuter dans les contextes applicables ; variantes et champs à instancier après revue","UI_AUTH_API_DB","NON EXÉCUTÉ","Qualification détaillée et environnement isolé requis","","Lot marché artisanal et paiements"
"REC-ACT-aec86d45c4d3","ACT-aec86d45c4d3","admin | mine | owner | refinery | sonasp","refining","/refining/freight-shipments","Qualifier puis exécuter dans les contextes applicables ; variantes et champs à instancier après revue","UI_AUTH_API_DB","NON EXÉCUTÉ","Qualification détaillée et environnement isolé requis","","Lot raffinage"
"REC-ACT-aedaeff97f9b","ACT-aedaeff97f9b","admin | customer | mine | owner | refinery | sonasp","sales","/sales/:id","Qualifier puis exécuter dans les contextes applicables ; variantes et champs à instancier après revue","UI_AUTH_API_DB","NON EXÉCUTÉ","Qualification détaillée et environnement isolé requis","","Lot ventes internationales et paiements"
"REC-ACT-aef213f1eb26","ACT-aef213f1eb26","admin | customer | mine | owner | refinery | sonasp","sales","/sales","Qualifier puis exécuter dans les contextes applicables ; variantes et champs à instancier après revue","UI_AUTH_API_DB","NON EXÉCUTÉ","Qualification détaillée et environnement isolé requis","","Lot ventes internationales et paiements"
"REC-ACT-af75de2bd6f6","ACT-af75de2bd6f6","admin | mine | owner | refinery | sonasp","refining","/refining | /refining/:id/process","Qualifier puis exécuter dans les contextes applicables ; variantes et champs à instancier après revue","UI_AUTH_API_DB","NON EXÉCUTÉ","Qualification détaillée et environnement isolé requis","","Lot raffinage"
"REC-ACT-af781d11398c","ACT-af781d11398c","admin | owner | sonasp","artisan-minier","/artisan-minier/:artisanId/infractions/:infractionId","Qualifier puis exécuter dans les contextes applicables ; variantes et champs à instancier après revue","UI_AUTH_API_DB","NON EXÉCUTÉ","Qualification détaillée et environnement isolé requis","","Lot artisans et affiliations"
"REC-ACT-af7860ae5abd","ACT-af7860ae5abd","admin | owner","administration | public-et-alias","/admin/users | /users","Qualifier puis exécuter dans les contextes applicables ; variantes et champs à instancier après revue","UI_AUTH_API_DB","NON EXÉCUTÉ","Qualification détaillée et environnement isolé requis","","Lot partagé : propriétaire à affecter par orchestrateur"
"REC-ACT-afa03fdec311","ACT-afa03fdec311","admin | collector | comptoir | dgmg | owner | sonasp","artisan-minier","/artisan-minier/collecteurs | /artisan-minier/collecteurs/:id","Qualifier puis exécuter dans les contextes applicables ; variantes et champs à instancier après revue","UI_AUTH_API_DB","NON EXÉCUTÉ","Qualification détaillée et environnement isolé requis","","Lot artisans et affiliations"
"REC-ACT-afa34e4eb9b4","ACT-afa34e4eb9b4","admin | collector | comptoir | dgi | owner | sonasp","artisan_gold_market","/artisan-minier/ventes-or/:id","Qualifier puis exécuter dans les contextes applicables ; variantes et champs à instancier après revue","UI_AUTH_API_DB","NON EXÉCUTÉ","Qualification détaillée et environnement isolé requis","","Lot marché artisanal et paiements"
"REC-ACT-afabe5588a69","ACT-afabe5588a69","admin | airport | factory | mine | owner | sonasp","shipping","/freight/shipments/create","Qualifier puis exécuter dans les contextes applicables ; variantes et champs à instancier après revue","UI_AUTH_API_DB","NON EXÉCUTÉ","Qualification détaillée et environnement isolé requis","","Lot expéditions"
"REC-ACT-aff407dcb91d","ACT-aff407dcb91d","admin | mine | owner | sonasp","international_markets","/sales/simulations","Qualifier puis exécuter dans les contextes applicables ; variantes et champs à instancier après revue","UI_AUTH_API_DB","NON EXÉCUTÉ","Qualification détaillée et environnement isolé requis","","Lot international_markets"
"REC-ACT-affce492dfbd","ACT-affce492dfbd","admin | mine | owner | sonasp","sales","/sales/new","Qualifier puis exécuter dans les contextes applicables ; variantes et champs à instancier après revue","UI_AUTH_API_DB","NON EXÉCUTÉ","Qualification détaillée et environnement isolé requis","","Lot ventes internationales et paiements"
"REC-ACT-b0ef756340f2","ACT-b0ef756340f2","admin | customer | owner | sonasp","sales","/payments/create | /payments/record","Qualifier puis exécuter dans les contextes applicables ; variantes et champs à instancier après revue","UI_AUTH_API_DB","NON EXÉCUTÉ","Qualification détaillée et environnement isolé requis","","Lot ventes internationales et paiements"
"REC-ACT-b111ecfc1abc","ACT-b111ecfc1abc","admin | customer | mine | owner | sonasp","sales","/payments/:id","Qualifier puis exécuter dans les contextes applicables ; variantes et champs à instancier après revue","UI_AUTH_API_DB","NON EXÉCUTÉ","Qualification détaillée et environnement isolé requis","","Lot ventes internationales et paiements"
"REC-ACT-b15ec628b7fa","ACT-b15ec628b7fa","admin | airport | collector | comptoir | customer | dgi | dgmg | direction | factory | mine | owner | refinery | sonasp","administration | artisan-minier | artisan_gold_market | conciliation | dashboard | gold_inventory | gold_purchases | international_markets | mining_sites | national_reserve | portal-collector | portal-comptoir | portal-direction | production | public-et-alias | sales | settings | shipping | stakeholders","/access/audit | /access/portals | /access/roles | /achats/comptes | /achats/comptes-paiements | /achats/demandes | /achats/plans | /achats/plans/:id | /achats/reglements | /achats/reglements/nouveau | /admin/gold-sales-settings | /admin/messagerie | /admin/messagerie/:uid | /admin/messagerie/nouveau | /admin/modules | /admin/refineries | /admin/refineries/edit/:id | /admin/refineries/new | /admin/settings | /admin/status-manager | /admin/transport-companies | /admin/transport-companies/edit/:id | /admin/transport-companies/new | /admin/users | /admin/workflow | /approvals | /artisan-minier | /artisan-minier/:artisanId/infractions/:infractionId | /artisan-minier/:artisanId/infractions/:infractionId/modifier | /artisan-minier/:artisanId/infractions/nouvelle | /artisan-minier/:id | /artisan-minier/:id/edit | /artisan-minier/cartes/expirations | /artisan-minier/cartes/suivi | /artisan-minier/cartes/validation | /artisan-minier/collecteurs | /artisan-minier/collecteurs/:id | /artisan-minier/collecteurs/:id/modifier | /artisan-minier/collecteurs/nouveau | /artisan-minier/comptoirs | /artisan-minier/comptoirs/:id | /artisan-minier/comptoirs/:id/modifier | /artisan-minier/comptoirs/nouveau | /artisan-minier/liste | /artisan-minier/paiements | /artisan-minier/paiements/:venteId/nouveau | /artisan-minier/paiements/historique | /artisan-minier/paiements/historique/:paiementId | /artisan-minier/rapports | /artisan-minier/rapports/chiffre-affaires | /artisan-minier/rapports/quantites | /artisan-minier/rapports/taxes | /artisan-minier/ventes-or | /artisan-minier/ventes-or/:id | /artisan-minier/ventes-or/:id/facture | /artisan-minier/ventes-or/:id/modifier | /artisan-minier/ventes-or/nouvelle | /artisan-sites | /artisan-sites/:siteId | /artisan-sites/:siteId/modifier | /artisan-sites/nouveau | /artisan-sites/production | /collecte/ventes | /collecte/ventes/nouvelle | /conciliation | /conciliation/:id | /conciliation/regles-fiscales | /contrats | /contrats/:id | /contrats/:id/modifier | /contrats/nouveau | /contrats/pilotage | /dashboard | /dashboard/airport | /dashboard/customer | /dashboard/factory | /dashboard/management | /dashboard/production-modern | /dashboard/refinery | /freight | /freight-customs | /freight-customs/:id | /freight-customs/create | /freight/shipments/:id | /freight/shipments/create | /gold-prices | /inventory | /inventory/add | /inventory/silver | /national-reserve | /national-reserve/allocations | /national-reserve/allocations/:id | /national-reserve/allocations/:id/edit | /national-reserve/allocations/new | /national-reserve/audit | /national-reserve/controls | /national-reserve/physical | /national-reserve/valuation | /parameters | /payments | /payments/:id | /payments/create | /payments/record | /performance/budgets | /performance/forecasts | /portail-collecteur | /portail-collecteur/documents | /portail-collecteur/stock | /portail-comptoir | /portail-comptoir/stock | /portail-comptoir/ventes-sonasp | /portail-direction/* | /portail-direction/achats | /portail-direction/alertes | /portail-direction/compte | /portail-direction/contrats | /portail-direction/finances | /portail-direction/performance | /portail-direction/previsions | /portail-direction/production | /portail-direction/rapports | /portail-direction/synthese | /production/:id | /production/achats-mines | /production/daily | /production/in-safe | /production/licenses | /production/licenses/requests | /requisitions | /requisitions/:id | /requisitions/:id/modifier | /requisitions/nouvelle | /sales | /sales/:id | /shipping | /shipping/preparation | /shipping/preparation/:id | /shipping/preparation/:id/details | /shipping/preparation/:id/edit | /shipping/preparation/new | /sonasp/cessions-comptoirs | /stakeholders/freight-companies | /stakeholders/organizations | /stakeholders/organizations/:id/edit | /stakeholders/organizations/new | /stakeholders/refinery-plants | /users | /users/:userId | /users/edit | /users/new","Qualifier puis exécuter dans les contextes applicables ; variantes et champs à instancier après revue","UI_AUTH_API_DB","NON EXÉCUTÉ","Qualification détaillée et environnement isolé requis","","Lot partagé : propriétaire à affecter par orchestrateur"
"REC-ACT-b161fee6128c","ACT-b161fee6128c","admin | mine | owner | sonasp","gold_purchases","/requisitions/:id","Qualifier puis exécuter dans les contextes applicables ; variantes et champs à instancier après revue","UI_AUTH_API_DB","NON EXÉCUTÉ","Qualification détaillée et environnement isolé requis","","Lot achats et contrats"
"REC-ACT-b189cb5e0af8","ACT-b189cb5e0af8","admin | mine | owner | sonasp","public-et-alias | stakeholders","/admin/transport-companies | /stakeholders/freight-companies","Qualifier puis exécuter dans les contextes applicables ; variantes et champs à instancier après revue","UI_AUTH_API_DB","NON EXÉCUTÉ","Qualification détaillée et environnement isolé requis","","Lot partagé : propriétaire à affecter par orchestrateur"
"REC-ACT-b193fa57442b","ACT-b193fa57442b","admin | dgi | mine | owner | sonasp","conciliation","/conciliation","Qualifier puis exécuter dans les contextes applicables ; variantes et champs à instancier après revue","UI_AUTH_API_DB","NON EXÉCUTÉ","Qualification détaillée et environnement isolé requis","","Lot conciliation"
"REC-ACT-b1c654daa1c5","ACT-b1c654daa1c5","CONSOMMATEUR_NON_RESOLU","TRANSVERSE_OU_ORPHELIN_A_QUALIFIER","","Qualifier puis exécuter dans les contextes applicables ; variantes et champs à instancier après revue","UI_AUTH_API_DB","NON EXÉCUTÉ","Qualification détaillée et environnement isolé requis","","Lot partagé : propriétaire à affecter par orchestrateur"
"REC-ACT-b1c960b52bdc","ACT-b1c960b52bdc","admin | dgmg | owner | sonasp","mining_sites","/artisan-sites","Qualifier puis exécuter dans les contextes applicables ; variantes et champs à instancier après revue","UI_AUTH_API_DB","NON EXÉCUTÉ","Qualification détaillée et environnement isolé requis","","Lot sites artisanaux"
"REC-ACT-b203b71ce1d3","ACT-b203b71ce1d3","admin | airport | factory | mine | owner | sonasp","shipping","/freight | /freight-customs | /freight-customs/:id | /freight-customs/create | /freight/shipments/create | /shipping | /shipping/preparation | /shipping/preparation/new","Qualifier puis exécuter dans les contextes applicables ; variantes et champs à instancier après revue","UI_AUTH_API_DB","NON EXÉCUTÉ","Qualification détaillée et environnement isolé requis","","Lot expéditions"
"REC-ACT-b21a78f4c80f","ACT-b21a78f4c80f","owner | sonasp","public-et-alias","/approvals","Qualifier puis exécuter dans les contextes applicables ; variantes et champs à instancier après revue","UI_AUTH_API_DB","NON EXÉCUTÉ","Qualification détaillée et environnement isolé requis","","Lot public-et-alias"
"REC-ACT-b2618cb621d0","ACT-b2618cb621d0","admin | collector | comptoir | dgi | owner | sonasp","artisan_gold_market","/artisan-minier/ventes-or","Qualifier puis exécuter dans les contextes applicables ; variantes et champs à instancier après revue","UI_AUTH_API_DB","NON EXÉCUTÉ","Qualification détaillée et environnement isolé requis","","Lot marché artisanal et paiements"
"REC-ACT-b277224bff53","ACT-b277224bff53","admin | mine | owner | sonasp","gold_purchases","/contrats/:id | /requisitions/:id","Qualifier puis exécuter dans les contextes applicables ; variantes et champs à instancier après revue","UI_AUTH_API_DB","NON EXÉCUTÉ","Qualification détaillée et environnement isolé requis","","Lot achats et contrats"
"REC-ACT-b27fc9a55f00","ACT-b27fc9a55f00","admin | owner | sonasp","national_reserve","/national-reserve/allocations | /national-reserve/allocations/:id","Qualifier puis exécuter dans les contextes applicables ; variantes et champs à instancier après revue","UI_AUTH_API_DB","NON EXÉCUTÉ","Qualification détaillée et environnement isolé requis","","Lot réserve nationale"
"REC-ACT-b2862829c11c","ACT-b2862829c11c","admin | collector | comptoir | dgi | owner | sonasp","artisan_gold_market","/artisan-minier/ventes-or","Qualifier puis exécuter dans les contextes applicables ; variantes et champs à instancier après revue","UI_AUTH_API_DB","NON EXÉCUTÉ","Qualification détaillée et environnement isolé requis","","Lot marché artisanal et paiements"
"REC-ACT-b28c61268a93","ACT-b28c61268a93","admin | customer | mine | owner | sonasp","sales","/payments/:id","Qualifier puis exécuter dans les contextes applicables ; variantes et champs à instancier après revue","UI_AUTH_API_DB","NON EXÉCUTÉ","Qualification détaillée et environnement isolé requis","","Lot ventes internationales et paiements"
"REC-ACT-b2e7e7b617c9","ACT-b2e7e7b617c9","admin | owner | sonasp","settings","/admin/gold-sales-settings","Qualifier puis exécuter dans les contextes applicables ; variantes et champs à instancier après revue","UI_AUTH_API_DB","NON EXÉCUTÉ","Qualification détaillée et environnement isolé requis","","Lot paramètres"
"REC-ACT-b2f3b4d2bd55","ACT-b2f3b4d2bd55","admin | owner | sonasp","stakeholders","/customers/:id/edit | /customers/new","Qualifier puis exécuter dans les contextes applicables ; variantes et champs à instancier après revue","UI_AUTH_API_DB","NON EXÉCUTÉ","Qualification détaillée et environnement isolé requis","","Lot référentiels (root pilote Clients)"
"REC-ACT-b3483aab8d21","ACT-b3483aab8d21","admin | collector | comptoir | dgi | owner | sonasp","artisan_gold_market","/artisan-minier/ventes-or","Qualifier puis exécuter dans les contextes applicables ; variantes et champs à instancier après revue","UI_AUTH_API_DB","NON EXÉCUTÉ","Qualification détaillée et environnement isolé requis","","Lot marché artisanal et paiements"
"REC-ACT-b35afde40005","ACT-b35afde40005","admin | mine | owner | sonasp","gold_purchases","/achats/reglements","Qualifier puis exécuter dans les contextes applicables ; variantes et champs à instancier après revue","UI_AUTH_API_DB","NON EXÉCUTÉ","Qualification détaillée et environnement isolé requis","","Lot achats et contrats"
"REC-ACT-b3bf192c1409","ACT-b3bf192c1409","admin | owner | sonasp","gold_purchases","/achats/plans/:id","Qualifier puis exécuter dans les contextes applicables ; variantes et champs à instancier après revue","UI_AUTH_API_DB","NON EXÉCUTÉ","Qualification détaillée et environnement isolé requis","","Lot achats et contrats"
"REC-ACT-b3d3d6639d4a","ACT-b3d3d6639d4a","admin | collector | comptoir | dgmg | owner | sonasp","artisan-minier","/artisan-minier/collecteurs | /artisan-minier/collecteurs/:id","Qualifier puis exécuter dans les contextes applicables ; variantes et champs à instancier après revue","UI_AUTH_API_DB","NON EXÉCUTÉ","Qualification détaillée et environnement isolé requis","","Lot artisans et affiliations"
"REC-ACT-b45076fbcb82","ACT-b45076fbcb82","admin | mine | owner | sonasp","gold_purchases","/achats/comptes | /achats/comptes-paiements | /achats/demandes | /achats/reglements","Qualifier puis exécuter dans les contextes applicables ; variantes et champs à instancier après revue","UI_AUTH_API_DB","NON EXÉCUTÉ","Qualification détaillée et environnement isolé requis","","Lot achats et contrats"
"REC-ACT-b45ebaf3da42","ACT-b45ebaf3da42","admin | dgi | dgmg | factory | mine | owner | sonasp","production","/production/daily","Qualifier puis exécuter dans les contextes applicables ; variantes et champs à instancier après revue","UI_AUTH_API_DB","NON EXÉCUTÉ","Qualification détaillée et environnement isolé requis","","Lot production industrielle"
"REC-ACT-b46254dc439a","ACT-b46254dc439a","admin | owner | sonasp","gold_purchases","/achats/comptes-paiements","Qualifier puis exécuter dans les contextes applicables ; variantes et champs à instancier après revue","UI_AUTH_API_DB","NON EXÉCUTÉ","Qualification détaillée et environnement isolé requis","","Lot achats et contrats"
"REC-ACT-b4999f3d4565","ACT-b4999f3d4565","admin | dgi | dgmg | factory | mine | owner | sonasp","production","/production/:id | /production/daily","Qualifier puis exécuter dans les contextes applicables ; variantes et champs à instancier après revue","UI_AUTH_API_DB","NON EXÉCUTÉ","Qualification détaillée et environnement isolé requis","","Lot production industrielle"
"REC-ACT-b4fecd9cb020","ACT-b4fecd9cb020","admin | mine | owner | sonasp","gold_purchases","/contrats/:id","Qualifier puis exécuter dans les contextes applicables ; variantes et champs à instancier après revue","UI_AUTH_API_DB","NON EXÉCUTÉ","Qualification détaillée et environnement isolé requis","","Lot achats et contrats"
"REC-ACT-b51aedc35f8d","ACT-b51aedc35f8d","admin | dgmg | owner","artisan-minier","/artisan-minier/comptoirs/:id | /artisan-minier/comptoirs/:id/modifier | /artisan-minier/comptoirs/nouveau","Qualifier puis exécuter dans les contextes applicables ; variantes et champs à instancier après revue","UI_AUTH_API_DB","NON EXÉCUTÉ","Qualification détaillée et environnement isolé requis","","Lot artisans et affiliations"
"REC-ACT-b5ab5285e06f","ACT-b5ab5285e06f","admin | airport | factory | mine | owner | sonasp","documents | shipping","/documents/assay-certificates | /freight-customs/:id | /freight/shipments/:id","Qualifier puis exécuter dans les contextes applicables ; variantes et champs à instancier après revue","UI_AUTH_API_DB","NON EXÉCUTÉ","Qualification détaillée et environnement isolé requis","","Lot partagé : propriétaire à affecter par orchestrateur"
"REC-ACT-b5f05d9edbea","ACT-b5f05d9edbea","admin | owner","administration","/admin/messagerie","Qualifier puis exécuter dans les contextes applicables ; variantes et champs à instancier après revue","UI_AUTH_API_DB","NON EXÉCUTÉ","Qualification détaillée et environnement isolé requis","","Lot administration et IAM"
"REC-ACT-b5fd1eb44846","ACT-b5fd1eb44846","admin | mine | owner | refinery | sonasp","refining","/refining | /refining/:id/process","Qualifier puis exécuter dans les contextes applicables ; variantes et champs à instancier après revue","UI_AUTH_API_DB","NON EXÉCUTÉ","Qualification détaillée et environnement isolé requis","","Lot raffinage"
"REC-ACT-b63ccc18b703","ACT-b63ccc18b703","admin | collector | comptoir | dgmg | owner | sonasp","artisan-minier","/artisan-minier/:id | /artisan-minier/cartes/expirations | /artisan-minier/cartes/suivi | /artisan-minier/cartes/validation","Qualifier puis exécuter dans les contextes applicables ; variantes et champs à instancier après revue","UI_AUTH_API_DB","NON EXÉCUTÉ","Qualification détaillée et environnement isolé requis","","Lot artisans et affiliations"
"REC-ACT-b6a7cf002f1a","ACT-b6a7cf002f1a","admin | airport | factory | mine | owner | sonasp","documents","/documents/assay-certificates","Qualifier puis exécuter dans les contextes applicables ; variantes et champs à instancier après revue","UI_AUTH_API_DB","NON EXÉCUTÉ","Qualification détaillée et environnement isolé requis","","Lot documents"
"REC-ACT-b6cbc7eb5242","ACT-b6cbc7eb5242","admin | airport | mine | owner | sonasp","shipping","/freight-customs/:id","Qualifier puis exécuter dans les contextes applicables ; variantes et champs à instancier après revue","UI_AUTH_API_DB","NON EXÉCUTÉ","Qualification détaillée et environnement isolé requis","","Lot expéditions"
"REC-ACT-b6ef61b925da","ACT-b6ef61b925da","admin | airport | customer | factory | mine | owner | refinery | sonasp","analytics | production_analytics | reports | sales_analytics","/analytics | /analytics/national | /analytics/production | /analytics/ventes | /reports","Qualifier puis exécuter dans les contextes applicables ; variantes et champs à instancier après revue","UI_AUTH_API_DB","NON EXÉCUTÉ","Qualification détaillée et environnement isolé requis","","Lot partagé : propriétaire à affecter par orchestrateur"
"REC-ACT-b73e449151f1","ACT-b73e449151f1","admin | owner | sonasp","settings","/admin/workflow","Qualifier puis exécuter dans les contextes applicables ; variantes et champs à instancier après revue","UI_AUTH_API_DB","NON EXÉCUTÉ","Qualification détaillée et environnement isolé requis","","Lot paramètres"
"REC-ACT-b750482da716","ACT-b750482da716","admin | owner","administration","/access/portals","Qualifier puis exécuter dans les contextes applicables ; variantes et champs à instancier après revue","UI_AUTH_API_DB","NON EXÉCUTÉ","Qualification détaillée et environnement isolé requis","","Lot administration et IAM"
"REC-ACT-b7939ccbefc6","ACT-b7939ccbefc6","admin | owner | sonasp","production","/production/achats-mines","Qualifier puis exécuter dans les contextes applicables ; variantes et champs à instancier après revue","UI_AUTH_API_DB","NON EXÉCUTÉ","Qualification détaillée et environnement isolé requis","","Lot production industrielle"
"REC-ACT-b794ad0d7182","ACT-b794ad0d7182","admin | owner","administration","/users/:userId","Qualifier puis exécuter dans les contextes applicables ; variantes et champs à instancier après revue","UI_AUTH_API_DB","NON EXÉCUTÉ","Qualification détaillée et environnement isolé requis","","Lot administration et IAM"
"REC-ACT-b7ad20a8feed","ACT-b7ad20a8feed","admin | owner | sonasp","national_reserve","/national-reserve | /national-reserve/audit | /national-reserve/controls | /national-reserve/physical | /national-reserve/valuation","Qualifier puis exécuter dans les contextes applicables ; variantes et champs à instancier après revue","UI_AUTH_API_DB","NON EXÉCUTÉ","Qualification détaillée et environnement isolé requis","","Lot réserve nationale"
"REC-ACT-b7c1e049f532","ACT-b7c1e049f532","admin | collector | comptoir | owner | sonasp","artisan_gold_market","/artisan-minier/paiements/historique/:paiementId","Qualifier puis exécuter dans les contextes applicables ; variantes et champs à instancier après revue","UI_AUTH_API_DB","NON EXÉCUTÉ","Qualification détaillée et environnement isolé requis","","Lot marché artisanal et paiements"
"REC-ACT-b7c2aa3568d4","ACT-b7c2aa3568d4","admin | mine | owner | refinery | sonasp","refining","/refining/freight-shipments","Qualifier puis exécuter dans les contextes applicables ; variantes et champs à instancier après revue","UI_AUTH_API_DB","NON EXÉCUTÉ","Qualification détaillée et environnement isolé requis","","Lot raffinage"
"REC-ACT-b7d1014e14a9","ACT-b7d1014e14a9","public","authentification","/login","Qualifier puis exécuter dans les contextes applicables ; variantes et champs à instancier après revue","UI_AUTH_API_DB","NON EXÉCUTÉ","Qualification détaillée et environnement isolé requis","","Lot authentification"
"REC-ACT-b7fc49c926ff","ACT-b7fc49c926ff","admin | collector | comptoir | dgmg | owner | sonasp","artisan_gold_market","/collecte/ventes | /collecte/ventes/nouvelle","Qualifier puis exécuter dans les contextes applicables ; variantes et champs à instancier après revue","UI_AUTH_API_DB","NON EXÉCUTÉ","Qualification détaillée et environnement isolé requis","","Lot marché artisanal et paiements"
"REC-ACT-b846f7eb40f7","ACT-b846f7eb40f7","admin | mine | owner | sonasp","gold_purchases","/achats/comptes | /achats/comptes-paiements | /achats/demandes | /achats/reglements","Qualifier puis exécuter dans les contextes applicables ; variantes et champs à instancier après revue","UI_AUTH_API_DB","NON EXÉCUTÉ","Qualification détaillée et environnement isolé requis","","Lot achats et contrats"
"REC-ACT-b86cff1b5bbc","ACT-b86cff1b5bbc","admin | dgmg | owner | sonasp","mining_sites","/artisan-sites","Qualifier puis exécuter dans les contextes applicables ; variantes et champs à instancier après revue","UI_AUTH_API_DB","NON EXÉCUTÉ","Qualification détaillée et environnement isolé requis","","Lot sites artisanaux"
"REC-ACT-b89d52428b85","ACT-b89d52428b85","admin | airport | factory | mine | owner | sonasp","shipping","/shipping/preparation/:id | /shipping/preparation/:id/details","Qualifier puis exécuter dans les contextes applicables ; variantes et champs à instancier après revue","UI_AUTH_API_DB","NON EXÉCUTÉ","Qualification détaillée et environnement isolé requis","","Lot expéditions"
"REC-ACT-b8cf2faa72be","ACT-b8cf2faa72be","admin | dgmg | owner | sonasp","stakeholders","/stakeholders/organizations/:id/edit | /stakeholders/organizations/new","Qualifier puis exécuter dans les contextes applicables ; variantes et champs à instancier après revue","UI_AUTH_API_DB","NON EXÉCUTÉ","Qualification détaillée et environnement isolé requis","","Lot référentiels (root pilote Clients)"
"REC-ACT-b8d820ed4202","ACT-b8d820ed4202","admin | collector | comptoir | dgmg | owner | sonasp","artisan-minier","/artisan-minier/:id","Qualifier puis exécuter dans les contextes applicables ; variantes et champs à instancier après revue","UI_AUTH_API_DB","NON EXÉCUTÉ","Qualification détaillée et environnement isolé requis","","Lot artisans et affiliations"
"REC-ACT-b8e0bdbc4587","ACT-b8e0bdbc4587","admin | owner","administration","/access/portals","Qualifier puis exécuter dans les contextes applicables ; variantes et champs à instancier après revue","UI_AUTH_API_DB","NON EXÉCUTÉ","Qualification détaillée et environnement isolé requis","","Lot administration et IAM"
"REC-ACT-b8e29c725f8d","ACT-b8e29c725f8d","admin | collector | comptoir | dgmg | owner | sonasp","artisan-minier","/artisan-minier/:id/edit | /artisan-minier/liste","Qualifier puis exécuter dans les contextes applicables ; variantes et champs à instancier après revue","UI_AUTH_API_DB","NON EXÉCUTÉ","Qualification détaillée et environnement isolé requis","","Lot artisans et affiliations"
"REC-ACT-b924cee9e4fe","ACT-b924cee9e4fe","admin | airport | customer | factory | mine | owner | refinery | sonasp","analytics | production_analytics | reports | sales_analytics","/analytics | /analytics/national | /analytics/production | /analytics/ventes | /reports","Qualifier puis exécuter dans les contextes applicables ; variantes et champs à instancier après revue","UI_AUTH_API_DB","NON EXÉCUTÉ","Qualification détaillée et environnement isolé requis","","Lot partagé : propriétaire à affecter par orchestrateur"
"REC-ACT-b98adf707ab3","ACT-b98adf707ab3","admin | dgmg | owner | sonasp","stakeholders","/stakeholders/mining-companies/:id/edit | /stakeholders/mining-companies/new","Qualifier puis exécuter dans les contextes applicables ; variantes et champs à instancier après revue","UI_AUTH_API_DB","NON EXÉCUTÉ","Qualification détaillée et environnement isolé requis","","Lot référentiels (root pilote Clients)"
"REC-ACT-b99566d4085e","ACT-b99566d4085e","public","public-et-alias","/","Qualifier puis exécuter dans les contextes applicables ; variantes et champs à instancier après revue","UI_AUTH_API_DB","NON EXÉCUTÉ","Qualification détaillée et environnement isolé requis","","Lot public-et-alias"
"REC-ACT-b9ae6a897b6d","ACT-b9ae6a897b6d","admin | mine | owner | sonasp","gold_purchases","/contrats/:id","Qualifier puis exécuter dans les contextes applicables ; variantes et champs à instancier après revue","UI_AUTH_API_DB","NON EXÉCUTÉ","Qualification détaillée et environnement isolé requis","","Lot achats et contrats"
"REC-ACT-b9fa5efcc1cf","ACT-b9fa5efcc1cf","admin | dgmg | owner","mining_sites","/artisan-sites/:siteId/modifier | /artisan-sites/nouveau","Qualifier puis exécuter dans les contextes applicables ; variantes et champs à instancier après revue","UI_AUTH_API_DB","NON EXÉCUTÉ","Qualification détaillée et environnement isolé requis","","Lot sites artisanaux"
"REC-ACT-ba55ddd1be33","ACT-ba55ddd1be33","admin | owner | sonasp","production","/production/licenses/requests","Qualifier puis exécuter dans les contextes applicables ; variantes et champs à instancier après revue","UI_AUTH_API_DB","NON EXÉCUTÉ","Qualification détaillée et environnement isolé requis","","Lot production industrielle"
"REC-ACT-ba719b5a0e20","ACT-ba719b5a0e20","admin | owner | sonasp","national_reserve","/national-reserve/allocations | /national-reserve/allocations/:id","Qualifier puis exécuter dans les contextes applicables ; variantes et champs à instancier après revue","UI_AUTH_API_DB","NON EXÉCUTÉ","Qualification détaillée et environnement isolé requis","","Lot réserve nationale"
"REC-ACT-ba82f8839940","ACT-ba82f8839940","CONSOMMATEUR_NON_RESOLU","TRANSVERSE_OU_ORPHELIN_A_QUALIFIER","","Qualifier puis exécuter dans les contextes applicables ; variantes et champs à instancier après revue","UI_AUTH_API_DB","NON EXÉCUTÉ","Qualification détaillée et environnement isolé requis","","Lot partagé : propriétaire à affecter par orchestrateur"
"REC-ACT-babe52ba7b40","ACT-babe52ba7b40","admin | owner | sonasp","national_reserve","/national-reserve/allocations | /national-reserve/allocations/:id","Qualifier puis exécuter dans les contextes applicables ; variantes et champs à instancier après revue","UI_AUTH_API_DB","NON EXÉCUTÉ","Qualification détaillée et environnement isolé requis","","Lot réserve nationale"
"REC-ACT-bac761ea46ae","ACT-bac761ea46ae","admin | collector | comptoir | dgmg | owner | sonasp","artisan-minier","/artisan-minier/:id/edit | /artisan-minier/liste","Qualifier puis exécuter dans les contextes applicables ; variantes et champs à instancier après revue","UI_AUTH_API_DB","NON EXÉCUTÉ","Qualification détaillée et environnement isolé requis","","Lot artisans et affiliations"
"REC-ACT-bad35bd69f57","ACT-bad35bd69f57","admin | mine | owner | refinery | sonasp","refining","/refining | /refining/:id/process","Qualifier puis exécuter dans les contextes applicables ; variantes et champs à instancier après revue","UI_AUTH_API_DB","NON EXÉCUTÉ","Qualification détaillée et environnement isolé requis","","Lot raffinage"
"REC-ACT-baf027852ea2","ACT-baf027852ea2","CONSOMMATEUR_NON_RESOLU","TRANSVERSE_OU_ORPHELIN_A_QUALIFIER","","Qualifier puis exécuter dans les contextes applicables ; variantes et champs à instancier après revue","UI_AUTH_API_DB","NON EXÉCUTÉ","Qualification détaillée et environnement isolé requis","","Lot partagé : propriétaire à affecter par orchestrateur"
"REC-ACT-baf743fff657","ACT-baf743fff657","admin | airport | factory | mine | owner | sonasp","shipping","/freight | /freight-customs | /freight-customs/:id | /freight-customs/create | /freight/shipments/create | /shipping | /shipping/preparation | /shipping/preparation/new","Qualifier puis exécuter dans les contextes applicables ; variantes et champs à instancier après revue","UI_AUTH_API_DB","NON EXÉCUTÉ","Qualification détaillée et environnement isolé requis","","Lot expéditions"
"REC-ACT-bb2ea46ca5f6","ACT-bb2ea46ca5f6","admin | collector | comptoir | owner | sonasp","artisan_gold_market","/artisan-minier/paiements/:venteId/nouveau","Qualifier puis exécuter dans les contextes applicables ; variantes et champs à instancier après revue","UI_AUTH_API_DB","NON EXÉCUTÉ","Qualification détaillée et environnement isolé requis","","Lot marché artisanal et paiements"
"REC-ACT-bb3cec8d4837","ACT-bb3cec8d4837","admin | dgi | dgmg | factory | mine | owner | sonasp","production","/production/daily","Qualifier puis exécuter dans les contextes applicables ; variantes et champs à instancier après revue","UI_AUTH_API_DB","NON EXÉCUTÉ","Qualification détaillée et environnement isolé requis","","Lot production industrielle"
"REC-ACT-bb442866cc72","ACT-bb442866cc72","admin | airport | factory | mine | owner | sonasp","documents | shipping","/documents/assay-certificates | /freight-customs/:id | /freight/shipments/:id","Qualifier puis exécuter dans les contextes applicables ; variantes et champs à instancier après revue","UI_AUTH_API_DB","NON EXÉCUTÉ","Qualification détaillée et environnement isolé requis","","Lot partagé : propriétaire à affecter par orchestrateur"
"REC-ACT-bbbdc22793a7","ACT-bbbdc22793a7","admin | mine | owner | sonasp","gold_purchases","/achats/reglements","Qualifier puis exécuter dans les contextes applicables ; variantes et champs à instancier après revue","UI_AUTH_API_DB","NON EXÉCUTÉ","Qualification détaillée et environnement isolé requis","","Lot achats et contrats"
"REC-ACT-bbdac68ebc67","ACT-bbdac68ebc67","admin | collector | comptoir | dgmg | owner | sonasp","artisan-minier","/artisan-minier/:id | /artisan-minier/cartes/expirations | /artisan-minier/cartes/suivi | /artisan-minier/cartes/validation","Qualifier puis exécuter dans les contextes applicables ; variantes et champs à instancier après revue","UI_AUTH_API_DB","NON EXÉCUTÉ","Qualification détaillée et environnement isolé requis","","Lot artisans et affiliations"
"REC-ACT-bbe2c7aab646","ACT-bbe2c7aab646","admin | airport | mine | owner | sonasp","shipping","/freight-customs/:id","Qualifier puis exécuter dans les contextes applicables ; variantes et champs à instancier après revue","UI_AUTH_API_DB","NON EXÉCUTÉ","Qualification détaillée et environnement isolé requis","","Lot expéditions"
"REC-ACT-bc151dbc2484","ACT-bc151dbc2484","admin | owner | sonasp","national_reserve","/national-reserve/allocations | /national-reserve/allocations/:id","Qualifier puis exécuter dans les contextes applicables ; variantes et champs à instancier après revue","UI_AUTH_API_DB","NON EXÉCUTÉ","Qualification détaillée et environnement isolé requis","","Lot réserve nationale"
"REC-ACT-bca3b4aba734","ACT-bca3b4aba734","admin | collector | comptoir | owner | sonasp","artisan_gold_market","/artisan-minier/paiements/historique/:paiementId","Qualifier puis exécuter dans les contextes applicables ; variantes et champs à instancier après revue","UI_AUTH_API_DB","NON EXÉCUTÉ","Qualification détaillée et environnement isolé requis","","Lot marché artisanal et paiements"
"REC-ACT-bca8aa374e86","ACT-bca8aa374e86","CONSOMMATEUR_NON_RESOLU","TRANSVERSE_OU_ORPHELIN_A_QUALIFIER","","Qualifier puis exécuter dans les contextes applicables ; variantes et champs à instancier après revue","UI_AUTH_API_DB","NON EXÉCUTÉ","Qualification détaillée et environnement isolé requis","","Lot partagé : propriétaire à affecter par orchestrateur"
"REC-ACT-bcb441549d10","ACT-bcb441549d10","admin | owner | sonasp","gold_purchases","/contrats/pilotage","Qualifier puis exécuter dans les contextes applicables ; variantes et champs à instancier après revue","UI_AUTH_API_DB","NON EXÉCUTÉ","Qualification détaillée et environnement isolé requis","","Lot achats et contrats"
"REC-ACT-bcbcb5e864de","ACT-bcbcb5e864de","CONSOMMATEUR_NON_RESOLU","TRANSVERSE_OU_ORPHELIN_A_QUALIFIER","","Qualifier puis exécuter dans les contextes applicables ; variantes et champs à instancier après revue","UI_AUTH_API_DB","NON EXÉCUTÉ","Qualification détaillée et environnement isolé requis","","Lot partagé : propriétaire à affecter par orchestrateur"
"REC-ACT-bcc10867a4f9","ACT-bcc10867a4f9","admin | mine | owner | sonasp","international_markets","/sales/simulator","Qualifier puis exécuter dans les contextes applicables ; variantes et champs à instancier après revue","UI_AUTH_API_DB","NON EXÉCUTÉ","Qualification détaillée et environnement isolé requis","","Lot international_markets"
"REC-ACT-bd234de24680","ACT-bd234de24680","admin | airport | customer | factory | mine | owner | refinery | sonasp","analytics | production_analytics | reports | sales_analytics","/analytics | /analytics/national | /analytics/production | /analytics/ventes | /reports","Qualifier puis exécuter dans les contextes applicables ; variantes et champs à instancier après revue","UI_AUTH_API_DB","NON EXÉCUTÉ","Qualification détaillée et environnement isolé requis","","Lot partagé : propriétaire à affecter par orchestrateur"
"REC-ACT-bd67283895fe","ACT-bd67283895fe","admin | owner | sonasp","artisan-minier","/artisan-minier","Qualifier puis exécuter dans les contextes applicables ; variantes et champs à instancier après revue","UI_AUTH_API_DB","NON EXÉCUTÉ","Qualification détaillée et environnement isolé requis","","Lot artisans et affiliations"
"REC-ACT-bdcc7a1a4d4d","ACT-bdcc7a1a4d4d","CONSOMMATEUR_NON_RESOLU","TRANSVERSE_OU_ORPHELIN_A_QUALIFIER","","Qualifier puis exécuter dans les contextes applicables ; variantes et champs à instancier après revue","UI_AUTH_API_DB","NON EXÉCUTÉ","Qualification détaillée et environnement isolé requis","","Lot partagé : propriétaire à affecter par orchestrateur"
"REC-ACT-bdf0dac9b770","ACT-bdf0dac9b770","CONSOMMATEUR_NON_RESOLU","TRANSVERSE_OU_ORPHELIN_A_QUALIFIER","","Qualifier puis exécuter dans les contextes applicables ; variantes et champs à instancier après revue","UI_AUTH_API_DB","NON EXÉCUTÉ","Qualification détaillée et environnement isolé requis","","Lot partagé : propriétaire à affecter par orchestrateur"
"REC-ACT-be45a7cffe4d","ACT-be45a7cffe4d","CONSOMMATEUR_NON_RESOLU","TRANSVERSE_OU_ORPHELIN_A_QUALIFIER","","Qualifier puis exécuter dans les contextes applicables ; variantes et champs à instancier après revue","UI_AUTH_API_DB","NON EXÉCUTÉ","Qualification détaillée et environnement isolé requis","","Lot partagé : propriétaire à affecter par orchestrateur"
"REC-ACT-be5707672942","ACT-be5707672942","admin | dgmg | owner","artisan-minier","/artisan-minier/comptoirs/:id | /artisan-minier/comptoirs/:id/modifier | /artisan-minier/comptoirs/nouveau","Qualifier puis exécuter dans les contextes applicables ; variantes et champs à instancier après revue","UI_AUTH_API_DB","NON EXÉCUTÉ","Qualification détaillée et environnement isolé requis","","Lot artisans et affiliations"
"REC-ACT-be5f2ea4b798","ACT-be5f2ea4b798","admin | dgi | mine | owner | sonasp","conciliation","/conciliation/regles-fiscales","Qualifier puis exécuter dans les contextes applicables ; variantes et champs à instancier après revue","UI_AUTH_API_DB","NON EXÉCUTÉ","Qualification détaillée et environnement isolé requis","","Lot conciliation"
"REC-ACT-be7d4cbda11a","ACT-be7d4cbda11a","admin | mine | owner | sonasp","gold_purchases","/requisitions/:id","Qualifier puis exécuter dans les contextes applicables ; variantes et champs à instancier après revue","UI_AUTH_API_DB","NON EXÉCUTÉ","Qualification détaillée et environnement isolé requis","","Lot achats et contrats"
"REC-ACT-bea6d592eb76","ACT-bea6d592eb76","CONSOMMATEUR_NON_RESOLU","TRANSVERSE_OU_ORPHELIN_A_QUALIFIER","","Qualifier puis exécuter dans les contextes applicables ; variantes et champs à instancier après revue","UI_AUTH_API_DB","NON EXÉCUTÉ","Qualification détaillée et environnement isolé requis","","Lot partagé : propriétaire à affecter par orchestrateur"
"REC-ACT-bf1f80b077a5","ACT-bf1f80b077a5","admin | airport | customer | factory | mine | owner | refinery | sonasp","analytics | production_analytics | reports | sales_analytics","/analytics | /analytics/national | /analytics/production | /analytics/ventes | /reports","Qualifier puis exécuter dans les contextes applicables ; variantes et champs à instancier après revue","UI_AUTH_API_DB","NON EXÉCUTÉ","Qualification détaillée et environnement isolé requis","","Lot partagé : propriétaire à affecter par orchestrateur"
"REC-ACT-bf6cf55013b2","ACT-bf6cf55013b2","admin | dgi | dgmg | factory | mine | owner | sonasp","production","/production/:id | /production/daily","Qualifier puis exécuter dans les contextes applicables ; variantes et champs à instancier après revue","UI_AUTH_API_DB","NON EXÉCUTÉ","Qualification détaillée et environnement isolé requis","","Lot production industrielle"
"REC-ACT-bf70ce4a07c5","ACT-bf70ce4a07c5","admin | customer | mine | owner | refinery | sonasp","sales","/sales","Qualifier puis exécuter dans les contextes applicables ; variantes et champs à instancier après revue","UI_AUTH_API_DB","NON EXÉCUTÉ","Qualification détaillée et environnement isolé requis","","Lot ventes internationales et paiements"
"REC-ACT-bfacfa544982","ACT-bfacfa544982","admin | mine | owner | sonasp","gold_purchases","/requisitions/:id","Qualifier puis exécuter dans les contextes applicables ; variantes et champs à instancier après revue","UI_AUTH_API_DB","NON EXÉCUTÉ","Qualification détaillée et environnement isolé requis","","Lot achats et contrats"
"REC-ACT-c003b79859be","ACT-c003b79859be","admin | mine | owner | sonasp","gold_purchases","/contrats/:id","Qualifier puis exécuter dans les contextes applicables ; variantes et champs à instancier après revue","UI_AUTH_API_DB","NON EXÉCUTÉ","Qualification détaillée et environnement isolé requis","","Lot achats et contrats"
"REC-ACT-c018afc8cf53","ACT-c018afc8cf53","admin | collector | comptoir | dgmg | owner | sonasp","artisan-minier","/artisan-minier/:id/edit | /artisan-minier/liste","Qualifier puis exécuter dans les contextes applicables ; variantes et champs à instancier après revue","UI_AUTH_API_DB","NON EXÉCUTÉ","Qualification détaillée et environnement isolé requis","","Lot artisans et affiliations"
"REC-ACT-c03af46d780b","ACT-c03af46d780b","admin | mine | owner | sonasp","gold_purchases","/contrats/:id","Qualifier puis exécuter dans les contextes applicables ; variantes et champs à instancier après revue","UI_AUTH_API_DB","NON EXÉCUTÉ","Qualification détaillée et environnement isolé requis","","Lot achats et contrats"
"REC-ACT-c0563392eab1","ACT-c0563392eab1","admin | dgi | dgmg | factory | mine | owner | sonasp","production","/production/:id","Qualifier puis exécuter dans les contextes applicables ; variantes et champs à instancier après revue","UI_AUTH_API_DB","NON EXÉCUTÉ","Qualification détaillée et environnement isolé requis","","Lot production industrielle"
"REC-ACT-c06dfca2cdaa","ACT-c06dfca2cdaa","CONSOMMATEUR_NON_RESOLU","TRANSVERSE_OU_ORPHELIN_A_QUALIFIER","","Qualifier puis exécuter dans les contextes applicables ; variantes et champs à instancier après revue","UI_AUTH_API_DB","NON EXÉCUTÉ","Qualification détaillée et environnement isolé requis","","Lot partagé : propriétaire à affecter par orchestrateur"
"REC-ACT-c0ae400547c6","ACT-c0ae400547c6","admin | mine | owner | sonasp","gold_purchases","/requisitions/:id","Qualifier puis exécuter dans les contextes applicables ; variantes et champs à instancier après revue","UI_AUTH_API_DB","NON EXÉCUTÉ","Qualification détaillée et environnement isolé requis","","Lot achats et contrats"
"REC-ACT-c0c8dff76af2","ACT-c0c8dff76af2","admin | collector | comptoir | owner | sonasp","artisan_gold_market","/artisan-minier/paiements/historique/:paiementId","Qualifier puis exécuter dans les contextes applicables ; variantes et champs à instancier après revue","UI_AUTH_API_DB","NON EXÉCUTÉ","Qualification détaillée et environnement isolé requis","","Lot marché artisanal et paiements"
"REC-ACT-c0cd455c4c27","ACT-c0cd455c4c27","admin | mine | owner | sonasp","gold_purchases","/achats/reglements","Qualifier puis exécuter dans les contextes applicables ; variantes et champs à instancier après revue","UI_AUTH_API_DB","NON EXÉCUTÉ","Qualification détaillée et environnement isolé requis","","Lot achats et contrats"
"REC-ACT-c0ea2f408d31","ACT-c0ea2f408d31","admin | owner","administration","/users/:userId","Qualifier puis exécuter dans les contextes applicables ; variantes et champs à instancier après revue","UI_AUTH_API_DB","NON EXÉCUTÉ","Qualification détaillée et environnement isolé requis","","Lot administration et IAM"
"REC-ACT-c13d47e38ad0","ACT-c13d47e38ad0","admin | collector | comptoir | dgmg | owner | sonasp","artisan_gold_market","/collecte/ventes | /collecte/ventes/nouvelle","Qualifier puis exécuter dans les contextes applicables ; variantes et champs à instancier après revue","UI_AUTH_API_DB","NON EXÉCUTÉ","Qualification détaillée et environnement isolé requis","","Lot marché artisanal et paiements"
"REC-ACT-c13f87bdbf36","ACT-c13f87bdbf36","admin | collector | comptoir | dgmg | owner | sonasp","artisan-minier","/artisan-minier/:id | /artisan-minier/cartes/expirations | /artisan-minier/cartes/suivi | /artisan-minier/cartes/validation","Qualifier puis exécuter dans les contextes applicables ; variantes et champs à instancier après revue","UI_AUTH_API_DB","NON EXÉCUTÉ","Qualification détaillée et environnement isolé requis","","Lot artisans et affiliations"
"REC-ACT-c156b14c5d2f","ACT-c156b14c5d2f","admin | customer | mine | owner | refinery | sonasp","sales","/sales","Qualifier puis exécuter dans les contextes applicables ; variantes et champs à instancier après revue","UI_AUTH_API_DB","NON EXÉCUTÉ","Qualification détaillée et environnement isolé requis","","Lot ventes internationales et paiements"
"REC-ACT-c1c1bbb8de89","ACT-c1c1bbb8de89","admin | mine | owner | sonasp","gold_purchases","/requisitions/:id","Qualifier puis exécuter dans les contextes applicables ; variantes et champs à instancier après revue","UI_AUTH_API_DB","NON EXÉCUTÉ","Qualification détaillée et environnement isolé requis","","Lot achats et contrats"
"REC-ACT-c1d861eb0f0a","ACT-c1d861eb0f0a","CONSOMMATEUR_NON_RESOLU","TRANSVERSE_OU_ORPHELIN_A_QUALIFIER","","Qualifier puis exécuter dans les contextes applicables ; variantes et champs à instancier après revue","UI_AUTH_API_DB","NON EXÉCUTÉ","Qualification détaillée et environnement isolé requis","","Lot partagé : propriétaire à affecter par orchestrateur"
"REC-ACT-c1dfa4ea38cd","ACT-c1dfa4ea38cd","CONSOMMATEUR_NON_RESOLU","TRANSVERSE_OU_ORPHELIN_A_QUALIFIER","","Qualifier puis exécuter dans les contextes applicables ; variantes et champs à instancier après revue","UI_AUTH_API_DB","NON EXÉCUTÉ","Qualification détaillée et environnement isolé requis","","Lot partagé : propriétaire à affecter par orchestrateur"
"REC-ACT-c24e716e567a","ACT-c24e716e567a","admin | airport | factory | mine | owner | sonasp","shipping","/freight | /freight-customs | /freight-customs/:id | /freight-customs/create | /freight/shipments/create | /shipping | /shipping/preparation | /shipping/preparation/new","Qualifier puis exécuter dans les contextes applicables ; variantes et champs à instancier après revue","UI_AUTH_API_DB","NON EXÉCUTÉ","Qualification détaillée et environnement isolé requis","","Lot expéditions"
"REC-ACT-c25a0bbe2160","ACT-c25a0bbe2160","admin | dgi | mine | owner | sonasp","conciliation","/conciliation/:id","Qualifier puis exécuter dans les contextes applicables ; variantes et champs à instancier après revue","UI_AUTH_API_DB","NON EXÉCUTÉ","Qualification détaillée et environnement isolé requis","","Lot conciliation"
"REC-ACT-c2f11b68c54f","ACT-c2f11b68c54f","admin | mine | owner | sonasp","stakeholders","/stakeholders/depositors/:id/edit | /stakeholders/depositors/new","Qualifier puis exécuter dans les contextes applicables ; variantes et champs à instancier après revue","UI_AUTH_API_DB","NON EXÉCUTÉ","Qualification détaillée et environnement isolé requis","","Lot référentiels (root pilote Clients)"
"REC-ACT-c2f947329d56","ACT-c2f947329d56","admin | dgmg | owner | sonasp","mining_sites","/artisan-sites/:siteId","Qualifier puis exécuter dans les contextes applicables ; variantes et champs à instancier après revue","UI_AUTH_API_DB","NON EXÉCUTÉ","Qualification détaillée et environnement isolé requis","","Lot sites artisanaux"
"REC-ACT-c2fb4163f43a","ACT-c2fb4163f43a","admin | mine | owner | sonasp","production","/production/licenses/edit/:id | /production/licenses/new","Qualifier puis exécuter dans les contextes applicables ; variantes et champs à instancier après revue","UI_AUTH_API_DB","NON EXÉCUTÉ","Qualification détaillée et environnement isolé requis","","Lot production industrielle"
"REC-ACT-c39f3e0ea39e","ACT-c39f3e0ea39e","admin | dgi | dgmg | factory | mine | owner | sonasp","production","/production/daily","Qualifier puis exécuter dans les contextes applicables ; variantes et champs à instancier après revue","UI_AUTH_API_DB","NON EXÉCUTÉ","Qualification détaillée et environnement isolé requis","","Lot production industrielle"
"REC-ACT-c3c13117b89e","ACT-c3c13117b89e","admin | owner | sonasp","artisan-minier","/artisan-minier/cartes/expirations | /artisan-minier/cartes/suivi | /artisan-minier/cartes/validation","Qualifier puis exécuter dans les contextes applicables ; variantes et champs à instancier après revue","UI_AUTH_API_DB","NON EXÉCUTÉ","Qualification détaillée et environnement isolé requis","","Lot artisans et affiliations"
"REC-ACT-c40b68809544","ACT-c40b68809544","CONSOMMATEUR_NON_RESOLU","TRANSVERSE_OU_ORPHELIN_A_QUALIFIER","","Qualifier puis exécuter dans les contextes applicables ; variantes et champs à instancier après revue","UI_AUTH_API_DB","NON EXÉCUTÉ","Qualification détaillée et environnement isolé requis","","Lot partagé : propriétaire à affecter par orchestrateur"
"REC-ACT-c4120dc33aa3","ACT-c4120dc33aa3","CONSOMMATEUR_NON_RESOLU","TRANSVERSE_OU_ORPHELIN_A_QUALIFIER","","Qualifier puis exécuter dans les contextes applicables ; variantes et champs à instancier après revue","UI_AUTH_API_DB","NON EXÉCUTÉ","Qualification détaillée et environnement isolé requis","","Lot partagé : propriétaire à affecter par orchestrateur"
"REC-ACT-c414c139b37c","ACT-c414c139b37c","admin | dgmg | owner","mining_sites","/artisan-sites/:siteId/modifier | /artisan-sites/nouveau","Qualifier puis exécuter dans les contextes applicables ; variantes et champs à instancier après revue","UI_AUTH_API_DB","NON EXÉCUTÉ","Qualification détaillée et environnement isolé requis","","Lot sites artisanaux"
"REC-ACT-c4282dbf2ea8","ACT-c4282dbf2ea8","admin | owner | sonasp","dashboard","/dashboard","Qualifier puis exécuter dans les contextes applicables ; variantes et champs à instancier après revue","UI_AUTH_API_DB","NON EXÉCUTÉ","Qualification détaillée et environnement isolé requis","","Lot pilotage national"
"REC-ACT-c43af619f75b","ACT-c43af619f75b","admin | customer | mine | owner | sonasp","sales","/payments/virtual","Qualifier puis exécuter dans les contextes applicables ; variantes et champs à instancier après revue","UI_AUTH_API_DB","NON EXÉCUTÉ","Qualification détaillée et environnement isolé requis","","Lot ventes internationales et paiements"
"REC-ACT-c45018225699","ACT-c45018225699","admin | owner | sonasp","administration | settings","/admin/settings | /parameters","Qualifier puis exécuter dans les contextes applicables ; variantes et champs à instancier après revue","UI_AUTH_API_DB","NON EXÉCUTÉ","Qualification détaillée et environnement isolé requis","","Lot partagé : propriétaire à affecter par orchestrateur"
"REC-ACT-c473107012f8","ACT-c473107012f8","admin | customer | mine | owner | refinery | sonasp","sales","/sales/:id","Qualifier puis exécuter dans les contextes applicables ; variantes et champs à instancier après revue","UI_AUTH_API_DB","NON EXÉCUTÉ","Qualification détaillée et environnement isolé requis","","Lot ventes internationales et paiements"
"REC-ACT-c534a8d6b367","ACT-c534a8d6b367","admin | dgmg | owner | sonasp","mining_sites","/artisan-sites/:siteId","Qualifier puis exécuter dans les contextes applicables ; variantes et champs à instancier après revue","UI_AUTH_API_DB","NON EXÉCUTÉ","Qualification détaillée et environnement isolé requis","","Lot sites artisanaux"
"REC-ACT-c535e0a6e5bd","ACT-c535e0a6e5bd","admin | owner | sonasp","gold_purchases","/requisitions/:id/modifier | /requisitions/nouvelle","Qualifier puis exécuter dans les contextes applicables ; variantes et champs à instancier après revue","UI_AUTH_API_DB","NON EXÉCUTÉ","Qualification détaillée et environnement isolé requis","","Lot achats et contrats"
"REC-ACT-c55d0c9c280e","ACT-c55d0c9c280e","admin | owner | sonasp","dashboard","/dashboard","Qualifier puis exécuter dans les contextes applicables ; variantes et champs à instancier après revue","UI_AUTH_API_DB","NON EXÉCUTÉ","Qualification détaillée et environnement isolé requis","","Lot pilotage national"
"REC-ACT-c566e669dcec","ACT-c566e669dcec","admin | owner | sonasp","settings","/admin/gold-sales-settings","Qualifier puis exécuter dans les contextes applicables ; variantes et champs à instancier après revue","UI_AUTH_API_DB","NON EXÉCUTÉ","Qualification détaillée et environnement isolé requis","","Lot paramètres"
"REC-ACT-c5b4b245d9c8","ACT-c5b4b245d9c8","admin | airport | factory | mine | owner | sonasp","shipping","/freight/shipments/:id","Qualifier puis exécuter dans les contextes applicables ; variantes et champs à instancier après revue","UI_AUTH_API_DB","NON EXÉCUTÉ","Qualification détaillée et environnement isolé requis","","Lot expéditions"
"REC-ACT-c5e67eda6132","ACT-c5e67eda6132","CONSOMMATEUR_NON_RESOLU","TRANSVERSE_OU_ORPHELIN_A_QUALIFIER","","Qualifier puis exécuter dans les contextes applicables ; variantes et champs à instancier après revue","UI_AUTH_API_DB","NON EXÉCUTÉ","Qualification détaillée et environnement isolé requis","","Lot partagé : propriétaire à affecter par orchestrateur"
"REC-ACT-c5f70d4093fe","ACT-c5f70d4093fe","admin | dgi | dgmg | factory | mine | owner | sonasp","production","/production/:id | /production/daily","Qualifier puis exécuter dans les contextes applicables ; variantes et champs à instancier après revue","UI_AUTH_API_DB","NON EXÉCUTÉ","Qualification détaillée et environnement isolé requis","","Lot production industrielle"
"REC-ACT-c609c442bc61","ACT-c609c442bc61","admin | dgmg | owner","artisan-minier","/artisan-minier/collecteurs/:id/modifier | /artisan-minier/collecteurs/nouveau","Qualifier puis exécuter dans les contextes applicables ; variantes et champs à instancier après revue","UI_AUTH_API_DB","NON EXÉCUTÉ","Qualification détaillée et environnement isolé requis","","Lot artisans et affiliations"
"REC-ACT-c6430343829e","ACT-c6430343829e","admin | mine | owner | sonasp","stakeholders","/customers/:id","Qualifier puis exécuter dans les contextes applicables ; variantes et champs à instancier après revue","UI_AUTH_API_DB","NON EXÉCUTÉ","Qualification détaillée et environnement isolé requis","","Lot référentiels (root pilote Clients)"
"REC-ACT-c6697d7337d3","ACT-c6697d7337d3","admin | dgmg | owner | sonasp","mining_sites","/artisan-sites","Qualifier puis exécuter dans les contextes applicables ; variantes et champs à instancier après revue","UI_AUTH_API_DB","NON EXÉCUTÉ","Qualification détaillée et environnement isolé requis","","Lot sites artisanaux"
"REC-ACT-c66a2bd8cb1c","ACT-c66a2bd8cb1c","admin | dgi | mine | owner | sonasp","conciliation","/conciliation/:id","Qualifier puis exécuter dans les contextes applicables ; variantes et champs à instancier après revue","UI_AUTH_API_DB","NON EXÉCUTÉ","Qualification détaillée et environnement isolé requis","","Lot conciliation"
"REC-ACT-c674642a0510","ACT-c674642a0510","admin | owner | sonasp","public-et-alias","/sonasp/cessions-comptoirs","Qualifier puis exécuter dans les contextes applicables ; variantes et champs à instancier après revue","UI_AUTH_API_DB","NON EXÉCUTÉ","Qualification détaillée et environnement isolé requis","","Lot public-et-alias"
"REC-ACT-c6aa38c97cae","ACT-c6aa38c97cae","admin | customer | mine | owner | refinery | sonasp","sales","/sales","Qualifier puis exécuter dans les contextes applicables ; variantes et champs à instancier après revue","UI_AUTH_API_DB","NON EXÉCUTÉ","Qualification détaillée et environnement isolé requis","","Lot ventes internationales et paiements"
"REC-ACT-c6ae2dddb1e9","ACT-c6ae2dddb1e9","admin | airport | factory | mine | owner | sonasp","shipping","/freight | /freight-customs | /freight-customs/:id | /freight-customs/create | /freight/shipments/create | /shipping | /shipping/preparation | /shipping/preparation/new","Qualifier puis exécuter dans les contextes applicables ; variantes et champs à instancier après revue","UI_AUTH_API_DB","NON EXÉCUTÉ","Qualification détaillée et environnement isolé requis","","Lot expéditions"
"REC-ACT-c6cb8afbf13c","ACT-c6cb8afbf13c","public","authentification","/login","Qualifier puis exécuter dans les contextes applicables ; variantes et champs à instancier après revue","UI_AUTH_API_DB","NON EXÉCUTÉ","Qualification détaillée et environnement isolé requis","","Lot authentification"
"REC-ACT-c789c3f574ab","ACT-c789c3f574ab","admin | owner | sonasp","production","/production/licenses/requests","Qualifier puis exécuter dans les contextes applicables ; variantes et champs à instancier après revue","UI_AUTH_API_DB","NON EXÉCUTÉ","Qualification détaillée et environnement isolé requis","","Lot production industrielle"
"REC-ACT-c7daed1899ce","ACT-c7daed1899ce","admin | mine | owner | sonasp","gold_purchases","/contrats/:id | /requisitions/:id","Qualifier puis exécuter dans les contextes applicables ; variantes et champs à instancier après revue","UI_AUTH_API_DB","NON EXÉCUTÉ","Qualification détaillée et environnement isolé requis","","Lot achats et contrats"
"REC-ACT-c7f602a615b8","ACT-c7f602a615b8","admin | collector | comptoir | dgmg | owner | sonasp","artisan-minier | artisan_gold_market","/artisan-minier/:id/edit | /artisan-minier/collecteurs/:id/modifier | /artisan-minier/collecteurs/nouveau | /artisan-minier/comptoirs/:id | /artisan-minier/comptoirs/:id/modifier | /artisan-minier/comptoirs/nouveau | /artisan-minier/liste | /collecte/ventes | /collecte/ventes/nouvelle","Qualifier puis exécuter dans les contextes applicables ; variantes et champs à instancier après revue","UI_AUTH_API_DB","NON EXÉCUTÉ","Qualification détaillée et environnement isolé requis","","Lot partagé : propriétaire à affecter par orchestrateur"
"REC-ACT-c80162121b9c","ACT-c80162121b9c","admin | dgmg | owner | sonasp","stakeholders","/stakeholders/mining-companies/:id","Qualifier puis exécuter dans les contextes applicables ; variantes et champs à instancier après revue","UI_AUTH_API_DB","NON EXÉCUTÉ","Qualification détaillée et environnement isolé requis","","Lot référentiels (root pilote Clients)"
"REC-ACT-c853cbb34456","ACT-c853cbb34456","admin | dgi | mine | owner | sonasp","conciliation","/conciliation","Qualifier puis exécuter dans les contextes applicables ; variantes et champs à instancier après revue","UI_AUTH_API_DB","NON EXÉCUTÉ","Qualification détaillée et environnement isolé requis","","Lot conciliation"
"REC-ACT-c8661c3b2e68","ACT-c8661c3b2e68","admin | mine | owner | sonasp","gold_purchases","/contrats/:id","Qualifier puis exécuter dans les contextes applicables ; variantes et champs à instancier après revue","UI_AUTH_API_DB","NON EXÉCUTÉ","Qualification détaillée et environnement isolé requis","","Lot achats et contrats"
"REC-ACT-c89c5dc0671e","ACT-c89c5dc0671e","admin | owner | sonasp","national_reserve","/national-reserve/allocations/:id/edit | /national-reserve/allocations/new","Qualifier puis exécuter dans les contextes applicables ; variantes et champs à instancier après revue","UI_AUTH_API_DB","NON EXÉCUTÉ","Qualification détaillée et environnement isolé requis","","Lot réserve nationale"
"REC-ACT-c9145df3f3f6","ACT-c9145df3f3f6","admin | collector | comptoir | dgmg | owner | sonasp","artisan-minier","/artisan-minier/liste","Qualifier puis exécuter dans les contextes applicables ; variantes et champs à instancier après revue","UI_AUTH_API_DB","NON EXÉCUTÉ","Qualification détaillée et environnement isolé requis","","Lot artisans et affiliations"
"REC-ACT-c915651cca10","ACT-c915651cca10","admin | collector | comptoir | dgmg | owner | sonasp","artisan-minier","/artisan-minier/liste","Qualifier puis exécuter dans les contextes applicables ; variantes et champs à instancier après revue","UI_AUTH_API_DB","NON EXÉCUTÉ","Qualification détaillée et environnement isolé requis","","Lot artisans et affiliations"
"REC-ACT-c947265e0959","ACT-c947265e0959","admin | collector | comptoir | owner | sonasp","artisan_gold_market","/artisan-minier/paiements/:venteId/nouveau","Qualifier puis exécuter dans les contextes applicables ; variantes et champs à instancier après revue","UI_AUTH_API_DB","NON EXÉCUTÉ","Qualification détaillée et environnement isolé requis","","Lot marché artisanal et paiements"
"REC-ACT-c977e742bbe6","ACT-c977e742bbe6","admin | owner | sonasp","national_reserve","/national-reserve/allocations/:id/edit | /national-reserve/allocations/new","Qualifier puis exécuter dans les contextes applicables ; variantes et champs à instancier après revue","UI_AUTH_API_DB","NON EXÉCUTÉ","Qualification détaillée et environnement isolé requis","","Lot réserve nationale"
"REC-ACT-c9af1478427a","ACT-c9af1478427a","admin | owner","administration","/users/edit | /users/new","Qualifier puis exécuter dans les contextes applicables ; variantes et champs à instancier après revue","UI_AUTH_API_DB","NON EXÉCUTÉ","Qualification détaillée et environnement isolé requis","","Lot administration et IAM"
"REC-ACT-c9d4743c80c0","ACT-c9d4743c80c0","admin | owner | sonasp","dashboard","/dashboard","Qualifier puis exécuter dans les contextes applicables ; variantes et champs à instancier après revue","UI_AUTH_API_DB","NON EXÉCUTÉ","Qualification détaillée et environnement isolé requis","","Lot pilotage national"
"REC-ACT-c9e8e89af271","ACT-c9e8e89af271","admin | mine | owner | sonasp","gold_purchases","/achats/reglements","Qualifier puis exécuter dans les contextes applicables ; variantes et champs à instancier après revue","UI_AUTH_API_DB","NON EXÉCUTÉ","Qualification détaillée et environnement isolé requis","","Lot achats et contrats"
"REC-ACT-ca0ce0ffe628","ACT-ca0ce0ffe628","admin | customer | mine | owner | sonasp","sales","/payments/:id","Qualifier puis exécuter dans les contextes applicables ; variantes et champs à instancier après revue","UI_AUTH_API_DB","NON EXÉCUTÉ","Qualification détaillée et environnement isolé requis","","Lot ventes internationales et paiements"
"REC-ACT-ca1585511f40","ACT-ca1585511f40","collector | owner","portal-collector","/portail-collecteur/documents","Qualifier puis exécuter dans les contextes applicables ; variantes et champs à instancier après revue","UI_AUTH_API_DB","NON EXÉCUTÉ","Qualification détaillée et environnement isolé requis","","Lot portal-collector"
"REC-ACT-ca24d19f633b","ACT-ca24d19f633b","admin | collector | comptoir | dgi | owner | sonasp","administration | artisan_gold_market | public-et-alias | settings","/access/portals | /admin/gold-sales-settings | /admin/modules | /admin/users | /artisan-minier/paiements/:venteId/nouveau | /artisan-minier/paiements/historique/:paiementId | /artisan-minier/ventes-or | /artisan-minier/ventes-or/:id | /users","Qualifier puis exécuter dans les contextes applicables ; variantes et champs à instancier après revue","UI_AUTH_API_DB","NON EXÉCUTÉ","Qualification détaillée et environnement isolé requis","","Lot partagé : propriétaire à affecter par orchestrateur"
"REC-ACT-ca2c0a14505c","ACT-ca2c0a14505c","admin | airport | customer | factory | mine | owner | refinery | sonasp","analytics | production_analytics | reports | sales_analytics","/analytics | /analytics/national | /analytics/production | /analytics/ventes | /reports","Qualifier puis exécuter dans les contextes applicables ; variantes et champs à instancier après revue","UI_AUTH_API_DB","NON EXÉCUTÉ","Qualification détaillée et environnement isolé requis","","Lot partagé : propriétaire à affecter par orchestrateur"
"REC-ACT-ca4a4a9d87e5","ACT-ca4a4a9d87e5","admin | owner | sonasp","dashboard","/dashboard","Qualifier puis exécuter dans les contextes applicables ; variantes et champs à instancier après revue","UI_AUTH_API_DB","NON EXÉCUTÉ","Qualification détaillée et environnement isolé requis","","Lot pilotage national"
"REC-ACT-ca72ca944d10","ACT-ca72ca944d10","collector | owner","portal-collector","/portail-collecteur","Qualifier puis exécuter dans les contextes applicables ; variantes et champs à instancier après revue","UI_AUTH_API_DB","NON EXÉCUTÉ","Qualification détaillée et environnement isolé requis","","Lot portal-collector"
"REC-ACT-ca9df19619cb","ACT-ca9df19619cb","admin | dgmg | owner | sonasp","stakeholders","/stakeholders/mining-companies/:id/edit | /stakeholders/mining-companies/new","Qualifier puis exécuter dans les contextes applicables ; variantes et champs à instancier après revue","UI_AUTH_API_DB","NON EXÉCUTÉ","Qualification détaillée et environnement isolé requis","","Lot référentiels (root pilote Clients)"
"REC-ACT-ca9e8ee6d6bc","ACT-ca9e8ee6d6bc","owner | sonasp","public-et-alias","/approvals","Qualifier puis exécuter dans les contextes applicables ; variantes et champs à instancier après revue","UI_AUTH_API_DB","NON EXÉCUTÉ","Qualification détaillée et environnement isolé requis","","Lot public-et-alias"
"REC-ACT-cae0147f18f8","ACT-cae0147f18f8","admin | airport | factory | mine | owner | sonasp","documents | shipping","/documents/assay-certificates | /freight | /freight-customs | /freight-customs/:id | /freight-customs/create | /freight/shipments/create | /shipping | /shipping/preparation | /shipping/preparation/new","Qualifier puis exécuter dans les contextes applicables ; variantes et champs à instancier après revue","UI_AUTH_API_DB","NON EXÉCUTÉ","Qualification détaillée et environnement isolé requis","","Lot partagé : propriétaire à affecter par orchestrateur"
"REC-ACT-cae29de8e62d","ACT-cae29de8e62d","admin | dgi | dgmg | factory | mine | owner | sonasp","production","/production/daily","Qualifier puis exécuter dans les contextes applicables ; variantes et champs à instancier après revue","UI_AUTH_API_DB","NON EXÉCUTÉ","Qualification détaillée et environnement isolé requis","","Lot production industrielle"
"REC-ACT-cb541b99764d","ACT-cb541b99764d","admin | mine | owner | refinery | sonasp","refining","/refining | /refining/:id/process","Qualifier puis exécuter dans les contextes applicables ; variantes et champs à instancier après revue","UI_AUTH_API_DB","NON EXÉCUTÉ","Qualification détaillée et environnement isolé requis","","Lot raffinage"
"REC-ACT-cb7e9b8df8a7","ACT-cb7e9b8df8a7","admin | mine | owner | sonasp","gold_purchases","/contrats/:id | /requisitions/:id","Qualifier puis exécuter dans les contextes applicables ; variantes et champs à instancier après revue","UI_AUTH_API_DB","NON EXÉCUTÉ","Qualification détaillée et environnement isolé requis","","Lot achats et contrats"
"REC-ACT-cb92698a3fff","ACT-cb92698a3fff","admin | customer | mine | owner | refinery | sonasp","sales","/sales","Qualifier puis exécuter dans les contextes applicables ; variantes et champs à instancier après revue","UI_AUTH_API_DB","NON EXÉCUTÉ","Qualification détaillée et environnement isolé requis","","Lot ventes internationales et paiements"
"REC-ACT-cc23f49cb6da","ACT-cc23f49cb6da","admin | customer | owner | sonasp","sales","/payments/create | /payments/record","Qualifier puis exécuter dans les contextes applicables ; variantes et champs à instancier après revue","UI_AUTH_API_DB","NON EXÉCUTÉ","Qualification détaillée et environnement isolé requis","","Lot ventes internationales et paiements"
"REC-ACT-cc3704658a5b","ACT-cc3704658a5b","CONSOMMATEUR_NON_RESOLU","TRANSVERSE_OU_ORPHELIN_A_QUALIFIER","","Qualifier puis exécuter dans les contextes applicables ; variantes et champs à instancier après revue","UI_AUTH_API_DB","NON EXÉCUTÉ","Qualification détaillée et environnement isolé requis","","Lot partagé : propriétaire à affecter par orchestrateur"
"REC-ACT-cc3fe5568c07","ACT-cc3fe5568c07","admin | owner | sonasp","gold_purchases","/achats/reglements/nouveau","Qualifier puis exécuter dans les contextes applicables ; variantes et champs à instancier après revue","UI_AUTH_API_DB","NON EXÉCUTÉ","Qualification détaillée et environnement isolé requis","","Lot achats et contrats"
"REC-ACT-cc48ea5a07b5","ACT-cc48ea5a07b5","admin | owner | sonasp","settings","/admin/gold-sales-settings","Qualifier puis exécuter dans les contextes applicables ; variantes et champs à instancier après revue","UI_AUTH_API_DB","NON EXÉCUTÉ","Qualification détaillée et environnement isolé requis","","Lot paramètres"
"REC-ACT-cc5f7dabd0f5","ACT-cc5f7dabd0f5","admin | airport | customer | dgi | dgmg | factory | mine | owner | refinery | sonasp","artisan-minier | international_markets | production | public-et-alias | refining | sales","/approvals | /artisan-minier/cartes/expirations | /artisan-minier/cartes/suivi | /artisan-minier/cartes/validation | /fx-rates | /payments/virtual | /production/:id | /production/daily | /refining | /refining/:id/process","Qualifier puis exécuter dans les contextes applicables ; variantes et champs à instancier après revue","UI_AUTH_API_DB","NON EXÉCUTÉ","Qualification détaillée et environnement isolé requis","","Lot partagé : propriétaire à affecter par orchestrateur"
"REC-ACT-cc726bee71f1","ACT-cc726bee71f1","admin | airport | collector | comptoir | customer | dgi | dgmg | direction | factory | mine | owner | refinery | sonasp","transverse","/help","Qualifier puis exécuter dans les contextes applicables ; variantes et champs à instancier après revue","UI_AUTH_API_DB","NON EXÉCUTÉ","Qualification détaillée et environnement isolé requis","","Lot transverse"
"REC-ACT-cc9ecb425e52","ACT-cc9ecb425e52","admin | mine | owner | sonasp","stakeholders","/stakeholders/depositors","Qualifier puis exécuter dans les contextes applicables ; variantes et champs à instancier après revue","UI_AUTH_API_DB","NON EXÉCUTÉ","Qualification détaillée et environnement isolé requis","","Lot référentiels (root pilote Clients)"
"REC-ACT-ccb6f2dfacdc","ACT-ccb6f2dfacdc","mine | owner","portal-mine","/portail-mine","Qualifier puis exécuter dans les contextes applicables ; variantes et champs à instancier après revue","UI_AUTH_API_DB","NON EXÉCUTÉ","Qualification détaillée et environnement isolé requis","","Lot portal-mine"
"REC-ACT-cce1435ee7f8","ACT-cce1435ee7f8","admin | airport | customer | factory | mine | owner | refinery | sonasp","international_markets","/gold-prices | /sales/simulator | /sales/trade-space","Qualifier puis exécuter dans les contextes applicables ; variantes et champs à instancier après revue","UI_AUTH_API_DB","NON EXÉCUTÉ","Qualification détaillée et environnement isolé requis","","Lot international_markets"
"REC-ACT-cd0338445783","ACT-cd0338445783","admin | mine | owner | refinery | sonasp","gold_inventory","/inventory","Qualifier puis exécuter dans les contextes applicables ; variantes et champs à instancier après revue","UI_AUTH_API_DB","NON EXÉCUTÉ","Qualification détaillée et environnement isolé requis","","Lot stocks"
"REC-ACT-cd1cbd509588","ACT-cd1cbd509588","CONSOMMATEUR_NON_RESOLU","TRANSVERSE_OU_ORPHELIN_A_QUALIFIER","","Qualifier puis exécuter dans les contextes applicables ; variantes et champs à instancier après revue","UI_AUTH_API_DB","NON EXÉCUTÉ","Qualification détaillée et environnement isolé requis","","Lot partagé : propriétaire à affecter par orchestrateur"
"REC-ACT-cd432b91c248","ACT-cd432b91c248","admin | dgi | mine | owner | sonasp","conciliation","/conciliation/:id","Qualifier puis exécuter dans les contextes applicables ; variantes et champs à instancier après revue","UI_AUTH_API_DB","NON EXÉCUTÉ","Qualification détaillée et environnement isolé requis","","Lot conciliation"
"REC-ACT-cd4803e55666","ACT-cd4803e55666","admin | customer | owner | sonasp","sales","/payments/create | /payments/record","Qualifier puis exécuter dans les contextes applicables ; variantes et champs à instancier après revue","UI_AUTH_API_DB","NON EXÉCUTÉ","Qualification détaillée et environnement isolé requis","","Lot ventes internationales et paiements"
"REC-ACT-cd533a93485f","ACT-cd533a93485f","admin | owner | refinery | sonasp","gold_inventory","/inventory/add","Qualifier puis exécuter dans les contextes applicables ; variantes et champs à instancier après revue","UI_AUTH_API_DB","NON EXÉCUTÉ","Qualification détaillée et environnement isolé requis","","Lot stocks"
"REC-ACT-cd74c3da4e48","ACT-cd74c3da4e48","public","authentification","/modifier-mot-de-passe","Qualifier puis exécuter dans les contextes applicables ; variantes et champs à instancier après revue","UI_AUTH_API_DB","NON EXÉCUTÉ","Qualification détaillée et environnement isolé requis","","Lot authentification"
"REC-ACT-cd74f91e7459","ACT-cd74f91e7459","admin | collector | comptoir | dgmg | owner | sonasp","artisan-minier","/artisan-minier/:id/edit | /artisan-minier/liste","Qualifier puis exécuter dans les contextes applicables ; variantes et champs à instancier après revue","UI_AUTH_API_DB","NON EXÉCUTÉ","Qualification détaillée et environnement isolé requis","","Lot artisans et affiliations"
"REC-ACT-cda2699f3c7b","ACT-cda2699f3c7b","admin | owner","administration","/users/:userId","Qualifier puis exécuter dans les contextes applicables ; variantes et champs à instancier après revue","UI_AUTH_API_DB","NON EXÉCUTÉ","Qualification détaillée et environnement isolé requis","","Lot administration et IAM"
"REC-ACT-cda8708e5d9a","ACT-cda8708e5d9a","admin | owner | sonasp","settings","/admin/gold-sales-settings","Qualifier puis exécuter dans les contextes applicables ; variantes et champs à instancier après revue","UI_AUTH_API_DB","NON EXÉCUTÉ","Qualification détaillée et environnement isolé requis","","Lot paramètres"
"REC-ACT-cdcfc5c923fd","ACT-cdcfc5c923fd","admin | collector | comptoir | dgmg | owner | sonasp","artisan-minier","/artisan-minier/:id | /artisan-minier/cartes/expirations | /artisan-minier/cartes/suivi | /artisan-minier/cartes/validation","Qualifier puis exécuter dans les contextes applicables ; variantes et champs à instancier après revue","UI_AUTH_API_DB","NON EXÉCUTÉ","Qualification détaillée et environnement isolé requis","","Lot artisans et affiliations"
"REC-ACT-ce0545b1b62d","ACT-ce0545b1b62d","CONSOMMATEUR_NON_RESOLU","TRANSVERSE_OU_ORPHELIN_A_QUALIFIER","","Qualifier puis exécuter dans les contextes applicables ; variantes et champs à instancier après revue","UI_AUTH_API_DB","NON EXÉCUTÉ","Qualification détaillée et environnement isolé requis","","Lot partagé : propriétaire à affecter par orchestrateur"
"REC-ACT-ce38cddc6fb8","ACT-ce38cddc6fb8","admin | mine | owner | sonasp","public-et-alias | stakeholders","/admin/refineries | /stakeholders/refinery-plants","Qualifier puis exécuter dans les contextes applicables ; variantes et champs à instancier après revue","UI_AUTH_API_DB","NON EXÉCUTÉ","Qualification détaillée et environnement isolé requis","","Lot partagé : propriétaire à affecter par orchestrateur"
"REC-ACT-ce3d8a9010ed","ACT-ce3d8a9010ed","comptoir | owner","portal-comptoir","/portail-comptoir/ventes-sonasp","Qualifier puis exécuter dans les contextes applicables ; variantes et champs à instancier après revue","UI_AUTH_API_DB","NON EXÉCUTÉ","Qualification détaillée et environnement isolé requis","","Lot portal-comptoir"
"REC-ACT-ce6d6e7fd221","ACT-ce6d6e7fd221","admin | owner | sonasp","gold_purchases","/achats/plans/:id","Qualifier puis exécuter dans les contextes applicables ; variantes et champs à instancier après revue","UI_AUTH_API_DB","NON EXÉCUTÉ","Qualification détaillée et environnement isolé requis","","Lot achats et contrats"
"REC-ACT-ce9622df7a13","ACT-ce9622df7a13","admin | mine | owner | sonasp","production","/performance/budgets | /performance/forecasts","Qualifier puis exécuter dans les contextes applicables ; variantes et champs à instancier après revue","UI_AUTH_API_DB","NON EXÉCUTÉ","Qualification détaillée et environnement isolé requis","","Lot production industrielle"
"REC-ACT-ce9bea2d0694","ACT-ce9bea2d0694","admin | customer | mine | owner | sonasp","sales","/payments/:id","Qualifier puis exécuter dans les contextes applicables ; variantes et champs à instancier après revue","UI_AUTH_API_DB","NON EXÉCUTÉ","Qualification détaillée et environnement isolé requis","","Lot ventes internationales et paiements"
"REC-ACT-ceb5a53cee6e","ACT-ceb5a53cee6e","dgmg | owner","national_reserve","/portail-dgmg/reserve-validations","Qualifier puis exécuter dans les contextes applicables ; variantes et champs à instancier après revue","UI_AUTH_API_DB","NON EXÉCUTÉ","Qualification détaillée et environnement isolé requis","","Lot réserve nationale"
"REC-ACT-ceb72e9e7b55","ACT-ceb72e9e7b55","admin | mine | owner | sonasp","gold_purchases","/achats/reglements","Qualifier puis exécuter dans les contextes applicables ; variantes et champs à instancier après revue","UI_AUTH_API_DB","NON EXÉCUTÉ","Qualification détaillée et environnement isolé requis","","Lot achats et contrats"
"REC-ACT-cee77a2047a0","ACT-cee77a2047a0","admin | mine | owner | sonasp","production","/production/licenses/edit/:id | /production/licenses/new","Qualifier puis exécuter dans les contextes applicables ; variantes et champs à instancier après revue","UI_AUTH_API_DB","NON EXÉCUTÉ","Qualification détaillée et environnement isolé requis","","Lot production industrielle"
"REC-ACT-cf03eee92e5b","ACT-cf03eee92e5b","admin | collector | comptoir | dgmg | owner | sonasp","artisan-minier","/artisan-minier/:id | /artisan-minier/cartes/expirations | /artisan-minier/cartes/suivi | /artisan-minier/cartes/validation","Qualifier puis exécuter dans les contextes applicables ; variantes et champs à instancier après revue","UI_AUTH_API_DB","NON EXÉCUTÉ","Qualification détaillée et environnement isolé requis","","Lot artisans et affiliations"
"REC-ACT-cf260d2da362","ACT-cf260d2da362","CONSOMMATEUR_NON_RESOLU","TRANSVERSE_OU_ORPHELIN_A_QUALIFIER","","Qualifier puis exécuter dans les contextes applicables ; variantes et champs à instancier après revue","UI_AUTH_API_DB","NON EXÉCUTÉ","Qualification détaillée et environnement isolé requis","","Lot partagé : propriétaire à affecter par orchestrateur"
"REC-ACT-cf3971be0c10","ACT-cf3971be0c10","admin | collector | comptoir | dgmg | owner | sonasp","artisan-minier","/artisan-minier/:id | /artisan-minier/cartes/expirations | /artisan-minier/cartes/suivi | /artisan-minier/cartes/validation","Qualifier puis exécuter dans les contextes applicables ; variantes et champs à instancier après revue","UI_AUTH_API_DB","NON EXÉCUTÉ","Qualification détaillée et environnement isolé requis","","Lot artisans et affiliations"
"REC-ACT-cf5dc24e2781","ACT-cf5dc24e2781","admin | mine | owner | sonasp","gold_purchases","/contrats/:id | /requisitions/:id","Qualifier puis exécuter dans les contextes applicables ; variantes et champs à instancier après revue","UI_AUTH_API_DB","NON EXÉCUTÉ","Qualification détaillée et environnement isolé requis","","Lot achats et contrats"
"REC-ACT-cf83c1d54082","ACT-cf83c1d54082","admin | dgmg | owner | sonasp","artisan-minier","/artisan-minier/:id/edit","Qualifier puis exécuter dans les contextes applicables ; variantes et champs à instancier après revue","UI_AUTH_API_DB","NON EXÉCUTÉ","Qualification détaillée et environnement isolé requis","","Lot artisans et affiliations"
"REC-ACT-cf885c246281","ACT-cf885c246281","CONSOMMATEUR_NON_RESOLU","TRANSVERSE_OU_ORPHELIN_A_QUALIFIER","","Qualifier puis exécuter dans les contextes applicables ; variantes et champs à instancier après revue","UI_AUTH_API_DB","NON EXÉCUTÉ","Qualification détaillée et environnement isolé requis","","Lot partagé : propriétaire à affecter par orchestrateur"
"REC-ACT-cfe6476fa5b6","ACT-cfe6476fa5b6","admin | airport | factory | mine | owner | sonasp","shipping","/freight | /freight-customs | /freight-customs/:id | /freight-customs/create | /freight/shipments/create | /shipping | /shipping/preparation | /shipping/preparation/new","Qualifier puis exécuter dans les contextes applicables ; variantes et champs à instancier après revue","UI_AUTH_API_DB","NON EXÉCUTÉ","Qualification détaillée et environnement isolé requis","","Lot expéditions"
"REC-ACT-d00c830edf3a","ACT-d00c830edf3a","admin | mine | owner | sonasp","gold_purchases","/contrats/:id | /requisitions/:id","Qualifier puis exécuter dans les contextes applicables ; variantes et champs à instancier après revue","UI_AUTH_API_DB","NON EXÉCUTÉ","Qualification détaillée et environnement isolé requis","","Lot achats et contrats"
"REC-ACT-d01611e00330","ACT-d01611e00330","admin | airport | factory | mine | owner | sonasp","shipping","/shipping/preparation/new","Qualifier puis exécuter dans les contextes applicables ; variantes et champs à instancier après revue","UI_AUTH_API_DB","NON EXÉCUTÉ","Qualification détaillée et environnement isolé requis","","Lot expéditions"
"REC-ACT-d046926079fa","ACT-d046926079fa","admin | owner","administration | public-et-alias","/admin/users | /users","Qualifier puis exécuter dans les contextes applicables ; variantes et champs à instancier après revue","UI_AUTH_API_DB","NON EXÉCUTÉ","Qualification détaillée et environnement isolé requis","","Lot partagé : propriétaire à affecter par orchestrateur"
"REC-ACT-d0558e9094ca","ACT-d0558e9094ca","admin | mine | owner | sonasp","international_markets","/sales/simulator","Qualifier puis exécuter dans les contextes applicables ; variantes et champs à instancier après revue","UI_AUTH_API_DB","NON EXÉCUTÉ","Qualification détaillée et environnement isolé requis","","Lot international_markets"
"REC-ACT-d05e3d02d4de","ACT-d05e3d02d4de","admin | owner","administration","/access/audit","Qualifier puis exécuter dans les contextes applicables ; variantes et champs à instancier après revue","UI_AUTH_API_DB","NON EXÉCUTÉ","Qualification détaillée et environnement isolé requis","","Lot administration et IAM"
"REC-ACT-d06a3cf8e25b","ACT-d06a3cf8e25b","admin | owner","administration","/access/portals","Qualifier puis exécuter dans les contextes applicables ; variantes et champs à instancier après revue","UI_AUTH_API_DB","NON EXÉCUTÉ","Qualification détaillée et environnement isolé requis","","Lot administration et IAM"
"REC-ACT-d0ccd76929ab","ACT-d0ccd76929ab","admin | collector | comptoir | dgmg | owner | sonasp","artisan_gold_market","/collecte/ventes | /collecte/ventes/nouvelle","Qualifier puis exécuter dans les contextes applicables ; variantes et champs à instancier après revue","UI_AUTH_API_DB","NON EXÉCUTÉ","Qualification détaillée et environnement isolé requis","","Lot marché artisanal et paiements"
"REC-ACT-d0e1327c0ba5","ACT-d0e1327c0ba5","admin | owner","administration","/access/audit","Qualifier puis exécuter dans les contextes applicables ; variantes et champs à instancier après revue","UI_AUTH_API_DB","NON EXÉCUTÉ","Qualification détaillée et environnement isolé requis","","Lot administration et IAM"
"REC-ACT-d13ba24b6c8c","ACT-d13ba24b6c8c","admin | dgmg | owner | sonasp","mining_sites","/artisan-sites/production","Qualifier puis exécuter dans les contextes applicables ; variantes et champs à instancier après revue","UI_AUTH_API_DB","NON EXÉCUTÉ","Qualification détaillée et environnement isolé requis","","Lot sites artisanaux"
"REC-ACT-d17c3bbb5b4b","ACT-d17c3bbb5b4b","admin | owner | sonasp","artisan-minier","/artisan-minier","Qualifier puis exécuter dans les contextes applicables ; variantes et champs à instancier après revue","UI_AUTH_API_DB","NON EXÉCUTÉ","Qualification détaillée et environnement isolé requis","","Lot artisans et affiliations"
"REC-ACT-d19abe8800a5","ACT-d19abe8800a5","admin | airport | collector | comptoir | customer | dgi | dgmg | direction | factory | mine | owner | refinery | sonasp","administration | artisan-minier | artisan_gold_market | conciliation | dashboard | gold_inventory | gold_purchases | international_markets | mining_sites | national_reserve | portal-collector | portal-comptoir | portal-direction | production | public-et-alias | sales | settings | shipping | stakeholders","/access/audit | /access/portals | /access/roles | /achats/comptes | /achats/comptes-paiements | /achats/demandes | /achats/plans | /achats/plans/:id | /achats/reglements | /achats/reglements/nouveau | /admin/gold-sales-settings | /admin/messagerie | /admin/messagerie/:uid | /admin/messagerie/nouveau | /admin/modules | /admin/refineries | /admin/refineries/edit/:id | /admin/refineries/new | /admin/settings | /admin/status-manager | /admin/transport-companies | /admin/transport-companies/edit/:id | /admin/transport-companies/new | /admin/users | /admin/workflow | /approvals | /artisan-minier | /artisan-minier/:artisanId/infractions/:infractionId | /artisan-minier/:artisanId/infractions/:infractionId/modifier | /artisan-minier/:artisanId/infractions/nouvelle | /artisan-minier/:id | /artisan-minier/:id/edit | /artisan-minier/cartes/expirations | /artisan-minier/cartes/suivi | /artisan-minier/cartes/validation | /artisan-minier/collecteurs | /artisan-minier/collecteurs/:id | /artisan-minier/collecteurs/:id/modifier | /artisan-minier/collecteurs/nouveau | /artisan-minier/comptoirs | /artisan-minier/comptoirs/:id | /artisan-minier/comptoirs/:id/modifier | /artisan-minier/comptoirs/nouveau | /artisan-minier/liste | /artisan-minier/paiements | /artisan-minier/paiements/:venteId/nouveau | /artisan-minier/paiements/historique | /artisan-minier/paiements/historique/:paiementId | /artisan-minier/rapports | /artisan-minier/rapports/chiffre-affaires | /artisan-minier/rapports/quantites | /artisan-minier/rapports/taxes | /artisan-minier/ventes-or | /artisan-minier/ventes-or/:id | /artisan-minier/ventes-or/:id/facture | /artisan-minier/ventes-or/:id/modifier | /artisan-minier/ventes-or/nouvelle | /artisan-sites | /artisan-sites/:siteId | /artisan-sites/:siteId/modifier | /artisan-sites/nouveau | /artisan-sites/production | /collecte/ventes | /collecte/ventes/nouvelle | /conciliation | /conciliation/:id | /conciliation/regles-fiscales | /contrats | /contrats/:id | /contrats/:id/modifier | /contrats/nouveau | /contrats/pilotage | /dashboard | /dashboard/airport | /dashboard/customer | /dashboard/factory | /dashboard/management | /dashboard/production-modern | /dashboard/refinery | /freight | /freight-customs | /freight-customs/:id | /freight-customs/create | /freight/shipments/:id | /freight/shipments/create | /gold-prices | /inventory | /inventory/add | /inventory/silver | /national-reserve | /national-reserve/allocations | /national-reserve/allocations/:id | /national-reserve/allocations/:id/edit | /national-reserve/allocations/new | /national-reserve/audit | /national-reserve/controls | /national-reserve/physical | /national-reserve/valuation | /parameters | /payments | /payments/:id | /payments/create | /payments/record | /performance/budgets | /performance/forecasts | /portail-collecteur | /portail-collecteur/documents | /portail-collecteur/stock | /portail-comptoir | /portail-comptoir/stock | /portail-comptoir/ventes-sonasp | /portail-direction/* | /portail-direction/achats | /portail-direction/alertes | /portail-direction/compte | /portail-direction/contrats | /portail-direction/finances | /portail-direction/performance | /portail-direction/previsions | /portail-direction/production | /portail-direction/rapports | /portail-direction/synthese | /production/:id | /production/achats-mines | /production/daily | /production/in-safe | /production/licenses | /production/licenses/requests | /requisitions | /requisitions/:id | /requisitions/:id/modifier | /requisitions/nouvelle | /sales | /sales/:id | /shipping | /shipping/preparation | /shipping/preparation/:id | /shipping/preparation/:id/details | /shipping/preparation/:id/edit | /shipping/preparation/new | /sonasp/cessions-comptoirs | /stakeholders/freight-companies | /stakeholders/organizations | /stakeholders/organizations/:id/edit | /stakeholders/organizations/new | /stakeholders/refinery-plants | /users | /users/:userId | /users/edit | /users/new","Qualifier puis exécuter dans les contextes applicables ; variantes et champs à instancier après revue","UI_AUTH_API_DB","NON EXÉCUTÉ","Qualification détaillée et environnement isolé requis","","Lot partagé : propriétaire à affecter par orchestrateur"
"REC-ACT-d1b196c0adf5","ACT-d1b196c0adf5","admin | owner | sonasp","settings","/admin/gold-sales-settings","Qualifier puis exécuter dans les contextes applicables ; variantes et champs à instancier après revue","UI_AUTH_API_DB","NON EXÉCUTÉ","Qualification détaillée et environnement isolé requis","","Lot paramètres"
"REC-ACT-d1ccfad49a10","ACT-d1ccfad49a10","public","authentification","/login","Qualifier puis exécuter dans les contextes applicables ; variantes et champs à instancier après revue","UI_AUTH_API_DB","NON EXÉCUTÉ","Qualification détaillée et environnement isolé requis","","Lot authentification"
"REC-ACT-d1ea5162a026","ACT-d1ea5162a026","CONSOMMATEUR_NON_RESOLU","TRANSVERSE_OU_ORPHELIN_A_QUALIFIER","","Qualifier puis exécuter dans les contextes applicables ; variantes et champs à instancier après revue","UI_AUTH_API_DB","NON EXÉCUTÉ","Qualification détaillée et environnement isolé requis","","Lot partagé : propriétaire à affecter par orchestrateur"
"REC-ACT-d248bb39dfaf","ACT-d248bb39dfaf","CONSOMMATEUR_NON_RESOLU","TRANSVERSE_OU_ORPHELIN_A_QUALIFIER","","Qualifier puis exécuter dans les contextes applicables ; variantes et champs à instancier après revue","UI_AUTH_API_DB","NON EXÉCUTÉ","Qualification détaillée et environnement isolé requis","","Lot partagé : propriétaire à affecter par orchestrateur"
"REC-ACT-d255ade7237f","ACT-d255ade7237f","admin | mine | owner | refinery | sonasp","refining","/refining/freight-shipments","Qualifier puis exécuter dans les contextes applicables ; variantes et champs à instancier après revue","UI_AUTH_API_DB","NON EXÉCUTÉ","Qualification détaillée et environnement isolé requis","","Lot raffinage"
"REC-ACT-d2c1253d3c71","ACT-d2c1253d3c71","admin | dgmg | owner | sonasp","stakeholders","/stakeholders/organizations","Qualifier puis exécuter dans les contextes applicables ; variantes et champs à instancier après revue","UI_AUTH_API_DB","NON EXÉCUTÉ","Qualification détaillée et environnement isolé requis","","Lot référentiels (root pilote Clients)"
"REC-ACT-d2d67e56acdf","ACT-d2d67e56acdf","admin | airport | collector | comptoir | customer | dgi | dgmg | direction | factory | mine | owner | refinery | sonasp","administration | artisan-minier | artisan_gold_market | conciliation | dashboard | gold_inventory | gold_purchases | international_markets | mining_sites | national_reserve | portal-collector | portal-comptoir | portal-direction | production | public-et-alias | sales | settings | shipping | stakeholders","/access/audit | /access/portals | /access/roles | /achats/comptes | /achats/comptes-paiements | /achats/demandes | /achats/plans | /achats/plans/:id | /achats/reglements | /achats/reglements/nouveau | /admin/gold-sales-settings | /admin/messagerie | /admin/messagerie/:uid | /admin/messagerie/nouveau | /admin/modules | /admin/refineries | /admin/refineries/edit/:id | /admin/refineries/new | /admin/settings | /admin/status-manager | /admin/transport-companies | /admin/transport-companies/edit/:id | /admin/transport-companies/new | /admin/users | /admin/workflow | /approvals | /artisan-minier | /artisan-minier/:artisanId/infractions/:infractionId | /artisan-minier/:artisanId/infractions/:infractionId/modifier | /artisan-minier/:artisanId/infractions/nouvelle | /artisan-minier/:id | /artisan-minier/:id/edit | /artisan-minier/cartes/expirations | /artisan-minier/cartes/suivi | /artisan-minier/cartes/validation | /artisan-minier/collecteurs | /artisan-minier/collecteurs/:id | /artisan-minier/collecteurs/:id/modifier | /artisan-minier/collecteurs/nouveau | /artisan-minier/comptoirs | /artisan-minier/comptoirs/:id | /artisan-minier/comptoirs/:id/modifier | /artisan-minier/comptoirs/nouveau | /artisan-minier/liste | /artisan-minier/paiements | /artisan-minier/paiements/:venteId/nouveau | /artisan-minier/paiements/historique | /artisan-minier/paiements/historique/:paiementId | /artisan-minier/rapports | /artisan-minier/rapports/chiffre-affaires | /artisan-minier/rapports/quantites | /artisan-minier/rapports/taxes | /artisan-minier/ventes-or | /artisan-minier/ventes-or/:id | /artisan-minier/ventes-or/:id/facture | /artisan-minier/ventes-or/:id/modifier | /artisan-minier/ventes-or/nouvelle | /artisan-sites | /artisan-sites/:siteId | /artisan-sites/:siteId/modifier | /artisan-sites/nouveau | /artisan-sites/production | /collecte/ventes | /collecte/ventes/nouvelle | /conciliation | /conciliation/:id | /conciliation/regles-fiscales | /contrats | /contrats/:id | /contrats/:id/modifier | /contrats/nouveau | /contrats/pilotage | /dashboard | /dashboard/airport | /dashboard/customer | /dashboard/factory | /dashboard/management | /dashboard/production-modern | /dashboard/refinery | /freight | /freight-customs | /freight-customs/:id | /freight-customs/create | /freight/shipments/:id | /freight/shipments/create | /gold-prices | /inventory | /inventory/add | /inventory/silver | /national-reserve | /national-reserve/allocations | /national-reserve/allocations/:id | /national-reserve/allocations/:id/edit | /national-reserve/allocations/new | /national-reserve/audit | /national-reserve/controls | /national-reserve/physical | /national-reserve/valuation | /parameters | /payments | /payments/:id | /payments/create | /payments/record | /performance/budgets | /performance/forecasts | /portail-collecteur | /portail-collecteur/documents | /portail-collecteur/stock | /portail-comptoir | /portail-comptoir/stock | /portail-comptoir/ventes-sonasp | /portail-direction/* | /portail-direction/achats | /portail-direction/alertes | /portail-direction/compte | /portail-direction/contrats | /portail-direction/finances | /portail-direction/performance | /portail-direction/previsions | /portail-direction/production | /portail-direction/rapports | /portail-direction/synthese | /production/:id | /production/achats-mines | /production/daily | /production/in-safe | /production/licenses | /production/licenses/requests | /requisitions | /requisitions/:id | /requisitions/:id/modifier | /requisitions/nouvelle | /sales | /sales/:id | /shipping | /shipping/preparation | /shipping/preparation/:id | /shipping/preparation/:id/details | /shipping/preparation/:id/edit | /shipping/preparation/new | /sonasp/cessions-comptoirs | /stakeholders/freight-companies | /stakeholders/organizations | /stakeholders/organizations/:id/edit | /stakeholders/organizations/new | /stakeholders/refinery-plants | /users | /users/:userId | /users/edit | /users/new","Qualifier puis exécuter dans les contextes applicables ; variantes et champs à instancier après revue","UI_AUTH_API_DB","NON EXÉCUTÉ","Qualification détaillée et environnement isolé requis","","Lot partagé : propriétaire à affecter par orchestrateur"
"REC-ACT-d2eb69b9cbeb","ACT-d2eb69b9cbeb","admin | collector | comptoir | dgi | owner | sonasp","artisan_gold_market","/artisan-minier/ventes-or","Qualifier puis exécuter dans les contextes applicables ; variantes et champs à instancier après revue","UI_AUTH_API_DB","NON EXÉCUTÉ","Qualification détaillée et environnement isolé requis","","Lot marché artisanal et paiements"
"REC-ACT-d2f3ba544a03","ACT-d2f3ba544a03","admin | mine | owner | refinery | sonasp","refining","/refining/freight-shipments","Qualifier puis exécuter dans les contextes applicables ; variantes et champs à instancier après revue","UI_AUTH_API_DB","NON EXÉCUTÉ","Qualification détaillée et environnement isolé requis","","Lot raffinage"
"REC-ACT-d34619ef3b0c","ACT-d34619ef3b0c","admin | collector | comptoir | owner | sonasp","artisan_gold_market","/artisan-minier/paiements/:venteId/nouveau","Qualifier puis exécuter dans les contextes applicables ; variantes et champs à instancier après revue","UI_AUTH_API_DB","NON EXÉCUTÉ","Qualification détaillée et environnement isolé requis","","Lot marché artisanal et paiements"
"REC-ACT-d34ceb078f31","ACT-d34ceb078f31","admin | customer | mine | owner | refinery | sonasp","sales","/sales/:id","Qualifier puis exécuter dans les contextes applicables ; variantes et champs à instancier après revue","UI_AUTH_API_DB","NON EXÉCUTÉ","Qualification détaillée et environnement isolé requis","","Lot ventes internationales et paiements"
"REC-ACT-d364046684c4","ACT-d364046684c4","admin | customer | mine | owner | sonasp","sales","/payments/:id","Qualifier puis exécuter dans les contextes applicables ; variantes et champs à instancier après revue","UI_AUTH_API_DB","NON EXÉCUTÉ","Qualification détaillée et environnement isolé requis","","Lot ventes internationales et paiements"
"REC-ACT-d40ee4ada3e3","ACT-d40ee4ada3e3","admin | owner","administration","/admin/messagerie/:uid | /admin/messagerie/nouveau","Qualifier puis exécuter dans les contextes applicables ; variantes et champs à instancier après revue","UI_AUTH_API_DB","NON EXÉCUTÉ","Qualification détaillée et environnement isolé requis","","Lot administration et IAM"
"REC-ACT-d41dd4dedafb","ACT-d41dd4dedafb","admin | owner","administration","/admin/modules","Qualifier puis exécuter dans les contextes applicables ; variantes et champs à instancier après revue","UI_AUTH_API_DB","NON EXÉCUTÉ","Qualification détaillée et environnement isolé requis","","Lot administration et IAM"
"REC-ACT-d41e88c08902","ACT-d41e88c08902","admin | mine | owner | sonasp","gold_purchases","/achats/reglements","Qualifier puis exécuter dans les contextes applicables ; variantes et champs à instancier après revue","UI_AUTH_API_DB","NON EXÉCUTÉ","Qualification détaillée et environnement isolé requis","","Lot achats et contrats"
"REC-ACT-d41ee32ce678","ACT-d41ee32ce678","admin | dgi | dgmg | factory | mine | owner | sonasp","production","/production/:id | /production/daily","Qualifier puis exécuter dans les contextes applicables ; variantes et champs à instancier après revue","UI_AUTH_API_DB","NON EXÉCUTÉ","Qualification détaillée et environnement isolé requis","","Lot production industrielle"
"REC-ACT-d4974bda3226","ACT-d4974bda3226","public","authentification","/modifier-mot-de-passe","Qualifier puis exécuter dans les contextes applicables ; variantes et champs à instancier après revue","UI_AUTH_API_DB","NON EXÉCUTÉ","Qualification détaillée et environnement isolé requis","","Lot authentification"
"REC-ACT-d4c68849299f","ACT-d4c68849299f","admin | customer | mine | owner | sonasp","sales","/payments/:id","Qualifier puis exécuter dans les contextes applicables ; variantes et champs à instancier après revue","UI_AUTH_API_DB","NON EXÉCUTÉ","Qualification détaillée et environnement isolé requis","","Lot ventes internationales et paiements"
"REC-ACT-d4c76e37af8b","ACT-d4c76e37af8b","CONSOMMATEUR_NON_RESOLU","TRANSVERSE_OU_ORPHELIN_A_QUALIFIER","","Qualifier puis exécuter dans les contextes applicables ; variantes et champs à instancier après revue","UI_AUTH_API_DB","NON EXÉCUTÉ","Qualification détaillée et environnement isolé requis","","Lot partagé : propriétaire à affecter par orchestrateur"
"REC-ACT-d4dd9f6b1fae","ACT-d4dd9f6b1fae","admin | mine | owner | refinery | sonasp","gold_inventory","/inventory","Qualifier puis exécuter dans les contextes applicables ; variantes et champs à instancier après revue","UI_AUTH_API_DB","NON EXÉCUTÉ","Qualification détaillée et environnement isolé requis","","Lot stocks"
"REC-ACT-d563a0229b96","ACT-d563a0229b96","admin | customer | mine | owner | refinery | sonasp","sales","/sales/:id","Qualifier puis exécuter dans les contextes applicables ; variantes et champs à instancier après revue","UI_AUTH_API_DB","NON EXÉCUTÉ","Qualification détaillée et environnement isolé requis","","Lot ventes internationales et paiements"
"REC-ACT-d570bcc2733b","ACT-d570bcc2733b","admin | mine | owner | sonasp","public-et-alias | stakeholders","/admin/transport-companies | /stakeholders/freight-companies","Qualifier puis exécuter dans les contextes applicables ; variantes et champs à instancier après revue","UI_AUTH_API_DB","NON EXÉCUTÉ","Qualification détaillée et environnement isolé requis","","Lot partagé : propriétaire à affecter par orchestrateur"
"REC-ACT-d5f3490ebbe9","ACT-d5f3490ebbe9","admin | mine | owner | sonasp","production","/production/licenses/:id","Qualifier puis exécuter dans les contextes applicables ; variantes et champs à instancier après revue","UI_AUTH_API_DB","NON EXÉCUTÉ","Qualification détaillée et environnement isolé requis","","Lot production industrielle"
"REC-ACT-d5f50765bff9","ACT-d5f50765bff9","admin | mine | owner | sonasp","gold_purchases","/contrats/:id","Qualifier puis exécuter dans les contextes applicables ; variantes et champs à instancier après revue","UI_AUTH_API_DB","NON EXÉCUTÉ","Qualification détaillée et environnement isolé requis","","Lot achats et contrats"
"REC-ACT-d67d3e29b74a","ACT-d67d3e29b74a","admin | collector | comptoir | dgmg | owner | sonasp","artisan-minier","/artisan-minier/liste","Qualifier puis exécuter dans les contextes applicables ; variantes et champs à instancier après revue","UI_AUTH_API_DB","NON EXÉCUTÉ","Qualification détaillée et environnement isolé requis","","Lot artisans et affiliations"
"REC-ACT-d6b16125a5fc","ACT-d6b16125a5fc","admin | collector | comptoir | dgmg | owner | sonasp","artisan-minier | artisan_gold_market","/artisan-minier/:id/edit | /artisan-minier/collecteurs/:id/modifier | /artisan-minier/collecteurs/nouveau | /artisan-minier/comptoirs/:id | /artisan-minier/comptoirs/:id/modifier | /artisan-minier/comptoirs/nouveau | /artisan-minier/liste | /collecte/ventes | /collecte/ventes/nouvelle","Qualifier puis exécuter dans les contextes applicables ; variantes et champs à instancier après revue","UI_AUTH_API_DB","NON EXÉCUTÉ","Qualification détaillée et environnement isolé requis","","Lot partagé : propriétaire à affecter par orchestrateur"
"REC-ACT-d70cca5578d0","ACT-d70cca5578d0","admin | owner | sonasp","settings","/admin/gold-sales-settings","Qualifier puis exécuter dans les contextes applicables ; variantes et champs à instancier après revue","UI_AUTH_API_DB","NON EXÉCUTÉ","Qualification détaillée et environnement isolé requis","","Lot paramètres"
"REC-ACT-d70f3eb8fd1c","ACT-d70f3eb8fd1c","admin | owner | sonasp","artisan-minier","/artisan-minier/:artisanId/infractions/:infractionId","Qualifier puis exécuter dans les contextes applicables ; variantes et champs à instancier après revue","UI_AUTH_API_DB","NON EXÉCUTÉ","Qualification détaillée et environnement isolé requis","","Lot artisans et affiliations"
"REC-ACT-d712e4a32e65","ACT-d712e4a32e65","admin | airport | factory | mine | owner | sonasp","shipping","/freight | /freight-customs | /freight-customs/:id | /freight-customs/create | /freight/shipments/create | /shipping | /shipping/preparation | /shipping/preparation/new","Qualifier puis exécuter dans les contextes applicables ; variantes et champs à instancier après revue","UI_AUTH_API_DB","NON EXÉCUTÉ","Qualification détaillée et environnement isolé requis","","Lot expéditions"
"REC-ACT-d713f57882af","ACT-d713f57882af","admin | owner | sonasp","artisan-minier","/artisan-minier/cartes/expirations | /artisan-minier/cartes/suivi | /artisan-minier/cartes/validation","Qualifier puis exécuter dans les contextes applicables ; variantes et champs à instancier après revue","UI_AUTH_API_DB","NON EXÉCUTÉ","Qualification détaillée et environnement isolé requis","","Lot artisans et affiliations"
"REC-ACT-d7438519428f","ACT-d7438519428f","admin | airport | factory | mine | owner | sonasp","shipping","/freight/shipments/create","Qualifier puis exécuter dans les contextes applicables ; variantes et champs à instancier après revue","UI_AUTH_API_DB","NON EXÉCUTÉ","Qualification détaillée et environnement isolé requis","","Lot expéditions"
"REC-ACT-d7c6d23009bc","ACT-d7c6d23009bc","admin | collector | comptoir | dgmg | owner | sonasp","artisan-minier","/artisan-minier/liste","Qualifier puis exécuter dans les contextes applicables ; variantes et champs à instancier après revue","UI_AUTH_API_DB","NON EXÉCUTÉ","Qualification détaillée et environnement isolé requis","","Lot artisans et affiliations"
"REC-ACT-d85b2e180070","ACT-d85b2e180070","admin | dgmg | owner | sonasp","stakeholders","/stakeholders/mining-companies/:id/edit | /stakeholders/mining-companies/new","Qualifier puis exécuter dans les contextes applicables ; variantes et champs à instancier après revue","UI_AUTH_API_DB","NON EXÉCUTÉ","Qualification détaillée et environnement isolé requis","","Lot référentiels (root pilote Clients)"
"REC-ACT-d8a976155c27","ACT-d8a976155c27","admin | dgmg | owner | sonasp","stakeholders","/stakeholders/mining-companies","Qualifier puis exécuter dans les contextes applicables ; variantes et champs à instancier après revue","UI_AUTH_API_DB","NON EXÉCUTÉ","Qualification détaillée et environnement isolé requis","","Lot référentiels (root pilote Clients)"
"REC-ACT-d8b93cd018fd","ACT-d8b93cd018fd","admin | owner","administration","/access/audit","Qualifier puis exécuter dans les contextes applicables ; variantes et champs à instancier après revue","UI_AUTH_API_DB","NON EXÉCUTÉ","Qualification détaillée et environnement isolé requis","","Lot administration et IAM"
"REC-ACT-d8baf4811f63","ACT-d8baf4811f63","admin | owner | sonasp","national_reserve","/national-reserve/allocations | /national-reserve/allocations/:id","Qualifier puis exécuter dans les contextes applicables ; variantes et champs à instancier après revue","UI_AUTH_API_DB","NON EXÉCUTÉ","Qualification détaillée et environnement isolé requis","","Lot réserve nationale"
"REC-ACT-d8eec0eed617","ACT-d8eec0eed617","admin | dgi | mine | owner | sonasp","conciliation","/conciliation/regles-fiscales","Qualifier puis exécuter dans les contextes applicables ; variantes et champs à instancier après revue","UI_AUTH_API_DB","NON EXÉCUTÉ","Qualification détaillée et environnement isolé requis","","Lot conciliation"
"REC-ACT-d93b4c2118f3","ACT-d93b4c2118f3","admin | dgmg | owner | sonasp","artisan-minier | mining_sites","/artisan-minier | /artisan-sites","Qualifier puis exécuter dans les contextes applicables ; variantes et champs à instancier après revue","UI_AUTH_API_DB","NON EXÉCUTÉ","Qualification détaillée et environnement isolé requis","","Lot partagé : propriétaire à affecter par orchestrateur"
"REC-ACT-d95d5a3f17d5","ACT-d95d5a3f17d5","admin | airport | factory | mine | owner | sonasp","shipping","/freight/shipments/:id","Qualifier puis exécuter dans les contextes applicables ; variantes et champs à instancier après revue","UI_AUTH_API_DB","NON EXÉCUTÉ","Qualification détaillée et environnement isolé requis","","Lot expéditions"
"REC-ACT-d95ea11f1071","ACT-d95ea11f1071","admin | dgmg | owner | sonasp","stakeholders","/stakeholders/mining-companies","Qualifier puis exécuter dans les contextes applicables ; variantes et champs à instancier après revue","UI_AUTH_API_DB","NON EXÉCUTÉ","Qualification détaillée et environnement isolé requis","","Lot référentiels (root pilote Clients)"
"REC-ACT-d9a44f61cea7","ACT-d9a44f61cea7","admin | owner | sonasp","gold_purchases","/achats/comptes-paiements","Qualifier puis exécuter dans les contextes applicables ; variantes et champs à instancier après revue","UI_AUTH_API_DB","NON EXÉCUTÉ","Qualification détaillée et environnement isolé requis","","Lot achats et contrats"
"REC-ACT-d9b3d1be62f1","ACT-d9b3d1be62f1","admin | mine | owner | sonasp","production","/production/licenses/edit/:id | /production/licenses/new","Qualifier puis exécuter dans les contextes applicables ; variantes et champs à instancier après revue","UI_AUTH_API_DB","NON EXÉCUTÉ","Qualification détaillée et environnement isolé requis","","Lot production industrielle"
"REC-ACT-d9d557a5c6c7","ACT-d9d557a5c6c7","CONSOMMATEUR_NON_RESOLU","TRANSVERSE_OU_ORPHELIN_A_QUALIFIER","","Qualifier puis exécuter dans les contextes applicables ; variantes et champs à instancier après revue","UI_AUTH_API_DB","NON EXÉCUTÉ","Qualification détaillée et environnement isolé requis","","Lot partagé : propriétaire à affecter par orchestrateur"
"REC-ACT-d9fea49ecd90","ACT-d9fea49ecd90","admin | collector | comptoir | owner | sonasp","artisan_gold_market","/artisan-minier/paiements/historique/:paiementId","Qualifier puis exécuter dans les contextes applicables ; variantes et champs à instancier après revue","UI_AUTH_API_DB","NON EXÉCUTÉ","Qualification détaillée et environnement isolé requis","","Lot marché artisanal et paiements"
"REC-ACT-da01ece676fd","ACT-da01ece676fd","admin | owner | sonasp","national_reserve","/national-reserve/allocations/:id/edit | /national-reserve/allocations/new","Qualifier puis exécuter dans les contextes applicables ; variantes et champs à instancier après revue","UI_AUTH_API_DB","NON EXÉCUTÉ","Qualification détaillée et environnement isolé requis","","Lot réserve nationale"
"REC-ACT-da03ec8bde82","ACT-da03ec8bde82","CONSOMMATEUR_NON_RESOLU","TRANSVERSE_OU_ORPHELIN_A_QUALIFIER","","Qualifier puis exécuter dans les contextes applicables ; variantes et champs à instancier après revue","UI_AUTH_API_DB","NON EXÉCUTÉ","Qualification détaillée et environnement isolé requis","","Lot partagé : propriétaire à affecter par orchestrateur"
"REC-ACT-da3022d033d5","ACT-da3022d033d5","admin | airport | mine | owner | sonasp","shipping","/freight-customs/create","Qualifier puis exécuter dans les contextes applicables ; variantes et champs à instancier après revue","UI_AUTH_API_DB","NON EXÉCUTÉ","Qualification détaillée et environnement isolé requis","","Lot expéditions"
"REC-ACT-da850b257b55","ACT-da850b257b55","admin | mine | owner | sonasp","production","/performance/budgets | /performance/forecasts","Qualifier puis exécuter dans les contextes applicables ; variantes et champs à instancier après revue","UI_AUTH_API_DB","NON EXÉCUTÉ","Qualification détaillée et environnement isolé requis","","Lot production industrielle"
"REC-ACT-dab84f3bb766","ACT-dab84f3bb766","admin | owner | sonasp","artisan-minier","/artisan-minier/:artisanId/infractions/:infractionId/modifier | /artisan-minier/:artisanId/infractions/nouvelle","Qualifier puis exécuter dans les contextes applicables ; variantes et champs à instancier après revue","UI_AUTH_API_DB","NON EXÉCUTÉ","Qualification détaillée et environnement isolé requis","","Lot artisans et affiliations"
"REC-ACT-dad36a8a21cd","ACT-dad36a8a21cd","admin | airport | mine | owner | sonasp","shipping","/freight-customs/:id","Qualifier puis exécuter dans les contextes applicables ; variantes et champs à instancier après revue","UI_AUTH_API_DB","NON EXÉCUTÉ","Qualification détaillée et environnement isolé requis","","Lot expéditions"
"REC-ACT-db481dd0be2a","ACT-db481dd0be2a","CONSOMMATEUR_NON_RESOLU","TRANSVERSE_OU_ORPHELIN_A_QUALIFIER","","Qualifier puis exécuter dans les contextes applicables ; variantes et champs à instancier après revue","UI_AUTH_API_DB","NON EXÉCUTÉ","Qualification détaillée et environnement isolé requis","","Lot partagé : propriétaire à affecter par orchestrateur"
"REC-ACT-db6a3c63382b","ACT-db6a3c63382b","admin | collector | comptoir | dgi | owner | sonasp","artisan_gold_market","/artisan-minier/ventes-or/:id","Qualifier puis exécuter dans les contextes applicables ; variantes et champs à instancier après revue","UI_AUTH_API_DB","NON EXÉCUTÉ","Qualification détaillée et environnement isolé requis","","Lot marché artisanal et paiements"
"REC-ACT-db9823be1fed","ACT-db9823be1fed","admin | owner | sonasp","national_reserve","/national-reserve/allocations | /national-reserve/allocations/:id","Qualifier puis exécuter dans les contextes applicables ; variantes et champs à instancier après revue","UI_AUTH_API_DB","NON EXÉCUTÉ","Qualification détaillée et environnement isolé requis","","Lot réserve nationale"
"REC-ACT-dbb018031a90","ACT-dbb018031a90","admin | collector | comptoir | dgmg | owner | sonasp","artisan-minier","/artisan-minier/:id/edit | /artisan-minier/liste","Qualifier puis exécuter dans les contextes applicables ; variantes et champs à instancier après revue","UI_AUTH_API_DB","NON EXÉCUTÉ","Qualification détaillée et environnement isolé requis","","Lot artisans et affiliations"
"REC-ACT-dbef58ef7636","ACT-dbef58ef7636","admin | mine | owner | sonasp","gold_purchases","/achats/comptes | /achats/comptes-paiements | /achats/demandes | /achats/plans | /achats/plans/:id | /achats/reglements","Qualifier puis exécuter dans les contextes applicables ; variantes et champs à instancier après revue","UI_AUTH_API_DB","NON EXÉCUTÉ","Qualification détaillée et environnement isolé requis","","Lot achats et contrats"
"REC-ACT-dc1e41dd743f","ACT-dc1e41dd743f","admin | mine | owner | sonasp","gold_purchases","/contrats/:id | /requisitions/:id","Qualifier puis exécuter dans les contextes applicables ; variantes et champs à instancier après revue","UI_AUTH_API_DB","NON EXÉCUTÉ","Qualification détaillée et environnement isolé requis","","Lot achats et contrats"
"REC-ACT-dc3b99debc4b","ACT-dc3b99debc4b","admin | collector | comptoir | dgmg | owner | sonasp","artisan-minier","/artisan-minier/:id | /artisan-minier/cartes/expirations | /artisan-minier/cartes/suivi | /artisan-minier/cartes/validation","Qualifier puis exécuter dans les contextes applicables ; variantes et champs à instancier après revue","UI_AUTH_API_DB","NON EXÉCUTÉ","Qualification détaillée et environnement isolé requis","","Lot artisans et affiliations"
"REC-ACT-dc43ef514705","ACT-dc43ef514705","admin | airport | collector | comptoir | customer | dgi | dgmg | factory | mine | owner | refinery | sonasp","administration | artisan-minier | artisan_gold_market | conciliation | dashboard | gold_inventory | gold_purchases | international_markets | national_reserve | portal-collector | production | public-et-alias | sales | settings | shipping | stakeholders","/access/audit | /access/portals | /access/roles | /achats/comptes | /achats/comptes-paiements | /achats/demandes | /achats/plans | /achats/plans/:id | /achats/reglements | /admin/gold-sales-settings | /admin/messagerie | /admin/modules | /admin/refineries | /admin/refineries/edit/:id | /admin/refineries/new | /admin/settings | /admin/status-manager | /admin/transport-companies | /admin/transport-companies/edit/:id | /admin/transport-companies/new | /admin/users | /admin/workflow | /approvals | /artisan-minier/:artisanId/infractions/:infractionId | /artisan-minier/:artisanId/infractions/:infractionId/modifier | /artisan-minier/:artisanId/infractions/nouvelle | /artisan-minier/:id | /artisan-minier/:id/edit | /artisan-minier/cartes/expirations | /artisan-minier/cartes/suivi | /artisan-minier/cartes/validation | /artisan-minier/collecteurs | /artisan-minier/collecteurs/:id | /artisan-minier/collecteurs/:id/modifier | /artisan-minier/collecteurs/nouveau | /artisan-minier/comptoirs | /artisan-minier/comptoirs/:id | /artisan-minier/comptoirs/:id/modifier | /artisan-minier/comptoirs/nouveau | /artisan-minier/liste | /artisan-minier/paiements | /artisan-minier/paiements/:venteId/nouveau | /artisan-minier/paiements/historique | /artisan-minier/paiements/historique/:paiementId | /artisan-minier/rapports | /artisan-minier/rapports/chiffre-affaires | /artisan-minier/rapports/quantites | /artisan-minier/rapports/taxes | /artisan-minier/ventes-or | /artisan-minier/ventes-or/:id | /artisan-minier/ventes-or/:id/facture | /artisan-minier/ventes-or/:id/modifier | /artisan-minier/ventes-or/nouvelle | /collecte/ventes | /collecte/ventes/nouvelle | /conciliation | /conciliation/:id | /conciliation/regles-fiscales | /contrats | /contrats/:id | /contrats/pilotage | /dashboard/airport | /dashboard/customer | /dashboard/factory | /dashboard/management | /dashboard/production-modern | /dashboard/refinery | /freight | /freight-customs | /freight-customs/:id | /freight-customs/create | /freight/shipments/:id | /freight/shipments/create | /gold-prices | /inventory | /inventory/add | /inventory/silver | /national-reserve | /national-reserve/allocations | /national-reserve/allocations/:id | /national-reserve/allocations/:id/edit | /national-reserve/allocations/new | /national-reserve/audit | /national-reserve/controls | /national-reserve/physical | /national-reserve/valuation | /parameters | /payments | /payments/:id | /performance/budgets | /performance/forecasts | /portail-collecteur | /portail-collecteur/documents | /portail-collecteur/stock | /portail-dgi/paiements | /portail-dgmg/reserve-validations | /production/:id | /production/achats-mines | /production/daily | /production/in-safe | /production/licenses | /production/licenses/requests | /requisitions | /requisitions/:id | /sales | /sales/:id | /shipping | /shipping/preparation | /shipping/preparation/:id | /shipping/preparation/:id/details | /shipping/preparation/:id/edit | /shipping/preparation/new | /stakeholders/freight-companies | /stakeholders/organizations | /stakeholders/organizations/:id/edit | /stakeholders/organizations/new | /stakeholders/refinery-plants | /users | /users/:userId | /users/edit | /users/new","Qualifier puis exécuter dans les contextes applicables ; variantes et champs à instancier après revue","UI_AUTH_API_DB","NON EXÉCUTÉ","Qualification détaillée et environnement isolé requis","","Lot partagé : propriétaire à affecter par orchestrateur"
"REC-ACT-dc8b5030799f","ACT-dc8b5030799f","CONSOMMATEUR_NON_RESOLU","TRANSVERSE_OU_ORPHELIN_A_QUALIFIER","","Qualifier puis exécuter dans les contextes applicables ; variantes et champs à instancier après revue","UI_AUTH_API_DB","NON EXÉCUTÉ","Qualification détaillée et environnement isolé requis","","Lot partagé : propriétaire à affecter par orchestrateur"
"REC-ACT-dc9c3d0dabfb","ACT-dc9c3d0dabfb","comptoir | owner","portal-comptoir","/portail-comptoir/ventes-sonasp","Qualifier puis exécuter dans les contextes applicables ; variantes et champs à instancier après revue","UI_AUTH_API_DB","NON EXÉCUTÉ","Qualification détaillée et environnement isolé requis","","Lot portal-comptoir"
"REC-ACT-dcd28d9ee247","ACT-dcd28d9ee247","admin | collector | comptoir | owner | sonasp","artisan_gold_market","/artisan-minier/paiements/historique","Qualifier puis exécuter dans les contextes applicables ; variantes et champs à instancier après revue","UI_AUTH_API_DB","NON EXÉCUTÉ","Qualification détaillée et environnement isolé requis","","Lot marché artisanal et paiements"
"REC-ACT-dd048bef96ac","ACT-dd048bef96ac","admin | owner | sonasp","public-et-alias","/admin/transport-companies/edit/:id | /admin/transport-companies/new","Qualifier puis exécuter dans les contextes applicables ; variantes et champs à instancier après revue","UI_AUTH_API_DB","NON EXÉCUTÉ","Qualification détaillée et environnement isolé requis","","Lot public-et-alias"
"REC-ACT-dd12d85839bb","ACT-dd12d85839bb","CONSOMMATEUR_NON_RESOLU","TRANSVERSE_OU_ORPHELIN_A_QUALIFIER","","Qualifier puis exécuter dans les contextes applicables ; variantes et champs à instancier après revue","UI_AUTH_API_DB","NON EXÉCUTÉ","Qualification détaillée et environnement isolé requis","","Lot partagé : propriétaire à affecter par orchestrateur"
"REC-ACT-dd27d42248c7","ACT-dd27d42248c7","admin | comptoir | owner | sonasp","artisan_gold_market","/artisan-minier/paiements","Qualifier puis exécuter dans les contextes applicables ; variantes et champs à instancier après revue","UI_AUTH_API_DB","NON EXÉCUTÉ","Qualification détaillée et environnement isolé requis","","Lot marché artisanal et paiements"
"REC-ACT-dd2a02a69d71","ACT-dd2a02a69d71","admin | collector | comptoir | owner | sonasp","artisan_gold_market","/artisan-minier/paiements/historique","Qualifier puis exécuter dans les contextes applicables ; variantes et champs à instancier après revue","UI_AUTH_API_DB","NON EXÉCUTÉ","Qualification détaillée et environnement isolé requis","","Lot marché artisanal et paiements"
"REC-ACT-dd2f895cbd16","ACT-dd2f895cbd16","admin | airport | collector | comptoir | customer | dgi | dgmg | direction | factory | mine | owner | refinery | sonasp","administration | artisan-minier | artisan_gold_market | conciliation | dashboard | gold_inventory | gold_purchases | international_markets | mining_sites | national_reserve | portal-collector | portal-comptoir | portal-direction | production | public-et-alias | sales | settings | shipping | stakeholders","/access/audit | /access/portals | /access/roles | /achats/comptes | /achats/comptes-paiements | /achats/demandes | /achats/plans | /achats/plans/:id | /achats/reglements | /achats/reglements/nouveau | /admin/gold-sales-settings | /admin/messagerie | /admin/messagerie/:uid | /admin/messagerie/nouveau | /admin/modules | /admin/refineries | /admin/refineries/edit/:id | /admin/refineries/new | /admin/settings | /admin/status-manager | /admin/transport-companies | /admin/transport-companies/edit/:id | /admin/transport-companies/new | /admin/users | /admin/workflow | /approvals | /artisan-minier | /artisan-minier/:artisanId/infractions/:infractionId | /artisan-minier/:artisanId/infractions/:infractionId/modifier | /artisan-minier/:artisanId/infractions/nouvelle | /artisan-minier/:id | /artisan-minier/:id/edit | /artisan-minier/cartes/expirations | /artisan-minier/cartes/suivi | /artisan-minier/cartes/validation | /artisan-minier/collecteurs | /artisan-minier/collecteurs/:id | /artisan-minier/collecteurs/:id/modifier | /artisan-minier/collecteurs/nouveau | /artisan-minier/comptoirs | /artisan-minier/comptoirs/:id | /artisan-minier/comptoirs/:id/modifier | /artisan-minier/comptoirs/nouveau | /artisan-minier/liste | /artisan-minier/paiements | /artisan-minier/paiements/:venteId/nouveau | /artisan-minier/paiements/historique | /artisan-minier/paiements/historique/:paiementId | /artisan-minier/rapports | /artisan-minier/rapports/chiffre-affaires | /artisan-minier/rapports/quantites | /artisan-minier/rapports/taxes | /artisan-minier/ventes-or | /artisan-minier/ventes-or/:id | /artisan-minier/ventes-or/:id/facture | /artisan-minier/ventes-or/:id/modifier | /artisan-minier/ventes-or/nouvelle | /artisan-sites | /artisan-sites/:siteId | /artisan-sites/:siteId/modifier | /artisan-sites/nouveau | /artisan-sites/production | /collecte/ventes | /collecte/ventes/nouvelle | /conciliation | /conciliation/:id | /conciliation/regles-fiscales | /contrats | /contrats/:id | /contrats/:id/modifier | /contrats/nouveau | /contrats/pilotage | /dashboard | /dashboard/airport | /dashboard/customer | /dashboard/factory | /dashboard/management | /dashboard/production-modern | /dashboard/refinery | /freight | /freight-customs | /freight-customs/:id | /freight-customs/create | /freight/shipments/:id | /freight/shipments/create | /gold-prices | /inventory | /inventory/add | /inventory/silver | /national-reserve | /national-reserve/allocations | /national-reserve/allocations/:id | /national-reserve/allocations/:id/edit | /national-reserve/allocations/new | /national-reserve/audit | /national-reserve/controls | /national-reserve/physical | /national-reserve/valuation | /parameters | /payments | /payments/:id | /payments/create | /payments/record | /performance/budgets | /performance/forecasts | /portail-collecteur | /portail-collecteur/documents | /portail-collecteur/stock | /portail-comptoir | /portail-comptoir/stock | /portail-comptoir/ventes-sonasp | /portail-direction/* | /portail-direction/achats | /portail-direction/alertes | /portail-direction/compte | /portail-direction/contrats | /portail-direction/finances | /portail-direction/performance | /portail-direction/previsions | /portail-direction/production | /portail-direction/rapports | /portail-direction/synthese | /production/:id | /production/achats-mines | /production/daily | /production/in-safe | /production/licenses | /production/licenses/requests | /requisitions | /requisitions/:id | /requisitions/:id/modifier | /requisitions/nouvelle | /sales | /sales/:id | /shipping | /shipping/preparation | /shipping/preparation/:id | /shipping/preparation/:id/details | /shipping/preparation/:id/edit | /shipping/preparation/new | /sonasp/cessions-comptoirs | /stakeholders/freight-companies | /stakeholders/organizations | /stakeholders/organizations/:id/edit | /stakeholders/organizations/new | /stakeholders/refinery-plants | /users | /users/:userId | /users/edit | /users/new","Qualifier puis exécuter dans les contextes applicables ; variantes et champs à instancier après revue","UI_AUTH_API_DB","NON EXÉCUTÉ","Qualification détaillée et environnement isolé requis","","Lot partagé : propriétaire à affecter par orchestrateur"
"REC-ACT-dd55bf75ebf6","ACT-dd55bf75ebf6","admin | owner | sonasp","artisan-minier","/artisan-minier/cartes/expirations | /artisan-minier/cartes/suivi | /artisan-minier/cartes/validation","Qualifier puis exécuter dans les contextes applicables ; variantes et champs à instancier après revue","UI_AUTH_API_DB","NON EXÉCUTÉ","Qualification détaillée et environnement isolé requis","","Lot artisans et affiliations"
"REC-ACT-dd565c7b969b","ACT-dd565c7b969b","admin | dgi | dgmg | factory | mine | owner | sonasp","production","/production/daily","Qualifier puis exécuter dans les contextes applicables ; variantes et champs à instancier après revue","UI_AUTH_API_DB","NON EXÉCUTÉ","Qualification détaillée et environnement isolé requis","","Lot production industrielle"
"REC-ACT-dd6ff371f33f","ACT-dd6ff371f33f","admin | owner | sonasp","artisan-minier","/artisan-minier/cartes/expirations | /artisan-minier/cartes/suivi | /artisan-minier/cartes/validation","Qualifier puis exécuter dans les contextes applicables ; variantes et champs à instancier après revue","UI_AUTH_API_DB","NON EXÉCUTÉ","Qualification détaillée et environnement isolé requis","","Lot artisans et affiliations"
"REC-ACT-dd81195870a7","ACT-dd81195870a7","admin | owner | sonasp","artisan-minier","/artisan-minier/cartes/expirations | /artisan-minier/cartes/suivi | /artisan-minier/cartes/validation","Qualifier puis exécuter dans les contextes applicables ; variantes et champs à instancier après revue","UI_AUTH_API_DB","NON EXÉCUTÉ","Qualification détaillée et environnement isolé requis","","Lot artisans et affiliations"
"REC-ACT-dd99d93b94f9","ACT-dd99d93b94f9","admin | dgmg | owner | sonasp","mining_sites","/artisan-sites","Qualifier puis exécuter dans les contextes applicables ; variantes et champs à instancier après revue","UI_AUTH_API_DB","NON EXÉCUTÉ","Qualification détaillée et environnement isolé requis","","Lot sites artisanaux"
"REC-ACT-ddbf07072f23","ACT-ddbf07072f23","admin | mine | owner | refinery | sonasp","refining","/refining | /refining/:id/process","Qualifier puis exécuter dans les contextes applicables ; variantes et champs à instancier après revue","UI_AUTH_API_DB","NON EXÉCUTÉ","Qualification détaillée et environnement isolé requis","","Lot raffinage"
"REC-ACT-ddbf38079c1a","ACT-ddbf38079c1a","admin | owner | sonasp","dashboard","/dashboard","Qualifier puis exécuter dans les contextes applicables ; variantes et champs à instancier après revue","UI_AUTH_API_DB","NON EXÉCUTÉ","Qualification détaillée et environnement isolé requis","","Lot pilotage national"
"REC-ACT-dde23062361f","ACT-dde23062361f","admin | owner | sonasp","national_reserve","/national-reserve/allocations | /national-reserve/allocations/:id","Qualifier puis exécuter dans les contextes applicables ; variantes et champs à instancier après revue","UI_AUTH_API_DB","NON EXÉCUTÉ","Qualification détaillée et environnement isolé requis","","Lot réserve nationale"
"REC-ACT-de0c78a148a9","ACT-de0c78a148a9","admin | airport | mine | owner | sonasp","shipping","/freight-customs/:id","Qualifier puis exécuter dans les contextes applicables ; variantes et champs à instancier après revue","UI_AUTH_API_DB","NON EXÉCUTÉ","Qualification détaillée et environnement isolé requis","","Lot expéditions"
"REC-ACT-de355e3ad21a","ACT-de355e3ad21a","admin | mine | owner | sonasp","stakeholders","/customers/:id","Qualifier puis exécuter dans les contextes applicables ; variantes et champs à instancier après revue","UI_AUTH_API_DB","NON EXÉCUTÉ","Qualification détaillée et environnement isolé requis","","Lot référentiels (root pilote Clients)"
"REC-ACT-de3ab3d1ddde","ACT-de3ab3d1ddde","admin | owner","administration","/admin/messagerie/:uid | /admin/messagerie/nouveau","Qualifier puis exécuter dans les contextes applicables ; variantes et champs à instancier après revue","UI_AUTH_API_DB","NON EXÉCUTÉ","Qualification détaillée et environnement isolé requis","","Lot administration et IAM"
"REC-ACT-de4d3a7f6a07","ACT-de4d3a7f6a07","admin | owner | sonasp","dashboard","/dashboard","Qualifier puis exécuter dans les contextes applicables ; variantes et champs à instancier après revue","UI_AUTH_API_DB","NON EXÉCUTÉ","Qualification détaillée et environnement isolé requis","","Lot pilotage national"
"REC-ACT-de5681a22cbe","ACT-de5681a22cbe","admin | customer | mine | owner | sonasp","sales","/payments/:id","Qualifier puis exécuter dans les contextes applicables ; variantes et champs à instancier après revue","UI_AUTH_API_DB","NON EXÉCUTÉ","Qualification détaillée et environnement isolé requis","","Lot ventes internationales et paiements"
"REC-ACT-de80a0f3a7ce","ACT-de80a0f3a7ce","admin | owner | sonasp","national_reserve","/national-reserve/allocations/:id/edit | /national-reserve/allocations/new","Qualifier puis exécuter dans les contextes applicables ; variantes et champs à instancier après revue","UI_AUTH_API_DB","NON EXÉCUTÉ","Qualification détaillée et environnement isolé requis","","Lot réserve nationale"
"REC-ACT-de906ad7f9a8","ACT-de906ad7f9a8","admin | comptoir | owner | sonasp","artisan_gold_market","/artisan-minier/paiements","Qualifier puis exécuter dans les contextes applicables ; variantes et champs à instancier après revue","UI_AUTH_API_DB","NON EXÉCUTÉ","Qualification détaillée et environnement isolé requis","","Lot marché artisanal et paiements"
"REC-ACT-dea15e51fffc","ACT-dea15e51fffc","admin | comptoir | owner | sonasp","artisan_gold_market","/artisan-minier/rapports","Qualifier puis exécuter dans les contextes applicables ; variantes et champs à instancier après revue","UI_AUTH_API_DB","NON EXÉCUTÉ","Qualification détaillée et environnement isolé requis","","Lot marché artisanal et paiements"
"REC-ACT-deccaaeb6d34","ACT-deccaaeb6d34","admin | airport | mine | owner | sonasp","shipping","/freight-customs/:id","Qualifier puis exécuter dans les contextes applicables ; variantes et champs à instancier après revue","UI_AUTH_API_DB","NON EXÉCUTÉ","Qualification détaillée et environnement isolé requis","","Lot expéditions"
"REC-ACT-ded5a3e9dd34","ACT-ded5a3e9dd34","admin | customer | mine | owner | refinery | sonasp","sales","/sales","Qualifier puis exécuter dans les contextes applicables ; variantes et champs à instancier après revue","UI_AUTH_API_DB","NON EXÉCUTÉ","Qualification détaillée et environnement isolé requis","","Lot ventes internationales et paiements"
"REC-ACT-dedb16b71924","ACT-dedb16b71924","admin | collector | comptoir | dgmg | owner | sonasp","artisan-minier","/artisan-minier/:id | /artisan-minier/cartes/expirations | /artisan-minier/cartes/suivi | /artisan-minier/cartes/validation","Qualifier puis exécuter dans les contextes applicables ; variantes et champs à instancier après revue","UI_AUTH_API_DB","NON EXÉCUTÉ","Qualification détaillée et environnement isolé requis","","Lot artisans et affiliations"
"REC-ACT-deea961a1676","ACT-deea961a1676","admin | mine | owner | refinery | sonasp","refining","/refining | /refining/:id/process","Qualifier puis exécuter dans les contextes applicables ; variantes et champs à instancier après revue","UI_AUTH_API_DB","NON EXÉCUTÉ","Qualification détaillée et environnement isolé requis","","Lot raffinage"
"REC-ACT-df3755ff4108","ACT-df3755ff4108","admin | owner | sonasp","artisan-minier","/artisan-minier/:artisanId/infractions/:infractionId/modifier | /artisan-minier/:artisanId/infractions/nouvelle","Qualifier puis exécuter dans les contextes applicables ; variantes et champs à instancier après revue","UI_AUTH_API_DB","NON EXÉCUTÉ","Qualification détaillée et environnement isolé requis","","Lot artisans et affiliations"
"REC-ACT-df423217b54a","ACT-df423217b54a","admin | customer | mine | owner | refinery | sonasp","sales","/sales","Qualifier puis exécuter dans les contextes applicables ; variantes et champs à instancier après revue","UI_AUTH_API_DB","NON EXÉCUTÉ","Qualification détaillée et environnement isolé requis","","Lot ventes internationales et paiements"
"REC-ACT-df7d07e0277a","ACT-df7d07e0277a","admin | airport | factory | mine | owner | sonasp","documents","/documents/assay-certificates","Qualifier puis exécuter dans les contextes applicables ; variantes et champs à instancier après revue","UI_AUTH_API_DB","NON EXÉCUTÉ","Qualification détaillée et environnement isolé requis","","Lot documents"
"REC-ACT-df7e9f4e6aa5","ACT-df7e9f4e6aa5","public","authentification","/login","Qualifier puis exécuter dans les contextes applicables ; variantes et champs à instancier après revue","UI_AUTH_API_DB","NON EXÉCUTÉ","Qualification détaillée et environnement isolé requis","","Lot authentification"
"REC-ACT-df9823ccd60d","ACT-df9823ccd60d","admin | owner | sonasp","settings","/admin/workflow","Qualifier puis exécuter dans les contextes applicables ; variantes et champs à instancier après revue","UI_AUTH_API_DB","NON EXÉCUTÉ","Qualification détaillée et environnement isolé requis","","Lot paramètres"
"REC-ACT-dfbd5be504b8","ACT-dfbd5be504b8","admin | dgmg | owner | sonasp","stakeholders","/stakeholders/mining-companies/:id/edit | /stakeholders/mining-companies/new","Qualifier puis exécuter dans les contextes applicables ; variantes et champs à instancier après revue","UI_AUTH_API_DB","NON EXÉCUTÉ","Qualification détaillée et environnement isolé requis","","Lot référentiels (root pilote Clients)"
"REC-ACT-e0952f69322b","ACT-e0952f69322b","admin | comptoir | owner | sonasp","artisan_gold_market","/artisan-minier/rapports","Qualifier puis exécuter dans les contextes applicables ; variantes et champs à instancier après revue","UI_AUTH_API_DB","NON EXÉCUTÉ","Qualification détaillée et environnement isolé requis","","Lot marché artisanal et paiements"
"REC-ACT-e09bd8637671","ACT-e09bd8637671","admin | collector | comptoir | owner | sonasp","artisan_gold_market","/artisan-minier/paiements/historique","Qualifier puis exécuter dans les contextes applicables ; variantes et champs à instancier après revue","UI_AUTH_API_DB","NON EXÉCUTÉ","Qualification détaillée et environnement isolé requis","","Lot marché artisanal et paiements"
"REC-ACT-e0b24134e50b","ACT-e0b24134e50b","admin | owner | sonasp","national_reserve","/national-reserve/allocations | /national-reserve/allocations/:id","Qualifier puis exécuter dans les contextes applicables ; variantes et champs à instancier après revue","UI_AUTH_API_DB","NON EXÉCUTÉ","Qualification détaillée et environnement isolé requis","","Lot réserve nationale"
"REC-ACT-e0d06aae88af","ACT-e0d06aae88af","admin | mine | owner | sonasp","gold_purchases","/achats/comptes | /achats/comptes-paiements | /achats/demandes | /achats/plans | /achats/plans/:id | /achats/reglements","Qualifier puis exécuter dans les contextes applicables ; variantes et champs à instancier après revue","UI_AUTH_API_DB","NON EXÉCUTÉ","Qualification détaillée et environnement isolé requis","","Lot achats et contrats"
"REC-ACT-e0dbeb185dae","ACT-e0dbeb185dae","admin | comptoir | owner | sonasp","artisan_gold_market","/artisan-minier/ventes-or/:id/modifier | /artisan-minier/ventes-or/nouvelle","Qualifier puis exécuter dans les contextes applicables ; variantes et champs à instancier après revue","UI_AUTH_API_DB","NON EXÉCUTÉ","Qualification détaillée et environnement isolé requis","","Lot marché artisanal et paiements"
"REC-ACT-e1087020911e","ACT-e1087020911e","admin | mine | owner | sonasp","public-et-alias | stakeholders","/admin/transport-companies | /stakeholders/freight-companies","Qualifier puis exécuter dans les contextes applicables ; variantes et champs à instancier après revue","UI_AUTH_API_DB","NON EXÉCUTÉ","Qualification détaillée et environnement isolé requis","","Lot partagé : propriétaire à affecter par orchestrateur"
"REC-ACT-e11c80b7e138","ACT-e11c80b7e138","admin | owner | sonasp","gold_purchases","/achats/reglements/nouveau","Qualifier puis exécuter dans les contextes applicables ; variantes et champs à instancier après revue","UI_AUTH_API_DB","NON EXÉCUTÉ","Qualification détaillée et environnement isolé requis","","Lot achats et contrats"
"REC-ACT-e12a0f032e1a","ACT-e12a0f032e1a","admin | collector | comptoir | dgmg | owner | sonasp","artisan-minier","/artisan-minier/:id | /artisan-minier/cartes/expirations | /artisan-minier/cartes/suivi | /artisan-minier/cartes/validation","Qualifier puis exécuter dans les contextes applicables ; variantes et champs à instancier après revue","UI_AUTH_API_DB","NON EXÉCUTÉ","Qualification détaillée et environnement isolé requis","","Lot artisans et affiliations"
"REC-ACT-e135697ac64c","ACT-e135697ac64c","admin | dgi | mine | owner | sonasp","conciliation","/conciliation","Qualifier puis exécuter dans les contextes applicables ; variantes et champs à instancier après revue","UI_AUTH_API_DB","NON EXÉCUTÉ","Qualification détaillée et environnement isolé requis","","Lot conciliation"
"REC-ACT-e145cabccd06","ACT-e145cabccd06","admin | mine | owner | sonasp","administration | production | settings","/admin/settings | /parameters | /production/licenses/edit/:id | /production/licenses/new","Qualifier puis exécuter dans les contextes applicables ; variantes et champs à instancier après revue","UI_AUTH_API_DB","NON EXÉCUTÉ","Qualification détaillée et environnement isolé requis","","Lot partagé : propriétaire à affecter par orchestrateur"
"REC-ACT-e152c5485e6f","ACT-e152c5485e6f","admin | customer | mine | owner | sonasp","sales","/payments/virtual","Qualifier puis exécuter dans les contextes applicables ; variantes et champs à instancier après revue","UI_AUTH_API_DB","NON EXÉCUTÉ","Qualification détaillée et environnement isolé requis","","Lot ventes internationales et paiements"
"REC-ACT-e160e2796fa8","ACT-e160e2796fa8","CONSOMMATEUR_NON_RESOLU","TRANSVERSE_OU_ORPHELIN_A_QUALIFIER","","Qualifier puis exécuter dans les contextes applicables ; variantes et champs à instancier après revue","UI_AUTH_API_DB","NON EXÉCUTÉ","Qualification détaillée et environnement isolé requis","","Lot partagé : propriétaire à affecter par orchestrateur"
"REC-ACT-e162c9023784","ACT-e162c9023784","owner | sonasp","public-et-alias","/approvals","Qualifier puis exécuter dans les contextes applicables ; variantes et champs à instancier après revue","UI_AUTH_API_DB","NON EXÉCUTÉ","Qualification détaillée et environnement isolé requis","","Lot public-et-alias"
"REC-ACT-e17ef738c58e","ACT-e17ef738c58e","CONSOMMATEUR_NON_RESOLU","TRANSVERSE_OU_ORPHELIN_A_QUALIFIER","","Qualifier puis exécuter dans les contextes applicables ; variantes et champs à instancier après revue","UI_AUTH_API_DB","NON EXÉCUTÉ","Qualification détaillée et environnement isolé requis","","Lot partagé : propriétaire à affecter par orchestrateur"
"REC-ACT-e1981e2c3700","ACT-e1981e2c3700","admin | owner | sonasp","artisan-minier","/artisan-minier/cartes/expirations | /artisan-minier/cartes/suivi | /artisan-minier/cartes/validation","Qualifier puis exécuter dans les contextes applicables ; variantes et champs à instancier après revue","UI_AUTH_API_DB","NON EXÉCUTÉ","Qualification détaillée et environnement isolé requis","","Lot artisans et affiliations"
"REC-ACT-e1c52c1f6420","ACT-e1c52c1f6420","admin | owner | sonasp","settings","/admin/gold-sales-settings","Qualifier puis exécuter dans les contextes applicables ; variantes et champs à instancier après revue","UI_AUTH_API_DB","NON EXÉCUTÉ","Qualification détaillée et environnement isolé requis","","Lot paramètres"
"REC-ACT-e1c7abde91c4","ACT-e1c7abde91c4","admin | dgmg | owner | sonasp","stakeholders","/stakeholders/mining-companies","Qualifier puis exécuter dans les contextes applicables ; variantes et champs à instancier après revue","UI_AUTH_API_DB","NON EXÉCUTÉ","Qualification détaillée et environnement isolé requis","","Lot référentiels (root pilote Clients)"
"REC-ACT-e1cd8f6ef78b","ACT-e1cd8f6ef78b","CONSOMMATEUR_NON_RESOLU","TRANSVERSE_OU_ORPHELIN_A_QUALIFIER","","Qualifier puis exécuter dans les contextes applicables ; variantes et champs à instancier après revue","UI_AUTH_API_DB","NON EXÉCUTÉ","Qualification détaillée et environnement isolé requis","","Lot partagé : propriétaire à affecter par orchestrateur"
"REC-ACT-e21b03810470","ACT-e21b03810470","admin | owner","administration | public-et-alias","/admin/users | /users","Qualifier puis exécuter dans les contextes applicables ; variantes et champs à instancier après revue","UI_AUTH_API_DB","NON EXÉCUTÉ","Qualification détaillée et environnement isolé requis","","Lot partagé : propriétaire à affecter par orchestrateur"
"REC-ACT-e272fdc5ec08","ACT-e272fdc5ec08","admin | airport | customer | factory | mine | owner | refinery | sonasp","international_markets","/fx-rates","Qualifier puis exécuter dans les contextes applicables ; variantes et champs à instancier après revue","UI_AUTH_API_DB","NON EXÉCUTÉ","Qualification détaillée et environnement isolé requis","","Lot international_markets"
"REC-ACT-e279c82d7bce","ACT-e279c82d7bce","admin | owner | sonasp","national_reserve","/national-reserve | /national-reserve/audit | /national-reserve/controls | /national-reserve/physical | /national-reserve/valuation","Qualifier puis exécuter dans les contextes applicables ; variantes et champs à instancier après revue","UI_AUTH_API_DB","NON EXÉCUTÉ","Qualification détaillée et environnement isolé requis","","Lot réserve nationale"
"REC-ACT-e2d19403d659","ACT-e2d19403d659","mine | owner","portal-mine","/portail-mine","Qualifier puis exécuter dans les contextes applicables ; variantes et champs à instancier après revue","UI_AUTH_API_DB","NON EXÉCUTÉ","Qualification détaillée et environnement isolé requis","","Lot portal-mine"
"REC-ACT-e2e14ffc5f1e","ACT-e2e14ffc5f1e","CONSOMMATEUR_NON_RESOLU","TRANSVERSE_OU_ORPHELIN_A_QUALIFIER","","Qualifier puis exécuter dans les contextes applicables ; variantes et champs à instancier après revue","UI_AUTH_API_DB","NON EXÉCUTÉ","Qualification détaillée et environnement isolé requis","","Lot partagé : propriétaire à affecter par orchestrateur"
"REC-ACT-e325c36045dc","ACT-e325c36045dc","CONSOMMATEUR_NON_RESOLU","TRANSVERSE_OU_ORPHELIN_A_QUALIFIER","","Qualifier puis exécuter dans les contextes applicables ; variantes et champs à instancier après revue","UI_AUTH_API_DB","NON EXÉCUTÉ","Qualification détaillée et environnement isolé requis","","Lot partagé : propriétaire à affecter par orchestrateur"
"REC-ACT-e3810ca0eec2","ACT-e3810ca0eec2","admin | airport | factory | mine | owner | sonasp","shipping","/shipping/preparation/new","Qualifier puis exécuter dans les contextes applicables ; variantes et champs à instancier après revue","UI_AUTH_API_DB","NON EXÉCUTÉ","Qualification détaillée et environnement isolé requis","","Lot expéditions"
"REC-ACT-e3f2d976c19f","ACT-e3f2d976c19f","admin | customer | owner | sonasp","sales","/sales/approve/:saleId | /sales/approve/:saleId/:token","Qualifier puis exécuter dans les contextes applicables ; variantes et champs à instancier après revue","UI_AUTH_API_DB","NON EXÉCUTÉ","Qualification détaillée et environnement isolé requis","","Lot ventes internationales et paiements"
"REC-ACT-e42c05924df1","ACT-e42c05924df1","CONSOMMATEUR_NON_RESOLU","TRANSVERSE_OU_ORPHELIN_A_QUALIFIER","","Qualifier puis exécuter dans les contextes applicables ; variantes et champs à instancier après revue","UI_AUTH_API_DB","NON EXÉCUTÉ","Qualification détaillée et environnement isolé requis","","Lot partagé : propriétaire à affecter par orchestrateur"
"REC-ACT-e4aac3b87971","ACT-e4aac3b87971","collector | owner","portal-collector","/portail-collecteur","Qualifier puis exécuter dans les contextes applicables ; variantes et champs à instancier après revue","UI_AUTH_API_DB","NON EXÉCUTÉ","Qualification détaillée et environnement isolé requis","","Lot portal-collector"
"REC-ACT-e4b5d361a786","ACT-e4b5d361a786","admin | collector | comptoir | dgmg | owner | sonasp","artisan-minier","/artisan-minier/:id/edit | /artisan-minier/liste","Qualifier puis exécuter dans les contextes applicables ; variantes et champs à instancier après revue","UI_AUTH_API_DB","NON EXÉCUTÉ","Qualification détaillée et environnement isolé requis","","Lot artisans et affiliations"
"REC-ACT-e55073ce7891","ACT-e55073ce7891","admin | airport | mine | owner | sonasp","shipping","/freight-customs/create","Qualifier puis exécuter dans les contextes applicables ; variantes et champs à instancier après revue","UI_AUTH_API_DB","NON EXÉCUTÉ","Qualification détaillée et environnement isolé requis","","Lot expéditions"
"REC-ACT-e55740158108","ACT-e55740158108","admin | mine | owner | sonasp","stakeholders","/customers/:id","Qualifier puis exécuter dans les contextes applicables ; variantes et champs à instancier après revue","UI_AUTH_API_DB","NON EXÉCUTÉ","Qualification détaillée et environnement isolé requis","","Lot référentiels (root pilote Clients)"
"REC-ACT-e57b694fcd92","ACT-e57b694fcd92","public","public-et-alias","/","Qualifier puis exécuter dans les contextes applicables ; variantes et champs à instancier après revue","UI_AUTH_API_DB","NON EXÉCUTÉ","Qualification détaillée et environnement isolé requis","","Lot public-et-alias"
"REC-ACT-e5c176ebe7d9","ACT-e5c176ebe7d9","admin | mine | owner | refinery | sonasp","refining","/refining | /refining/:id/process","Qualifier puis exécuter dans les contextes applicables ; variantes et champs à instancier après revue","UI_AUTH_API_DB","NON EXÉCUTÉ","Qualification détaillée et environnement isolé requis","","Lot raffinage"
"REC-ACT-e5c6173b56d6","ACT-e5c6173b56d6","admin | airport | dgi | dgmg | factory | mine | owner | refinery | sonasp","production | refining | shipping","/freight/shipments/:id | /production/daily | /refining/freight-shipments","Qualifier puis exécuter dans les contextes applicables ; variantes et champs à instancier après revue","UI_AUTH_API_DB","NON EXÉCUTÉ","Qualification détaillée et environnement isolé requis","","Lot partagé : propriétaire à affecter par orchestrateur"
"REC-ACT-e5cfda5368eb","ACT-e5cfda5368eb","CONSOMMATEUR_NON_RESOLU","TRANSVERSE_OU_ORPHELIN_A_QUALIFIER","","Qualifier puis exécuter dans les contextes applicables ; variantes et champs à instancier après revue","UI_AUTH_API_DB","NON EXÉCUTÉ","Qualification détaillée et environnement isolé requis","","Lot partagé : propriétaire à affecter par orchestrateur"
"REC-ACT-e5d78ac9aa7f","ACT-e5d78ac9aa7f","admin | dgmg | owner | sonasp","mining_sites","/artisan-sites","Qualifier puis exécuter dans les contextes applicables ; variantes et champs à instancier après revue","UI_AUTH_API_DB","NON EXÉCUTÉ","Qualification détaillée et environnement isolé requis","","Lot sites artisanaux"
"REC-ACT-e658af693d4e","ACT-e658af693d4e","admin | airport | mine | owner | sonasp","shipping","/freight-customs/:id","Qualifier puis exécuter dans les contextes applicables ; variantes et champs à instancier après revue","UI_AUTH_API_DB","NON EXÉCUTÉ","Qualification détaillée et environnement isolé requis","","Lot expéditions"
"REC-ACT-e686419e489c","ACT-e686419e489c","admin | mine | owner | sonasp","gold_purchases","/contrats","Qualifier puis exécuter dans les contextes applicables ; variantes et champs à instancier après revue","UI_AUTH_API_DB","NON EXÉCUTÉ","Qualification détaillée et environnement isolé requis","","Lot achats et contrats"
"REC-ACT-e6aefffaa21b","ACT-e6aefffaa21b","admin | dgmg | owner","artisan-minier","/artisan-minier/collecteurs/:id/modifier | /artisan-minier/collecteurs/nouveau","Qualifier puis exécuter dans les contextes applicables ; variantes et champs à instancier après revue","UI_AUTH_API_DB","NON EXÉCUTÉ","Qualification détaillée et environnement isolé requis","","Lot artisans et affiliations"
"REC-ACT-e6b04a576576","ACT-e6b04a576576","admin | collector | comptoir | dgmg | owner | sonasp","artisan-minier","/artisan-minier/:id | /artisan-minier/cartes/expirations | /artisan-minier/cartes/suivi | /artisan-minier/cartes/validation","Qualifier puis exécuter dans les contextes applicables ; variantes et champs à instancier après revue","UI_AUTH_API_DB","NON EXÉCUTÉ","Qualification détaillée et environnement isolé requis","","Lot artisans et affiliations"
"REC-ACT-e6c42c442fbe","ACT-e6c42c442fbe","admin | airport | customer | factory | mine | owner | refinery | sonasp","international_markets","/fx-rates","Qualifier puis exécuter dans les contextes applicables ; variantes et champs à instancier après revue","UI_AUTH_API_DB","NON EXÉCUTÉ","Qualification détaillée et environnement isolé requis","","Lot international_markets"
"REC-ACT-e6cb1f9959b8","ACT-e6cb1f9959b8","admin | collector | comptoir | dgmg | owner | sonasp","artisan-minier | artisan_gold_market","/artisan-minier/:id/edit | /artisan-minier/collecteurs/:id/modifier | /artisan-minier/collecteurs/nouveau | /artisan-minier/comptoirs/:id | /artisan-minier/comptoirs/:id/modifier | /artisan-minier/comptoirs/nouveau | /artisan-minier/liste | /collecte/ventes | /collecte/ventes/nouvelle","Qualifier puis exécuter dans les contextes applicables ; variantes et champs à instancier après revue","UI_AUTH_API_DB","NON EXÉCUTÉ","Qualification détaillée et environnement isolé requis","","Lot partagé : propriétaire à affecter par orchestrateur"
"REC-ACT-e6cb5548051c","ACT-e6cb5548051c","admin | dgi | dgmg | factory | mine | owner | sonasp","production","/production/in-safe","Qualifier puis exécuter dans les contextes applicables ; variantes et champs à instancier après revue","UI_AUTH_API_DB","NON EXÉCUTÉ","Qualification détaillée et environnement isolé requis","","Lot production industrielle"
"REC-ACT-e72b62cf968e","ACT-e72b62cf968e","admin | owner | sonasp","stakeholders","/customers/:id/edit | /customers/new","Qualifier puis exécuter dans les contextes applicables ; variantes et champs à instancier après revue","UI_AUTH_API_DB","NON EXÉCUTÉ","Qualification détaillée et environnement isolé requis","","Lot référentiels (root pilote Clients)"
"REC-ACT-e79031d0c407","ACT-e79031d0c407","admin | owner","administration","/admin/messagerie","Qualifier puis exécuter dans les contextes applicables ; variantes et champs à instancier après revue","UI_AUTH_API_DB","NON EXÉCUTÉ","Qualification détaillée et environnement isolé requis","","Lot administration et IAM"
"REC-ACT-e7d1e80f9673","ACT-e7d1e80f9673","admin | collector | comptoir | dgi | owner | sonasp","administration | artisan_gold_market | public-et-alias | settings","/access/portals | /admin/gold-sales-settings | /admin/modules | /admin/users | /artisan-minier/paiements/:venteId/nouveau | /artisan-minier/paiements/historique/:paiementId | /artisan-minier/ventes-or | /artisan-minier/ventes-or/:id | /users","Qualifier puis exécuter dans les contextes applicables ; variantes et champs à instancier après revue","UI_AUTH_API_DB","NON EXÉCUTÉ","Qualification détaillée et environnement isolé requis","","Lot partagé : propriétaire à affecter par orchestrateur"
"REC-ACT-e80ce116b458","ACT-e80ce116b458","admin | dgi | mine | owner | sonasp","conciliation","/conciliation/:id","Qualifier puis exécuter dans les contextes applicables ; variantes et champs à instancier après revue","UI_AUTH_API_DB","NON EXÉCUTÉ","Qualification détaillée et environnement isolé requis","","Lot conciliation"
"REC-ACT-e80efa5d2c1c","ACT-e80efa5d2c1c","admin | dgmg | owner | sonasp","stakeholders","/stakeholders/mining-companies/:id","Qualifier puis exécuter dans les contextes applicables ; variantes et champs à instancier après revue","UI_AUTH_API_DB","NON EXÉCUTÉ","Qualification détaillée et environnement isolé requis","","Lot référentiels (root pilote Clients)"
"REC-ACT-e813194aab8d","ACT-e813194aab8d","admin | comptoir | owner | sonasp","artisan_gold_market","/artisan-minier/paiements","Qualifier puis exécuter dans les contextes applicables ; variantes et champs à instancier après revue","UI_AUTH_API_DB","NON EXÉCUTÉ","Qualification détaillée et environnement isolé requis","","Lot marché artisanal et paiements"
"REC-ACT-e82b50a1e0ff","ACT-e82b50a1e0ff","admin | mine | owner | sonasp","international_markets","/sales/simulations","Qualifier puis exécuter dans les contextes applicables ; variantes et champs à instancier après revue","UI_AUTH_API_DB","NON EXÉCUTÉ","Qualification détaillée et environnement isolé requis","","Lot international_markets"
"REC-ACT-e82c0efefece","ACT-e82c0efefece","admin | owner | sonasp","national_reserve","/national-reserve/allocations | /national-reserve/allocations/:id","Qualifier puis exécuter dans les contextes applicables ; variantes et champs à instancier après revue","UI_AUTH_API_DB","NON EXÉCUTÉ","Qualification détaillée et environnement isolé requis","","Lot réserve nationale"
"REC-ACT-e840120a498a","ACT-e840120a498a","admin | dgmg | owner | sonasp","mining_sites","/artisan-sites/production","Qualifier puis exécuter dans les contextes applicables ; variantes et champs à instancier après revue","UI_AUTH_API_DB","NON EXÉCUTÉ","Qualification détaillée et environnement isolé requis","","Lot sites artisanaux"
"REC-ACT-e852ed8a218b","ACT-e852ed8a218b","admin | owner | sonasp","national_reserve","/national-reserve | /national-reserve/audit | /national-reserve/controls | /national-reserve/physical | /national-reserve/valuation","Qualifier puis exécuter dans les contextes applicables ; variantes et champs à instancier après revue","UI_AUTH_API_DB","NON EXÉCUTÉ","Qualification détaillée et environnement isolé requis","","Lot réserve nationale"
"REC-ACT-e87592831088","ACT-e87592831088","admin | customer | mine | owner | sonasp","sales","/payments/virtual","Qualifier puis exécuter dans les contextes applicables ; variantes et champs à instancier après revue","UI_AUTH_API_DB","NON EXÉCUTÉ","Qualification détaillée et environnement isolé requis","","Lot ventes internationales et paiements"
"REC-ACT-e87a8afd60dd","ACT-e87a8afd60dd","admin | airport | collector | comptoir | customer | dgi | dgmg | direction | factory | mine | owner | refinery | sonasp","transverse","/help","Qualifier puis exécuter dans les contextes applicables ; variantes et champs à instancier après revue","UI_AUTH_API_DB","NON EXÉCUTÉ","Qualification détaillée et environnement isolé requis","","Lot transverse"
"REC-ACT-e87b1691d48b","ACT-e87b1691d48b","admin | mine | owner | sonasp","stakeholders","/stakeholders/depositors","Qualifier puis exécuter dans les contextes applicables ; variantes et champs à instancier après revue","UI_AUTH_API_DB","NON EXÉCUTÉ","Qualification détaillée et environnement isolé requis","","Lot référentiels (root pilote Clients)"
"REC-ACT-e8d2089e7049","ACT-e8d2089e7049","admin | mine | owner | refinery | sonasp","refining","/refining | /refining/:id/process","Qualifier puis exécuter dans les contextes applicables ; variantes et champs à instancier après revue","UI_AUTH_API_DB","NON EXÉCUTÉ","Qualification détaillée et environnement isolé requis","","Lot raffinage"
"REC-ACT-e8ea9a557ac4","ACT-e8ea9a557ac4","admin | owner","administration | public-et-alias","/admin/users | /users","Qualifier puis exécuter dans les contextes applicables ; variantes et champs à instancier après revue","UI_AUTH_API_DB","NON EXÉCUTÉ","Qualification détaillée et environnement isolé requis","","Lot partagé : propriétaire à affecter par orchestrateur"
"REC-ACT-e926d0452d1a","ACT-e926d0452d1a","admin | owner | sonasp","artisan-minier","/artisan-minier/:artisanId/infractions/:infractionId","Qualifier puis exécuter dans les contextes applicables ; variantes et champs à instancier après revue","UI_AUTH_API_DB","NON EXÉCUTÉ","Qualification détaillée et environnement isolé requis","","Lot artisans et affiliations"
"REC-ACT-e9cb03f6e04d","ACT-e9cb03f6e04d","admin | collector | comptoir | dgi | owner | sonasp","artisan_gold_market","/artisan-minier/ventes-or","Qualifier puis exécuter dans les contextes applicables ; variantes et champs à instancier après revue","UI_AUTH_API_DB","NON EXÉCUTÉ","Qualification détaillée et environnement isolé requis","","Lot marché artisanal et paiements"
"REC-ACT-e9e68121c6ae","ACT-e9e68121c6ae","admin | owner | sonasp","national_reserve","/national-reserve/allocations/:id/edit | /national-reserve/allocations/new","Qualifier puis exécuter dans les contextes applicables ; variantes et champs à instancier après revue","UI_AUTH_API_DB","NON EXÉCUTÉ","Qualification détaillée et environnement isolé requis","","Lot réserve nationale"
"REC-ACT-e9f824583395","ACT-e9f824583395","admin | airport | factory | mine | owner | sonasp","shipping","/freight/shipments/:id","Qualifier puis exécuter dans les contextes applicables ; variantes et champs à instancier après revue","UI_AUTH_API_DB","NON EXÉCUTÉ","Qualification détaillée et environnement isolé requis","","Lot expéditions"
"REC-ACT-ea0397a04f64","ACT-ea0397a04f64","admin | collector | comptoir | dgi | owner | sonasp","artisan_gold_market","/artisan-minier/ventes-or","Qualifier puis exécuter dans les contextes applicables ; variantes et champs à instancier après revue","UI_AUTH_API_DB","NON EXÉCUTÉ","Qualification détaillée et environnement isolé requis","","Lot marché artisanal et paiements"
"REC-ACT-ea06ead78643","ACT-ea06ead78643","CONSOMMATEUR_NON_RESOLU","TRANSVERSE_OU_ORPHELIN_A_QUALIFIER","","Qualifier puis exécuter dans les contextes applicables ; variantes et champs à instancier après revue","UI_AUTH_API_DB","NON EXÉCUTÉ","Qualification détaillée et environnement isolé requis","","Lot partagé : propriétaire à affecter par orchestrateur"
"REC-ACT-ea0a94dd7f2c","ACT-ea0a94dd7f2c","admin | airport | factory | mine | owner | sonasp","shipping","/shipping/preparation/:id/edit","Qualifier puis exécuter dans les contextes applicables ; variantes et champs à instancier après revue","UI_AUTH_API_DB","NON EXÉCUTÉ","Qualification détaillée et environnement isolé requis","","Lot expéditions"
"REC-ACT-ea4ed03c20e8","ACT-ea4ed03c20e8","admin | mine | owner | refinery | sonasp","refining","/refining | /refining/:id/process","Qualifier puis exécuter dans les contextes applicables ; variantes et champs à instancier après revue","UI_AUTH_API_DB","NON EXÉCUTÉ","Qualification détaillée et environnement isolé requis","","Lot raffinage"
"REC-ACT-ea5a082bffc2","ACT-ea5a082bffc2","CONSOMMATEUR_NON_RESOLU","TRANSVERSE_OU_ORPHELIN_A_QUALIFIER","","Qualifier puis exécuter dans les contextes applicables ; variantes et champs à instancier après revue","UI_AUTH_API_DB","NON EXÉCUTÉ","Qualification détaillée et environnement isolé requis","","Lot partagé : propriétaire à affecter par orchestrateur"
"REC-ACT-ea5a0e4c1124","ACT-ea5a0e4c1124","public","authentification","/login","Qualifier puis exécuter dans les contextes applicables ; variantes et champs à instancier après revue","UI_AUTH_API_DB","NON EXÉCUTÉ","Qualification détaillée et environnement isolé requis","","Lot authentification"
"REC-ACT-ea65ff2ccf9f","ACT-ea65ff2ccf9f","CONSOMMATEUR_NON_RESOLU","TRANSVERSE_OU_ORPHELIN_A_QUALIFIER","","Qualifier puis exécuter dans les contextes applicables ; variantes et champs à instancier après revue","UI_AUTH_API_DB","NON EXÉCUTÉ","Qualification détaillée et environnement isolé requis","","Lot partagé : propriétaire à affecter par orchestrateur"
"REC-ACT-ea7e681d9d78","ACT-ea7e681d9d78","admin | customer | owner | sonasp","sales","/payments/create | /payments/record","Qualifier puis exécuter dans les contextes applicables ; variantes et champs à instancier après revue","UI_AUTH_API_DB","NON EXÉCUTÉ","Qualification détaillée et environnement isolé requis","","Lot ventes internationales et paiements"
"REC-ACT-eaa4a411657f","ACT-eaa4a411657f","admin | airport | mine | owner | sonasp","shipping","/freight-customs/:id","Qualifier puis exécuter dans les contextes applicables ; variantes et champs à instancier après revue","UI_AUTH_API_DB","NON EXÉCUTÉ","Qualification détaillée et environnement isolé requis","","Lot expéditions"
"REC-ACT-eaad16b8c3a4","ACT-eaad16b8c3a4","admin | dgmg | owner | sonasp","stakeholders","/stakeholders/mining-companies/:id","Qualifier puis exécuter dans les contextes applicables ; variantes et champs à instancier après revue","UI_AUTH_API_DB","NON EXÉCUTÉ","Qualification détaillée et environnement isolé requis","","Lot référentiels (root pilote Clients)"
"REC-ACT-eac96b5deb2d","ACT-eac96b5deb2d","admin | mine | owner | sonasp","gold_purchases","/contrats/:id | /requisitions/:id","Qualifier puis exécuter dans les contextes applicables ; variantes et champs à instancier après revue","UI_AUTH_API_DB","NON EXÉCUTÉ","Qualification détaillée et environnement isolé requis","","Lot achats et contrats"
"REC-ACT-eb263df5aa1f","ACT-eb263df5aa1f","admin | mine | owner | sonasp","international_markets","/sales/simulator","Qualifier puis exécuter dans les contextes applicables ; variantes et champs à instancier après revue","UI_AUTH_API_DB","NON EXÉCUTÉ","Qualification détaillée et environnement isolé requis","","Lot international_markets"
"REC-ACT-eb708e8561c0","ACT-eb708e8561c0","admin | owner | sonasp","gold_purchases","/achats/plans/:id","Qualifier puis exécuter dans les contextes applicables ; variantes et champs à instancier après revue","UI_AUTH_API_DB","NON EXÉCUTÉ","Qualification détaillée et environnement isolé requis","","Lot achats et contrats"
"REC-ACT-eb9692ed64a2","ACT-eb9692ed64a2","admin | collector | comptoir | dgi | owner | sonasp","artisan_gold_market","/artisan-minier/rapports/taxes","Qualifier puis exécuter dans les contextes applicables ; variantes et champs à instancier après revue","UI_AUTH_API_DB","NON EXÉCUTÉ","Qualification détaillée et environnement isolé requis","","Lot marché artisanal et paiements"
"REC-ACT-eb99722aaf72","ACT-eb99722aaf72","admin | mine | owner | refinery | sonasp","refining","/refining | /refining/:id/process","Qualifier puis exécuter dans les contextes applicables ; variantes et champs à instancier après revue","UI_AUTH_API_DB","NON EXÉCUTÉ","Qualification détaillée et environnement isolé requis","","Lot raffinage"
"REC-ACT-ebd5a1a94984","ACT-ebd5a1a94984","admin | mine | owner | sonasp","gold_purchases","/contrats/:id | /requisitions/:id","Qualifier puis exécuter dans les contextes applicables ; variantes et champs à instancier après revue","UI_AUTH_API_DB","NON EXÉCUTÉ","Qualification détaillée et environnement isolé requis","","Lot achats et contrats"
"REC-ACT-ec643f3c6164","ACT-ec643f3c6164","admin | dgi | dgmg | factory | mine | owner | sonasp","production","/production/in-safe","Qualifier puis exécuter dans les contextes applicables ; variantes et champs à instancier après revue","UI_AUTH_API_DB","NON EXÉCUTÉ","Qualification détaillée et environnement isolé requis","","Lot production industrielle"
"REC-ACT-ecdbd5bd7c2a","ACT-ecdbd5bd7c2a","admin | customer | mine | owner | sonasp","sales","/payments","Qualifier puis exécuter dans les contextes applicables ; variantes et champs à instancier après revue","UI_AUTH_API_DB","NON EXÉCUTÉ","Qualification détaillée et environnement isolé requis","","Lot ventes internationales et paiements"
"REC-ACT-ed0b021ffd50","ACT-ed0b021ffd50","CONSOMMATEUR_NON_RESOLU","TRANSVERSE_OU_ORPHELIN_A_QUALIFIER","","Qualifier puis exécuter dans les contextes applicables ; variantes et champs à instancier après revue","UI_AUTH_API_DB","NON EXÉCUTÉ","Qualification détaillée et environnement isolé requis","","Lot partagé : propriétaire à affecter par orchestrateur"
"REC-ACT-ed9f1729bc6d","ACT-ed9f1729bc6d","admin | owner | sonasp","national_reserve","/national-reserve/allocations | /national-reserve/allocations/:id","Qualifier puis exécuter dans les contextes applicables ; variantes et champs à instancier après revue","UI_AUTH_API_DB","NON EXÉCUTÉ","Qualification détaillée et environnement isolé requis","","Lot réserve nationale"
"REC-ACT-edfd6f1ac5cc","ACT-edfd6f1ac5cc","admin | collector | comptoir | owner | sonasp","artisan_gold_market","/artisan-minier/paiements/historique","Qualifier puis exécuter dans les contextes applicables ; variantes et champs à instancier après revue","UI_AUTH_API_DB","NON EXÉCUTÉ","Qualification détaillée et environnement isolé requis","","Lot marché artisanal et paiements"
"REC-ACT-ee3226d0c53d","ACT-ee3226d0c53d","admin | customer | mine | owner | refinery | sonasp","sales","/sales","Qualifier puis exécuter dans les contextes applicables ; variantes et champs à instancier après revue","UI_AUTH_API_DB","NON EXÉCUTÉ","Qualification détaillée et environnement isolé requis","","Lot ventes internationales et paiements"
"REC-ACT-ee7b1e00f16f","ACT-ee7b1e00f16f","admin | owner | sonasp","production","/production/achats-mines","Qualifier puis exécuter dans les contextes applicables ; variantes et champs à instancier après revue","UI_AUTH_API_DB","NON EXÉCUTÉ","Qualification détaillée et environnement isolé requis","","Lot production industrielle"
"REC-ACT-eebbc0ef95ac","ACT-eebbc0ef95ac","public","public-et-alias","/","Qualifier puis exécuter dans les contextes applicables ; variantes et champs à instancier après revue","UI_AUTH_API_DB","NON EXÉCUTÉ","Qualification détaillée et environnement isolé requis","","Lot public-et-alias"
"REC-ACT-eee7aa4cca0b","ACT-eee7aa4cca0b","admin | owner | sonasp","gold_purchases","/achats/reglements/nouveau","Qualifier puis exécuter dans les contextes applicables ; variantes et champs à instancier après revue","UI_AUTH_API_DB","NON EXÉCUTÉ","Qualification détaillée et environnement isolé requis","","Lot achats et contrats"
"REC-ACT-eeeee871c1f5","ACT-eeeee871c1f5","CONSOMMATEUR_NON_RESOLU","TRANSVERSE_OU_ORPHELIN_A_QUALIFIER","","Qualifier puis exécuter dans les contextes applicables ; variantes et champs à instancier après revue","UI_AUTH_API_DB","NON EXÉCUTÉ","Qualification détaillée et environnement isolé requis","","Lot partagé : propriétaire à affecter par orchestrateur"
"REC-ACT-efb9f45fa6be","ACT-efb9f45fa6be","admin | customer | mine | owner | sonasp","sales","/payments","Qualifier puis exécuter dans les contextes applicables ; variantes et champs à instancier après revue","UI_AUTH_API_DB","NON EXÉCUTÉ","Qualification détaillée et environnement isolé requis","","Lot ventes internationales et paiements"
"REC-ACT-efc107e7e102","ACT-efc107e7e102","admin | owner","administration","/admin/modules","Qualifier puis exécuter dans les contextes applicables ; variantes et champs à instancier après revue","UI_AUTH_API_DB","NON EXÉCUTÉ","Qualification détaillée et environnement isolé requis","","Lot administration et IAM"
"REC-ACT-efd2c7d2de40","ACT-efd2c7d2de40","admin | collector | comptoir | owner | sonasp","artisan_gold_market","/artisan-minier/paiements/:venteId/nouveau","Qualifier puis exécuter dans les contextes applicables ; variantes et champs à instancier après revue","UI_AUTH_API_DB","NON EXÉCUTÉ","Qualification détaillée et environnement isolé requis","","Lot marché artisanal et paiements"
"REC-ACT-efd4d24e800e","ACT-efd4d24e800e","admin | mine | owner | refinery | sonasp","refining","/refining/freight-shipments","Qualifier puis exécuter dans les contextes applicables ; variantes et champs à instancier après revue","UI_AUTH_API_DB","NON EXÉCUTÉ","Qualification détaillée et environnement isolé requis","","Lot raffinage"
"REC-ACT-eff3af7608ba","ACT-eff3af7608ba","admin | airport | factory | mine | owner | sonasp","documents | shipping","/documents/assay-certificates | /freight-customs/:id | /freight/shipments/:id","Qualifier puis exécuter dans les contextes applicables ; variantes et champs à instancier après revue","UI_AUTH_API_DB","NON EXÉCUTÉ","Qualification détaillée et environnement isolé requis","","Lot partagé : propriétaire à affecter par orchestrateur"
"REC-ACT-eff4a9b87d34","ACT-eff4a9b87d34","admin | owner","administration","/access/roles","Qualifier puis exécuter dans les contextes applicables ; variantes et champs à instancier après revue","UI_AUTH_API_DB","NON EXÉCUTÉ","Qualification détaillée et environnement isolé requis","","Lot administration et IAM"
"REC-ACT-f00553497a3b","ACT-f00553497a3b","mine | owner","portal-mine","/portail-mine","Qualifier puis exécuter dans les contextes applicables ; variantes et champs à instancier après revue","UI_AUTH_API_DB","NON EXÉCUTÉ","Qualification détaillée et environnement isolé requis","","Lot portal-mine"
"REC-ACT-f03cea92af75","ACT-f03cea92af75","admin | airport | factory | mine | owner | sonasp","shipping","/shipping/preparation/:id/edit","Qualifier puis exécuter dans les contextes applicables ; variantes et champs à instancier après revue","UI_AUTH_API_DB","NON EXÉCUTÉ","Qualification détaillée et environnement isolé requis","","Lot expéditions"
"REC-ACT-f045910095e1","ACT-f045910095e1","admin | dgmg | owner","mining_sites","/artisan-sites/:siteId/modifier | /artisan-sites/nouveau","Qualifier puis exécuter dans les contextes applicables ; variantes et champs à instancier après revue","UI_AUTH_API_DB","NON EXÉCUTÉ","Qualification détaillée et environnement isolé requis","","Lot sites artisanaux"
"REC-ACT-f04f44143961","ACT-f04f44143961","admin | dgmg | owner | sonasp","mining_sites","/artisan-sites","Qualifier puis exécuter dans les contextes applicables ; variantes et champs à instancier après revue","UI_AUTH_API_DB","NON EXÉCUTÉ","Qualification détaillée et environnement isolé requis","","Lot sites artisanaux"
"REC-ACT-f080d27028e5","ACT-f080d27028e5","public","public-et-alias","/assistance","Qualifier puis exécuter dans les contextes applicables ; variantes et champs à instancier après revue","UI_AUTH_API_DB","NON EXÉCUTÉ","Qualification détaillée et environnement isolé requis","","Lot public-et-alias"
"REC-ACT-f09ed76c2972","ACT-f09ed76c2972","CONSOMMATEUR_NON_RESOLU","TRANSVERSE_OU_ORPHELIN_A_QUALIFIER","","Qualifier puis exécuter dans les contextes applicables ; variantes et champs à instancier après revue","UI_AUTH_API_DB","NON EXÉCUTÉ","Qualification détaillée et environnement isolé requis","","Lot partagé : propriétaire à affecter par orchestrateur"
"REC-ACT-f0a48c72ef9e","ACT-f0a48c72ef9e","admin | dgmg | owner | sonasp","artisan-minier | mining_sites","/artisan-minier | /artisan-sites","Qualifier puis exécuter dans les contextes applicables ; variantes et champs à instancier après revue","UI_AUTH_API_DB","NON EXÉCUTÉ","Qualification détaillée et environnement isolé requis","","Lot partagé : propriétaire à affecter par orchestrateur"
"REC-ACT-f0c9efe00b29","ACT-f0c9efe00b29","admin | mine | owner | refinery | sonasp","refining","/refining | /refining/:id/process","Qualifier puis exécuter dans les contextes applicables ; variantes et champs à instancier après revue","UI_AUTH_API_DB","NON EXÉCUTÉ","Qualification détaillée et environnement isolé requis","","Lot raffinage"
"REC-ACT-f0dc93bfb05e","ACT-f0dc93bfb05e","admin | owner | sonasp","settings","/admin/gold-sales-settings","Qualifier puis exécuter dans les contextes applicables ; variantes et champs à instancier après revue","UI_AUTH_API_DB","NON EXÉCUTÉ","Qualification détaillée et environnement isolé requis","","Lot paramètres"
"REC-ACT-f12b5589d2be","ACT-f12b5589d2be","admin | owner","administration","/admin/messagerie","Qualifier puis exécuter dans les contextes applicables ; variantes et champs à instancier après revue","UI_AUTH_API_DB","NON EXÉCUTÉ","Qualification détaillée et environnement isolé requis","","Lot administration et IAM"
"REC-ACT-f17afa256285","ACT-f17afa256285","admin | mine | owner | sonasp","stakeholders","/stakeholders/depositors/:id/edit | /stakeholders/depositors/new","Qualifier puis exécuter dans les contextes applicables ; variantes et champs à instancier après revue","UI_AUTH_API_DB","NON EXÉCUTÉ","Qualification détaillée et environnement isolé requis","","Lot référentiels (root pilote Clients)"
"REC-ACT-f1e75c7784c8","ACT-f1e75c7784c8","admin | airport | factory | mine | owner | sonasp","shipping","/freight | /freight-customs | /freight-customs/:id | /freight-customs/create | /freight/shipments/create | /shipping | /shipping/preparation | /shipping/preparation/new","Qualifier puis exécuter dans les contextes applicables ; variantes et champs à instancier après revue","UI_AUTH_API_DB","NON EXÉCUTÉ","Qualification détaillée et environnement isolé requis","","Lot expéditions"
"REC-ACT-f2475750eb56","ACT-f2475750eb56","admin | mine | owner | sonasp","stakeholders","/stakeholders/depositors","Qualifier puis exécuter dans les contextes applicables ; variantes et champs à instancier après revue","UI_AUTH_API_DB","NON EXÉCUTÉ","Qualification détaillée et environnement isolé requis","","Lot référentiels (root pilote Clients)"
"REC-ACT-f29008d754b8","ACT-f29008d754b8","admin | airport | customer | factory | mine | owner | refinery | sonasp","international_markets","/fx-rates","Qualifier puis exécuter dans les contextes applicables ; variantes et champs à instancier après revue","UI_AUTH_API_DB","NON EXÉCUTÉ","Qualification détaillée et environnement isolé requis","","Lot international_markets"
"REC-ACT-f295ba2be32b","ACT-f295ba2be32b","CONSOMMATEUR_NON_RESOLU","TRANSVERSE_OU_ORPHELIN_A_QUALIFIER","","Qualifier puis exécuter dans les contextes applicables ; variantes et champs à instancier après revue","UI_AUTH_API_DB","NON EXÉCUTÉ","Qualification détaillée et environnement isolé requis","","Lot partagé : propriétaire à affecter par orchestrateur"
"REC-ACT-f2ab68ee47f7","ACT-f2ab68ee47f7","admin | mine | owner | refinery | sonasp","refining","/refining | /refining/:id/process","Qualifier puis exécuter dans les contextes applicables ; variantes et champs à instancier après revue","UI_AUTH_API_DB","NON EXÉCUTÉ","Qualification détaillée et environnement isolé requis","","Lot raffinage"
"REC-ACT-f363922c8bc9","ACT-f363922c8bc9","admin | dgmg | owner | sonasp","stakeholders","/stakeholders/mining-companies/:id/edit | /stakeholders/mining-companies/new","Qualifier puis exécuter dans les contextes applicables ; variantes et champs à instancier après revue","UI_AUTH_API_DB","NON EXÉCUTÉ","Qualification détaillée et environnement isolé requis","","Lot référentiels (root pilote Clients)"
"REC-ACT-f4008fb3db31","ACT-f4008fb3db31","admin | owner | sonasp","stakeholders","/customers/:id/edit | /customers/new","Qualifier puis exécuter dans les contextes applicables ; variantes et champs à instancier après revue","UI_AUTH_API_DB","NON EXÉCUTÉ","Qualification détaillée et environnement isolé requis","","Lot référentiels (root pilote Clients)"
"REC-ACT-f4263d3ee30b","ACT-f4263d3ee30b","admin | owner | sonasp","artisan-minier","/artisan-minier/cartes/expirations | /artisan-minier/cartes/suivi | /artisan-minier/cartes/validation","Qualifier puis exécuter dans les contextes applicables ; variantes et champs à instancier après revue","UI_AUTH_API_DB","NON EXÉCUTÉ","Qualification détaillée et environnement isolé requis","","Lot artisans et affiliations"
"REC-ACT-f43d35a53ecd","ACT-f43d35a53ecd","admin | collector | comptoir | dgmg | owner | sonasp","artisan-minier","/artisan-minier/:id | /artisan-minier/cartes/expirations | /artisan-minier/cartes/suivi | /artisan-minier/cartes/validation","Qualifier puis exécuter dans les contextes applicables ; variantes et champs à instancier après revue","UI_AUTH_API_DB","NON EXÉCUTÉ","Qualification détaillée et environnement isolé requis","","Lot artisans et affiliations"
"REC-ACT-f483ed2bb6ec","ACT-f483ed2bb6ec","CONSOMMATEUR_NON_RESOLU","TRANSVERSE_OU_ORPHELIN_A_QUALIFIER","","Qualifier puis exécuter dans les contextes applicables ; variantes et champs à instancier après revue","UI_AUTH_API_DB","NON EXÉCUTÉ","Qualification détaillée et environnement isolé requis","","Lot partagé : propriétaire à affecter par orchestrateur"
"REC-ACT-f49f0baacdcf","ACT-f49f0baacdcf","admin | dgi | mine | owner | sonasp","conciliation","/conciliation/:id","Qualifier puis exécuter dans les contextes applicables ; variantes et champs à instancier après revue","UI_AUTH_API_DB","NON EXÉCUTÉ","Qualification détaillée et environnement isolé requis","","Lot conciliation"
"REC-ACT-f49f305b988f","ACT-f49f305b988f","admin | airport | factory | mine | owner | sonasp","documents","/documents/assay-certificates","Qualifier puis exécuter dans les contextes applicables ; variantes et champs à instancier après revue","UI_AUTH_API_DB","NON EXÉCUTÉ","Qualification détaillée et environnement isolé requis","","Lot documents"
"REC-ACT-f4cc095e7718","ACT-f4cc095e7718","admin | customer | owner | sonasp","sales","/sales/approve/:saleId | /sales/approve/:saleId/:token","Qualifier puis exécuter dans les contextes applicables ; variantes et champs à instancier après revue","UI_AUTH_API_DB","NON EXÉCUTÉ","Qualification détaillée et environnement isolé requis","","Lot ventes internationales et paiements"
"REC-ACT-f4cee46936a6","ACT-f4cee46936a6","admin | mine | owner | sonasp","stakeholders","/stakeholders/depositors/:id/edit | /stakeholders/depositors/new","Qualifier puis exécuter dans les contextes applicables ; variantes et champs à instancier après revue","UI_AUTH_API_DB","NON EXÉCUTÉ","Qualification détaillée et environnement isolé requis","","Lot référentiels (root pilote Clients)"
"REC-ACT-f4f8dd1e1e9f","ACT-f4f8dd1e1e9f","admin | customer | owner | sonasp","sales","/payments/create | /payments/record","Qualifier puis exécuter dans les contextes applicables ; variantes et champs à instancier après revue","UI_AUTH_API_DB","NON EXÉCUTÉ","Qualification détaillée et environnement isolé requis","","Lot ventes internationales et paiements"
"REC-ACT-f50df0fa215a","ACT-f50df0fa215a","admin | owner | sonasp","stakeholders","/customers/:id/edit | /customers/new","Qualifier puis exécuter dans les contextes applicables ; variantes et champs à instancier après revue","UI_AUTH_API_DB","NON EXÉCUTÉ","Qualification détaillée et environnement isolé requis","","Lot référentiels (root pilote Clients)"
"REC-ACT-f53894b8c3ee","ACT-f53894b8c3ee","admin | airport | factory | mine | owner | sonasp","shipping","/shipping/preparation/new","Qualifier puis exécuter dans les contextes applicables ; variantes et champs à instancier après revue","UI_AUTH_API_DB","NON EXÉCUTÉ","Qualification détaillée et environnement isolé requis","","Lot expéditions"
"REC-ACT-f54dbd73ea0a","ACT-f54dbd73ea0a","admin | dgi | mine | owner | sonasp","conciliation","/conciliation","Qualifier puis exécuter dans les contextes applicables ; variantes et champs à instancier après revue","UI_AUTH_API_DB","NON EXÉCUTÉ","Qualification détaillée et environnement isolé requis","","Lot conciliation"
"REC-ACT-f5740b5aa272","ACT-f5740b5aa272","CONSOMMATEUR_NON_RESOLU","TRANSVERSE_OU_ORPHELIN_A_QUALIFIER","","Qualifier puis exécuter dans les contextes applicables ; variantes et champs à instancier après revue","UI_AUTH_API_DB","NON EXÉCUTÉ","Qualification détaillée et environnement isolé requis","","Lot partagé : propriétaire à affecter par orchestrateur"
"REC-ACT-f594ae81365d","ACT-f594ae81365d","admin | collector | comptoir | dgmg | owner | sonasp","artisan-minier","/artisan-minier/:id | /artisan-minier/cartes/expirations | /artisan-minier/cartes/suivi | /artisan-minier/cartes/validation","Qualifier puis exécuter dans les contextes applicables ; variantes et champs à instancier après revue","UI_AUTH_API_DB","NON EXÉCUTÉ","Qualification détaillée et environnement isolé requis","","Lot artisans et affiliations"
"REC-ACT-f61a5762b9c1","ACT-f61a5762b9c1","admin | customer | owner | sonasp","sales","/payments/create | /payments/record","Qualifier puis exécuter dans les contextes applicables ; variantes et champs à instancier après revue","UI_AUTH_API_DB","NON EXÉCUTÉ","Qualification détaillée et environnement isolé requis","","Lot ventes internationales et paiements"
"REC-ACT-f63e6307158d","ACT-f63e6307158d","admin | airport | collector | comptoir | customer | dgi | dgmg | direction | factory | mine | owner | refinery | sonasp","administration | artisan-minier | artisan_gold_market | conciliation | dashboard | gold_inventory | gold_purchases | international_markets | mining_sites | national_reserve | portal-collector | portal-comptoir | portal-direction | production | public-et-alias | sales | settings | shipping | stakeholders","/access/audit | /access/portals | /access/roles | /achats/comptes | /achats/comptes-paiements | /achats/demandes | /achats/plans | /achats/plans/:id | /achats/reglements | /achats/reglements/nouveau | /admin/gold-sales-settings | /admin/messagerie | /admin/messagerie/:uid | /admin/messagerie/nouveau | /admin/modules | /admin/refineries | /admin/refineries/edit/:id | /admin/refineries/new | /admin/settings | /admin/status-manager | /admin/transport-companies | /admin/transport-companies/edit/:id | /admin/transport-companies/new | /admin/users | /admin/workflow | /approvals | /artisan-minier | /artisan-minier/:artisanId/infractions/:infractionId | /artisan-minier/:artisanId/infractions/:infractionId/modifier | /artisan-minier/:artisanId/infractions/nouvelle | /artisan-minier/:id | /artisan-minier/:id/edit | /artisan-minier/cartes/expirations | /artisan-minier/cartes/suivi | /artisan-minier/cartes/validation | /artisan-minier/collecteurs | /artisan-minier/collecteurs/:id | /artisan-minier/collecteurs/:id/modifier | /artisan-minier/collecteurs/nouveau | /artisan-minier/comptoirs | /artisan-minier/comptoirs/:id | /artisan-minier/comptoirs/:id/modifier | /artisan-minier/comptoirs/nouveau | /artisan-minier/liste | /artisan-minier/paiements | /artisan-minier/paiements/:venteId/nouveau | /artisan-minier/paiements/historique | /artisan-minier/paiements/historique/:paiementId | /artisan-minier/rapports | /artisan-minier/rapports/chiffre-affaires | /artisan-minier/rapports/quantites | /artisan-minier/rapports/taxes | /artisan-minier/ventes-or | /artisan-minier/ventes-or/:id | /artisan-minier/ventes-or/:id/facture | /artisan-minier/ventes-or/:id/modifier | /artisan-minier/ventes-or/nouvelle | /artisan-sites | /artisan-sites/:siteId | /artisan-sites/:siteId/modifier | /artisan-sites/nouveau | /artisan-sites/production | /collecte/ventes | /collecte/ventes/nouvelle | /conciliation | /conciliation/:id | /conciliation/regles-fiscales | /contrats | /contrats/:id | /contrats/:id/modifier | /contrats/nouveau | /contrats/pilotage | /dashboard | /dashboard/airport | /dashboard/customer | /dashboard/factory | /dashboard/management | /dashboard/production-modern | /dashboard/refinery | /freight | /freight-customs | /freight-customs/:id | /freight-customs/create | /freight/shipments/:id | /freight/shipments/create | /gold-prices | /inventory | /inventory/add | /inventory/silver | /national-reserve | /national-reserve/allocations | /national-reserve/allocations/:id | /national-reserve/allocations/:id/edit | /national-reserve/allocations/new | /national-reserve/audit | /national-reserve/controls | /national-reserve/physical | /national-reserve/valuation | /parameters | /payments | /payments/:id | /payments/create | /payments/record | /performance/budgets | /performance/forecasts | /portail-collecteur | /portail-collecteur/documents | /portail-collecteur/stock | /portail-comptoir | /portail-comptoir/stock | /portail-comptoir/ventes-sonasp | /portail-direction/* | /portail-direction/achats | /portail-direction/alertes | /portail-direction/compte | /portail-direction/contrats | /portail-direction/finances | /portail-direction/performance | /portail-direction/previsions | /portail-direction/production | /portail-direction/rapports | /portail-direction/synthese | /production/:id | /production/achats-mines | /production/daily | /production/in-safe | /production/licenses | /production/licenses/requests | /requisitions | /requisitions/:id | /requisitions/:id/modifier | /requisitions/nouvelle | /sales | /sales/:id | /shipping | /shipping/preparation | /shipping/preparation/:id | /shipping/preparation/:id/details | /shipping/preparation/:id/edit | /shipping/preparation/new | /sonasp/cessions-comptoirs | /stakeholders/freight-companies | /stakeholders/organizations | /stakeholders/organizations/:id/edit | /stakeholders/organizations/new | /stakeholders/refinery-plants | /users | /users/:userId | /users/edit | /users/new","Qualifier puis exécuter dans les contextes applicables ; variantes et champs à instancier après revue","UI_AUTH_API_DB","NON EXÉCUTÉ","Qualification détaillée et environnement isolé requis","","Lot partagé : propriétaire à affecter par orchestrateur"
"REC-ACT-f68b78520ce6","ACT-f68b78520ce6","CONSOMMATEUR_NON_RESOLU","TRANSVERSE_OU_ORPHELIN_A_QUALIFIER","","Qualifier puis exécuter dans les contextes applicables ; variantes et champs à instancier après revue","UI_AUTH_API_DB","NON EXÉCUTÉ","Qualification détaillée et environnement isolé requis","","Lot partagé : propriétaire à affecter par orchestrateur"
"REC-ACT-f69767e89731","ACT-f69767e89731","admin | dgmg | owner | sonasp","mining_sites","/artisan-sites","Qualifier puis exécuter dans les contextes applicables ; variantes et champs à instancier après revue","UI_AUTH_API_DB","NON EXÉCUTÉ","Qualification détaillée et environnement isolé requis","","Lot sites artisanaux"
"REC-ACT-f6c5ea6f40e5","ACT-f6c5ea6f40e5","admin | airport | factory | mine | owner | sonasp","shipping","/shipping/preparation/new","Qualifier puis exécuter dans les contextes applicables ; variantes et champs à instancier après revue","UI_AUTH_API_DB","NON EXÉCUTÉ","Qualification détaillée et environnement isolé requis","","Lot expéditions"
"REC-ACT-f7075e6563f1","ACT-f7075e6563f1","admin | mine | owner | sonasp","gold_purchases","/requisitions","Qualifier puis exécuter dans les contextes applicables ; variantes et champs à instancier après revue","UI_AUTH_API_DB","NON EXÉCUTÉ","Qualification détaillée et environnement isolé requis","","Lot achats et contrats"
"REC-ACT-f716a5a0fdd0","ACT-f716a5a0fdd0","admin | airport | factory | mine | owner | sonasp","shipping","/shipping/preparation/:id/edit","Qualifier puis exécuter dans les contextes applicables ; variantes et champs à instancier après revue","UI_AUTH_API_DB","NON EXÉCUTÉ","Qualification détaillée et environnement isolé requis","","Lot expéditions"
"REC-ACT-f72588a37d0a","ACT-f72588a37d0a","admin | dgmg | owner | sonasp","stakeholders","/stakeholders/mining-companies/:id/edit | /stakeholders/mining-companies/new","Qualifier puis exécuter dans les contextes applicables ; variantes et champs à instancier après revue","UI_AUTH_API_DB","NON EXÉCUTÉ","Qualification détaillée et environnement isolé requis","","Lot référentiels (root pilote Clients)"
"REC-ACT-f7310bbd413e","ACT-f7310bbd413e","admin | airport | factory | mine | owner | sonasp","shipping","/freight/shipments/:id","Qualifier puis exécuter dans les contextes applicables ; variantes et champs à instancier après revue","UI_AUTH_API_DB","NON EXÉCUTÉ","Qualification détaillée et environnement isolé requis","","Lot expéditions"
"REC-ACT-f767bda71acc","ACT-f767bda71acc","admin | mine | owner | sonasp","gold_purchases","/requisitions/:id","Qualifier puis exécuter dans les contextes applicables ; variantes et champs à instancier après revue","UI_AUTH_API_DB","NON EXÉCUTÉ","Qualification détaillée et environnement isolé requis","","Lot achats et contrats"
"REC-ACT-f7a71c586c00","ACT-f7a71c586c00","admin | mine | owner | sonasp","gold_purchases","/requisitions","Qualifier puis exécuter dans les contextes applicables ; variantes et champs à instancier après revue","UI_AUTH_API_DB","NON EXÉCUTÉ","Qualification détaillée et environnement isolé requis","","Lot achats et contrats"
"REC-ACT-f7be40047922","ACT-f7be40047922","admin | mine | owner | sonasp","gold_purchases","/achats/comptes | /achats/comptes-paiements | /achats/demandes | /achats/reglements","Qualifier puis exécuter dans les contextes applicables ; variantes et champs à instancier après revue","UI_AUTH_API_DB","NON EXÉCUTÉ","Qualification détaillée et environnement isolé requis","","Lot achats et contrats"
"REC-ACT-f7c6d8a06268","ACT-f7c6d8a06268","admin | airport | collector | comptoir | customer | dgi | dgmg | direction | factory | mine | owner | refinery | sonasp","stakeholders | transverse","/customers | /customers/:id | /profile","Qualifier puis exécuter dans les contextes applicables ; variantes et champs à instancier après revue","UI_AUTH_API_DB","NON EXÉCUTÉ","Qualification détaillée et environnement isolé requis","","Lot partagé : propriétaire à affecter par orchestrateur"
"REC-ACT-f812171f9223","ACT-f812171f9223","admin | dgi | dgmg | factory | mine | owner | sonasp","production","/production/:id","Qualifier puis exécuter dans les contextes applicables ; variantes et champs à instancier après revue","UI_AUTH_API_DB","NON EXÉCUTÉ","Qualification détaillée et environnement isolé requis","","Lot production industrielle"
"REC-ACT-f81690520b1a","ACT-f81690520b1a","CONSOMMATEUR_NON_RESOLU","TRANSVERSE_OU_ORPHELIN_A_QUALIFIER","","Qualifier puis exécuter dans les contextes applicables ; variantes et champs à instancier après revue","UI_AUTH_API_DB","NON EXÉCUTÉ","Qualification détaillée et environnement isolé requis","","Lot partagé : propriétaire à affecter par orchestrateur"
"REC-ACT-f8445a0f2bd1","ACT-f8445a0f2bd1","admin | collector | comptoir | dgmg | owner | sonasp","artisan-minier","/artisan-minier/:id | /artisan-minier/cartes/expirations | /artisan-minier/cartes/suivi | /artisan-minier/cartes/validation","Qualifier puis exécuter dans les contextes applicables ; variantes et champs à instancier après revue","UI_AUTH_API_DB","NON EXÉCUTÉ","Qualification détaillée et environnement isolé requis","","Lot artisans et affiliations"
"REC-ACT-f866034b9e62","ACT-f866034b9e62","admin | airport | collector | comptoir | dgi | dgmg | factory | mine | owner | refinery | sonasp","administration | artisan-minier | artisan_gold_market | gold_inventory | international_markets | production | refining | shipping","/admin/modules | /artisan-minier/:artisanId/infractions/:infractionId | /artisan-minier/:artisanId/infractions/:infractionId/modifier | /artisan-minier/:artisanId/infractions/nouvelle | /artisan-minier/:id | /artisan-minier/:id/edit | /artisan-minier/liste | /artisan-minier/paiements | /artisan-minier/paiements/:venteId/nouveau | /artisan-minier/paiements/historique | /artisan-minier/paiements/historique/:paiementId | /artisan-minier/ventes-or | /artisan-minier/ventes-or/:id | /artisan-minier/ventes-or/:id/modifier | /artisan-minier/ventes-or/nouvelle | /freight/shipments/:id | /inventory/add | /production/:id | /production/achats-mines | /production/daily | /refining/freight-shipments | /sales/trade-space","Qualifier puis exécuter dans les contextes applicables ; variantes et champs à instancier après revue","UI_AUTH_API_DB","NON EXÉCUTÉ","Qualification détaillée et environnement isolé requis","","Lot partagé : propriétaire à affecter par orchestrateur"
"REC-ACT-f885e07f67cc","ACT-f885e07f67cc","admin | dgmg | owner | sonasp","mining_sites","/artisan-sites","Qualifier puis exécuter dans les contextes applicables ; variantes et champs à instancier après revue","UI_AUTH_API_DB","NON EXÉCUTÉ","Qualification détaillée et environnement isolé requis","","Lot sites artisanaux"
"REC-ACT-f8e550ab0f70","ACT-f8e550ab0f70","admin | collector | comptoir | dgmg | owner | sonasp","artisan-minier","/artisan-minier/liste","Qualifier puis exécuter dans les contextes applicables ; variantes et champs à instancier après revue","UI_AUTH_API_DB","NON EXÉCUTÉ","Qualification détaillée et environnement isolé requis","","Lot artisans et affiliations"
"REC-ACT-f906f93b5c38","ACT-f906f93b5c38","admin | dgmg | owner","artisan-minier","/artisan-minier/comptoirs/:id | /artisan-minier/comptoirs/:id/modifier | /artisan-minier/comptoirs/nouveau","Qualifier puis exécuter dans les contextes applicables ; variantes et champs à instancier après revue","UI_AUTH_API_DB","NON EXÉCUTÉ","Qualification détaillée et environnement isolé requis","","Lot artisans et affiliations"
"REC-ACT-f91320c3b510","ACT-f91320c3b510","CONSOMMATEUR_NON_RESOLU","TRANSVERSE_OU_ORPHELIN_A_QUALIFIER","","Qualifier puis exécuter dans les contextes applicables ; variantes et champs à instancier après revue","UI_AUTH_API_DB","NON EXÉCUTÉ","Qualification détaillée et environnement isolé requis","","Lot partagé : propriétaire à affecter par orchestrateur"
"REC-ACT-f91766c068d4","ACT-f91766c068d4","admin | owner | sonasp","dashboard","/dashboard","Qualifier puis exécuter dans les contextes applicables ; variantes et champs à instancier après revue","UI_AUTH_API_DB","NON EXÉCUTÉ","Qualification détaillée et environnement isolé requis","","Lot pilotage national"
"REC-ACT-f93c0bba2971","ACT-f93c0bba2971","admin | dgi | dgmg | factory | mine | owner | sonasp","production","/production/:id","Qualifier puis exécuter dans les contextes applicables ; variantes et champs à instancier après revue","UI_AUTH_API_DB","NON EXÉCUTÉ","Qualification détaillée et environnement isolé requis","","Lot production industrielle"
"REC-ACT-f97f97743efc","ACT-f97f97743efc","admin | dgi | mine | owner | sonasp","conciliation","/conciliation/regles-fiscales","Qualifier puis exécuter dans les contextes applicables ; variantes et champs à instancier après revue","UI_AUTH_API_DB","NON EXÉCUTÉ","Qualification détaillée et environnement isolé requis","","Lot conciliation"
"REC-ACT-f99dbe064817","ACT-f99dbe064817","CONSOMMATEUR_NON_RESOLU","TRANSVERSE_OU_ORPHELIN_A_QUALIFIER","","Qualifier puis exécuter dans les contextes applicables ; variantes et champs à instancier après revue","UI_AUTH_API_DB","NON EXÉCUTÉ","Qualification détaillée et environnement isolé requis","","Lot partagé : propriétaire à affecter par orchestrateur"
"REC-ACT-f9c3900ab6ed","ACT-f9c3900ab6ed","admin | mine | owner | sonasp","gold_purchases","/contrats/:id/modifier | /contrats/nouveau","Qualifier puis exécuter dans les contextes applicables ; variantes et champs à instancier après revue","UI_AUTH_API_DB","NON EXÉCUTÉ","Qualification détaillée et environnement isolé requis","","Lot achats et contrats"
"REC-ACT-f9ccc113c895","ACT-f9ccc113c895","admin | collector | comptoir | dgmg | owner | sonasp","artisan-minier","/artisan-minier/collecteurs | /artisan-minier/collecteurs/:id","Qualifier puis exécuter dans les contextes applicables ; variantes et champs à instancier après revue","UI_AUTH_API_DB","NON EXÉCUTÉ","Qualification détaillée et environnement isolé requis","","Lot artisans et affiliations"
"REC-ACT-f9cf741cdef5","ACT-f9cf741cdef5","admin | collector | comptoir | dgmg | owner | sonasp","artisan-minier","/artisan-minier/:id/edit | /artisan-minier/liste","Qualifier puis exécuter dans les contextes applicables ; variantes et champs à instancier après revue","UI_AUTH_API_DB","NON EXÉCUTÉ","Qualification détaillée et environnement isolé requis","","Lot artisans et affiliations"
"REC-ACT-f9e93adf403c","ACT-f9e93adf403c","admin | dgmg | owner","mining_sites","/artisan-sites/:siteId/modifier | /artisan-sites/nouveau","Qualifier puis exécuter dans les contextes applicables ; variantes et champs à instancier après revue","UI_AUTH_API_DB","NON EXÉCUTÉ","Qualification détaillée et environnement isolé requis","","Lot sites artisanaux"
"REC-ACT-fa38f635ac04","ACT-fa38f635ac04","admin | mine | owner | sonasp","production","/production/licenses/edit/:id | /production/licenses/new","Qualifier puis exécuter dans les contextes applicables ; variantes et champs à instancier après revue","UI_AUTH_API_DB","NON EXÉCUTÉ","Qualification détaillée et environnement isolé requis","","Lot production industrielle"
"REC-ACT-fa6a4202fc1e","ACT-fa6a4202fc1e","admin | dgmg | owner","artisan-minier","/artisan-minier/comptoirs/:id | /artisan-minier/comptoirs/:id/modifier | /artisan-minier/comptoirs/nouveau","Qualifier puis exécuter dans les contextes applicables ; variantes et champs à instancier après revue","UI_AUTH_API_DB","NON EXÉCUTÉ","Qualification détaillée et environnement isolé requis","","Lot artisans et affiliations"
"REC-ACT-faec9b88d510","ACT-faec9b88d510","admin | collector | comptoir | dgmg | owner | sonasp","artisan-minier","/artisan-minier/collecteurs | /artisan-minier/collecteurs/:id","Qualifier puis exécuter dans les contextes applicables ; variantes et champs à instancier après revue","UI_AUTH_API_DB","NON EXÉCUTÉ","Qualification détaillée et environnement isolé requis","","Lot artisans et affiliations"
"REC-ACT-fb0d776d9b04","ACT-fb0d776d9b04","admin | dgi | mine | owner | sonasp","conciliation","/conciliation/regles-fiscales","Qualifier puis exécuter dans les contextes applicables ; variantes et champs à instancier après revue","UI_AUTH_API_DB","NON EXÉCUTÉ","Qualification détaillée et environnement isolé requis","","Lot conciliation"
"REC-ACT-fb3e9547a1d3","ACT-fb3e9547a1d3","admin | dgmg | owner | sonasp","mining_sites","/artisan-sites","Qualifier puis exécuter dans les contextes applicables ; variantes et champs à instancier après revue","UI_AUTH_API_DB","NON EXÉCUTÉ","Qualification détaillée et environnement isolé requis","","Lot sites artisanaux"
"REC-ACT-fb4a62c8945d","ACT-fb4a62c8945d","admin | airport | customer | factory | mine | owner | refinery | sonasp","analytics | production_analytics | reports | sales_analytics","/analytics | /analytics/national | /analytics/production | /analytics/ventes | /reports","Qualifier puis exécuter dans les contextes applicables ; variantes et champs à instancier après revue","UI_AUTH_API_DB","NON EXÉCUTÉ","Qualification détaillée et environnement isolé requis","","Lot partagé : propriétaire à affecter par orchestrateur"
"REC-ACT-fb5bcfc1df42","ACT-fb5bcfc1df42","admin | dgi | dgmg | factory | mine | owner | sonasp","production","/production/in-safe","Qualifier puis exécuter dans les contextes applicables ; variantes et champs à instancier après revue","UI_AUTH_API_DB","NON EXÉCUTÉ","Qualification détaillée et environnement isolé requis","","Lot production industrielle"
"REC-ACT-fb72fec3abc6","ACT-fb72fec3abc6","admin | customer | mine | owner | sonasp","sales","/payments","Qualifier puis exécuter dans les contextes applicables ; variantes et champs à instancier après revue","UI_AUTH_API_DB","NON EXÉCUTÉ","Qualification détaillée et environnement isolé requis","","Lot ventes internationales et paiements"
"REC-ACT-fb8d9926e087","ACT-fb8d9926e087","admin | owner | sonasp","public-et-alias","/sonasp/cessions-comptoirs","Qualifier puis exécuter dans les contextes applicables ; variantes et champs à instancier après revue","UI_AUTH_API_DB","NON EXÉCUTÉ","Qualification détaillée et environnement isolé requis","","Lot public-et-alias"
"REC-ACT-fb94ebc94cc5","ACT-fb94ebc94cc5","admin | mine | owner | sonasp","production","/performance/budgets | /performance/forecasts","Qualifier puis exécuter dans les contextes applicables ; variantes et champs à instancier après revue","UI_AUTH_API_DB","NON EXÉCUTÉ","Qualification détaillée et environnement isolé requis","","Lot production industrielle"
"REC-ACT-fba7bb4b445e","ACT-fba7bb4b445e","public","authentification","/modifier-mot-de-passe","Qualifier puis exécuter dans les contextes applicables ; variantes et champs à instancier après revue","UI_AUTH_API_DB","NON EXÉCUTÉ","Qualification détaillée et environnement isolé requis","","Lot authentification"
"REC-ACT-fbd03f1e7de8","ACT-fbd03f1e7de8","admin | customer | mine | owner | sonasp","sales","/payments","Qualifier puis exécuter dans les contextes applicables ; variantes et champs à instancier après revue","UI_AUTH_API_DB","NON EXÉCUTÉ","Qualification détaillée et environnement isolé requis","","Lot ventes internationales et paiements"
"REC-ACT-fbffdb02da51","ACT-fbffdb02da51","CONSOMMATEUR_NON_RESOLU","TRANSVERSE_OU_ORPHELIN_A_QUALIFIER","","Qualifier puis exécuter dans les contextes applicables ; variantes et champs à instancier après revue","UI_AUTH_API_DB","NON EXÉCUTÉ","Qualification détaillée et environnement isolé requis","","Lot partagé : propriétaire à affecter par orchestrateur"
"REC-ACT-fc10010c13d8","ACT-fc10010c13d8","admin | airport | customer | factory | mine | owner | refinery | sonasp","international_markets","/fx-rates","Qualifier puis exécuter dans les contextes applicables ; variantes et champs à instancier après revue","UI_AUTH_API_DB","NON EXÉCUTÉ","Qualification détaillée et environnement isolé requis","","Lot international_markets"
"REC-ACT-fc289a710e3f","ACT-fc289a710e3f","admin | dgi | dgmg | factory | mine | owner | sonasp","production","/production/daily","Qualifier puis exécuter dans les contextes applicables ; variantes et champs à instancier après revue","UI_AUTH_API_DB","NON EXÉCUTÉ","Qualification détaillée et environnement isolé requis","","Lot production industrielle"
"REC-ACT-fcec07ff2a66","ACT-fcec07ff2a66","public","public-et-alias","/assistance","Qualifier puis exécuter dans les contextes applicables ; variantes et champs à instancier après revue","UI_AUTH_API_DB","NON EXÉCUTÉ","Qualification détaillée et environnement isolé requis","","Lot public-et-alias"
"REC-ACT-fd5e951364ef","ACT-fd5e951364ef","CONSOMMATEUR_NON_RESOLU","TRANSVERSE_OU_ORPHELIN_A_QUALIFIER","","Qualifier puis exécuter dans les contextes applicables ; variantes et champs à instancier après revue","UI_AUTH_API_DB","NON EXÉCUTÉ","Qualification détaillée et environnement isolé requis","","Lot partagé : propriétaire à affecter par orchestrateur"
"REC-ACT-fd98f39073c3","ACT-fd98f39073c3","admin | airport | factory | mine | owner | sonasp","documents | shipping","/documents/assay-certificates | /freight-customs/:id | /freight/shipments/:id","Qualifier puis exécuter dans les contextes applicables ; variantes et champs à instancier après revue","UI_AUTH_API_DB","NON EXÉCUTÉ","Qualification détaillée et environnement isolé requis","","Lot partagé : propriétaire à affecter par orchestrateur"
"REC-ACT-fe0a11d9f6ab","ACT-fe0a11d9f6ab","admin | airport | factory | mine | owner | sonasp","shipping","/shipping/preparation/:id | /shipping/preparation/:id/details","Qualifier puis exécuter dans les contextes applicables ; variantes et champs à instancier après revue","UI_AUTH_API_DB","NON EXÉCUTÉ","Qualification détaillée et environnement isolé requis","","Lot expéditions"
"REC-ACT-fe1402f65f9c","ACT-fe1402f65f9c","CONSOMMATEUR_NON_RESOLU","TRANSVERSE_OU_ORPHELIN_A_QUALIFIER","","Qualifier puis exécuter dans les contextes applicables ; variantes et champs à instancier après revue","UI_AUTH_API_DB","NON EXÉCUTÉ","Qualification détaillée et environnement isolé requis","","Lot partagé : propriétaire à affecter par orchestrateur"
"REC-ACT-fe40ecda3222","ACT-fe40ecda3222","dgi | dgmg | owner","portal-dgi | portal-dgmg","/portail-dgi | /portail-dgmg","Qualifier puis exécuter dans les contextes applicables ; variantes et champs à instancier après revue","UI_AUTH_API_DB","NON EXÉCUTÉ","Qualification détaillée et environnement isolé requis","","Lot partagé : propriétaire à affecter par orchestrateur"
"REC-ACT-fe4ab69b0c93","ACT-fe4ab69b0c93","admin | collector | comptoir | dgmg | owner | sonasp","artisan_gold_market","/collecte/ventes | /collecte/ventes/nouvelle","Qualifier puis exécuter dans les contextes applicables ; variantes et champs à instancier après revue","UI_AUTH_API_DB","NON EXÉCUTÉ","Qualification détaillée et environnement isolé requis","","Lot marché artisanal et paiements"
"REC-ACT-fe4e17633f19","ACT-fe4e17633f19","admin | dgi | mine | owner | sonasp","conciliation","/conciliation/:id","Qualifier puis exécuter dans les contextes applicables ; variantes et champs à instancier après revue","UI_AUTH_API_DB","NON EXÉCUTÉ","Qualification détaillée et environnement isolé requis","","Lot conciliation"
"REC-ACT-fe76f60f141b","ACT-fe76f60f141b","admin | owner","settings","/admin/status-manager","Qualifier puis exécuter dans les contextes applicables ; variantes et champs à instancier après revue","UI_AUTH_API_DB","NON EXÉCUTÉ","Qualification détaillée et environnement isolé requis","","Lot paramètres"
"REC-ACT-fe78c1070cf8","ACT-fe78c1070cf8","admin | dgmg | owner | sonasp","mining_sites","/artisan-sites/production","Qualifier puis exécuter dans les contextes applicables ; variantes et champs à instancier après revue","UI_AUTH_API_DB","NON EXÉCUTÉ","Qualification détaillée et environnement isolé requis","","Lot sites artisanaux"
"REC-ACT-ff3c690cab7b","ACT-ff3c690cab7b","dgi | dgmg | owner","portal-dgi | portal-dgmg","/portail-dgi | /portail-dgmg","Qualifier puis exécuter dans les contextes applicables ; variantes et champs à instancier après revue","UI_AUTH_API_DB","NON EXÉCUTÉ","Qualification détaillée et environnement isolé requis","","Lot partagé : propriétaire à affecter par orchestrateur"
"REC-ACT-ff40501e85d8","ACT-ff40501e85d8","dgi | dgmg | owner","portal-dgi | portal-dgmg","/portail-dgi | /portail-dgmg","Qualifier puis exécuter dans les contextes applicables ; variantes et champs à instancier après revue","UI_AUTH_API_DB","NON EXÉCUTÉ","Qualification détaillée et environnement isolé requis","","Lot partagé : propriétaire à affecter par orchestrateur"
"REC-ACT-ff7decbca733","ACT-ff7decbca733","admin | airport | factory | mine | owner | sonasp","shipping","/shipping/preparation/:id/edit","Qualifier puis exécuter dans les contextes applicables ; variantes et champs à instancier après revue","UI_AUTH_API_DB","NON EXÉCUTÉ","Qualification détaillée et environnement isolé requis","","Lot expéditions"
"REC-ACT-ffa04f3779ed","ACT-ffa04f3779ed","admin | dgi | dgmg | factory | mine | owner | sonasp","production","/production/daily","Qualifier puis exécuter dans les contextes applicables ; variantes et champs à instancier après revue","UI_AUTH_API_DB","NON EXÉCUTÉ","Qualification détaillée et environnement isolé requis","","Lot production industrielle"
"REC-CMP-005dfddfd929","CMP-005dfddfd929","admin | owner | sonasp","dashboard","/dashboard","Qualifier puis exécuter dans les contextes applicables ; variantes et champs à instancier après revue","UI_AUTH_API_DB","NON EXÉCUTÉ","Qualification détaillée et environnement isolé requis","","Lot pilotage national"
"REC-CMP-00858a1fe55a","CMP-00858a1fe55a","dgi | dgmg | owner","portal-dgi | portal-dgmg","/portail-dgi | /portail-dgmg","Qualifier puis exécuter dans les contextes applicables ; variantes et champs à instancier après revue","UI_AUTH_API_DB","NON EXÉCUTÉ","Qualification détaillée et environnement isolé requis","","Lot partagé : propriétaire à affecter par orchestrateur"
"REC-CMP-00f03d71fb6c","CMP-00f03d71fb6c","admin | airport | factory | mine | owner | sonasp","shipping","/freight/shipments/create","Qualifier puis exécuter dans les contextes applicables ; variantes et champs à instancier après revue","UI_AUTH_API_DB","NON EXÉCUTÉ","Qualification détaillée et environnement isolé requis","","Lot expéditions"
"REC-CMP-01332cbb6bf4","CMP-01332cbb6bf4","admin | airport | factory | mine | owner | sonasp","shipping","/shipping/preparation/new","Qualifier puis exécuter dans les contextes applicables ; variantes et champs à instancier après revue","UI_AUTH_API_DB","NON EXÉCUTÉ","Qualification détaillée et environnement isolé requis","","Lot expéditions"
"REC-CMP-034ca29af130","CMP-034ca29af130","admin | owner | sonasp","gold_purchases","/achats/reglements/nouveau","Qualifier puis exécuter dans les contextes applicables ; variantes et champs à instancier après revue","UI_AUTH_API_DB","NON EXÉCUTÉ","Qualification détaillée et environnement isolé requis","","Lot achats et contrats"
"REC-CMP-03acd193eb0b","CMP-03acd193eb0b","admin | owner","administration","/access/roles","Qualifier puis exécuter dans les contextes applicables ; variantes et champs à instancier après revue","UI_AUTH_API_DB","NON EXÉCUTÉ","Qualification détaillée et environnement isolé requis","","Lot administration et IAM"
"REC-CMP-0695c4db349b","CMP-0695c4db349b","CONSOMMATEUR_NON_RESOLU","TRANSVERSE_OU_ORPHELIN_A_QUALIFIER","","Qualifier puis exécuter dans les contextes applicables ; variantes et champs à instancier après revue","UI_AUTH_API_DB","NON EXÉCUTÉ","Qualification détaillée et environnement isolé requis","","Lot partagé : propriétaire à affecter par orchestrateur"
"REC-CMP-07283700f644","CMP-07283700f644","CONSOMMATEUR_NON_RESOLU","TRANSVERSE_OU_ORPHELIN_A_QUALIFIER","","Qualifier puis exécuter dans les contextes applicables ; variantes et champs à instancier après revue","UI_AUTH_API_DB","NON EXÉCUTÉ","Qualification détaillée et environnement isolé requis","","Lot partagé : propriétaire à affecter par orchestrateur"
"REC-CMP-09231fa9ac61","CMP-09231fa9ac61","admin | mine | owner | sonasp","gold_purchases","/requisitions","Qualifier puis exécuter dans les contextes applicables ; variantes et champs à instancier après revue","UI_AUTH_API_DB","NON EXÉCUTÉ","Qualification détaillée et environnement isolé requis","","Lot achats et contrats"
"REC-CMP-0a2ed945769b","CMP-0a2ed945769b","admin | dgmg | owner | sonasp","stakeholders","/stakeholders/organizations","Qualifier puis exécuter dans les contextes applicables ; variantes et champs à instancier après revue","UI_AUTH_API_DB","NON EXÉCUTÉ","Qualification détaillée et environnement isolé requis","","Lot référentiels (root pilote Clients)"
"REC-CMP-0c6a4b014e18","CMP-0c6a4b014e18","admin | dgi | mine | owner | sonasp","conciliation","/conciliation/:id","Qualifier puis exécuter dans les contextes applicables ; variantes et champs à instancier après revue","UI_AUTH_API_DB","NON EXÉCUTÉ","Qualification détaillée et environnement isolé requis","","Lot conciliation"
"REC-CMP-0dbf3c0e3f2c","CMP-0dbf3c0e3f2c","admin | owner | sonasp","national_reserve","/national-reserve | /national-reserve/audit | /national-reserve/controls | /national-reserve/physical | /national-reserve/valuation","Qualifier puis exécuter dans les contextes applicables ; variantes et champs à instancier après revue","UI_AUTH_API_DB","NON EXÉCUTÉ","Qualification détaillée et environnement isolé requis","","Lot réserve nationale"
"REC-CMP-0f5610475bf6","CMP-0f5610475bf6","admin | airport | factory | mine | owner | sonasp","shipping","/shipping/preparation/new","Qualifier puis exécuter dans les contextes applicables ; variantes et champs à instancier après revue","UI_AUTH_API_DB","NON EXÉCUTÉ","Qualification détaillée et environnement isolé requis","","Lot expéditions"
"REC-CMP-0f7bad98e704","CMP-0f7bad98e704","admin | mine | owner | sonasp","gold_purchases","/requisitions/:id","Qualifier puis exécuter dans les contextes applicables ; variantes et champs à instancier après revue","UI_AUTH_API_DB","NON EXÉCUTÉ","Qualification détaillée et environnement isolé requis","","Lot achats et contrats"
"REC-CMP-114001ace181","CMP-114001ace181","admin | owner","administration","/users/:userId","Qualifier puis exécuter dans les contextes applicables ; variantes et champs à instancier après revue","UI_AUTH_API_DB","NON EXÉCUTÉ","Qualification détaillée et environnement isolé requis","","Lot administration et IAM"
"REC-CMP-13e956665bfb","CMP-13e956665bfb","admin | owner","settings","/admin/status-manager","Qualifier puis exécuter dans les contextes applicables ; variantes et champs à instancier après revue","UI_AUTH_API_DB","NON EXÉCUTÉ","Qualification détaillée et environnement isolé requis","","Lot paramètres"
"REC-CMP-15b1cdc609fc","CMP-15b1cdc609fc","admin | dgi | dgmg | factory | mine | owner | sonasp","production","/production/daily","Qualifier puis exécuter dans les contextes applicables ; variantes et champs à instancier après revue","UI_AUTH_API_DB","NON EXÉCUTÉ","Qualification détaillée et environnement isolé requis","","Lot production industrielle"
"REC-CMP-16feaf60e849","CMP-16feaf60e849","admin | customer | mine | owner | sonasp","sales","/payments/:id","Qualifier puis exécuter dans les contextes applicables ; variantes et champs à instancier après revue","UI_AUTH_API_DB","NON EXÉCUTÉ","Qualification détaillée et environnement isolé requis","","Lot ventes internationales et paiements"
"REC-CMP-17c7607418ca","CMP-17c7607418ca","admin | airport | customer | factory | mine | owner | refinery | sonasp","international_markets","/fx-rates","Qualifier puis exécuter dans les contextes applicables ; variantes et champs à instancier après revue","UI_AUTH_API_DB","NON EXÉCUTÉ","Qualification détaillée et environnement isolé requis","","Lot international_markets"
"REC-CMP-19535765d688","CMP-19535765d688","admin | collector | comptoir | dgi | owner | sonasp","artisan_gold_market","/artisan-minier/rapports/taxes","Qualifier puis exécuter dans les contextes applicables ; variantes et champs à instancier après revue","UI_AUTH_API_DB","NON EXÉCUTÉ","Qualification détaillée et environnement isolé requis","","Lot marché artisanal et paiements"
"REC-CMP-19f2157d5c94","CMP-19f2157d5c94","admin | airport | customer | factory | mine | owner | refinery | sonasp","international_markets","/fx-rates","Qualifier puis exécuter dans les contextes applicables ; variantes et champs à instancier après revue","UI_AUTH_API_DB","NON EXÉCUTÉ","Qualification détaillée et environnement isolé requis","","Lot international_markets"
"REC-CMP-19f9084e92a0","CMP-19f9084e92a0","admin | owner | sonasp","national_reserve","/national-reserve | /national-reserve/audit | /national-reserve/controls | /national-reserve/physical | /national-reserve/valuation","Qualifier puis exécuter dans les contextes applicables ; variantes et champs à instancier après revue","UI_AUTH_API_DB","NON EXÉCUTÉ","Qualification détaillée et environnement isolé requis","","Lot réserve nationale"
"REC-CMP-1a7aaab71341","CMP-1a7aaab71341","dgi | owner","artisan_gold_market","/portail-dgi/paiements","Qualifier puis exécuter dans les contextes applicables ; variantes et champs à instancier après revue","UI_AUTH_API_DB","NON EXÉCUTÉ","Qualification détaillée et environnement isolé requis","","Lot marché artisanal et paiements"
"REC-CMP-1afadb2e767d","CMP-1afadb2e767d","admin | dgmg | owner | sonasp","stakeholders","/stakeholders/mining-companies/:id","Qualifier puis exécuter dans les contextes applicables ; variantes et champs à instancier après revue","UI_AUTH_API_DB","NON EXÉCUTÉ","Qualification détaillée et environnement isolé requis","","Lot référentiels (root pilote Clients)"
"REC-CMP-1b1c3f91f0ed","CMP-1b1c3f91f0ed","admin | owner | sonasp","public-et-alias","/sonasp/cessions-comptoirs","Qualifier puis exécuter dans les contextes applicables ; variantes et champs à instancier après revue","UI_AUTH_API_DB","NON EXÉCUTÉ","Qualification détaillée et environnement isolé requis","","Lot public-et-alias"
"REC-CMP-1e3ecaa0e085","CMP-1e3ecaa0e085","admin | mine | owner | sonasp","sales","/sales/new","Qualifier puis exécuter dans les contextes applicables ; variantes et champs à instancier après revue","UI_AUTH_API_DB","NON EXÉCUTÉ","Qualification détaillée et environnement isolé requis","","Lot ventes internationales et paiements"
"REC-CMP-201267cecef8","CMP-201267cecef8","admin | mine | owner | sonasp","gold_purchases","/contrats/:id | /requisitions/:id","Qualifier puis exécuter dans les contextes applicables ; variantes et champs à instancier après revue","UI_AUTH_API_DB","NON EXÉCUTÉ","Qualification détaillée et environnement isolé requis","","Lot achats et contrats"
"REC-CMP-2215414cf191","CMP-2215414cf191","admin | mine | owner | sonasp","stakeholders","/customers","Qualifier puis exécuter dans les contextes applicables ; variantes et champs à instancier après revue","UI_AUTH_API_DB","NON EXÉCUTÉ","Qualification détaillée et environnement isolé requis","","Lot référentiels (root pilote Clients)"
"REC-CMP-23fd40a5e70a","CMP-23fd40a5e70a","admin | owner | sonasp","gold_purchases","/achats/plans/:id","Qualifier puis exécuter dans les contextes applicables ; variantes et champs à instancier après revue","UI_AUTH_API_DB","NON EXÉCUTÉ","Qualification détaillée et environnement isolé requis","","Lot achats et contrats"
"REC-CMP-250b8cba16f0","CMP-250b8cba16f0","collector | owner","portal-collector","/portail-collecteur/stock","Qualifier puis exécuter dans les contextes applicables ; variantes et champs à instancier après revue","UI_AUTH_API_DB","NON EXÉCUTÉ","Qualification détaillée et environnement isolé requis","","Lot portal-collector"
"REC-CMP-251cc686aa98","CMP-251cc686aa98","admin | owner | sonasp","administration | settings","/admin/settings | /parameters","Qualifier puis exécuter dans les contextes applicables ; variantes et champs à instancier après revue","UI_AUTH_API_DB","NON EXÉCUTÉ","Qualification détaillée et environnement isolé requis","","Lot partagé : propriétaire à affecter par orchestrateur"
"REC-CMP-25fbcf766429","CMP-25fbcf766429","admin | airport | customer | factory | mine | owner | refinery | sonasp","international_markets","/gold-prices","Qualifier puis exécuter dans les contextes applicables ; variantes et champs à instancier après revue","UI_AUTH_API_DB","NON EXÉCUTÉ","Qualification détaillée et environnement isolé requis","","Lot international_markets"
"REC-CMP-2a0f0a73e6c5","CMP-2a0f0a73e6c5","admin | owner | sonasp","national_reserve","/national-reserve/allocations | /national-reserve/allocations/:id","Qualifier puis exécuter dans les contextes applicables ; variantes et champs à instancier après revue","UI_AUTH_API_DB","NON EXÉCUTÉ","Qualification détaillée et environnement isolé requis","","Lot réserve nationale"
"REC-CMP-2f59832771d2","CMP-2f59832771d2","admin | comptoir | owner | sonasp","artisan_gold_market","/artisan-minier/rapports/quantites","Qualifier puis exécuter dans les contextes applicables ; variantes et champs à instancier après revue","UI_AUTH_API_DB","NON EXÉCUTÉ","Qualification détaillée et environnement isolé requis","","Lot marché artisanal et paiements"
"REC-CMP-2ff0ffc58de5","CMP-2ff0ffc58de5","admin | collector | comptoir | owner | sonasp","artisan_gold_market","/artisan-minier/paiements/historique","Qualifier puis exécuter dans les contextes applicables ; variantes et champs à instancier après revue","UI_AUTH_API_DB","NON EXÉCUTÉ","Qualification détaillée et environnement isolé requis","","Lot marché artisanal et paiements"
"REC-CMP-33a831cc4fda","CMP-33a831cc4fda","CONSOMMATEUR_NON_RESOLU","TRANSVERSE_OU_ORPHELIN_A_QUALIFIER","","Qualifier puis exécuter dans les contextes applicables ; variantes et champs à instancier après revue","UI_AUTH_API_DB","NON EXÉCUTÉ","Qualification détaillée et environnement isolé requis","","Lot partagé : propriétaire à affecter par orchestrateur"
"REC-CMP-349a05f1f65b","CMP-349a05f1f65b","admin | collector | comptoir | dgmg | owner | sonasp","artisan-minier","/artisan-minier/:id","Qualifier puis exécuter dans les contextes applicables ; variantes et champs à instancier après revue","UI_AUTH_API_DB","NON EXÉCUTÉ","Qualification détaillée et environnement isolé requis","","Lot artisans et affiliations"
"REC-CMP-37f995ddb6c0","CMP-37f995ddb6c0","admin | collector | comptoir | dgmg | owner | sonasp","artisan-minier","/artisan-minier/collecteurs | /artisan-minier/collecteurs/:id","Qualifier puis exécuter dans les contextes applicables ; variantes et champs à instancier après revue","UI_AUTH_API_DB","NON EXÉCUTÉ","Qualification détaillée et environnement isolé requis","","Lot artisans et affiliations"
"REC-CMP-38c6f3d905f3","CMP-38c6f3d905f3","admin | mine | owner | sonasp","gold_purchases","/requisitions/:id","Qualifier puis exécuter dans les contextes applicables ; variantes et champs à instancier après revue","UI_AUTH_API_DB","NON EXÉCUTÉ","Qualification détaillée et environnement isolé requis","","Lot achats et contrats"
"REC-CMP-39fffda42375","CMP-39fffda42375","admin | mine | owner | sonasp","gold_purchases","/achats/reglements","Qualifier puis exécuter dans les contextes applicables ; variantes et champs à instancier après revue","UI_AUTH_API_DB","NON EXÉCUTÉ","Qualification détaillée et environnement isolé requis","","Lot achats et contrats"
"REC-CMP-3a30937154b6","CMP-3a30937154b6","dgi | dgmg | owner","portal-dgi | portal-dgmg","/portail-dgi | /portail-dgmg","Qualifier puis exécuter dans les contextes applicables ; variantes et champs à instancier après revue","UI_AUTH_API_DB","NON EXÉCUTÉ","Qualification détaillée et environnement isolé requis","","Lot partagé : propriétaire à affecter par orchestrateur"
"REC-CMP-3b45c2195f93","CMP-3b45c2195f93","admin | owner","settings","/admin/status-manager","Qualifier puis exécuter dans les contextes applicables ; variantes et champs à instancier après revue","UI_AUTH_API_DB","NON EXÉCUTÉ","Qualification détaillée et environnement isolé requis","","Lot paramètres"
"REC-CMP-3d58f64ebcf2","CMP-3d58f64ebcf2","admin | airport | customer | factory | mine | owner | refinery | sonasp","international_markets","/fx-rates","Qualifier puis exécuter dans les contextes applicables ; variantes et champs à instancier après revue","UI_AUTH_API_DB","NON EXÉCUTÉ","Qualification détaillée et environnement isolé requis","","Lot international_markets"
"REC-CMP-3ecae651707a","CMP-3ecae651707a","admin | dgi | dgmg | factory | mine | owner | sonasp","production","/production/in-safe","Qualifier puis exécuter dans les contextes applicables ; variantes et champs à instancier après revue","UI_AUTH_API_DB","NON EXÉCUTÉ","Qualification détaillée et environnement isolé requis","","Lot production industrielle"
"REC-CMP-41591d65a20e","CMP-41591d65a20e","admin | mine | owner | sonasp","public-et-alias | stakeholders","/admin/refineries | /stakeholders/refinery-plants","Qualifier puis exécuter dans les contextes applicables ; variantes et champs à instancier après revue","UI_AUTH_API_DB","NON EXÉCUTÉ","Qualification détaillée et environnement isolé requis","","Lot partagé : propriétaire à affecter par orchestrateur"
"REC-CMP-42711649360c","CMP-42711649360c","comptoir | owner","portal-comptoir","/portail-comptoir/stock","Qualifier puis exécuter dans les contextes applicables ; variantes et champs à instancier après revue","UI_AUTH_API_DB","NON EXÉCUTÉ","Qualification détaillée et environnement isolé requis","","Lot portal-comptoir"
"REC-CMP-42a464ba0490","CMP-42a464ba0490","admin | owner | sonasp","production","/production/achats-mines","Qualifier puis exécuter dans les contextes applicables ; variantes et champs à instancier après revue","UI_AUTH_API_DB","NON EXÉCUTÉ","Qualification détaillée et environnement isolé requis","","Lot production industrielle"
"REC-CMP-44328706b1ef","CMP-44328706b1ef","admin | mine | owner | sonasp","gold_purchases","/contrats/:id","Qualifier puis exécuter dans les contextes applicables ; variantes et champs à instancier après revue","UI_AUTH_API_DB","NON EXÉCUTÉ","Qualification détaillée et environnement isolé requis","","Lot achats et contrats"
"REC-CMP-44f66ccde9b1","CMP-44f66ccde9b1","admin | dgmg | owner | sonasp","mining_sites","/artisan-sites/production","Qualifier puis exécuter dans les contextes applicables ; variantes et champs à instancier après revue","UI_AUTH_API_DB","NON EXÉCUTÉ","Qualification détaillée et environnement isolé requis","","Lot sites artisanaux"
"REC-CMP-45974bb5a8a9","CMP-45974bb5a8a9","admin | airport | customer | factory | mine | owner | refinery | sonasp","analytics | production_analytics | reports | sales_analytics","/analytics | /analytics/national | /analytics/production | /analytics/ventes | /reports","Qualifier puis exécuter dans les contextes applicables ; variantes et champs à instancier après revue","UI_AUTH_API_DB","NON EXÉCUTÉ","Qualification détaillée et environnement isolé requis","","Lot partagé : propriétaire à affecter par orchestrateur"
"REC-CMP-45d3210ab5fd","CMP-45d3210ab5fd","admin | dgmg | owner | sonasp","mining_sites","/artisan-sites","Qualifier puis exécuter dans les contextes applicables ; variantes et champs à instancier après revue","UI_AUTH_API_DB","NON EXÉCUTÉ","Qualification détaillée et environnement isolé requis","","Lot sites artisanaux"
"REC-CMP-479b20855ddd","CMP-479b20855ddd","CONSOMMATEUR_NON_RESOLU","TRANSVERSE_OU_ORPHELIN_A_QUALIFIER","","Qualifier puis exécuter dans les contextes applicables ; variantes et champs à instancier après revue","UI_AUTH_API_DB","NON EXÉCUTÉ","Qualification détaillée et environnement isolé requis","","Lot partagé : propriétaire à affecter par orchestrateur"
"REC-CMP-47abf2fe7878","CMP-47abf2fe7878","CONSOMMATEUR_NON_RESOLU","TRANSVERSE_OU_ORPHELIN_A_QUALIFIER","","Qualifier puis exécuter dans les contextes applicables ; variantes et champs à instancier après revue","UI_AUTH_API_DB","NON EXÉCUTÉ","Qualification détaillée et environnement isolé requis","","Lot partagé : propriétaire à affecter par orchestrateur"
"REC-CMP-49468731b1e3","CMP-49468731b1e3","admin | dgmg | owner | sonasp","mining_sites","/artisan-sites/:siteId","Qualifier puis exécuter dans les contextes applicables ; variantes et champs à instancier après revue","UI_AUTH_API_DB","NON EXÉCUTÉ","Qualification détaillée et environnement isolé requis","","Lot sites artisanaux"
"REC-CMP-4ac884ae2454","CMP-4ac884ae2454","admin | airport | collector | comptoir | customer | dgi | dgmg | factory | mine | owner | refinery | sonasp","administration | artisan-minier | artisan_gold_market | conciliation | dashboard | gold_inventory | gold_purchases | international_markets | national_reserve | portal-collector | production | public-et-alias | sales | settings | shipping | stakeholders","/access/audit | /access/portals | /access/roles | /achats/comptes | /achats/comptes-paiements | /achats/demandes | /achats/plans | /achats/plans/:id | /achats/reglements | /admin/gold-sales-settings | /admin/messagerie | /admin/modules | /admin/refineries | /admin/refineries/edit/:id | /admin/refineries/new | /admin/settings | /admin/status-manager | /admin/transport-companies | /admin/transport-companies/edit/:id | /admin/transport-companies/new | /admin/users | /admin/workflow | /approvals | /artisan-minier/:artisanId/infractions/:infractionId | /artisan-minier/:artisanId/infractions/:infractionId/modifier | /artisan-minier/:artisanId/infractions/nouvelle | /artisan-minier/:id | /artisan-minier/:id/edit | /artisan-minier/cartes/expirations | /artisan-minier/cartes/suivi | /artisan-minier/cartes/validation | /artisan-minier/collecteurs | /artisan-minier/collecteurs/:id | /artisan-minier/collecteurs/:id/modifier | /artisan-minier/collecteurs/nouveau | /artisan-minier/comptoirs | /artisan-minier/comptoirs/:id | /artisan-minier/comptoirs/:id/modifier | /artisan-minier/comptoirs/nouveau | /artisan-minier/liste | /artisan-minier/paiements | /artisan-minier/paiements/:venteId/nouveau | /artisan-minier/paiements/historique | /artisan-minier/paiements/historique/:paiementId | /artisan-minier/rapports | /artisan-minier/rapports/chiffre-affaires | /artisan-minier/rapports/quantites | /artisan-minier/rapports/taxes | /artisan-minier/ventes-or | /artisan-minier/ventes-or/:id | /artisan-minier/ventes-or/:id/facture | /artisan-minier/ventes-or/:id/modifier | /artisan-minier/ventes-or/nouvelle | /collecte/ventes | /collecte/ventes/nouvelle | /conciliation | /conciliation/:id | /conciliation/regles-fiscales | /contrats | /contrats/:id | /contrats/pilotage | /dashboard/airport | /dashboard/customer | /dashboard/factory | /dashboard/management | /dashboard/production-modern | /dashboard/refinery | /freight | /freight-customs | /freight-customs/:id | /freight-customs/create | /freight/shipments/:id | /freight/shipments/create | /gold-prices | /inventory | /inventory/add | /inventory/silver | /national-reserve | /national-reserve/allocations | /national-reserve/allocations/:id | /national-reserve/allocations/:id/edit | /national-reserve/allocations/new | /national-reserve/audit | /national-reserve/controls | /national-reserve/physical | /national-reserve/valuation | /parameters | /payments | /payments/:id | /performance/budgets | /performance/forecasts | /portail-collecteur | /portail-collecteur/documents | /portail-collecteur/stock | /portail-dgi/paiements | /portail-dgmg/reserve-validations | /production/:id | /production/achats-mines | /production/daily | /production/in-safe | /production/licenses | /production/licenses/requests | /requisitions | /requisitions/:id | /sales | /sales/:id | /shipping | /shipping/preparation | /shipping/preparation/:id | /shipping/preparation/:id/details | /shipping/preparation/:id/edit | /shipping/preparation/new | /stakeholders/freight-companies | /stakeholders/organizations | /stakeholders/organizations/:id/edit | /stakeholders/organizations/new | /stakeholders/refinery-plants | /users | /users/:userId | /users/edit | /users/new","Qualifier puis exécuter dans les contextes applicables ; variantes et champs à instancier après revue","UI_AUTH_API_DB","NON EXÉCUTÉ","Qualification détaillée et environnement isolé requis","","Lot partagé : propriétaire à affecter par orchestrateur"
"REC-CMP-4c93568a605c","CMP-4c93568a605c","CONSOMMATEUR_NON_RESOLU","TRANSVERSE_OU_ORPHELIN_A_QUALIFIER","","Qualifier puis exécuter dans les contextes applicables ; variantes et champs à instancier après revue","UI_AUTH_API_DB","NON EXÉCUTÉ","Qualification détaillée et environnement isolé requis","","Lot partagé : propriétaire à affecter par orchestrateur"
"REC-CMP-4ce6f0ab832b","CMP-4ce6f0ab832b","admin | collector | comptoir | dgmg | owner | sonasp","artisan_gold_market","/collecte/ventes | /collecte/ventes/nouvelle","Qualifier puis exécuter dans les contextes applicables ; variantes et champs à instancier après revue","UI_AUTH_API_DB","NON EXÉCUTÉ","Qualification détaillée et environnement isolé requis","","Lot marché artisanal et paiements"
"REC-CMP-4cf35ce7457c","CMP-4cf35ce7457c","admin | airport | factory | mine | owner | sonasp","shipping","/shipping/preparation/:id | /shipping/preparation/:id/details","Qualifier puis exécuter dans les contextes applicables ; variantes et champs à instancier après revue","UI_AUTH_API_DB","NON EXÉCUTÉ","Qualification détaillée et environnement isolé requis","","Lot expéditions"
"REC-CMP-504b5b495148","CMP-504b5b495148","admin | owner","administration","/users/:userId","Qualifier puis exécuter dans les contextes applicables ; variantes et champs à instancier après revue","UI_AUTH_API_DB","NON EXÉCUTÉ","Qualification détaillée et environnement isolé requis","","Lot administration et IAM"
"REC-CMP-5210a05ba58f","CMP-5210a05ba58f","admin | mine | owner | refinery | sonasp","refining","/refining | /refining/:id/process","Qualifier puis exécuter dans les contextes applicables ; variantes et champs à instancier après revue","UI_AUTH_API_DB","NON EXÉCUTÉ","Qualification détaillée et environnement isolé requis","","Lot raffinage"
"REC-CMP-5213d0d0059b","CMP-5213d0d0059b","admin | mine | owner | refinery | sonasp","refining","/refining | /refining/:id/process","Qualifier puis exécuter dans les contextes applicables ; variantes et champs à instancier après revue","UI_AUTH_API_DB","NON EXÉCUTÉ","Qualification détaillée et environnement isolé requis","","Lot raffinage"
"REC-CMP-5544c401876a","CMP-5544c401876a","admin | owner | sonasp","gold_purchases","/achats/comptes","Qualifier puis exécuter dans les contextes applicables ; variantes et champs à instancier après revue","UI_AUTH_API_DB","NON EXÉCUTÉ","Qualification détaillée et environnement isolé requis","","Lot achats et contrats"
"REC-CMP-55f8fab6e09b","CMP-55f8fab6e09b","admin | airport | factory | mine | owner | sonasp","shipping","/freight/shipments/:id","Qualifier puis exécuter dans les contextes applicables ; variantes et champs à instancier après revue","UI_AUTH_API_DB","NON EXÉCUTÉ","Qualification détaillée et environnement isolé requis","","Lot expéditions"
"REC-CMP-5729452a6453","CMP-5729452a6453","admin | customer | mine | owner | sonasp","sales","/payments","Qualifier puis exécuter dans les contextes applicables ; variantes et champs à instancier après revue","UI_AUTH_API_DB","NON EXÉCUTÉ","Qualification détaillée et environnement isolé requis","","Lot ventes internationales et paiements"
"REC-CMP-59afb239f413","CMP-59afb239f413","admin | dgi | dgmg | factory | mine | owner | sonasp","production","/production/:id","Qualifier puis exécuter dans les contextes applicables ; variantes et champs à instancier après revue","UI_AUTH_API_DB","NON EXÉCUTÉ","Qualification détaillée et environnement isolé requis","","Lot production industrielle"
"REC-CMP-5b0f4b731e87","CMP-5b0f4b731e87","admin | owner","administration | public-et-alias","/admin/users | /users","Qualifier puis exécuter dans les contextes applicables ; variantes et champs à instancier après revue","UI_AUTH_API_DB","NON EXÉCUTÉ","Qualification détaillée et environnement isolé requis","","Lot partagé : propriétaire à affecter par orchestrateur"
"REC-CMP-5d2711351f14","CMP-5d2711351f14","admin | customer | mine | owner | refinery | sonasp","sales","/sales/:id","Qualifier puis exécuter dans les contextes applicables ; variantes et champs à instancier après revue","UI_AUTH_API_DB","NON EXÉCUTÉ","Qualification détaillée et environnement isolé requis","","Lot ventes internationales et paiements"
"REC-CMP-5dd19e186432","CMP-5dd19e186432","admin | mine | owner | sonasp","international_markets","/sales/simulations","Qualifier puis exécuter dans les contextes applicables ; variantes et champs à instancier après revue","UI_AUTH_API_DB","NON EXÉCUTÉ","Qualification détaillée et environnement isolé requis","","Lot international_markets"
"REC-CMP-5e0c549195ec","CMP-5e0c549195ec","admin | dgmg | owner","artisan-minier","/artisan-minier/comptoirs","Qualifier puis exécuter dans les contextes applicables ; variantes et champs à instancier après revue","UI_AUTH_API_DB","NON EXÉCUTÉ","Qualification détaillée et environnement isolé requis","","Lot artisans et affiliations"
"REC-CMP-636049a8d2da","CMP-636049a8d2da","admin | owner | sonasp","national_reserve","/national-reserve/allocations/:id/edit | /national-reserve/allocations/new","Qualifier puis exécuter dans les contextes applicables ; variantes et champs à instancier après revue","UI_AUTH_API_DB","NON EXÉCUTÉ","Qualification détaillée et environnement isolé requis","","Lot réserve nationale"
"REC-CMP-6445d2d86b2f","CMP-6445d2d86b2f","admin | owner | sonasp","production","/production/licenses/requests","Qualifier puis exécuter dans les contextes applicables ; variantes et champs à instancier après revue","UI_AUTH_API_DB","NON EXÉCUTÉ","Qualification détaillée et environnement isolé requis","","Lot production industrielle"
"REC-CMP-662f1ef8baba","CMP-662f1ef8baba","admin | airport | factory | mine | owner | sonasp","shipping","/freight | /freight-customs | /freight-customs/:id | /freight-customs/create | /freight/shipments/create | /shipping | /shipping/preparation | /shipping/preparation/new","Qualifier puis exécuter dans les contextes applicables ; variantes et champs à instancier après revue","UI_AUTH_API_DB","NON EXÉCUTÉ","Qualification détaillée et environnement isolé requis","","Lot expéditions"
"REC-CMP-664b484e9df5","CMP-664b484e9df5","admin | owner | sonasp","artisan-minier","/artisan-minier","Qualifier puis exécuter dans les contextes applicables ; variantes et champs à instancier après revue","UI_AUTH_API_DB","NON EXÉCUTÉ","Qualification détaillée et environnement isolé requis","","Lot artisans et affiliations"
"REC-CMP-66ada4f15f50","CMP-66ada4f15f50","dgmg | owner","national_reserve","/portail-dgmg/reserve-validations","Qualifier puis exécuter dans les contextes applicables ; variantes et champs à instancier après revue","UI_AUTH_API_DB","NON EXÉCUTÉ","Qualification détaillée et environnement isolé requis","","Lot réserve nationale"
"REC-CMP-677981cc11f5","CMP-677981cc11f5","comptoir | owner","portal-comptoir","/portail-comptoir/ventes-sonasp","Qualifier puis exécuter dans les contextes applicables ; variantes et champs à instancier après revue","UI_AUTH_API_DB","NON EXÉCUTÉ","Qualification détaillée et environnement isolé requis","","Lot portal-comptoir"
"REC-CMP-68d3432ea07f","CMP-68d3432ea07f","admin | airport | mine | owner | sonasp","shipping","/freight-customs/:id","Qualifier puis exécuter dans les contextes applicables ; variantes et champs à instancier après revue","UI_AUTH_API_DB","NON EXÉCUTÉ","Qualification détaillée et environnement isolé requis","","Lot expéditions"
"REC-CMP-69d5bdc4a4ab","CMP-69d5bdc4a4ab","admin | collector | comptoir | dgmg | owner | sonasp","artisan-minier","/artisan-minier/liste","Qualifier puis exécuter dans les contextes applicables ; variantes et champs à instancier après revue","UI_AUTH_API_DB","NON EXÉCUTÉ","Qualification détaillée et environnement isolé requis","","Lot artisans et affiliations"
"REC-CMP-6b28242727d5","CMP-6b28242727d5","admin | airport | collector | comptoir | customer | dgi | dgmg | direction | factory | mine | owner | refinery | sonasp","stakeholders | transverse","/customers | /customers/:id | /profile","Qualifier puis exécuter dans les contextes applicables ; variantes et champs à instancier après revue","UI_AUTH_API_DB","NON EXÉCUTÉ","Qualification détaillée et environnement isolé requis","","Lot partagé : propriétaire à affecter par orchestrateur"
"REC-CMP-6c190f606ccc","CMP-6c190f606ccc","admin | collector | comptoir | owner | sonasp","artisan_gold_market","/artisan-minier/paiements/historique/:paiementId","Qualifier puis exécuter dans les contextes applicables ; variantes et champs à instancier après revue","UI_AUTH_API_DB","NON EXÉCUTÉ","Qualification détaillée et environnement isolé requis","","Lot marché artisanal et paiements"
"REC-CMP-72e9a07917e8","CMP-72e9a07917e8","admin | mine | owner | refinery | sonasp","refining","/refining/freight-shipments","Qualifier puis exécuter dans les contextes applicables ; variantes et champs à instancier après revue","UI_AUTH_API_DB","NON EXÉCUTÉ","Qualification détaillée et environnement isolé requis","","Lot raffinage"
"REC-CMP-74f174c8d083","CMP-74f174c8d083","admin | owner","administration","/users/:userId","Qualifier puis exécuter dans les contextes applicables ; variantes et champs à instancier après revue","UI_AUTH_API_DB","NON EXÉCUTÉ","Qualification détaillée et environnement isolé requis","","Lot administration et IAM"
"REC-CMP-75167c9cfcc1","CMP-75167c9cfcc1","admin | owner | sonasp","dashboard","/dashboard/production-modern","Qualifier puis exécuter dans les contextes applicables ; variantes et champs à instancier après revue","UI_AUTH_API_DB","NON EXÉCUTÉ","Qualification détaillée et environnement isolé requis","","Lot pilotage national"
"REC-CMP-76b096c089ed","CMP-76b096c089ed","admin | owner | sonasp","gold_purchases","/achats/plans/:id","Qualifier puis exécuter dans les contextes applicables ; variantes et champs à instancier après revue","UI_AUTH_API_DB","NON EXÉCUTÉ","Qualification détaillée et environnement isolé requis","","Lot achats et contrats"
"REC-CMP-76e00d875670","CMP-76e00d875670","admin | mine | owner | sonasp","gold_purchases","/achats/comptes | /achats/comptes-paiements | /achats/demandes | /achats/reglements","Qualifier puis exécuter dans les contextes applicables ; variantes et champs à instancier après revue","UI_AUTH_API_DB","NON EXÉCUTÉ","Qualification détaillée et environnement isolé requis","","Lot achats et contrats"
"REC-CMP-7d2440980c59","CMP-7d2440980c59","admin | owner | sonasp","national_reserve","/national-reserve | /national-reserve/audit | /national-reserve/controls | /national-reserve/physical | /national-reserve/valuation","Qualifier puis exécuter dans les contextes applicables ; variantes et champs à instancier après revue","UI_AUTH_API_DB","NON EXÉCUTÉ","Qualification détaillée et environnement isolé requis","","Lot réserve nationale"
"REC-CMP-7dbeaa6c7139","CMP-7dbeaa6c7139","admin | mine | owner | sonasp","production","/performance/budgets | /performance/forecasts","Qualifier puis exécuter dans les contextes applicables ; variantes et champs à instancier après revue","UI_AUTH_API_DB","NON EXÉCUTÉ","Qualification détaillée et environnement isolé requis","","Lot production industrielle"
"REC-CMP-7f3ce2ac5371","CMP-7f3ce2ac5371","admin | owner","administration","/access/audit","Qualifier puis exécuter dans les contextes applicables ; variantes et champs à instancier après revue","UI_AUTH_API_DB","NON EXÉCUTÉ","Qualification détaillée et environnement isolé requis","","Lot administration et IAM"
"REC-CMP-805dc9f572d9","CMP-805dc9f572d9","collector | owner","portal-collector","/portail-collecteur/documents","Qualifier puis exécuter dans les contextes applicables ; variantes et champs à instancier après revue","UI_AUTH_API_DB","NON EXÉCUTÉ","Qualification détaillée et environnement isolé requis","","Lot portal-collector"
"REC-CMP-80f020d342c2","CMP-80f020d342c2","admin | mine | owner | sonasp","gold_purchases","/contrats/:id","Qualifier puis exécuter dans les contextes applicables ; variantes et champs à instancier après revue","UI_AUTH_API_DB","NON EXÉCUTÉ","Qualification détaillée et environnement isolé requis","","Lot achats et contrats"
"REC-CMP-820540019bb1","CMP-820540019bb1","admin | owner | sonasp","gold_purchases","/achats/comptes-paiements","Qualifier puis exécuter dans les contextes applicables ; variantes et champs à instancier après revue","UI_AUTH_API_DB","NON EXÉCUTÉ","Qualification détaillée et environnement isolé requis","","Lot achats et contrats"
"REC-CMP-8371617d0ba5","CMP-8371617d0ba5","admin | dgi | mine | owner | sonasp","conciliation","/conciliation/:id","Qualifier puis exécuter dans les contextes applicables ; variantes et champs à instancier après revue","UI_AUTH_API_DB","NON EXÉCUTÉ","Qualification détaillée et environnement isolé requis","","Lot conciliation"
"REC-CMP-83dc81219aa9","CMP-83dc81219aa9","admin | owner | sonasp","gold_purchases","/achats/reglements/nouveau","Qualifier puis exécuter dans les contextes applicables ; variantes et champs à instancier après revue","UI_AUTH_API_DB","NON EXÉCUTÉ","Qualification détaillée et environnement isolé requis","","Lot achats et contrats"
"REC-CMP-8620298fd0bb","CMP-8620298fd0bb","admin | owner | sonasp","gold_purchases","/achats/comptes","Qualifier puis exécuter dans les contextes applicables ; variantes et champs à instancier après revue","UI_AUTH_API_DB","NON EXÉCUTÉ","Qualification détaillée et environnement isolé requis","","Lot achats et contrats"
"REC-CMP-8a257e26ae51","CMP-8a257e26ae51","admin | dgi | mine | owner | sonasp","conciliation","/conciliation/:id","Qualifier puis exécuter dans les contextes applicables ; variantes et champs à instancier après revue","UI_AUTH_API_DB","NON EXÉCUTÉ","Qualification détaillée et environnement isolé requis","","Lot conciliation"
"REC-CMP-8c1c126aa2b2","CMP-8c1c126aa2b2","admin | mine | owner | sonasp","production","/performance/budgets | /performance/forecasts","Qualifier puis exécuter dans les contextes applicables ; variantes et champs à instancier après revue","UI_AUTH_API_DB","NON EXÉCUTÉ","Qualification détaillée et environnement isolé requis","","Lot production industrielle"
"REC-CMP-8c76d11011ab","CMP-8c76d11011ab","admin | dgi | mine | owner | sonasp","conciliation","/conciliation/:id","Qualifier puis exécuter dans les contextes applicables ; variantes et champs à instancier après revue","UI_AUTH_API_DB","NON EXÉCUTÉ","Qualification détaillée et environnement isolé requis","","Lot conciliation"
"REC-CMP-8ca3503899bf","CMP-8ca3503899bf","admin | dgi | mine | owner | sonasp","conciliation","/conciliation/:id","Qualifier puis exécuter dans les contextes applicables ; variantes et champs à instancier après revue","UI_AUTH_API_DB","NON EXÉCUTÉ","Qualification détaillée et environnement isolé requis","","Lot conciliation"
"REC-CMP-8d0e5d6cc4f5","CMP-8d0e5d6cc4f5","admin | owner | sonasp","gold_purchases","/achats/comptes-paiements","Qualifier puis exécuter dans les contextes applicables ; variantes et champs à instancier après revue","UI_AUTH_API_DB","NON EXÉCUTÉ","Qualification détaillée et environnement isolé requis","","Lot achats et contrats"
"REC-CMP-8ddc49bcc130","CMP-8ddc49bcc130","admin | airport | factory | mine | owner | sonasp","shipping","/freight/shipments/:id","Qualifier puis exécuter dans les contextes applicables ; variantes et champs à instancier après revue","UI_AUTH_API_DB","NON EXÉCUTÉ","Qualification détaillée et environnement isolé requis","","Lot expéditions"
"REC-CMP-8e86d265827d","CMP-8e86d265827d","admin | owner | sonasp","gold_purchases","/achats/comptes","Qualifier puis exécuter dans les contextes applicables ; variantes et champs à instancier après revue","UI_AUTH_API_DB","NON EXÉCUTÉ","Qualification détaillée et environnement isolé requis","","Lot achats et contrats"
"REC-CMP-920ae177c42a","CMP-920ae177c42a","admin | airport | mine | owner | sonasp","shipping","/freight-customs/:id","Qualifier puis exécuter dans les contextes applicables ; variantes et champs à instancier après revue","UI_AUTH_API_DB","NON EXÉCUTÉ","Qualification détaillée et environnement isolé requis","","Lot expéditions"
"REC-CMP-920c44c25e57","CMP-920c44c25e57","admin | mine | owner | refinery | sonasp","refining","/refining/freight-shipments","Qualifier puis exécuter dans les contextes applicables ; variantes et champs à instancier après revue","UI_AUTH_API_DB","NON EXÉCUTÉ","Qualification détaillée et environnement isolé requis","","Lot raffinage"
"REC-CMP-953e8798c302","CMP-953e8798c302","admin | collector | comptoir | dgi | owner | sonasp","artisan_gold_market","/artisan-minier/ventes-or/:id","Qualifier puis exécuter dans les contextes applicables ; variantes et champs à instancier après revue","UI_AUTH_API_DB","NON EXÉCUTÉ","Qualification détaillée et environnement isolé requis","","Lot marché artisanal et paiements"
"REC-CMP-961e5f09a2ce","CMP-961e5f09a2ce","admin | airport | factory | mine | owner | sonasp","shipping","/freight/shipments/:id","Qualifier puis exécuter dans les contextes applicables ; variantes et champs à instancier après revue","UI_AUTH_API_DB","NON EXÉCUTÉ","Qualification détaillée et environnement isolé requis","","Lot expéditions"
"REC-CMP-97cbd219ee55","CMP-97cbd219ee55","admin | owner","administration","/users/:userId","Qualifier puis exécuter dans les contextes applicables ; variantes et champs à instancier après revue","UI_AUTH_API_DB","NON EXÉCUTÉ","Qualification détaillée et environnement isolé requis","","Lot administration et IAM"
"REC-CMP-98f0d26bfe8a","CMP-98f0d26bfe8a","admin | mine | owner | sonasp","public-et-alias | stakeholders","/admin/transport-companies | /stakeholders/freight-companies","Qualifier puis exécuter dans les contextes applicables ; variantes et champs à instancier après revue","UI_AUTH_API_DB","NON EXÉCUTÉ","Qualification détaillée et environnement isolé requis","","Lot partagé : propriétaire à affecter par orchestrateur"
"REC-CMP-99bb656b88da","CMP-99bb656b88da","admin | owner | sonasp","artisan-minier","/artisan-minier/:artisanId/infractions/:infractionId","Qualifier puis exécuter dans les contextes applicables ; variantes et champs à instancier après revue","UI_AUTH_API_DB","NON EXÉCUTÉ","Qualification détaillée et environnement isolé requis","","Lot artisans et affiliations"
"REC-CMP-9a84a33c61a8","CMP-9a84a33c61a8","CONSOMMATEUR_NON_RESOLU","TRANSVERSE_OU_ORPHELIN_A_QUALIFIER","","Qualifier puis exécuter dans les contextes applicables ; variantes et champs à instancier après revue","UI_AUTH_API_DB","NON EXÉCUTÉ","Qualification détaillée et environnement isolé requis","","Lot partagé : propriétaire à affecter par orchestrateur"
"REC-CMP-9ac7fe7611d3","CMP-9ac7fe7611d3","admin | collector | comptoir | dgmg | owner | sonasp","artisan-minier","/artisan-minier/:id","Qualifier puis exécuter dans les contextes applicables ; variantes et champs à instancier après revue","UI_AUTH_API_DB","NON EXÉCUTÉ","Qualification détaillée et environnement isolé requis","","Lot artisans et affiliations"
"REC-CMP-9d5e6fd66685","CMP-9d5e6fd66685","admin | owner | sonasp","gold_purchases","/achats/plans/:id","Qualifier puis exécuter dans les contextes applicables ; variantes et champs à instancier après revue","UI_AUTH_API_DB","NON EXÉCUTÉ","Qualification détaillée et environnement isolé requis","","Lot achats et contrats"
"REC-CMP-9f7c6e8be7a1","CMP-9f7c6e8be7a1","admin | owner | sonasp","gold_purchases","/contrats/pilotage","Qualifier puis exécuter dans les contextes applicables ; variantes et champs à instancier après revue","UI_AUTH_API_DB","NON EXÉCUTÉ","Qualification détaillée et environnement isolé requis","","Lot achats et contrats"
"REC-CMP-a2492e62daef","CMP-a2492e62daef","admin | owner","administration","/users/:userId","Qualifier puis exécuter dans les contextes applicables ; variantes et champs à instancier après revue","UI_AUTH_API_DB","NON EXÉCUTÉ","Qualification détaillée et environnement isolé requis","","Lot administration et IAM"
"REC-CMP-a3ce75542242","CMP-a3ce75542242","admin | owner | sonasp","artisan-minier","/artisan-minier/cartes/expirations | /artisan-minier/cartes/suivi | /artisan-minier/cartes/validation","Qualifier puis exécuter dans les contextes applicables ; variantes et champs à instancier après revue","UI_AUTH_API_DB","NON EXÉCUTÉ","Qualification détaillée et environnement isolé requis","","Lot artisans et affiliations"
"REC-CMP-a4156356bfce","CMP-a4156356bfce","admin | owner | sonasp","settings","/admin/gold-sales-settings","Qualifier puis exécuter dans les contextes applicables ; variantes et champs à instancier après revue","UI_AUTH_API_DB","NON EXÉCUTÉ","Qualification détaillée et environnement isolé requis","","Lot paramètres"
"REC-CMP-a4b5f53bdcaa","CMP-a4b5f53bdcaa","admin | comptoir | owner | sonasp","artisan_gold_market","/artisan-minier/rapports/chiffre-affaires","Qualifier puis exécuter dans les contextes applicables ; variantes et champs à instancier après revue","UI_AUTH_API_DB","NON EXÉCUTÉ","Qualification détaillée et environnement isolé requis","","Lot marché artisanal et paiements"
"REC-CMP-aa685bda3790","CMP-aa685bda3790","admin | customer | mine | owner | refinery | sonasp","sales","/sales","Qualifier puis exécuter dans les contextes applicables ; variantes et champs à instancier après revue","UI_AUTH_API_DB","NON EXÉCUTÉ","Qualification détaillée et environnement isolé requis","","Lot ventes internationales et paiements"
"REC-CMP-ab372fdbf9ad","CMP-ab372fdbf9ad","admin | collector | comptoir | dgmg | owner | sonasp","artisan-minier","/artisan-minier/liste","Qualifier puis exécuter dans les contextes applicables ; variantes et champs à instancier après revue","UI_AUTH_API_DB","NON EXÉCUTÉ","Qualification détaillée et environnement isolé requis","","Lot artisans et affiliations"
"REC-CMP-abacb06bef35","CMP-abacb06bef35","admin | dgi | mine | owner | sonasp","conciliation","/conciliation/regles-fiscales","Qualifier puis exécuter dans les contextes applicables ; variantes et champs à instancier après revue","UI_AUTH_API_DB","NON EXÉCUTÉ","Qualification détaillée et environnement isolé requis","","Lot conciliation"
"REC-CMP-ae2f2cb73e24","CMP-ae2f2cb73e24","admin | customer | mine | owner | refinery | sonasp","sales","/sales/:id","Qualifier puis exécuter dans les contextes applicables ; variantes et champs à instancier après revue","UI_AUTH_API_DB","NON EXÉCUTÉ","Qualification détaillée et environnement isolé requis","","Lot ventes internationales et paiements"
"REC-CMP-b1b5105fabb3","CMP-b1b5105fabb3","admin | airport | customer | factory | owner | refinery | sonasp","dashboard","/dashboard/airport | /dashboard/customer | /dashboard/factory | /dashboard/management | /dashboard/refinery","Qualifier puis exécuter dans les contextes applicables ; variantes et champs à instancier après revue","UI_AUTH_API_DB","NON EXÉCUTÉ","Qualification détaillée et environnement isolé requis","","Lot pilotage national"
"REC-CMP-b35e10ae427b","CMP-b35e10ae427b","admin | airport | customer | factory | mine | owner | refinery | sonasp","international_markets","/gold-prices","Qualifier puis exécuter dans les contextes applicables ; variantes et champs à instancier après revue","UI_AUTH_API_DB","NON EXÉCUTÉ","Qualification détaillée et environnement isolé requis","","Lot international_markets"
"REC-CMP-b368b46a17f4","CMP-b368b46a17f4","admin | customer | mine | owner | sonasp","sales","/payments/:id","Qualifier puis exécuter dans les contextes applicables ; variantes et champs à instancier après revue","UI_AUTH_API_DB","NON EXÉCUTÉ","Qualification détaillée et environnement isolé requis","","Lot ventes internationales et paiements"
"REC-CMP-b422cea0abb4","CMP-b422cea0abb4","admin | mine | owner | sonasp","production","/production/licenses/:id","Qualifier puis exécuter dans les contextes applicables ; variantes et champs à instancier après revue","UI_AUTH_API_DB","NON EXÉCUTÉ","Qualification détaillée et environnement isolé requis","","Lot production industrielle"
"REC-CMP-b51a78e8b146","CMP-b51a78e8b146","admin | dgmg | owner | sonasp","mining_sites","/artisan-sites","Qualifier puis exécuter dans les contextes applicables ; variantes et champs à instancier après revue","UI_AUTH_API_DB","NON EXÉCUTÉ","Qualification détaillée et environnement isolé requis","","Lot sites artisanaux"
"REC-CMP-bc415303ae3e","CMP-bc415303ae3e","comptoir | owner","portal-comptoir","/portail-comptoir","Qualifier puis exécuter dans les contextes applicables ; variantes et champs à instancier après revue","UI_AUTH_API_DB","NON EXÉCUTÉ","Qualification détaillée et environnement isolé requis","","Lot portal-comptoir"
"REC-CMP-c152031e94f1","CMP-c152031e94f1","collector | owner","portal-collector","/portail-collecteur","Qualifier puis exécuter dans les contextes applicables ; variantes et champs à instancier après revue","UI_AUTH_API_DB","NON EXÉCUTÉ","Qualification détaillée et environnement isolé requis","","Lot portal-collector"
"REC-CMP-c2798ba4fbb1","CMP-c2798ba4fbb1","CONSOMMATEUR_NON_RESOLU","TRANSVERSE_OU_ORPHELIN_A_QUALIFIER","","Qualifier puis exécuter dans les contextes applicables ; variantes et champs à instancier après revue","UI_AUTH_API_DB","NON EXÉCUTÉ","Qualification détaillée et environnement isolé requis","","Lot partagé : propriétaire à affecter par orchestrateur"
"REC-CMP-c39566d930ad","CMP-c39566d930ad","admin | customer | mine | owner | sonasp","sales","/payments/:id","Qualifier puis exécuter dans les contextes applicables ; variantes et champs à instancier après revue","UI_AUTH_API_DB","NON EXÉCUTÉ","Qualification détaillée et environnement isolé requis","","Lot ventes internationales et paiements"
"REC-CMP-c90abf44dc0b","CMP-c90abf44dc0b","admin | mine | owner | sonasp","gold_purchases","/achats/comptes | /achats/comptes-paiements | /achats/demandes | /achats/plans | /achats/plans/:id | /achats/reglements","Qualifier puis exécuter dans les contextes applicables ; variantes et champs à instancier après revue","UI_AUTH_API_DB","NON EXÉCUTÉ","Qualification détaillée et environnement isolé requis","","Lot achats et contrats"
"REC-CMP-ca4a0d0d5e4e","CMP-ca4a0d0d5e4e","admin | collector | comptoir | dgi | owner | sonasp","artisan_gold_market","/artisan-minier/ventes-or","Qualifier puis exécuter dans les contextes applicables ; variantes et champs à instancier après revue","UI_AUTH_API_DB","NON EXÉCUTÉ","Qualification détaillée et environnement isolé requis","","Lot marché artisanal et paiements"
"REC-CMP-cbcb6441f566","CMP-cbcb6441f566","admin | owner | sonasp","gold_purchases","/achats/comptes-paiements","Qualifier puis exécuter dans les contextes applicables ; variantes et champs à instancier après revue","UI_AUTH_API_DB","NON EXÉCUTÉ","Qualification détaillée et environnement isolé requis","","Lot achats et contrats"
"REC-CMP-cdf35fb2df1e","CMP-cdf35fb2df1e","admin | comptoir | owner | sonasp","artisan_gold_market","/artisan-minier/paiements","Qualifier puis exécuter dans les contextes applicables ; variantes et champs à instancier après revue","UI_AUTH_API_DB","NON EXÉCUTÉ","Qualification détaillée et environnement isolé requis","","Lot marché artisanal et paiements"
"REC-CMP-d070fabd0739","CMP-d070fabd0739","CONSOMMATEUR_NON_RESOLU","TRANSVERSE_OU_ORPHELIN_A_QUALIFIER","","Qualifier puis exécuter dans les contextes applicables ; variantes et champs à instancier après revue","UI_AUTH_API_DB","NON EXÉCUTÉ","Qualification détaillée et environnement isolé requis","","Lot partagé : propriétaire à affecter par orchestrateur"
"REC-CMP-d4950c0de159","CMP-d4950c0de159","admin | airport | factory | mine | owner | sonasp","shipping","/shipping/preparation/new","Qualifier puis exécuter dans les contextes applicables ; variantes et champs à instancier après revue","UI_AUTH_API_DB","NON EXÉCUTÉ","Qualification détaillée et environnement isolé requis","","Lot expéditions"
"REC-CMP-d53ab0f395b2","CMP-d53ab0f395b2","admin | dgi | mine | owner | sonasp","conciliation","/conciliation/:id","Qualifier puis exécuter dans les contextes applicables ; variantes et champs à instancier après revue","UI_AUTH_API_DB","NON EXÉCUTÉ","Qualification détaillée et environnement isolé requis","","Lot conciliation"
"REC-CMP-d57b32c41665","CMP-d57b32c41665","admin | mine | owner | sonasp","gold_purchases","/achats/reglements","Qualifier puis exécuter dans les contextes applicables ; variantes et champs à instancier après revue","UI_AUTH_API_DB","NON EXÉCUTÉ","Qualification détaillée et environnement isolé requis","","Lot achats et contrats"
"REC-CMP-d5dc1c671932","CMP-d5dc1c671932","admin | mine | owner | refinery | sonasp","gold_inventory","/inventory","Qualifier puis exécuter dans les contextes applicables ; variantes et champs à instancier après revue","UI_AUTH_API_DB","NON EXÉCUTÉ","Qualification détaillée et environnement isolé requis","","Lot stocks"
"REC-CMP-ddecc4be9450","CMP-ddecc4be9450","admin | mine | owner | sonasp","gold_purchases","/contrats/:id | /requisitions/:id","Qualifier puis exécuter dans les contextes applicables ; variantes et champs à instancier après revue","UI_AUTH_API_DB","NON EXÉCUTÉ","Qualification détaillée et environnement isolé requis","","Lot achats et contrats"
"REC-CMP-de66d6d3561d","CMP-de66d6d3561d","admin | dgi | mine | owner | sonasp","conciliation","/conciliation/:id","Qualifier puis exécuter dans les contextes applicables ; variantes et champs à instancier après revue","UI_AUTH_API_DB","NON EXÉCUTÉ","Qualification détaillée et environnement isolé requis","","Lot conciliation"
"REC-CMP-dec419f2ef8b","CMP-dec419f2ef8b","admin | airport | customer | factory | mine | owner | refinery | sonasp","international_markets","/gold-prices","Qualifier puis exécuter dans les contextes applicables ; variantes et champs à instancier après revue","UI_AUTH_API_DB","NON EXÉCUTÉ","Qualification détaillée et environnement isolé requis","","Lot international_markets"
"REC-CMP-dede51e20e2b","CMP-dede51e20e2b","admin | airport | customer | factory | mine | owner | refinery | sonasp","international_markets","/fx-rates","Qualifier puis exécuter dans les contextes applicables ; variantes et champs à instancier après revue","UI_AUTH_API_DB","NON EXÉCUTÉ","Qualification détaillée et environnement isolé requis","","Lot international_markets"
"REC-CMP-def9b24f15b7","CMP-def9b24f15b7","admin | owner","administration","/users/:userId","Qualifier puis exécuter dans les contextes applicables ; variantes et champs à instancier après revue","UI_AUTH_API_DB","NON EXÉCUTÉ","Qualification détaillée et environnement isolé requis","","Lot administration et IAM"
"REC-CMP-df10171f0548","CMP-df10171f0548","CONSOMMATEUR_NON_RESOLU","TRANSVERSE_OU_ORPHELIN_A_QUALIFIER","","Qualifier puis exécuter dans les contextes applicables ; variantes et champs à instancier après revue","UI_AUTH_API_DB","NON EXÉCUTÉ","Qualification détaillée et environnement isolé requis","","Lot partagé : propriétaire à affecter par orchestrateur"
"REC-CMP-df61f80455f2","CMP-df61f80455f2","admin | comptoir | owner | sonasp","artisan_gold_market","/artisan-minier/rapports/chiffre-affaires","Qualifier puis exécuter dans les contextes applicables ; variantes et champs à instancier après revue","UI_AUTH_API_DB","NON EXÉCUTÉ","Qualification détaillée et environnement isolé requis","","Lot marché artisanal et paiements"
"REC-CMP-e22fcbb89fab","CMP-e22fcbb89fab","admin | owner | sonasp","national_reserve","/national-reserve | /national-reserve/audit | /national-reserve/controls | /national-reserve/physical | /national-reserve/valuation","Qualifier puis exécuter dans les contextes applicables ; variantes et champs à instancier après revue","UI_AUTH_API_DB","NON EXÉCUTÉ","Qualification détaillée et environnement isolé requis","","Lot réserve nationale"
"REC-CMP-e2e5cd85b6a7","CMP-e2e5cd85b6a7","admin | mine | owner | sonasp","gold_purchases","/contrats/:id","Qualifier puis exécuter dans les contextes applicables ; variantes et champs à instancier après revue","UI_AUTH_API_DB","NON EXÉCUTÉ","Qualification détaillée et environnement isolé requis","","Lot achats et contrats"
"REC-CMP-e418e191f54e","CMP-e418e191f54e","admin | mine | owner | refinery | sonasp","gold_inventory","/inventory/silver","Qualifier puis exécuter dans les contextes applicables ; variantes et champs à instancier après revue","UI_AUTH_API_DB","NON EXÉCUTÉ","Qualification détaillée et environnement isolé requis","","Lot stocks"
"REC-CMP-e8070831565c","CMP-e8070831565c","admin | comptoir | owner | sonasp","artisan_gold_market","/artisan-minier/ventes-or/:id/facture","Qualifier puis exécuter dans les contextes applicables ; variantes et champs à instancier après revue","UI_AUTH_API_DB","NON EXÉCUTÉ","Qualification détaillée et environnement isolé requis","","Lot marché artisanal et paiements"
"REC-CMP-e8c7aa3583e3","CMP-e8c7aa3583e3","admin | owner | sonasp","gold_purchases","/achats/reglements/nouveau","Qualifier puis exécuter dans les contextes applicables ; variantes et champs à instancier après revue","UI_AUTH_API_DB","NON EXÉCUTÉ","Qualification détaillée et environnement isolé requis","","Lot achats et contrats"
"REC-CMP-e8eebacf14b3","CMP-e8eebacf14b3","admin | mine | owner | sonasp","gold_purchases","/achats/reglements","Qualifier puis exécuter dans les contextes applicables ; variantes et champs à instancier après revue","UI_AUTH_API_DB","NON EXÉCUTÉ","Qualification détaillée et environnement isolé requis","","Lot achats et contrats"
"REC-CMP-eb353f901b0d","CMP-eb353f901b0d","admin | owner | sonasp","artisan-minier","/artisan-minier","Qualifier puis exécuter dans les contextes applicables ; variantes et champs à instancier après revue","UI_AUTH_API_DB","NON EXÉCUTÉ","Qualification détaillée et environnement isolé requis","","Lot artisans et affiliations"
"REC-CMP-ecd10c09f5c3","CMP-ecd10c09f5c3","admin | comptoir | owner | sonasp","artisan_gold_market","/artisan-minier/ventes-or/:id/facture","Qualifier puis exécuter dans les contextes applicables ; variantes et champs à instancier après revue","UI_AUTH_API_DB","NON EXÉCUTÉ","Qualification détaillée et environnement isolé requis","","Lot marché artisanal et paiements"
"REC-CMP-ef0f66e373ac","CMP-ef0f66e373ac","admin | mine | owner | sonasp","stakeholders","/stakeholders/depositors","Qualifier puis exécuter dans les contextes applicables ; variantes et champs à instancier après revue","UI_AUTH_API_DB","NON EXÉCUTÉ","Qualification détaillée et environnement isolé requis","","Lot référentiels (root pilote Clients)"
"REC-CMP-f0e4822a350e","CMP-f0e4822a350e","admin | dgmg | owner | sonasp","stakeholders","/stakeholders/mining-companies","Qualifier puis exécuter dans les contextes applicables ; variantes et champs à instancier après revue","UI_AUTH_API_DB","NON EXÉCUTÉ","Qualification détaillée et environnement isolé requis","","Lot référentiels (root pilote Clients)"
"REC-CMP-f1c387d2ce42","CMP-f1c387d2ce42","admin | collector | comptoir | dgmg | owner | sonasp","artisan-minier","/artisan-minier/collecteurs | /artisan-minier/collecteurs/:id","Qualifier puis exécuter dans les contextes applicables ; variantes et champs à instancier après revue","UI_AUTH_API_DB","NON EXÉCUTÉ","Qualification détaillée et environnement isolé requis","","Lot artisans et affiliations"
"REC-CMP-f37641e983a8","CMP-f37641e983a8","admin | owner","administration","/users/edit | /users/new","Qualifier puis exécuter dans les contextes applicables ; variantes et champs à instancier après revue","UI_AUTH_API_DB","NON EXÉCUTÉ","Qualification détaillée et environnement isolé requis","","Lot administration et IAM"
"REC-CMP-f4cefcd4e9fd","CMP-f4cefcd4e9fd","CONSOMMATEUR_NON_RESOLU","TRANSVERSE_OU_ORPHELIN_A_QUALIFIER","","Qualifier puis exécuter dans les contextes applicables ; variantes et champs à instancier après revue","UI_AUTH_API_DB","NON EXÉCUTÉ","Qualification détaillée et environnement isolé requis","","Lot partagé : propriétaire à affecter par orchestrateur"
"REC-CMP-f5944f66e9cc","CMP-f5944f66e9cc","admin | owner | sonasp","production","/production/achats-mines","Qualifier puis exécuter dans les contextes applicables ; variantes et champs à instancier après revue","UI_AUTH_API_DB","NON EXÉCUTÉ","Qualification détaillée et environnement isolé requis","","Lot production industrielle"
"REC-CMP-f59c709b059a","CMP-f59c709b059a","admin | mine | owner | sonasp","international_markets","/sales/trade-space","Qualifier puis exécuter dans les contextes applicables ; variantes et champs à instancier après revue","UI_AUTH_API_DB","NON EXÉCUTÉ","Qualification détaillée et environnement isolé requis","","Lot international_markets"
"REC-CMP-f5ccde32e935","CMP-f5ccde32e935","admin | airport | customer | factory | mine | owner | refinery | sonasp","international_markets","/fx-rates","Qualifier puis exécuter dans les contextes applicables ; variantes et champs à instancier après revue","UI_AUTH_API_DB","NON EXÉCUTÉ","Qualification détaillée et environnement isolé requis","","Lot international_markets"
"REC-CMP-f740d2a9f356","CMP-f740d2a9f356","admin | owner | sonasp","gold_purchases","/achats/reglements/nouveau","Qualifier puis exécuter dans les contextes applicables ; variantes et champs à instancier après revue","UI_AUTH_API_DB","NON EXÉCUTÉ","Qualification détaillée et environnement isolé requis","","Lot achats et contrats"
"REC-CMP-f816a50c64c6","CMP-f816a50c64c6","admin | customer | mine | owner | sonasp","sales","/payments/:id","Qualifier puis exécuter dans les contextes applicables ; variantes et champs à instancier après revue","UI_AUTH_API_DB","NON EXÉCUTÉ","Qualification détaillée et environnement isolé requis","","Lot ventes internationales et paiements"
"REC-CMP-f9a873f46254","CMP-f9a873f46254","admin | airport | factory | mine | owner | sonasp","shipping","/freight | /freight-customs | /freight-customs/:id | /freight-customs/create | /freight/shipments/create | /shipping | /shipping/preparation | /shipping/preparation/new","Qualifier puis exécuter dans les contextes applicables ; variantes et champs à instancier après revue","UI_AUTH_API_DB","NON EXÉCUTÉ","Qualification détaillée et environnement isolé requis","","Lot expéditions"
"REC-CMP-fa3cbeb0f6ea","CMP-fa3cbeb0f6ea","mine | owner","portal-mine","/portail-mine","Qualifier puis exécuter dans les contextes applicables ; variantes et champs à instancier après revue","UI_AUTH_API_DB","NON EXÉCUTÉ","Qualification détaillée et environnement isolé requis","","Lot portal-mine"
"REC-CMP-fb06eae4cac0","CMP-fb06eae4cac0","admin | mine | owner | sonasp","gold_purchases","/contrats","Qualifier puis exécuter dans les contextes applicables ; variantes et champs à instancier après revue","UI_AUTH_API_DB","NON EXÉCUTÉ","Qualification détaillée et environnement isolé requis","","Lot achats et contrats"
"REC-CMP-fd2cbaa28916","CMP-fd2cbaa28916","admin | comptoir | owner | sonasp","artisan_gold_market","/artisan-minier/rapports/chiffre-affaires","Qualifier puis exécuter dans les contextes applicables ; variantes et champs à instancier après revue","UI_AUTH_API_DB","NON EXÉCUTÉ","Qualification détaillée et environnement isolé requis","","Lot marché artisanal et paiements"
"REC-CMP-ffa0d2225102","CMP-ffa0d2225102","admin | collector | comptoir | dgmg | owner | sonasp","artisan-minier","/artisan-minier/:id","Qualifier puis exécuter dans les contextes applicables ; variantes et champs à instancier après revue","UI_AUTH_API_DB","NON EXÉCUTÉ","Qualification détaillée et environnement isolé requis","","Lot artisans et affiliations"
"REC-CMP-ffc6078b55fd","CMP-ffc6078b55fd","admin | owner | sonasp","gold_purchases","/contrats/pilotage","Qualifier puis exécuter dans les contextes applicables ; variantes et champs à instancier après revue","UI_AUTH_API_DB","NON EXÉCUTÉ","Qualification détaillée et environnement isolé requis","","Lot achats et contrats"
"REC-ECR-00f6da2c533c","ECR-00f6da2c533c","admin | dgmg | owner | sonasp","mining_sites","/artisan-sites","Qualifier puis exécuter dans les contextes applicables ; variantes et champs à instancier après revue","UI_AUTH_API_DB","NON EXÉCUTÉ","Qualification détaillée et environnement isolé requis","","Lot sites artisanaux"
"REC-ECR-01f2725fa489","ECR-01f2725fa489","admin | comptoir | owner | sonasp","artisan_gold_market","/artisan-minier/ventes-or/:id/facture","Qualifier puis exécuter dans les contextes applicables ; variantes et champs à instancier après revue","UI_AUTH_API_DB","NON EXÉCUTÉ","Qualification détaillée et environnement isolé requis","","Lot marché artisanal et paiements"
"REC-ECR-0325e438d803","ECR-0325e438d803","public","public-et-alias","/confidentialite","Qualifier puis exécuter dans les contextes applicables ; variantes et champs à instancier après revue","UI_AUTH_API_DB","NON EXÉCUTÉ","Qualification détaillée et environnement isolé requis","","Lot public-et-alias"
"REC-ECR-05a061507ca2","ECR-05a061507ca2","admin | owner | sonasp","public-et-alias","/admin/refineries","Qualifier puis exécuter dans les contextes applicables ; variantes et champs à instancier après revue","UI_AUTH_API_DB","NON EXÉCUTÉ","Qualification détaillée et environnement isolé requis","","Lot public-et-alias"
"REC-ECR-06ad6abc24dd","ECR-06ad6abc24dd","admin | mine | owner | refinery | sonasp","gold_inventory","/inventory/silver","Qualifier puis exécuter dans les contextes applicables ; variantes et champs à instancier après revue","UI_AUTH_API_DB","NON EXÉCUTÉ","Qualification détaillée et environnement isolé requis","","Lot stocks"
"REC-ECR-08382d506700","ECR-08382d506700","admin | comptoir | owner | sonasp","artisan_gold_market","/artisan-minier/ventes-or/:id/modifier","Qualifier puis exécuter dans les contextes applicables ; variantes et champs à instancier après revue","UI_AUTH_API_DB","NON EXÉCUTÉ","Qualification détaillée et environnement isolé requis","","Lot marché artisanal et paiements"
"REC-ECR-0cdb411789a6","ECR-0cdb411789a6","admin | collector | comptoir | dgmg | owner | sonasp","artisan-minier","/artisan-minier/liste","Qualifier puis exécuter dans les contextes applicables ; variantes et champs à instancier après revue","UI_AUTH_API_DB","NON EXÉCUTÉ","Qualification détaillée et environnement isolé requis","","Lot artisans et affiliations"
"REC-ECR-0d54ab906a02","ECR-0d54ab906a02","admin | owner | sonasp","national_reserve","/national-reserve/allocations/:id","Qualifier puis exécuter dans les contextes applicables ; variantes et champs à instancier après revue","UI_AUTH_API_DB","NON EXÉCUTÉ","Qualification détaillée et environnement isolé requis","","Lot réserve nationale"
"REC-ECR-0e6f95872ef5","ECR-0e6f95872ef5","admin | mine | owner | refinery | sonasp","refining","/refining","Qualifier puis exécuter dans les contextes applicables ; variantes et champs à instancier après revue","UI_AUTH_API_DB","NON EXÉCUTÉ","Qualification détaillée et environnement isolé requis","","Lot raffinage"
"REC-ECR-0e73e16bfc0c","ECR-0e73e16bfc0c","admin | owner | sonasp","gold_purchases","/achats/comptes-paiements","Qualifier puis exécuter dans les contextes applicables ; variantes et champs à instancier après revue","UI_AUTH_API_DB","NON EXÉCUTÉ","Qualification détaillée et environnement isolé requis","","Lot achats et contrats"
"REC-ECR-0e813dbd9294","ECR-0e813dbd9294","admin | owner | sonasp","artisan-minier","/artisan-minier","Qualifier puis exécuter dans les contextes applicables ; variantes et champs à instancier après revue","UI_AUTH_API_DB","NON EXÉCUTÉ","Qualification détaillée et environnement isolé requis","","Lot artisans et affiliations"
"REC-ECR-105266f19c5f","ECR-105266f19c5f","admin | owner | sonasp","public-et-alias","/admin/refineries/edit/:id","Qualifier puis exécuter dans les contextes applicables ; variantes et champs à instancier après revue","UI_AUTH_API_DB","NON EXÉCUTÉ","Qualification détaillée et environnement isolé requis","","Lot public-et-alias"
"REC-ECR-1233e46effe6","ECR-1233e46effe6","admin | dgmg | owner","mining_sites","/artisan-sites/:siteId/modifier","Qualifier puis exécuter dans les contextes applicables ; variantes et champs à instancier après revue","UI_AUTH_API_DB","NON EXÉCUTÉ","Qualification détaillée et environnement isolé requis","","Lot sites artisanaux"
"REC-ECR-14a5146c2cf3","ECR-14a5146c2cf3","admin | owner | sonasp","production","/production/achats-mines","Qualifier puis exécuter dans les contextes applicables ; variantes et champs à instancier après revue","UI_AUTH_API_DB","NON EXÉCUTÉ","Qualification détaillée et environnement isolé requis","","Lot production industrielle"
"REC-ECR-1580c730c833","ECR-1580c730c833","public","public-et-alias","/mentions-legales","Qualifier puis exécuter dans les contextes applicables ; variantes et champs à instancier après revue","UI_AUTH_API_DB","NON EXÉCUTÉ","Qualification détaillée et environnement isolé requis","","Lot public-et-alias"
"REC-ECR-1762936f8aec","ECR-1762936f8aec","admin | owner | sonasp","public-et-alias","/sonasp/cessions-comptoirs","Qualifier puis exécuter dans les contextes applicables ; variantes et champs à instancier après revue","UI_AUTH_API_DB","NON EXÉCUTÉ","Qualification détaillée et environnement isolé requis","","Lot public-et-alias"
"REC-ECR-17bf9fda5eee","ECR-17bf9fda5eee","admin | mine | owner | sonasp","gold_purchases","/requisitions","Qualifier puis exécuter dans les contextes applicables ; variantes et champs à instancier après revue","UI_AUTH_API_DB","NON EXÉCUTÉ","Qualification détaillée et environnement isolé requis","","Lot achats et contrats"
"REC-ECR-1a369f308332","ECR-1a369f308332","admin | owner | sonasp","public-et-alias","/admin/transport-companies/new","Qualifier puis exécuter dans les contextes applicables ; variantes et champs à instancier après revue","UI_AUTH_API_DB","NON EXÉCUTÉ","Qualification détaillée et environnement isolé requis","","Lot public-et-alias"
"REC-ECR-1a409e53b546","ECR-1a409e53b546","admin | owner | sonasp","dashboard","/dashboard/production-modern","Qualifier puis exécuter dans les contextes applicables ; variantes et champs à instancier après revue","UI_AUTH_API_DB","NON EXÉCUTÉ","Qualification détaillée et environnement isolé requis","","Lot pilotage national"
"REC-ECR-1b1aebfd5544","ECR-1b1aebfd5544","admin | owner","administration","/admin/permissions","Qualifier puis exécuter dans les contextes applicables ; variantes et champs à instancier après revue","UI_AUTH_API_DB","NON EXÉCUTÉ","Qualification détaillée et environnement isolé requis","","Lot administration et IAM"
"REC-ECR-1ca7d3f75c09","ECR-1ca7d3f75c09","admin | airport | owner","dashboard","/dashboard/airport","Qualifier puis exécuter dans les contextes applicables ; variantes et champs à instancier après revue","UI_AUTH_API_DB","NON EXÉCUTÉ","Qualification détaillée et environnement isolé requis","","Lot pilotage national"
"REC-ECR-1d0b13fcc45e","ECR-1d0b13fcc45e","admin | owner | sonasp","dashboard","/dashboard/management","Qualifier puis exécuter dans les contextes applicables ; variantes et champs à instancier après revue","UI_AUTH_API_DB","NON EXÉCUTÉ","Qualification détaillée et environnement isolé requis","","Lot pilotage national"
"REC-ECR-1dcaa2fdf139","ECR-1dcaa2fdf139","admin | collector | comptoir | dgmg | owner | sonasp","artisan-minier","/artisan-minier/:id","Qualifier puis exécuter dans les contextes applicables ; variantes et champs à instancier après revue","UI_AUTH_API_DB","NON EXÉCUTÉ","Qualification détaillée et environnement isolé requis","","Lot artisans et affiliations"
"REC-ECR-1e77851487b8","ECR-1e77851487b8","admin | dgmg | owner","artisan-minier","/artisan-minier/comptoirs/nouveau","Qualifier puis exécuter dans les contextes applicables ; variantes et champs à instancier après revue","UI_AUTH_API_DB","NON EXÉCUTÉ","Qualification détaillée et environnement isolé requis","","Lot artisans et affiliations"
"REC-ECR-1e79ed05619e","ECR-1e79ed05619e","admin | airport | mine | owner | sonasp","shipping","/freight-customs","Qualifier puis exécuter dans les contextes applicables ; variantes et champs à instancier après revue","UI_AUTH_API_DB","NON EXÉCUTÉ","Qualification détaillée et environnement isolé requis","","Lot expéditions"
"REC-ECR-237a3ba31511","ECR-237a3ba31511","admin | mine | owner | sonasp","gold_purchases","/requisitions/:id","Qualifier puis exécuter dans les contextes applicables ; variantes et champs à instancier après revue","UI_AUTH_API_DB","NON EXÉCUTÉ","Qualification détaillée et environnement isolé requis","","Lot achats et contrats"
"REC-ECR-2529e092191f","ECR-2529e092191f","admin | owner | sonasp","national_reserve","/national-reserve","Qualifier puis exécuter dans les contextes applicables ; variantes et champs à instancier après revue","UI_AUTH_API_DB","NON EXÉCUTÉ","Qualification détaillée et environnement isolé requis","","Lot réserve nationale"
"REC-ECR-254f7e78fe0e","ECR-254f7e78fe0e","admin | owner","public-et-alias","/admin/users/:userId/permissions","Qualifier puis exécuter dans les contextes applicables ; variantes et champs à instancier après revue","UI_AUTH_API_DB","NON EXÉCUTÉ","Qualification détaillée et environnement isolé requis","","Lot public-et-alias"
"REC-ECR-25ae1d263e9b","ECR-25ae1d263e9b","admin | owner | sonasp","public-et-alias","/admin/transport-companies/edit/:id","Qualifier puis exécuter dans les contextes applicables ; variantes et champs à instancier après revue","UI_AUTH_API_DB","NON EXÉCUTÉ","Qualification détaillée et environnement isolé requis","","Lot public-et-alias"
"REC-ECR-278b02c1afb6","ECR-278b02c1afb6","admin | owner | sonasp","public-et-alias","/admin/transport-companies","Qualifier puis exécuter dans les contextes applicables ; variantes et champs à instancier après revue","UI_AUTH_API_DB","NON EXÉCUTÉ","Qualification détaillée et environnement isolé requis","","Lot public-et-alias"
"REC-ECR-27d3d9abc3c6","ECR-27d3d9abc3c6","admin | mine | owner | sonasp","production","/production/licenses","Qualifier puis exécuter dans les contextes applicables ; variantes et champs à instancier après revue","UI_AUTH_API_DB","NON EXÉCUTÉ","Qualification détaillée et environnement isolé requis","","Lot production industrielle"
"REC-ECR-291148bc388d","ECR-291148bc388d","admin | owner | sonasp","national_reserve","/national-reserve/physical","Qualifier puis exécuter dans les contextes applicables ; variantes et champs à instancier après revue","UI_AUTH_API_DB","NON EXÉCUTÉ","Qualification détaillée et environnement isolé requis","","Lot réserve nationale"
"REC-ECR-2a71680a665a","ECR-2a71680a665a","admin | owner | refinery","dashboard","/dashboard/refinery","Qualifier puis exécuter dans les contextes applicables ; variantes et champs à instancier après revue","UI_AUTH_API_DB","NON EXÉCUTÉ","Qualification détaillée et environnement isolé requis","","Lot pilotage national"
"REC-ECR-2b908c1e2384","ECR-2b908c1e2384","direction | owner","portal-direction","/portail-direction/rapports","Qualifier puis exécuter dans les contextes applicables ; variantes et champs à instancier après revue","UI_AUTH_API_DB","NON EXÉCUTÉ","Qualification détaillée et environnement isolé requis","","Lot portal-direction"
"REC-ECR-2c9bb1f48f6a","ECR-2c9bb1f48f6a","admin | owner | sonasp","artisan-minier","/artisan-minier/cartes/validation","Qualifier puis exécuter dans les contextes applicables ; variantes et champs à instancier après revue","UI_AUTH_API_DB","NON EXÉCUTÉ","Qualification détaillée et environnement isolé requis","","Lot artisans et affiliations"
"REC-ECR-2dc6a8d8d23a","ECR-2dc6a8d8d23a","admin | owner | sonasp","artisan-minier","/artisan-minier/:artisanId/infractions/:infractionId","Qualifier puis exécuter dans les contextes applicables ; variantes et champs à instancier après revue","UI_AUTH_API_DB","NON EXÉCUTÉ","Qualification détaillée et environnement isolé requis","","Lot artisans et affiliations"
"REC-ECR-2fab55c67c80","ECR-2fab55c67c80","admin | airport | factory | mine | owner | sonasp","shipping","/shipping/preparation","Qualifier puis exécuter dans les contextes applicables ; variantes et champs à instancier après revue","UI_AUTH_API_DB","NON EXÉCUTÉ","Qualification détaillée et environnement isolé requis","","Lot expéditions"
"REC-ECR-30de0e786835","ECR-30de0e786835","admin | dgmg | owner | sonasp","artisan-minier","/artisan-minier/:id/edit","Qualifier puis exécuter dans les contextes applicables ; variantes et champs à instancier après revue","UI_AUTH_API_DB","NON EXÉCUTÉ","Qualification détaillée et environnement isolé requis","","Lot artisans et affiliations"
"REC-ECR-31193f36dee8","ECR-31193f36dee8","admin | owner | sonasp","public-et-alias","/audit","Qualifier puis exécuter dans les contextes applicables ; variantes et champs à instancier après revue","UI_AUTH_API_DB","NON EXÉCUTÉ","Qualification détaillée et environnement isolé requis","","Lot public-et-alias"
"REC-ECR-31e2cfebc231","ECR-31e2cfebc231","admin | airport | factory | mine | owner | sonasp","shipping","/shipping/preparation/:id/details","Qualifier puis exécuter dans les contextes applicables ; variantes et champs à instancier après revue","UI_AUTH_API_DB","NON EXÉCUTÉ","Qualification détaillée et environnement isolé requis","","Lot expéditions"
"REC-ECR-364a489e2d82","ECR-364a489e2d82","admin | mine | owner | refinery | sonasp","refining","/refining/freight-shipments","Qualifier puis exécuter dans les contextes applicables ; variantes et champs à instancier après revue","UI_AUTH_API_DB","NON EXÉCUTÉ","Qualification détaillée et environnement isolé requis","","Lot raffinage"
"REC-ECR-3b6c64f67826","ECR-3b6c64f67826","admin | customer | owner | sonasp","sales","/sales/approve/:saleId/:token","Qualifier puis exécuter dans les contextes applicables ; variantes et champs à instancier après revue","UI_AUTH_API_DB","NON EXÉCUTÉ","Qualification détaillée et environnement isolé requis","","Lot ventes internationales et paiements"
"REC-ECR-3bdbce585bb4","ECR-3bdbce585bb4","admin | customer | owner | sonasp","sales","/payments/record","Qualifier puis exécuter dans les contextes applicables ; variantes et champs à instancier après revue","UI_AUTH_API_DB","NON EXÉCUTÉ","Qualification détaillée et environnement isolé requis","","Lot ventes internationales et paiements"
"REC-ECR-3d24fb27b068","ECR-3d24fb27b068","admin | mine | owner | sonasp","international_markets","/sales/simulator","Qualifier puis exécuter dans les contextes applicables ; variantes et champs à instancier après revue","UI_AUTH_API_DB","NON EXÉCUTÉ","Qualification détaillée et environnement isolé requis","","Lot international_markets"
"REC-ECR-3d4826224f51","ECR-3d4826224f51","admin | owner | sonasp","national_reserve","/national-reserve/allocations/new","Qualifier puis exécuter dans les contextes applicables ; variantes et champs à instancier après revue","UI_AUTH_API_DB","NON EXÉCUTÉ","Qualification détaillée et environnement isolé requis","","Lot réserve nationale"
"REC-ECR-3dec2e9f542b","ECR-3dec2e9f542b","admin | customer | mine | owner | sonasp","sales","/payments/:id","Qualifier puis exécuter dans les contextes applicables ; variantes et champs à instancier après revue","UI_AUTH_API_DB","NON EXÉCUTÉ","Qualification détaillée et environnement isolé requis","","Lot ventes internationales et paiements"
"REC-ECR-3ee8a05bf595","ECR-3ee8a05bf595","admin | owner | sonasp","sales_analytics","/analytics/ventes","Qualifier puis exécuter dans les contextes applicables ; variantes et champs à instancier après revue","UI_AUTH_API_DB","NON EXÉCUTÉ","Qualification détaillée et environnement isolé requis","","Lot sales_analytics"
"REC-ECR-3fb461cca8ae","ECR-3fb461cca8ae","collector | owner","portal-collector","/portail-collecteur/stock","Qualifier puis exécuter dans les contextes applicables ; variantes et champs à instancier après revue","UI_AUTH_API_DB","NON EXÉCUTÉ","Qualification détaillée et environnement isolé requis","","Lot portal-collector"
"REC-ECR-3fcf1b34810a","ECR-3fcf1b34810a","admin | airport | factory | mine | owner | sonasp","shipping","/freight","Qualifier puis exécuter dans les contextes applicables ; variantes et champs à instancier après revue","UI_AUTH_API_DB","NON EXÉCUTÉ","Qualification détaillée et environnement isolé requis","","Lot expéditions"
"REC-ECR-3fd414602788","ECR-3fd414602788","admin | mine | owner | sonasp","production","/production/licenses/:id","Qualifier puis exécuter dans les contextes applicables ; variantes et champs à instancier après revue","UI_AUTH_API_DB","NON EXÉCUTÉ","Qualification détaillée et environnement isolé requis","","Lot production industrielle"
"REC-ECR-40b9e8cc59f8","ECR-40b9e8cc59f8","owner | sonasp","public-et-alias","/approvals","Qualifier puis exécuter dans les contextes applicables ; variantes et champs à instancier après revue","UI_AUTH_API_DB","NON EXÉCUTÉ","Qualification détaillée et environnement isolé requis","","Lot public-et-alias"
"REC-ECR-42a7ee651c23","ECR-42a7ee651c23","admin | airport | factory | mine | owner | sonasp","documents","/documents/assay-certificates","Qualifier puis exécuter dans les contextes applicables ; variantes et champs à instancier après revue","UI_AUTH_API_DB","NON EXÉCUTÉ","Qualification détaillée et environnement isolé requis","","Lot documents"
"REC-ECR-42e47c277388","ECR-42e47c277388","admin | mine | owner | sonasp","stakeholders","/stakeholders/depositors","Qualifier puis exécuter dans les contextes applicables ; variantes et champs à instancier après revue","UI_AUTH_API_DB","NON EXÉCUTÉ","Qualification détaillée et environnement isolé requis","","Lot référentiels (root pilote Clients)"
"REC-ECR-439ae68099fe","ECR-439ae68099fe","admin | owner | sonasp","analytics","/analytics/national","Qualifier puis exécuter dans les contextes applicables ; variantes et champs à instancier après revue","UI_AUTH_API_DB","NON EXÉCUTÉ","Qualification détaillée et environnement isolé requis","","Lot analytics"
"REC-ECR-439ea720ad40","ECR-439ea720ad40","admin | collector | comptoir | dgmg | owner | sonasp","artisan-minier","/artisan-minier/collecteurs/:id","Qualifier puis exécuter dans les contextes applicables ; variantes et champs à instancier après revue","UI_AUTH_API_DB","NON EXÉCUTÉ","Qualification détaillée et environnement isolé requis","","Lot artisans et affiliations"
"REC-ECR-4484fbe614da","ECR-4484fbe614da","admin | owner | sonasp","gold_purchases","/contrats/:id/modifier","Qualifier puis exécuter dans les contextes applicables ; variantes et champs à instancier après revue","UI_AUTH_API_DB","NON EXÉCUTÉ","Qualification détaillée et environnement isolé requis","","Lot achats et contrats"
"REC-ECR-44af86c616a7","ECR-44af86c616a7","admin | dgi | mine | owner | sonasp","conciliation","/conciliation/regles-fiscales","Qualifier puis exécuter dans les contextes applicables ; variantes et champs à instancier après revue","UI_AUTH_API_DB","NON EXÉCUTÉ","Qualification détaillée et environnement isolé requis","","Lot conciliation"
"REC-ECR-44f2e692cb0d","ECR-44f2e692cb0d","admin | airport | customer | factory | mine | owner | refinery | sonasp","reports","/reports","Qualifier puis exécuter dans les contextes applicables ; variantes et champs à instancier après revue","UI_AUTH_API_DB","NON EXÉCUTÉ","Qualification détaillée et environnement isolé requis","","Lot reports"
"REC-ECR-45b07728958f","ECR-45b07728958f","admin | mine | owner | sonasp","stakeholders","/stakeholders/freight-companies","Qualifier puis exécuter dans les contextes applicables ; variantes et champs à instancier après revue","UI_AUTH_API_DB","NON EXÉCUTÉ","Qualification détaillée et environnement isolé requis","","Lot référentiels (root pilote Clients)"
"REC-ECR-45fe56c94c58","ECR-45fe56c94c58","admin | owner | sonasp","production","/production/licenses/edit/:id","Qualifier puis exécuter dans les contextes applicables ; variantes et champs à instancier après revue","UI_AUTH_API_DB","NON EXÉCUTÉ","Qualification détaillée et environnement isolé requis","","Lot production industrielle"
"REC-ECR-46584f345d54","ECR-46584f345d54","admin | comptoir | owner | sonasp","artisan_gold_market","/artisan-minier/rapports","Qualifier puis exécuter dans les contextes applicables ; variantes et champs à instancier après revue","UI_AUTH_API_DB","NON EXÉCUTÉ","Qualification détaillée et environnement isolé requis","","Lot marché artisanal et paiements"
"REC-ECR-47359061c0a4","ECR-47359061c0a4","admin | dgmg | owner | sonasp","mining_sites","/artisan-sites/:siteId","Qualifier puis exécuter dans les contextes applicables ; variantes et champs à instancier après revue","UI_AUTH_API_DB","NON EXÉCUTÉ","Qualification détaillée et environnement isolé requis","","Lot sites artisanaux"
"REC-ECR-47977ce59f5a","ECR-47977ce59f5a","admin | dgi | dgmg | factory | mine | owner | sonasp","production","/production/in-safe","Qualifier puis exécuter dans les contextes applicables ; variantes et champs à instancier après revue","UI_AUTH_API_DB","NON EXÉCUTÉ","Qualification détaillée et environnement isolé requis","","Lot production industrielle"
"REC-ECR-48e98fa7c29d","ECR-48e98fa7c29d","admin | owner | sonasp","national_reserve","/national-reserve/valuation","Qualifier puis exécuter dans les contextes applicables ; variantes et champs à instancier après revue","UI_AUTH_API_DB","NON EXÉCUTÉ","Qualification détaillée et environnement isolé requis","","Lot réserve nationale"
"REC-ECR-4939c9f0e591","ECR-4939c9f0e591","admin | mine | owner | sonasp","production","/performance/forecasts","Qualifier puis exécuter dans les contextes applicables ; variantes et champs à instancier après revue","UI_AUTH_API_DB","NON EXÉCUTÉ","Qualification détaillée et environnement isolé requis","","Lot production industrielle"
"REC-ECR-4a5c173b8187","ECR-4a5c173b8187","direction | owner","portal-direction","/portail-direction/achats","Qualifier puis exécuter dans les contextes applicables ; variantes et champs à instancier après revue","UI_AUTH_API_DB","NON EXÉCUTÉ","Qualification détaillée et environnement isolé requis","","Lot portal-direction"
"REC-ECR-4bd236dea4c3","ECR-4bd236dea4c3","public","authentification","/auth/callback","Qualifier puis exécuter dans les contextes applicables ; variantes et champs à instancier après revue","UI_AUTH_API_DB","NON EXÉCUTÉ","Qualification détaillée et environnement isolé requis","","Lot authentification"
"REC-ECR-4c59694d6d6f","ECR-4c59694d6d6f","admin | mine | owner | sonasp","stakeholders","/customers/:id","Qualifier puis exécuter dans les contextes applicables ; variantes et champs à instancier après revue","UI_AUTH_API_DB","NON EXÉCUTÉ","Qualification détaillée et environnement isolé requis","","Lot référentiels (root pilote Clients)"
"REC-ECR-4c5d3c783124","ECR-4c5d3c783124","comptoir | owner","portal-comptoir","/portail-comptoir/ventes-sonasp","Qualifier puis exécuter dans les contextes applicables ; variantes et champs à instancier après revue","UI_AUTH_API_DB","NON EXÉCUTÉ","Qualification détaillée et environnement isolé requis","","Lot portal-comptoir"
"REC-ECR-4ce63b962575","ECR-4ce63b962575","public","public-et-alias","/*","Qualifier puis exécuter dans les contextes applicables ; variantes et champs à instancier après revue","UI_AUTH_API_DB","NON EXÉCUTÉ","Qualification détaillée et environnement isolé requis","","Lot public-et-alias"
"REC-ECR-4e51f33753f3","ECR-4e51f33753f3","admin | owner | sonasp","analytics","/analytics","Qualifier puis exécuter dans les contextes applicables ; variantes et champs à instancier après revue","UI_AUTH_API_DB","NON EXÉCUTÉ","Qualification détaillée et environnement isolé requis","","Lot analytics"
"REC-ECR-505fb1443151","ECR-505fb1443151","admin | mine | owner | sonasp","international_markets","/sales/trade-space","Qualifier puis exécuter dans les contextes applicables ; variantes et champs à instancier après revue","UI_AUTH_API_DB","NON EXÉCUTÉ","Qualification détaillée et environnement isolé requis","","Lot international_markets"
"REC-ECR-51a34a7ffb2a","ECR-51a34a7ffb2a","admin | dgmg | owner | sonasp","stakeholders","/stakeholders/mining-companies","Qualifier puis exécuter dans les contextes applicables ; variantes et champs à instancier après revue","UI_AUTH_API_DB","NON EXÉCUTÉ","Qualification détaillée et environnement isolé requis","","Lot référentiels (root pilote Clients)"
"REC-ECR-51e9024799b1","ECR-51e9024799b1","admin | owner | sonasp","gold_purchases","/requisitions/:id/modifier","Qualifier puis exécuter dans les contextes applicables ; variantes et champs à instancier après revue","UI_AUTH_API_DB","NON EXÉCUTÉ","Qualification détaillée et environnement isolé requis","","Lot achats et contrats"
"REC-ECR-53dc16b3adf5","ECR-53dc16b3adf5","admin | customer | owner | sonasp","sales","/sales/approve/:saleId","Qualifier puis exécuter dans les contextes applicables ; variantes et champs à instancier après revue","UI_AUTH_API_DB","NON EXÉCUTÉ","Qualification détaillée et environnement isolé requis","","Lot ventes internationales et paiements"
"REC-ECR-56f132093507","ECR-56f132093507","admin | collector | owner","artisan_gold_market","/collecte/ventes/nouvelle","Qualifier puis exécuter dans les contextes applicables ; variantes et champs à instancier après revue","UI_AUTH_API_DB","NON EXÉCUTÉ","Qualification détaillée et environnement isolé requis","","Lot marché artisanal et paiements"
"REC-ECR-57a476684b9a","ECR-57a476684b9a","admin | owner | sonasp","stakeholders","/customers/new","Qualifier puis exécuter dans les contextes applicables ; variantes et champs à instancier après revue","UI_AUTH_API_DB","NON EXÉCUTÉ","Qualification détaillée et environnement isolé requis","","Lot référentiels (root pilote Clients)"
"REC-ECR-57c5f34ee090","ECR-57c5f34ee090","admin | airport | customer | factory | mine | owner | refinery | sonasp","international_markets","/fx-rates","Qualifier puis exécuter dans les contextes applicables ; variantes et champs à instancier après revue","UI_AUTH_API_DB","NON EXÉCUTÉ","Qualification détaillée et environnement isolé requis","","Lot international_markets"
"REC-ECR-57cea573e200","ECR-57cea573e200","admin | owner","administration","/access/roles","Qualifier puis exécuter dans les contextes applicables ; variantes et champs à instancier après revue","UI_AUTH_API_DB","NON EXÉCUTÉ","Qualification détaillée et environnement isolé requis","","Lot administration et IAM"
"REC-ECR-5c03cd8d1445","ECR-5c03cd8d1445","admin | comptoir | owner | sonasp","artisan_gold_market","/artisan-minier/paiements","Qualifier puis exécuter dans les contextes applicables ; variantes et champs à instancier après revue","UI_AUTH_API_DB","NON EXÉCUTÉ","Qualification détaillée et environnement isolé requis","","Lot marché artisanal et paiements"
"REC-ECR-5cf1d1b5e100","ECR-5cf1d1b5e100","admin | mine | owner | sonasp","gold_purchases","/contrats/nouveau","Qualifier puis exécuter dans les contextes applicables ; variantes et champs à instancier après revue","UI_AUTH_API_DB","NON EXÉCUTÉ","Qualification détaillée et environnement isolé requis","","Lot achats et contrats"
"REC-ECR-5f1ccfb727df","ECR-5f1ccfb727df","admin | dgmg | owner | sonasp","stakeholders","/stakeholders/organizations/new","Qualifier puis exécuter dans les contextes applicables ; variantes et champs à instancier après revue","UI_AUTH_API_DB","NON EXÉCUTÉ","Qualification détaillée et environnement isolé requis","","Lot référentiels (root pilote Clients)"
"REC-ECR-5fa05385b496","ECR-5fa05385b496","admin | collector | comptoir | dgi | owner | sonasp","artisan_gold_market","/artisan-minier/ventes-or","Qualifier puis exécuter dans les contextes applicables ; variantes et champs à instancier après revue","UI_AUTH_API_DB","NON EXÉCUTÉ","Qualification détaillée et environnement isolé requis","","Lot marché artisanal et paiements"
"REC-ECR-60548fff2efd","ECR-60548fff2efd","A_QUALIFIER","public-et-alias","/settings","Qualifier puis exécuter dans les contextes applicables ; variantes et champs à instancier après revue","UI_AUTH_API_DB","NON EXÉCUTÉ","Qualification détaillée et environnement isolé requis","","Lot public-et-alias"
"REC-ECR-635473440c24","ECR-635473440c24","admin | owner","administration","/access/portals","Qualifier puis exécuter dans les contextes applicables ; variantes et champs à instancier après revue","UI_AUTH_API_DB","NON EXÉCUTÉ","Qualification détaillée et environnement isolé requis","","Lot administration et IAM"
"REC-ECR-653b2dfa8614","ECR-653b2dfa8614","admin | airport | factory | mine | owner | sonasp","shipping","/freight/shipments/create","Qualifier puis exécuter dans les contextes applicables ; variantes et champs à instancier après revue","UI_AUTH_API_DB","NON EXÉCUTÉ","Qualification détaillée et environnement isolé requis","","Lot expéditions"
"REC-ECR-65bcbc95f2c2","ECR-65bcbc95f2c2","admin | owner","public-et-alias","/admin/users","Qualifier puis exécuter dans les contextes applicables ; variantes et champs à instancier après revue","UI_AUTH_API_DB","NON EXÉCUTÉ","Qualification détaillée et environnement isolé requis","","Lot public-et-alias"
"REC-ECR-683497edd847","ECR-683497edd847","admin | mine | owner | sonasp","stakeholders","/stakeholders/refinery-plants","Qualifier puis exécuter dans les contextes applicables ; variantes et champs à instancier après revue","UI_AUTH_API_DB","NON EXÉCUTÉ","Qualification détaillée et environnement isolé requis","","Lot référentiels (root pilote Clients)"
"REC-ECR-690bb941ae2d","ECR-690bb941ae2d","admin | airport | collector | comptoir | customer | dgi | dgmg | direction | factory | mine | owner | refinery | sonasp","transverse","/help","Qualifier puis exécuter dans les contextes applicables ; variantes et champs à instancier après revue","UI_AUTH_API_DB","NON EXÉCUTÉ","Qualification détaillée et environnement isolé requis","","Lot transverse"
"REC-ECR-69ce3b828c90","ECR-69ce3b828c90","admin | dgmg | owner","artisan-minier","/artisan-minier/comptoirs/:id","Qualifier puis exécuter dans les contextes applicables ; variantes et champs à instancier après revue","UI_AUTH_API_DB","NON EXÉCUTÉ","Qualification détaillée et environnement isolé requis","","Lot artisans et affiliations"
"REC-ECR-6d3d3720e08c","ECR-6d3d3720e08c","admin | collector | comptoir | dgi | owner | sonasp","artisan_gold_market","/artisan-minier/rapports/taxes","Qualifier puis exécuter dans les contextes applicables ; variantes et champs à instancier après revue","UI_AUTH_API_DB","NON EXÉCUTÉ","Qualification détaillée et environnement isolé requis","","Lot marché artisanal et paiements"
"REC-ECR-6d7f0a2666fc","ECR-6d7f0a2666fc","admin | owner","administration","/users","Qualifier puis exécuter dans les contextes applicables ; variantes et champs à instancier après revue","UI_AUTH_API_DB","NON EXÉCUTÉ","Qualification détaillée et environnement isolé requis","","Lot administration et IAM"
"REC-ECR-6d96b8bc3ab7","ECR-6d96b8bc3ab7","admin | mine | owner | sonasp","gold_purchases","/contrats/:id","Qualifier puis exécuter dans les contextes applicables ; variantes et champs à instancier après revue","UI_AUTH_API_DB","NON EXÉCUTÉ","Qualification détaillée et environnement isolé requis","","Lot achats et contrats"
"REC-ECR-6e45a01bfc39","ECR-6e45a01bfc39","admin | owner | sonasp","gold_purchases","/achats/plans","Qualifier puis exécuter dans les contextes applicables ; variantes et champs à instancier après revue","UI_AUTH_API_DB","NON EXÉCUTÉ","Qualification détaillée et environnement isolé requis","","Lot achats et contrats"
"REC-ECR-6fd00d5e8729","ECR-6fd00d5e8729","admin | dgmg | owner | sonasp","stakeholders","/stakeholders/mining-companies/:id/edit","Qualifier puis exécuter dans les contextes applicables ; variantes et champs à instancier après revue","UI_AUTH_API_DB","NON EXÉCUTÉ","Qualification détaillée et environnement isolé requis","","Lot référentiels (root pilote Clients)"
"REC-ECR-71924b5a47d4","ECR-71924b5a47d4","admin | owner | sonasp","national_reserve","/national-reserve/audit","Qualifier puis exécuter dans les contextes applicables ; variantes et champs à instancier après revue","UI_AUTH_API_DB","NON EXÉCUTÉ","Qualification détaillée et environnement isolé requis","","Lot réserve nationale"
"REC-ECR-72b26b548263","ECR-72b26b548263","admin | owner | sonasp","gold_purchases","/achats/comptes","Qualifier puis exécuter dans les contextes applicables ; variantes et champs à instancier après revue","UI_AUTH_API_DB","NON EXÉCUTÉ","Qualification détaillée et environnement isolé requis","","Lot achats et contrats"
"REC-ECR-749eeaf88235","ECR-749eeaf88235","A_QUALIFIER","stakeholders","/customers/:id/payments","Qualifier puis exécuter dans les contextes applicables ; variantes et champs à instancier après revue","UI_AUTH_API_DB","NON EXÉCUTÉ","Qualification détaillée et environnement isolé requis","","Lot référentiels (root pilote Clients)"
"REC-ECR-777393157294","ECR-777393157294","admin | owner | sonasp","settings","/admin/gold-sales-settings","Qualifier puis exécuter dans les contextes applicables ; variantes et champs à instancier après revue","UI_AUTH_API_DB","NON EXÉCUTÉ","Qualification détaillée et environnement isolé requis","","Lot paramètres"
"REC-ECR-77d633efccae","ECR-77d633efccae","admin | mine | owner | sonasp","stakeholders","/stakeholders/depositors/new","Qualifier puis exécuter dans les contextes applicables ; variantes et champs à instancier après revue","UI_AUTH_API_DB","NON EXÉCUTÉ","Qualification détaillée et environnement isolé requis","","Lot référentiels (root pilote Clients)"
"REC-ECR-7826fa22914f","ECR-7826fa22914f","collector | owner","portal-collector","/portail-collecteur/documents","Qualifier puis exécuter dans les contextes applicables ; variantes et champs à instancier après revue","UI_AUTH_API_DB","NON EXÉCUTÉ","Qualification détaillée et environnement isolé requis","","Lot portal-collector"
"REC-ECR-79646ac0f6fd","ECR-79646ac0f6fd","admin | customer | owner | sonasp","sales","/payments/create","Qualifier puis exécuter dans les contextes applicables ; variantes et champs à instancier après revue","UI_AUTH_API_DB","NON EXÉCUTÉ","Qualification détaillée et environnement isolé requis","","Lot ventes internationales et paiements"
"REC-ECR-79e6eab5f499","ECR-79e6eab5f499","admin | airport | factory | mine | owner | sonasp","shipping","/shipping/preparation/new","Qualifier puis exécuter dans les contextes applicables ; variantes et champs à instancier après revue","UI_AUTH_API_DB","NON EXÉCUTÉ","Qualification détaillée et environnement isolé requis","","Lot expéditions"
"REC-ECR-7bdd057e728a","ECR-7bdd057e728a","admin | airport | collector | comptoir | customer | dgi | dgmg | direction | factory | mine | owner | refinery | sonasp","transverse","/profile","Qualifier puis exécuter dans les contextes applicables ; variantes et champs à instancier après revue","UI_AUTH_API_DB","NON EXÉCUTÉ","Qualification détaillée et environnement isolé requis","","Lot transverse"
"REC-ECR-7d985402e70b","ECR-7d985402e70b","admin | dgi | mine | owner | sonasp","conciliation","/conciliation","Qualifier puis exécuter dans les contextes applicables ; variantes et champs à instancier après revue","UI_AUTH_API_DB","NON EXÉCUTÉ","Qualification détaillée et environnement isolé requis","","Lot conciliation"
"REC-ECR-7f8aa3ac3244","ECR-7f8aa3ac3244","A_QUALIFIER","public-et-alias","/","Qualifier puis exécuter dans les contextes applicables ; variantes et champs à instancier après revue","UI_AUTH_API_DB","NON EXÉCUTÉ","Qualification détaillée et environnement isolé requis","","Lot public-et-alias"
"REC-ECR-80bc6e70efb0","ECR-80bc6e70efb0","admin | mine | owner | refinery | sonasp","gold_inventory","/inventory","Qualifier puis exécuter dans les contextes applicables ; variantes et champs à instancier après revue","UI_AUTH_API_DB","NON EXÉCUTÉ","Qualification détaillée et environnement isolé requis","","Lot stocks"
"REC-ECR-80df7f001976","ECR-80df7f001976","admin | dgmg | owner","artisan-minier","/artisan-minier/collecteurs/:id/modifier","Qualifier puis exécuter dans les contextes applicables ; variantes et champs à instancier après revue","UI_AUTH_API_DB","NON EXÉCUTÉ","Qualification détaillée et environnement isolé requis","","Lot artisans et affiliations"
"REC-ECR-81ac036ac56e","ECR-81ac036ac56e","admin | owner | sonasp","gold_purchases","/achats/plans/:id","Qualifier puis exécuter dans les contextes applicables ; variantes et champs à instancier après revue","UI_AUTH_API_DB","NON EXÉCUTÉ","Qualification détaillée et environnement isolé requis","","Lot achats et contrats"
"REC-ECR-821eba470b89","ECR-821eba470b89","admin | owner | sonasp","public-et-alias","/admin/refineries/new","Qualifier puis exécuter dans les contextes applicables ; variantes et champs à instancier après revue","UI_AUTH_API_DB","NON EXÉCUTÉ","Qualification détaillée et environnement isolé requis","","Lot public-et-alias"
"REC-ECR-82c31679e1f2","ECR-82c31679e1f2","admin | owner","administration","/admin/messagerie","Qualifier puis exécuter dans les contextes applicables ; variantes et champs à instancier après revue","UI_AUTH_API_DB","NON EXÉCUTÉ","Qualification détaillée et environnement isolé requis","","Lot administration et IAM"
"REC-ECR-848466aea76e","ECR-848466aea76e","admin | owner | refinery | sonasp","gold_inventory","/inventory/add","Qualifier puis exécuter dans les contextes applicables ; variantes et champs à instancier après revue","UI_AUTH_API_DB","NON EXÉCUTÉ","Qualification détaillée et environnement isolé requis","","Lot stocks"
"REC-ECR-858c51a3b5f3","ECR-858c51a3b5f3","admin | airport | factory | mine | owner | sonasp","shipping","/freight/shipments/:id","Qualifier puis exécuter dans les contextes applicables ; variantes et champs à instancier après revue","UI_AUTH_API_DB","NON EXÉCUTÉ","Qualification détaillée et environnement isolé requis","","Lot expéditions"
"REC-ECR-879c6f04c0b5","ECR-879c6f04c0b5","admin | dgmg | owner | sonasp","stakeholders","/stakeholders/mining-companies/:id","Qualifier puis exécuter dans les contextes applicables ; variantes et champs à instancier après revue","UI_AUTH_API_DB","NON EXÉCUTÉ","Qualification détaillée et environnement isolé requis","","Lot référentiels (root pilote Clients)"
"REC-ECR-885fd26ccdea","ECR-885fd26ccdea","admin | airport | factory | mine | owner | sonasp","shipping","/shipping/preparation/:id/edit","Qualifier puis exécuter dans les contextes applicables ; variantes et champs à instancier après revue","UI_AUTH_API_DB","NON EXÉCUTÉ","Qualification détaillée et environnement isolé requis","","Lot expéditions"
"REC-ECR-89f1496934da","ECR-89f1496934da","dgmg | owner","national_reserve","/portail-dgmg/reserve-validations","Qualifier puis exécuter dans les contextes applicables ; variantes et champs à instancier après revue","UI_AUTH_API_DB","NON EXÉCUTÉ","Qualification détaillée et environnement isolé requis","","Lot réserve nationale"
"REC-ECR-8a1b4eaa5665","ECR-8a1b4eaa5665","admin | owner | sonasp","gold_purchases","/contrats/pilotage","Qualifier puis exécuter dans les contextes applicables ; variantes et champs à instancier après revue","UI_AUTH_API_DB","NON EXÉCUTÉ","Qualification détaillée et environnement isolé requis","","Lot achats et contrats"
"REC-ECR-8ac204a61084","ECR-8ac204a61084","admin | customer | mine | owner | refinery | sonasp","sales","/sales/:id","Qualifier puis exécuter dans les contextes applicables ; variantes et champs à instancier après revue","UI_AUTH_API_DB","NON EXÉCUTÉ","Qualification détaillée et environnement isolé requis","","Lot ventes internationales et paiements"
"REC-ECR-8f8be27a0baa","ECR-8f8be27a0baa","public","public-et-alias","/assistance","Qualifier puis exécuter dans les contextes applicables ; variantes et champs à instancier après revue","UI_AUTH_API_DB","NON EXÉCUTÉ","Qualification détaillée et environnement isolé requis","","Lot public-et-alias"
"REC-ECR-90c316e4268e","ECR-90c316e4268e","admin | owner | sonasp","stakeholders","/customers/:id/edit","Qualifier puis exécuter dans les contextes applicables ; variantes et champs à instancier après revue","UI_AUTH_API_DB","NON EXÉCUTÉ","Qualification détaillée et environnement isolé requis","","Lot référentiels (root pilote Clients)"
"REC-ECR-92240a38e7ad","ECR-92240a38e7ad","admin | owner | sonasp","production","/production/licenses/requests","Qualifier puis exécuter dans les contextes applicables ; variantes et champs à instancier après revue","UI_AUTH_API_DB","NON EXÉCUTÉ","Qualification détaillée et environnement isolé requis","","Lot production industrielle"
"REC-ECR-92c23cc16438","ECR-92c23cc16438","direction | owner","portal-direction","/portail-direction/alertes","Qualifier puis exécuter dans les contextes applicables ; variantes et champs à instancier après revue","UI_AUTH_API_DB","NON EXÉCUTÉ","Qualification détaillée et environnement isolé requis","","Lot portal-direction"
"REC-ECR-92f3c8922a01","ECR-92f3c8922a01","admin | dgmg | owner","stakeholders","/stakeholders/mining-companies/new","Qualifier puis exécuter dans les contextes applicables ; variantes et champs à instancier après revue","UI_AUTH_API_DB","NON EXÉCUTÉ","Qualification détaillée et environnement isolé requis","","Lot référentiels (root pilote Clients)"
"REC-ECR-9303df3d4d44","ECR-9303df3d4d44","admin | collector | comptoir | dgmg | owner | sonasp","artisan-minier","/artisan-minier/collecteurs","Qualifier puis exécuter dans les contextes applicables ; variantes et champs à instancier après revue","UI_AUTH_API_DB","NON EXÉCUTÉ","Qualification détaillée et environnement isolé requis","","Lot artisans et affiliations"
"REC-ECR-93eef5843659","ECR-93eef5843659","admin | dgmg | owner | sonasp","mining_sites","/artisan-sites/production","Qualifier puis exécuter dans les contextes applicables ; variantes et champs à instancier après revue","UI_AUTH_API_DB","NON EXÉCUTÉ","Qualification détaillée et environnement isolé requis","","Lot sites artisanaux"
"REC-ECR-940297d44c36","ECR-940297d44c36","admin | owner | sonasp","settings","/admin/workflow","Qualifier puis exécuter dans les contextes applicables ; variantes et champs à instancier après revue","UI_AUTH_API_DB","NON EXÉCUTÉ","Qualification détaillée et environnement isolé requis","","Lot paramètres"
"REC-ECR-96bf88dfb851","ECR-96bf88dfb851","admin | customer | owner","dashboard","/dashboard/customer","Qualifier puis exécuter dans les contextes applicables ; variantes et champs à instancier après revue","UI_AUTH_API_DB","NON EXÉCUTÉ","Qualification détaillée et environnement isolé requis","","Lot pilotage national"
"REC-ECR-9bdffc7d2a82","ECR-9bdffc7d2a82","admin | owner","stakeholders","/stakeholders/approvers","Qualifier puis exécuter dans les contextes applicables ; variantes et champs à instancier après revue","UI_AUTH_API_DB","NON EXÉCUTÉ","Qualification détaillée et environnement isolé requis","","Lot référentiels (root pilote Clients)"
"REC-ECR-9e6d94b0af0b","ECR-9e6d94b0af0b","admin | mine | owner | sonasp","gold_purchases","/achats/reglements","Qualifier puis exécuter dans les contextes applicables ; variantes et champs à instancier après revue","UI_AUTH_API_DB","NON EXÉCUTÉ","Qualification détaillée et environnement isolé requis","","Lot achats et contrats"
"REC-ECR-9f2f7e3f5f54","ECR-9f2f7e3f5f54","admin | factory | owner","dashboard","/dashboard/factory","Qualifier puis exécuter dans les contextes applicables ; variantes et champs à instancier après revue","UI_AUTH_API_DB","NON EXÉCUTÉ","Qualification détaillée et environnement isolé requis","","Lot pilotage national"
"REC-ECR-a0e16fa02ff4","ECR-a0e16fa02ff4","admin | comptoir | owner | sonasp","artisan_gold_market","/artisan-minier/rapports/chiffre-affaires","Qualifier puis exécuter dans les contextes applicables ; variantes et champs à instancier après revue","UI_AUTH_API_DB","NON EXÉCUTÉ","Qualification détaillée et environnement isolé requis","","Lot marché artisanal et paiements"
"REC-ECR-a1903fae2d54","ECR-a1903fae2d54","admin | comptoir | owner | sonasp","artisan_gold_market","/artisan-minier/ventes-or/nouvelle","Qualifier puis exécuter dans les contextes applicables ; variantes et champs à instancier après revue","UI_AUTH_API_DB","NON EXÉCUTÉ","Qualification détaillée et environnement isolé requis","","Lot marché artisanal et paiements"
"REC-ECR-a197a9b17874","ECR-a197a9b17874","admin | owner","administration","/admin/audit","Qualifier puis exécuter dans les contextes applicables ; variantes et champs à instancier après revue","UI_AUTH_API_DB","NON EXÉCUTÉ","Qualification détaillée et environnement isolé requis","","Lot administration et IAM"
"REC-ECR-a223c990dc93","ECR-a223c990dc93","dgi | owner","artisan_gold_market","/portail-dgi/paiements","Qualifier puis exécuter dans les contextes applicables ; variantes et champs à instancier après revue","UI_AUTH_API_DB","NON EXÉCUTÉ","Qualification détaillée et environnement isolé requis","","Lot marché artisanal et paiements"
"REC-ECR-a257447e4716","ECR-a257447e4716","direction | owner","portal-direction","/portail-direction/*","Qualifier puis exécuter dans les contextes applicables ; variantes et champs à instancier après revue","UI_AUTH_API_DB","NON EXÉCUTÉ","Qualification détaillée et environnement isolé requis","","Lot portal-direction"
"REC-ECR-a268ff1ffc9f","ECR-a268ff1ffc9f","admin | owner | sonasp","national_reserve","/national-reserve/allocations/:id/edit","Qualifier puis exécuter dans les contextes applicables ; variantes et champs à instancier après revue","UI_AUTH_API_DB","NON EXÉCUTÉ","Qualification détaillée et environnement isolé requis","","Lot réserve nationale"
"REC-ECR-a2aa130d5fe5","ECR-a2aa130d5fe5","admin | airport | mine | owner | sonasp","shipping","/freight-customs/:id","Qualifier puis exécuter dans les contextes applicables ; variantes et champs à instancier après revue","UI_AUTH_API_DB","NON EXÉCUTÉ","Qualification détaillée et environnement isolé requis","","Lot expéditions"
"REC-ECR-a45c93722b23","ECR-a45c93722b23","admin | owner","administration","/access/audit","Qualifier puis exécuter dans les contextes applicables ; variantes et champs à instancier après revue","UI_AUTH_API_DB","NON EXÉCUTÉ","Qualification détaillée et environnement isolé requis","","Lot administration et IAM"
"REC-ECR-a49722885e39","ECR-a49722885e39","admin | owner | sonasp","artisan-minier","/artisan-minier/:artisanId/infractions/:infractionId/modifier","Qualifier puis exécuter dans les contextes applicables ; variantes et champs à instancier après revue","UI_AUTH_API_DB","NON EXÉCUTÉ","Qualification détaillée et environnement isolé requis","","Lot artisans et affiliations"
"REC-ECR-a6a309f0eb87","ECR-a6a309f0eb87","admin | owner | sonasp","administration","/admin/settings","Qualifier puis exécuter dans les contextes applicables ; variantes et champs à instancier après revue","UI_AUTH_API_DB","NON EXÉCUTÉ","Qualification détaillée et environnement isolé requis","","Lot administration et IAM"
"REC-ECR-a7be88bae9cc","ECR-a7be88bae9cc","admin | owner | sonasp","national_reserve","/national-reserve/controls","Qualifier puis exécuter dans les contextes applicables ; variantes et champs à instancier après revue","UI_AUTH_API_DB","NON EXÉCUTÉ","Qualification détaillée et environnement isolé requis","","Lot réserve nationale"
"REC-ECR-ab78460ac40e","ECR-ab78460ac40e","admin | owner","administration","/admin/modules","Qualifier puis exécuter dans les contextes applicables ; variantes et champs à instancier après revue","UI_AUTH_API_DB","NON EXÉCUTÉ","Qualification détaillée et environnement isolé requis","","Lot administration et IAM"
"REC-ECR-ae98553fde6b","ECR-ae98553fde6b","admin | dgi | mine | owner | sonasp","conciliation","/conciliation/:id","Qualifier puis exécuter dans les contextes applicables ; variantes et champs à instancier après revue","UI_AUTH_API_DB","NON EXÉCUTÉ","Qualification détaillée et environnement isolé requis","","Lot conciliation"
"REC-ECR-b1b53750fe4a","ECR-b1b53750fe4a","admin | owner | sonasp","artisan-minier","/artisan-minier/cartes/expirations","Qualifier puis exécuter dans les contextes applicables ; variantes et champs à instancier après revue","UI_AUTH_API_DB","NON EXÉCUTÉ","Qualification détaillée et environnement isolé requis","","Lot artisans et affiliations"
"REC-ECR-b276fc3dedfa","ECR-b276fc3dedfa","admin | dgi | dgmg | factory | mine | owner | sonasp","production","/production/daily","Qualifier puis exécuter dans les contextes applicables ; variantes et champs à instancier après revue","UI_AUTH_API_DB","NON EXÉCUTÉ","Qualification détaillée et environnement isolé requis","","Lot production industrielle"
"REC-ECR-b3d713029546","ECR-b3d713029546","admin | owner","administration","/admin/messagerie/:uid","Qualifier puis exécuter dans les contextes applicables ; variantes et champs à instancier après revue","UI_AUTH_API_DB","NON EXÉCUTÉ","Qualification détaillée et environnement isolé requis","","Lot administration et IAM"
"REC-ECR-b4907cd0aae6","ECR-b4907cd0aae6","dgmg | owner","portal-dgmg","/portail-dgmg","Qualifier puis exécuter dans les contextes applicables ; variantes et champs à instancier après revue","UI_AUTH_API_DB","NON EXÉCUTÉ","Qualification détaillée et environnement isolé requis","","Lot portal-dgmg"
"REC-ECR-b57ba658ef98","ECR-b57ba658ef98","admin | customer | mine | owner | sonasp","sales","/payments/virtual","Qualifier puis exécuter dans les contextes applicables ; variantes et champs à instancier après revue","UI_AUTH_API_DB","NON EXÉCUTÉ","Qualification détaillée et environnement isolé requis","","Lot ventes internationales et paiements"
"REC-ECR-b59eed68da35","ECR-b59eed68da35","admin | airport | customer | factory | mine | owner | refinery | sonasp","international_markets","/gold-prices","Qualifier puis exécuter dans les contextes applicables ; variantes et champs à instancier après revue","UI_AUTH_API_DB","NON EXÉCUTÉ","Qualification détaillée et environnement isolé requis","","Lot international_markets"
"REC-ECR-b5a6331189b3","ECR-b5a6331189b3","admin | mine | owner | sonasp","production","/production/licenses/new","Qualifier puis exécuter dans les contextes applicables ; variantes et champs à instancier après revue","UI_AUTH_API_DB","NON EXÉCUTÉ","Qualification détaillée et environnement isolé requis","","Lot production industrielle"
"REC-ECR-b71323244638","ECR-b71323244638","admin | airport | factory | mine | owner | sonasp","shipping","/shipping/preparation/edit/:id","Qualifier puis exécuter dans les contextes applicables ; variantes et champs à instancier après revue","UI_AUTH_API_DB","NON EXÉCUTÉ","Qualification détaillée et environnement isolé requis","","Lot expéditions"
"REC-ECR-b713c4ef7884","ECR-b713c4ef7884","admin | owner | sonasp","production_analytics","/analytics/production","Qualifier puis exécuter dans les contextes applicables ; variantes et champs à instancier après revue","UI_AUTH_API_DB","NON EXÉCUTÉ","Qualification détaillée et environnement isolé requis","","Lot production_analytics"
"REC-ECR-b9056a6b82b8","ECR-b9056a6b82b8","admin | dgmg | owner","artisan-minier","/artisan-minier/comptoirs","Qualifier puis exécuter dans les contextes applicables ; variantes et champs à instancier après revue","UI_AUTH_API_DB","NON EXÉCUTÉ","Qualification détaillée et environnement isolé requis","","Lot artisans et affiliations"
"REC-ECR-ba16fe5fed2a","ECR-ba16fe5fed2a","admin | customer | mine | owner | sonasp","sales","/payments","Qualifier puis exécuter dans les contextes applicables ; variantes et champs à instancier après revue","UI_AUTH_API_DB","NON EXÉCUTÉ","Qualification détaillée et environnement isolé requis","","Lot ventes internationales et paiements"
"REC-ECR-bab12b8c63e1","ECR-bab12b8c63e1","admin | owner | sonasp","gold_purchases","/requisitions/nouvelle","Qualifier puis exécuter dans les contextes applicables ; variantes et champs à instancier après revue","UI_AUTH_API_DB","NON EXÉCUTÉ","Qualification détaillée et environnement isolé requis","","Lot achats et contrats"
"REC-ECR-bb5d2d3429af","ECR-bb5d2d3429af","public","public-et-alias","/404","Qualifier puis exécuter dans les contextes applicables ; variantes et champs à instancier après revue","UI_AUTH_API_DB","NON EXÉCUTÉ","Qualification détaillée et environnement isolé requis","","Lot public-et-alias"
"REC-ECR-be7ccd8829d4","ECR-be7ccd8829d4","direction | owner","portal-direction","/portail-direction/production","Qualifier puis exécuter dans les contextes applicables ; variantes et champs à instancier après revue","UI_AUTH_API_DB","NON EXÉCUTÉ","Qualification détaillée et environnement isolé requis","","Lot portal-direction"
"REC-ECR-be86d1073c0a","ECR-be86d1073c0a","admin | owner | sonasp","dashboard","/dashboard","Qualifier puis exécuter dans les contextes applicables ; variantes et champs à instancier après revue","UI_AUTH_API_DB","NON EXÉCUTÉ","Qualification détaillée et environnement isolé requis","","Lot pilotage national"
"REC-ECR-be9126d2701d","ECR-be9126d2701d","public","authentification","/modifier-mot-de-passe","Qualifier puis exécuter dans les contextes applicables ; variantes et champs à instancier après revue","UI_AUTH_API_DB","NON EXÉCUTÉ","Qualification détaillée et environnement isolé requis","","Lot authentification"
"REC-ECR-bf80938f197e","ECR-bf80938f197e","public","authentification","/activate-account","Qualifier puis exécuter dans les contextes applicables ; variantes et champs à instancier après revue","UI_AUTH_API_DB","NON EXÉCUTÉ","Qualification détaillée et environnement isolé requis","","Lot authentification"
"REC-ECR-c11377521e69","ECR-c11377521e69","admin | mine | owner | sonasp","production","/performance/budgets","Qualifier puis exécuter dans les contextes applicables ; variantes et champs à instancier après revue","UI_AUTH_API_DB","NON EXÉCUTÉ","Qualification détaillée et environnement isolé requis","","Lot production industrielle"
"REC-ECR-c14a0353d938","ECR-c14a0353d938","mine | owner","portal-mine","/portail-mine","Qualifier puis exécuter dans les contextes applicables ; variantes et champs à instancier après revue","UI_AUTH_API_DB","NON EXÉCUTÉ","Qualification détaillée et environnement isolé requis","","Lot portal-mine"
"REC-ECR-c3a2d9239395","ECR-c3a2d9239395","admin | airport | mine | owner | sonasp","shipping","/freight-customs/create","Qualifier puis exécuter dans les contextes applicables ; variantes et champs à instancier après revue","UI_AUTH_API_DB","NON EXÉCUTÉ","Qualification détaillée et environnement isolé requis","","Lot expéditions"
"REC-ECR-c3ebe8258f08","ECR-c3ebe8258f08","admin | owner | refinery | sonasp","refining","/refining/:id/process","Qualifier puis exécuter dans les contextes applicables ; variantes et champs à instancier après revue","UI_AUTH_API_DB","NON EXÉCUTÉ","Qualification détaillée et environnement isolé requis","","Lot raffinage"
"REC-ECR-c4114b3a94d2","ECR-c4114b3a94d2","admin | owner","settings","/admin/status-manager","Qualifier puis exécuter dans les contextes applicables ; variantes et champs à instancier après revue","UI_AUTH_API_DB","NON EXÉCUTÉ","Qualification détaillée et environnement isolé requis","","Lot paramètres"
"REC-ECR-c516af07c6ef","ECR-c516af07c6ef","admin | dgmg | owner","artisan-minier","/artisan-minier/collecteurs/nouveau","Qualifier puis exécuter dans les contextes applicables ; variantes et champs à instancier après revue","UI_AUTH_API_DB","NON EXÉCUTÉ","Qualification détaillée et environnement isolé requis","","Lot artisans et affiliations"
"REC-ECR-c6ffa1be519e","ECR-c6ffa1be519e","public","public-et-alias","/","Qualifier puis exécuter dans les contextes applicables ; variantes et champs à instancier après revue","UI_AUTH_API_DB","NON EXÉCUTÉ","Qualification détaillée et environnement isolé requis","","Lot public-et-alias"
"REC-ECR-c76ea0cb4831","ECR-c76ea0cb4831","admin | collector | comptoir | owner | sonasp","artisan_gold_market","/artisan-minier/paiements/historique/:paiementId","Qualifier puis exécuter dans les contextes applicables ; variantes et champs à instancier après revue","UI_AUTH_API_DB","NON EXÉCUTÉ","Qualification détaillée et environnement isolé requis","","Lot marché artisanal et paiements"
"REC-ECR-c860d1b76e23","ECR-c860d1b76e23","admin | collector | comptoir | owner | sonasp","artisan_gold_market","/artisan-minier/paiements/historique","Qualifier puis exécuter dans les contextes applicables ; variantes et champs à instancier après revue","UI_AUTH_API_DB","NON EXÉCUTÉ","Qualification détaillée et environnement isolé requis","","Lot marché artisanal et paiements"
"REC-ECR-c986476416a6","ECR-c986476416a6","admin | owner | sonasp","artisan-minier","/artisan-minier/cartes/suivi","Qualifier puis exécuter dans les contextes applicables ; variantes et champs à instancier après revue","UI_AUTH_API_DB","NON EXÉCUTÉ","Qualification détaillée et environnement isolé requis","","Lot artisans et affiliations"
"REC-ECR-cb018ae09925","ECR-cb018ae09925","admin | airport | factory | mine | owner | sonasp","shipping","/shipping","Qualifier puis exécuter dans les contextes applicables ; variantes et champs à instancier après revue","UI_AUTH_API_DB","NON EXÉCUTÉ","Qualification détaillée et environnement isolé requis","","Lot expéditions"
"REC-ECR-cb3a8f852e2d","ECR-cb3a8f852e2d","public","authentification","/recuperer-acces","Qualifier puis exécuter dans les contextes applicables ; variantes et champs à instancier après revue","UI_AUTH_API_DB","NON EXÉCUTÉ","Qualification détaillée et environnement isolé requis","","Lot authentification"
"REC-ECR-ccd2e62b6945","ECR-ccd2e62b6945","admin | owner | sonasp","gold_purchases","/achats/reglements/nouveau","Qualifier puis exécuter dans les contextes applicables ; variantes et champs à instancier après revue","UI_AUTH_API_DB","NON EXÉCUTÉ","Qualification détaillée et environnement isolé requis","","Lot achats et contrats"
"REC-ECR-cd2752326681","ECR-cd2752326681","admin | owner | sonasp","national_reserve","/national-reserve/allocations","Qualifier puis exécuter dans les contextes applicables ; variantes et champs à instancier après revue","UI_AUTH_API_DB","NON EXÉCUTÉ","Qualification détaillée et environnement isolé requis","","Lot réserve nationale"
"REC-ECR-ce999ef31c6b","ECR-ce999ef31c6b","admin | mine | owner | sonasp","sales","/sales/new","Qualifier puis exécuter dans les contextes applicables ; variantes et champs à instancier après revue","UI_AUTH_API_DB","NON EXÉCUTÉ","Qualification détaillée et environnement isolé requis","","Lot ventes internationales et paiements"
"REC-ECR-cec797d55066","ECR-cec797d55066","admin | owner","administration","/users/:userId","Qualifier puis exécuter dans les contextes applicables ; variantes et champs à instancier après revue","UI_AUTH_API_DB","NON EXÉCUTÉ","Qualification détaillée et environnement isolé requis","","Lot administration et IAM"
"REC-ECR-d1eab4a516e6","ECR-d1eab4a516e6","admin | dgmg | owner","artisan-minier","/artisan-minier/comptoirs/:id/modifier","Qualifier puis exécuter dans les contextes applicables ; variantes et champs à instancier après revue","UI_AUTH_API_DB","NON EXÉCUTÉ","Qualification détaillée et environnement isolé requis","","Lot artisans et affiliations"
"REC-ECR-d3390c14ee63","ECR-d3390c14ee63","admin | owner | sonasp","settings","/parameters","Qualifier puis exécuter dans les contextes applicables ; variantes et champs à instancier après revue","UI_AUTH_API_DB","NON EXÉCUTÉ","Qualification détaillée et environnement isolé requis","","Lot paramètres"
"REC-ECR-d491aa721003","ECR-d491aa721003","admin | dgi | dgmg | factory | mine | owner | sonasp","production","/production/:id","Qualifier puis exécuter dans les contextes applicables ; variantes et champs à instancier après revue","UI_AUTH_API_DB","NON EXÉCUTÉ","Qualification détaillée et environnement isolé requis","","Lot production industrielle"
"REC-ECR-d5cd711afb63","ECR-d5cd711afb63","direction | owner","portal-direction","/portail-direction/finances","Qualifier puis exécuter dans les contextes applicables ; variantes et champs à instancier après revue","UI_AUTH_API_DB","NON EXÉCUTÉ","Qualification détaillée et environnement isolé requis","","Lot portal-direction"
"REC-ECR-d63f3748f377","ECR-d63f3748f377","admin | dgmg | owner","mining_sites","/artisan-sites/nouveau","Qualifier puis exécuter dans les contextes applicables ; variantes et champs à instancier après revue","UI_AUTH_API_DB","NON EXÉCUTÉ","Qualification détaillée et environnement isolé requis","","Lot sites artisanaux"
"REC-ECR-d647b5a2a57e","ECR-d647b5a2a57e","admin | mine | owner | sonasp","stakeholders","/stakeholders/depositors/:id/edit","Qualifier puis exécuter dans les contextes applicables ; variantes et champs à instancier après revue","UI_AUTH_API_DB","NON EXÉCUTÉ","Qualification détaillée et environnement isolé requis","","Lot référentiels (root pilote Clients)"
"REC-ECR-d781dd2058d8","ECR-d781dd2058d8","public","public-et-alias","/securite","Qualifier puis exécuter dans les contextes applicables ; variantes et champs à instancier après revue","UI_AUTH_API_DB","NON EXÉCUTÉ","Qualification détaillée et environnement isolé requis","","Lot public-et-alias"
"REC-ECR-d7987b218bd4","ECR-d7987b218bd4","admin | comptoir | owner | sonasp","artisan_gold_market","/artisan-minier/rapports/quantites","Qualifier puis exécuter dans les contextes applicables ; variantes et champs à instancier après revue","UI_AUTH_API_DB","NON EXÉCUTÉ","Qualification détaillée et environnement isolé requis","","Lot marché artisanal et paiements"
"REC-ECR-d7f43f3ccb93","ECR-d7f43f3ccb93","A_QUALIFIER","public-et-alias","*","Qualifier puis exécuter dans les contextes applicables ; variantes et champs à instancier après revue","UI_AUTH_API_DB","NON EXÉCUTÉ","Qualification détaillée et environnement isolé requis","","Lot public-et-alias"
"REC-ECR-dc836626055d","ECR-dc836626055d","direction | owner","portal-direction","/portail-direction/contrats","Qualifier puis exécuter dans les contextes applicables ; variantes et champs à instancier après revue","UI_AUTH_API_DB","NON EXÉCUTÉ","Qualification détaillée et environnement isolé requis","","Lot portal-direction"
"REC-ECR-ddb75b8fc42e","ECR-ddb75b8fc42e","direction | owner","portal-direction","/portail-direction/performance","Qualifier puis exécuter dans les contextes applicables ; variantes et champs à instancier après revue","UI_AUTH_API_DB","NON EXÉCUTÉ","Qualification détaillée et environnement isolé requis","","Lot portal-direction"
"REC-ECR-e01d44e87e77","ECR-e01d44e87e77","direction | owner","portal-direction","/portail-direction/synthese","Qualifier puis exécuter dans les contextes applicables ; variantes et champs à instancier après revue","UI_AUTH_API_DB","NON EXÉCUTÉ","Qualification détaillée et environnement isolé requis","","Lot portal-direction"
"REC-ECR-e4ffd18d8901","ECR-e4ffd18d8901","collector | owner","portal-collector","/portail-collecteur","Qualifier puis exécuter dans les contextes applicables ; variantes et champs à instancier après revue","UI_AUTH_API_DB","NON EXÉCUTÉ","Qualification détaillée et environnement isolé requis","","Lot portal-collector"
"REC-ECR-e54b97c0f5b0","ECR-e54b97c0f5b0","admin | customer | mine | owner | refinery | sonasp","sales","/sales","Qualifier puis exécuter dans les contextes applicables ; variantes et champs à instancier après revue","UI_AUTH_API_DB","NON EXÉCUTÉ","Qualification détaillée et environnement isolé requis","","Lot ventes internationales et paiements"
"REC-ECR-e55400fe5112","ECR-e55400fe5112","admin | mine | owner | sonasp","international_markets","/sales/simulations","Qualifier puis exécuter dans les contextes applicables ; variantes et champs à instancier après revue","UI_AUTH_API_DB","NON EXÉCUTÉ","Qualification détaillée et environnement isolé requis","","Lot international_markets"
"REC-ECR-e603a964b4ea","ECR-e603a964b4ea","direction | owner","portal-direction","/portail-direction/compte","Qualifier puis exécuter dans les contextes applicables ; variantes et champs à instancier après revue","UI_AUTH_API_DB","NON EXÉCUTÉ","Qualification détaillée et environnement isolé requis","","Lot portal-direction"
"REC-ECR-e676b96f0539","ECR-e676b96f0539","admin | mine | owner | sonasp","gold_purchases","/contrats","Qualifier puis exécuter dans les contextes applicables ; variantes et champs à instancier après revue","UI_AUTH_API_DB","NON EXÉCUTÉ","Qualification détaillée et environnement isolé requis","","Lot achats et contrats"
"REC-ECR-e82b210d9228","ECR-e82b210d9228","admin | owner","administration","/admin/messagerie/nouveau","Qualifier puis exécuter dans les contextes applicables ; variantes et champs à instancier après revue","UI_AUTH_API_DB","NON EXÉCUTÉ","Qualification détaillée et environnement isolé requis","","Lot administration et IAM"
"REC-ECR-e845beb3eabc","ECR-e845beb3eabc","direction | owner","portal-direction","/portail-direction/previsions","Qualifier puis exécuter dans les contextes applicables ; variantes et champs à instancier après revue","UI_AUTH_API_DB","NON EXÉCUTÉ","Qualification détaillée et environnement isolé requis","","Lot portal-direction"
"REC-ECR-e8de0b9b3561","ECR-e8de0b9b3561","admin | collector | comptoir | owner | sonasp","artisan_gold_market","/artisan-minier/paiements/:venteId/nouveau","Qualifier puis exécuter dans les contextes applicables ; variantes et champs à instancier après revue","UI_AUTH_API_DB","NON EXÉCUTÉ","Qualification détaillée et environnement isolé requis","","Lot marché artisanal et paiements"
"REC-ECR-ea643546331d","ECR-ea643546331d","dgi | owner","portal-dgi","/portail-dgi","Qualifier puis exécuter dans les contextes applicables ; variantes et champs à instancier après revue","UI_AUTH_API_DB","NON EXÉCUTÉ","Qualification détaillée et environnement isolé requis","","Lot portal-dgi"
"REC-ECR-ef73675cf7d7","ECR-ef73675cf7d7","admin | collector | comptoir | dgmg | owner | sonasp","artisan_gold_market","/collecte/ventes","Qualifier puis exécuter dans les contextes applicables ; variantes et champs à instancier après revue","UI_AUTH_API_DB","NON EXÉCUTÉ","Qualification détaillée et environnement isolé requis","","Lot marché artisanal et paiements"
"REC-ECR-f05a8f5e619f","ECR-f05a8f5e619f","admin | dgmg | owner | sonasp","stakeholders","/stakeholders/organizations/:id/edit","Qualifier puis exécuter dans les contextes applicables ; variantes et champs à instancier après revue","UI_AUTH_API_DB","NON EXÉCUTÉ","Qualification détaillée et environnement isolé requis","","Lot référentiels (root pilote Clients)"
"REC-ECR-f44a329d0717","ECR-f44a329d0717","admin | mine | owner | sonasp","gold_purchases","/achats/demandes","Qualifier puis exécuter dans les contextes applicables ; variantes et champs à instancier après revue","UI_AUTH_API_DB","NON EXÉCUTÉ","Qualification détaillée et environnement isolé requis","","Lot achats et contrats"
"REC-ECR-f4823a238d5b","ECR-f4823a238d5b","comptoir | owner","portal-comptoir","/portail-comptoir","Qualifier puis exécuter dans les contextes applicables ; variantes et champs à instancier après revue","UI_AUTH_API_DB","NON EXÉCUTÉ","Qualification détaillée et environnement isolé requis","","Lot portal-comptoir"
"REC-ECR-f56547dae0df","ECR-f56547dae0df","public","public-et-alias","/conditions-utilisation","Qualifier puis exécuter dans les contextes applicables ; variantes et champs à instancier après revue","UI_AUTH_API_DB","NON EXÉCUTÉ","Qualification détaillée et environnement isolé requis","","Lot public-et-alias"
"REC-ECR-f5e314da391f","ECR-f5e314da391f","admin | owner","administration","/users/new","Qualifier puis exécuter dans les contextes applicables ; variantes et champs à instancier après revue","UI_AUTH_API_DB","NON EXÉCUTÉ","Qualification détaillée et environnement isolé requis","","Lot administration et IAM"
"REC-ECR-f6d9e9514f29","ECR-f6d9e9514f29","admin | airport | factory | mine | owner | sonasp","shipping","/shipping/preparation/:id","Qualifier puis exécuter dans les contextes applicables ; variantes et champs à instancier après revue","UI_AUTH_API_DB","NON EXÉCUTÉ","Qualification détaillée et environnement isolé requis","","Lot expéditions"
"REC-ECR-f73d6ea6eb66","ECR-f73d6ea6eb66","public","public-et-alias","/verifier-carte/:reference","Qualifier puis exécuter dans les contextes applicables ; variantes et champs à instancier après revue","UI_AUTH_API_DB","NON EXÉCUTÉ","Qualification détaillée et environnement isolé requis","","Lot public-et-alias"
"REC-ECR-f7a1e4b837d7","ECR-f7a1e4b837d7","admin | collector | comptoir | dgi | owner | sonasp","artisan_gold_market","/artisan-minier/ventes-or/:id","Qualifier puis exécuter dans les contextes applicables ; variantes et champs à instancier après revue","UI_AUTH_API_DB","NON EXÉCUTÉ","Qualification détaillée et environnement isolé requis","","Lot marché artisanal et paiements"
"REC-ECR-f7be3f7911e1","ECR-f7be3f7911e1","admin | dgmg | owner | sonasp","stakeholders","/stakeholders/organizations","Qualifier puis exécuter dans les contextes applicables ; variantes et champs à instancier après revue","UI_AUTH_API_DB","NON EXÉCUTÉ","Qualification détaillée et environnement isolé requis","","Lot référentiels (root pilote Clients)"
"REC-ECR-f80a74fe0124","ECR-f80a74fe0124","public","authentification","/login","Qualifier puis exécuter dans les contextes applicables ; variantes et champs à instancier après revue","UI_AUTH_API_DB","NON EXÉCUTÉ","Qualification détaillée et environnement isolé requis","","Lot authentification"
"REC-ECR-fa01ec840072","ECR-fa01ec840072","admin | owner","administration","/users/edit","Qualifier puis exécuter dans les contextes applicables ; variantes et champs à instancier après revue","UI_AUTH_API_DB","NON EXÉCUTÉ","Qualification détaillée et environnement isolé requis","","Lot administration et IAM"
"REC-ECR-fb78963058ff","ECR-fb78963058ff","admin | mine | owner | sonasp","stakeholders","/customers","Qualifier puis exécuter dans les contextes applicables ; variantes et champs à instancier après revue","UI_AUTH_API_DB","NON EXÉCUTÉ","Qualification détaillée et environnement isolé requis","","Lot référentiels (root pilote Clients)"
"REC-ECR-fc0058e62d5c","ECR-fc0058e62d5c","admin | owner | sonasp","artisan-minier","/artisan-minier/:artisanId/infractions/nouvelle","Qualifier puis exécuter dans les contextes applicables ; variantes et champs à instancier après revue","UI_AUTH_API_DB","NON EXÉCUTÉ","Qualification détaillée et environnement isolé requis","","Lot artisans et affiliations"
"REC-ECR-ffad663f93d2","ECR-ffad663f93d2","comptoir | owner","portal-comptoir","/portail-comptoir/stock","Qualifier puis exécuter dans les contextes applicables ; variantes et champs à instancier après revue","UI_AUTH_API_DB","NON EXÉCUTÉ","Qualification détaillée et environnement isolé requis","","Lot portal-comptoir"
"REC-FRM-046d5ec4e7ad","FRM-046d5ec4e7ad","admin | dgmg | owner","artisan-minier","/artisan-minier/comptoirs/:id | /artisan-minier/comptoirs/:id/modifier | /artisan-minier/comptoirs/nouveau","Qualifier puis exécuter dans les contextes applicables ; variantes et champs à instancier après revue","UI_AUTH_API_DB","NON EXÉCUTÉ","Qualification détaillée et environnement isolé requis","","Lot artisans et affiliations"
"REC-FRM-12b443c57756","FRM-12b443c57756","admin | dgmg | owner","mining_sites","/artisan-sites/:siteId/modifier | /artisan-sites/nouveau","Qualifier puis exécuter dans les contextes applicables ; variantes et champs à instancier après revue","UI_AUTH_API_DB","NON EXÉCUTÉ","Qualification détaillée et environnement isolé requis","","Lot sites artisanaux"
"REC-FRM-13ee7e1567c2","FRM-13ee7e1567c2","admin | collector | comptoir | dgmg | owner | sonasp","artisan_gold_market","/collecte/ventes | /collecte/ventes/nouvelle","Qualifier puis exécuter dans les contextes applicables ; variantes et champs à instancier après revue","UI_AUTH_API_DB","NON EXÉCUTÉ","Qualification détaillée et environnement isolé requis","","Lot marché artisanal et paiements"
"REC-FRM-153eafa82da6","FRM-153eafa82da6","admin | airport | collector | comptoir | customer | dgi | dgmg | direction | factory | mine | owner | refinery | sonasp","transverse","/profile","Qualifier puis exécuter dans les contextes applicables ; variantes et champs à instancier après revue","UI_AUTH_API_DB","NON EXÉCUTÉ","Qualification détaillée et environnement isolé requis","","Lot transverse"
"REC-FRM-18cb30d0d31d","FRM-18cb30d0d31d","admin | mine | owner | sonasp","production","/production/licenses/edit/:id | /production/licenses/new","Qualifier puis exécuter dans les contextes applicables ; variantes et champs à instancier après revue","UI_AUTH_API_DB","NON EXÉCUTÉ","Qualification détaillée et environnement isolé requis","","Lot production industrielle"
"REC-FRM-1a42affee20c","FRM-1a42affee20c","admin | mine | owner | sonasp","stakeholders","/stakeholders/depositors/:id/edit | /stakeholders/depositors/new","Qualifier puis exécuter dans les contextes applicables ; variantes et champs à instancier après revue","UI_AUTH_API_DB","NON EXÉCUTÉ","Qualification détaillée et environnement isolé requis","","Lot référentiels (root pilote Clients)"
"REC-FRM-1b1a5c7ad0f6","FRM-1b1a5c7ad0f6","admin | owner","administration","/admin/messagerie/:uid | /admin/messagerie/nouveau","Qualifier puis exécuter dans les contextes applicables ; variantes et champs à instancier après revue","UI_AUTH_API_DB","NON EXÉCUTÉ","Qualification détaillée et environnement isolé requis","","Lot administration et IAM"
"REC-FRM-1deae0e93e70","FRM-1deae0e93e70","admin | dgi | dgmg | factory | mine | owner | sonasp","production","/production/daily","Qualifier puis exécuter dans les contextes applicables ; variantes et champs à instancier après revue","UI_AUTH_API_DB","NON EXÉCUTÉ","Qualification détaillée et environnement isolé requis","","Lot production industrielle"
"REC-FRM-20217c78ad48","FRM-20217c78ad48","public","authentification","/recuperer-acces","Qualifier puis exécuter dans les contextes applicables ; variantes et champs à instancier après revue","UI_AUTH_API_DB","NON EXÉCUTÉ","Qualification détaillée et environnement isolé requis","","Lot authentification"
"REC-FRM-20d78734ec2a","FRM-20d78734ec2a","admin | customer | owner | sonasp","sales","/payments/create | /payments/record","Qualifier puis exécuter dans les contextes applicables ; variantes et champs à instancier après revue","UI_AUTH_API_DB","NON EXÉCUTÉ","Qualification détaillée et environnement isolé requis","","Lot ventes internationales et paiements"
"REC-FRM-22356734f29c","FRM-22356734f29c","admin | dgmg | owner | sonasp","stakeholders","/stakeholders/organizations/:id/edit | /stakeholders/organizations/new","Qualifier puis exécuter dans les contextes applicables ; variantes et champs à instancier après revue","UI_AUTH_API_DB","NON EXÉCUTÉ","Qualification détaillée et environnement isolé requis","","Lot référentiels (root pilote Clients)"
"REC-FRM-2d340572a60c","FRM-2d340572a60c","public","public-et-alias","/assistance","Qualifier puis exécuter dans les contextes applicables ; variantes et champs à instancier après revue","UI_AUTH_API_DB","NON EXÉCUTÉ","Qualification détaillée et environnement isolé requis","","Lot public-et-alias"
"REC-FRM-2db1b98950e7","FRM-2db1b98950e7","admin | dgmg | owner","artisan-minier","/artisan-minier/collecteurs/:id/modifier | /artisan-minier/collecteurs/nouveau","Qualifier puis exécuter dans les contextes applicables ; variantes et champs à instancier après revue","UI_AUTH_API_DB","NON EXÉCUTÉ","Qualification détaillée et environnement isolé requis","","Lot artisans et affiliations"
"REC-FRM-2e1574461a7c","FRM-2e1574461a7c","CONSOMMATEUR_NON_RESOLU","TRANSVERSE_OU_ORPHELIN_A_QUALIFIER","","Qualifier puis exécuter dans les contextes applicables ; variantes et champs à instancier après revue","UI_AUTH_API_DB","NON EXÉCUTÉ","Qualification détaillée et environnement isolé requis","","Lot partagé : propriétaire à affecter par orchestrateur"
"REC-FRM-2f188f9c433a","FRM-2f188f9c433a","admin | owner | sonasp","national_reserve","/national-reserve/allocations/:id/edit | /national-reserve/allocations/new","Qualifier puis exécuter dans les contextes applicables ; variantes et champs à instancier après revue","UI_AUTH_API_DB","NON EXÉCUTÉ","Qualification détaillée et environnement isolé requis","","Lot réserve nationale"
"REC-FRM-33e7a32061b5","FRM-33e7a32061b5","admin | customer | owner | sonasp","sales","/payments/create | /payments/record","Qualifier puis exécuter dans les contextes applicables ; variantes et champs à instancier après revue","UI_AUTH_API_DB","NON EXÉCUTÉ","Qualification détaillée et environnement isolé requis","","Lot ventes internationales et paiements"
"REC-FRM-36a34a995cf4","FRM-36a34a995cf4","CONSOMMATEUR_NON_RESOLU","TRANSVERSE_OU_ORPHELIN_A_QUALIFIER","","Qualifier puis exécuter dans les contextes applicables ; variantes et champs à instancier après revue","UI_AUTH_API_DB","NON EXÉCUTÉ","Qualification détaillée et environnement isolé requis","","Lot partagé : propriétaire à affecter par orchestrateur"
"REC-FRM-385ee0efbc9e","FRM-385ee0efbc9e","admin | owner | refinery | sonasp","gold_inventory","/inventory/add","Qualifier puis exécuter dans les contextes applicables ; variantes et champs à instancier après revue","UI_AUTH_API_DB","NON EXÉCUTÉ","Qualification détaillée et environnement isolé requis","","Lot stocks"
"REC-FRM-38e5db6d8365","FRM-38e5db6d8365","dgi | dgmg | owner","portal-dgi | portal-dgmg","/portail-dgi | /portail-dgmg","Qualifier puis exécuter dans les contextes applicables ; variantes et champs à instancier après revue","UI_AUTH_API_DB","NON EXÉCUTÉ","Qualification détaillée et environnement isolé requis","","Lot partagé : propriétaire à affecter par orchestrateur"
"REC-FRM-3b57c7a1b9b7","FRM-3b57c7a1b9b7","admin | owner | sonasp","stakeholders","/customers/:id/edit | /customers/new","Qualifier puis exécuter dans les contextes applicables ; variantes et champs à instancier après revue","UI_AUTH_API_DB","NON EXÉCUTÉ","Qualification détaillée et environnement isolé requis","","Lot référentiels (root pilote Clients)"
"REC-FRM-423df4e8c622","FRM-423df4e8c622","mine | owner","portal-mine","/portail-mine","Qualifier puis exécuter dans les contextes applicables ; variantes et champs à instancier après revue","UI_AUTH_API_DB","NON EXÉCUTÉ","Qualification détaillée et environnement isolé requis","","Lot portal-mine"
"REC-FRM-4367665069a9","FRM-4367665069a9","admin | owner | sonasp","stakeholders","/customers/:id/edit | /customers/new","Qualifier puis exécuter dans les contextes applicables ; variantes et champs à instancier après revue","UI_AUTH_API_DB","NON EXÉCUTÉ","Qualification détaillée et environnement isolé requis","","Lot référentiels (root pilote Clients)"
"REC-FRM-452525aacae1","FRM-452525aacae1","admin | owner","administration","/users/edit | /users/new","Qualifier puis exécuter dans les contextes applicables ; variantes et champs à instancier après revue","UI_AUTH_API_DB","NON EXÉCUTÉ","Qualification détaillée et environnement isolé requis","","Lot administration et IAM"
"REC-FRM-459cb9a8b141","FRM-459cb9a8b141","admin | owner | sonasp","artisan-minier","/artisan-minier/:artisanId/infractions/:infractionId/modifier | /artisan-minier/:artisanId/infractions/nouvelle","Qualifier puis exécuter dans les contextes applicables ; variantes et champs à instancier après revue","UI_AUTH_API_DB","NON EXÉCUTÉ","Qualification détaillée et environnement isolé requis","","Lot artisans et affiliations"
"REC-FRM-4fa5f679224d","FRM-4fa5f679224d","CONSOMMATEUR_NON_RESOLU","TRANSVERSE_OU_ORPHELIN_A_QUALIFIER","","Qualifier puis exécuter dans les contextes applicables ; variantes et champs à instancier après revue","UI_AUTH_API_DB","NON EXÉCUTÉ","Qualification détaillée et environnement isolé requis","","Lot partagé : propriétaire à affecter par orchestrateur"
"REC-FRM-517976e1af4b","FRM-517976e1af4b","public","authentification","/modifier-mot-de-passe","Qualifier puis exécuter dans les contextes applicables ; variantes et champs à instancier après revue","UI_AUTH_API_DB","NON EXÉCUTÉ","Qualification détaillée et environnement isolé requis","","Lot authentification"
"REC-FRM-5247c62cb29f","FRM-5247c62cb29f","admin | dgi | dgmg | factory | mine | owner | sonasp","production","/production/:id | /production/daily","Qualifier puis exécuter dans les contextes applicables ; variantes et champs à instancier après revue","UI_AUTH_API_DB","NON EXÉCUTÉ","Qualification détaillée et environnement isolé requis","","Lot production industrielle"
"REC-FRM-5459df678b01","FRM-5459df678b01","admin | owner | sonasp","national_reserve","/national-reserve/allocations/:id/edit | /national-reserve/allocations/new","Qualifier puis exécuter dans les contextes applicables ; variantes et champs à instancier après revue","UI_AUTH_API_DB","NON EXÉCUTÉ","Qualification détaillée et environnement isolé requis","","Lot réserve nationale"
"REC-FRM-5488885e0617","FRM-5488885e0617","admin | owner | sonasp","settings","/admin/gold-sales-settings","Qualifier puis exécuter dans les contextes applicables ; variantes et champs à instancier après revue","UI_AUTH_API_DB","NON EXÉCUTÉ","Qualification détaillée et environnement isolé requis","","Lot paramètres"
"REC-FRM-55108c4c6f2a","FRM-55108c4c6f2a","admin | owner | sonasp","public-et-alias","/admin/refineries/edit/:id | /admin/refineries/new","Qualifier puis exécuter dans les contextes applicables ; variantes et champs à instancier après revue","UI_AUTH_API_DB","NON EXÉCUTÉ","Qualification détaillée et environnement isolé requis","","Lot public-et-alias"
"REC-FRM-55b825314fd7","FRM-55b825314fd7","admin | collector | comptoir | dgmg | owner | sonasp","artisan-minier","/artisan-minier/:id/edit | /artisan-minier/liste","Qualifier puis exécuter dans les contextes applicables ; variantes et champs à instancier après revue","UI_AUTH_API_DB","NON EXÉCUTÉ","Qualification détaillée et environnement isolé requis","","Lot artisans et affiliations"
"REC-FRM-58633676e3df","FRM-58633676e3df","dgi | dgmg | owner","portal-dgi | portal-dgmg","/portail-dgi | /portail-dgmg","Qualifier puis exécuter dans les contextes applicables ; variantes et champs à instancier après revue","UI_AUTH_API_DB","NON EXÉCUTÉ","Qualification détaillée et environnement isolé requis","","Lot partagé : propriétaire à affecter par orchestrateur"
"REC-FRM-5bbd6591a81f","FRM-5bbd6591a81f","admin | owner | sonasp","gold_purchases","/achats/reglements/nouveau","Qualifier puis exécuter dans les contextes applicables ; variantes et champs à instancier après revue","UI_AUTH_API_DB","NON EXÉCUTÉ","Qualification détaillée et environnement isolé requis","","Lot achats et contrats"
"REC-FRM-6331f565ec07","FRM-6331f565ec07","admin | comptoir | owner | sonasp","artisan_gold_market","/artisan-minier/ventes-or/:id/modifier | /artisan-minier/ventes-or/nouvelle","Qualifier puis exécuter dans les contextes applicables ; variantes et champs à instancier après revue","UI_AUTH_API_DB","NON EXÉCUTÉ","Qualification détaillée et environnement isolé requis","","Lot marché artisanal et paiements"
"REC-FRM-66687f7913bb","FRM-66687f7913bb","admin | dgmg | owner","artisan-minier","/artisan-minier/comptoirs/:id | /artisan-minier/comptoirs/:id/modifier | /artisan-minier/comptoirs/nouveau","Qualifier puis exécuter dans les contextes applicables ; variantes et champs à instancier après revue","UI_AUTH_API_DB","NON EXÉCUTÉ","Qualification détaillée et environnement isolé requis","","Lot artisans et affiliations"
"REC-FRM-6980333d3822","FRM-6980333d3822","admin | mine | owner | sonasp","production","/production/licenses/edit/:id | /production/licenses/new","Qualifier puis exécuter dans les contextes applicables ; variantes et champs à instancier après revue","UI_AUTH_API_DB","NON EXÉCUTÉ","Qualification détaillée et environnement isolé requis","","Lot production industrielle"
"REC-FRM-6ae45e076c03","FRM-6ae45e076c03","admin | airport | mine | owner | sonasp","shipping","/freight-customs/:id","Qualifier puis exécuter dans les contextes applicables ; variantes et champs à instancier après revue","UI_AUTH_API_DB","NON EXÉCUTÉ","Qualification détaillée et environnement isolé requis","","Lot expéditions"
"REC-FRM-6be9f447941e","FRM-6be9f447941e","admin | collector | comptoir | dgmg | owner | sonasp","artisan-minier","/artisan-minier/:id | /artisan-minier/cartes/expirations | /artisan-minier/cartes/suivi | /artisan-minier/cartes/validation","Qualifier puis exécuter dans les contextes applicables ; variantes et champs à instancier après revue","UI_AUTH_API_DB","NON EXÉCUTÉ","Qualification détaillée et environnement isolé requis","","Lot artisans et affiliations"
"REC-FRM-6c243975b147","FRM-6c243975b147","admin | owner | sonasp","artisan-minier","/artisan-minier/:artisanId/infractions/:infractionId/modifier | /artisan-minier/:artisanId/infractions/nouvelle","Qualifier puis exécuter dans les contextes applicables ; variantes et champs à instancier après revue","UI_AUTH_API_DB","NON EXÉCUTÉ","Qualification détaillée et environnement isolé requis","","Lot artisans et affiliations"
"REC-FRM-7a807094d7e6","FRM-7a807094d7e6","admin | collector | comptoir | dgmg | owner | sonasp","artisan-minier","/artisan-minier/:id | /artisan-minier/cartes/expirations | /artisan-minier/cartes/suivi | /artisan-minier/cartes/validation","Qualifier puis exécuter dans les contextes applicables ; variantes et champs à instancier après revue","UI_AUTH_API_DB","NON EXÉCUTÉ","Qualification détaillée et environnement isolé requis","","Lot artisans et affiliations"
"REC-FRM-7ada765dcbed","FRM-7ada765dcbed","admin | collector | comptoir | owner | sonasp","artisan_gold_market","/artisan-minier/paiements/:venteId/nouveau","Qualifier puis exécuter dans les contextes applicables ; variantes et champs à instancier après revue","UI_AUTH_API_DB","NON EXÉCUTÉ","Qualification détaillée et environnement isolé requis","","Lot marché artisanal et paiements"
"REC-FRM-7cdbb137893b","FRM-7cdbb137893b","admin | comptoir | owner | sonasp","artisan_gold_market","/artisan-minier/ventes-or/:id/modifier | /artisan-minier/ventes-or/nouvelle","Qualifier puis exécuter dans les contextes applicables ; variantes et champs à instancier après revue","UI_AUTH_API_DB","NON EXÉCUTÉ","Qualification détaillée et environnement isolé requis","","Lot marché artisanal et paiements"
"REC-FRM-7df8f2fa6ab7","FRM-7df8f2fa6ab7","CONSOMMATEUR_NON_RESOLU","TRANSVERSE_OU_ORPHELIN_A_QUALIFIER","","Qualifier puis exécuter dans les contextes applicables ; variantes et champs à instancier après revue","UI_AUTH_API_DB","NON EXÉCUTÉ","Qualification détaillée et environnement isolé requis","","Lot partagé : propriétaire à affecter par orchestrateur"
"REC-FRM-7efbb0b9004d","FRM-7efbb0b9004d","admin | airport | mine | owner | sonasp","shipping","/freight-customs/:id","Qualifier puis exécuter dans les contextes applicables ; variantes et champs à instancier après revue","UI_AUTH_API_DB","NON EXÉCUTÉ","Qualification détaillée et environnement isolé requis","","Lot expéditions"
"REC-FRM-81a66a30c741","FRM-81a66a30c741","admin | mine | owner | sonasp","stakeholders","/stakeholders/depositors/:id/edit | /stakeholders/depositors/new","Qualifier puis exécuter dans les contextes applicables ; variantes et champs à instancier après revue","UI_AUTH_API_DB","NON EXÉCUTÉ","Qualification détaillée et environnement isolé requis","","Lot référentiels (root pilote Clients)"
"REC-FRM-81ae33e817d0","FRM-81ae33e817d0","admin | dgi | dgmg | factory | mine | owner | sonasp","production","/production/:id | /production/daily","Qualifier puis exécuter dans les contextes applicables ; variantes et champs à instancier après revue","UI_AUTH_API_DB","NON EXÉCUTÉ","Qualification détaillée et environnement isolé requis","","Lot production industrielle"
"REC-FRM-88ea8676b186","FRM-88ea8676b186","admin | owner | sonasp","public-et-alias","/admin/transport-companies/edit/:id | /admin/transport-companies/new","Qualifier puis exécuter dans les contextes applicables ; variantes et champs à instancier après revue","UI_AUTH_API_DB","NON EXÉCUTÉ","Qualification détaillée et environnement isolé requis","","Lot public-et-alias"
"REC-FRM-8c137b7e112d","FRM-8c137b7e112d","admin | owner | sonasp","production","/production/licenses/requests","Qualifier puis exécuter dans les contextes applicables ; variantes et champs à instancier après revue","UI_AUTH_API_DB","NON EXÉCUTÉ","Qualification détaillée et environnement isolé requis","","Lot production industrielle"
"REC-FRM-8c14aab2ee6a","FRM-8c14aab2ee6a","admin | dgmg | owner","mining_sites","/artisan-sites/:siteId/modifier | /artisan-sites/nouveau","Qualifier puis exécuter dans les contextes applicables ; variantes et champs à instancier après revue","UI_AUTH_API_DB","NON EXÉCUTÉ","Qualification détaillée et environnement isolé requis","","Lot sites artisanaux"
"REC-FRM-92653b3274ce","FRM-92653b3274ce","admin | collector | comptoir | dgmg | owner | sonasp","artisan_gold_market","/collecte/ventes | /collecte/ventes/nouvelle","Qualifier puis exécuter dans les contextes applicables ; variantes et champs à instancier après revue","UI_AUTH_API_DB","NON EXÉCUTÉ","Qualification détaillée et environnement isolé requis","","Lot marché artisanal et paiements"
"REC-FRM-9336322cf3ea","FRM-9336322cf3ea","admin | airport | factory | mine | owner | sonasp","shipping","/shipping/preparation/:id/edit","Qualifier puis exécuter dans les contextes applicables ; variantes et champs à instancier après revue","UI_AUTH_API_DB","NON EXÉCUTÉ","Qualification détaillée et environnement isolé requis","","Lot expéditions"
"REC-FRM-9348d5997f65","FRM-9348d5997f65","admin | airport | mine | owner | sonasp","shipping","/freight-customs/:id","Qualifier puis exécuter dans les contextes applicables ; variantes et champs à instancier après revue","UI_AUTH_API_DB","NON EXÉCUTÉ","Qualification détaillée et environnement isolé requis","","Lot expéditions"
"REC-FRM-936f7c56741c","FRM-936f7c56741c","admin | owner | sonasp","artisan-minier","/artisan-minier/:artisanId/infractions/:infractionId/modifier | /artisan-minier/:artisanId/infractions/nouvelle","Qualifier puis exécuter dans les contextes applicables ; variantes et champs à instancier après revue","UI_AUTH_API_DB","NON EXÉCUTÉ","Qualification détaillée et environnement isolé requis","","Lot artisans et affiliations"
"REC-FRM-93eb215ab2b6","FRM-93eb215ab2b6","admin | collector | comptoir | owner | sonasp","artisan_gold_market","/artisan-minier/paiements/:venteId/nouveau","Qualifier puis exécuter dans les contextes applicables ; variantes et champs à instancier après revue","UI_AUTH_API_DB","NON EXÉCUTÉ","Qualification détaillée et environnement isolé requis","","Lot marché artisanal et paiements"
"REC-FRM-95c9c70dc82b","FRM-95c9c70dc82b","CONSOMMATEUR_NON_RESOLU","TRANSVERSE_OU_ORPHELIN_A_QUALIFIER","","Qualifier puis exécuter dans les contextes applicables ; variantes et champs à instancier après revue","UI_AUTH_API_DB","NON EXÉCUTÉ","Qualification détaillée et environnement isolé requis","","Lot partagé : propriétaire à affecter par orchestrateur"
"REC-FRM-9618b877725e","FRM-9618b877725e","admin | dgmg | owner","mining_sites","/artisan-sites/:siteId/modifier | /artisan-sites/nouveau","Qualifier puis exécuter dans les contextes applicables ; variantes et champs à instancier après revue","UI_AUTH_API_DB","NON EXÉCUTÉ","Qualification détaillée et environnement isolé requis","","Lot sites artisanaux"
"REC-FRM-9b89493de7b8","FRM-9b89493de7b8","admin | owner | sonasp","production","/production/achats-mines","Qualifier puis exécuter dans les contextes applicables ; variantes et champs à instancier après revue","UI_AUTH_API_DB","NON EXÉCUTÉ","Qualification détaillée et environnement isolé requis","","Lot production industrielle"
"REC-FRM-9c2e8ec9b00f","FRM-9c2e8ec9b00f","admin | collector | comptoir | dgmg | owner | sonasp","artisan-minier","/artisan-minier/:id | /artisan-minier/cartes/expirations | /artisan-minier/cartes/suivi | /artisan-minier/cartes/validation","Qualifier puis exécuter dans les contextes applicables ; variantes et champs à instancier après revue","UI_AUTH_API_DB","NON EXÉCUTÉ","Qualification détaillée et environnement isolé requis","","Lot artisans et affiliations"
"REC-FRM-9de01f5d9bee","FRM-9de01f5d9bee","admin | dgmg | owner | sonasp","stakeholders","/stakeholders/organizations/:id/edit | /stakeholders/organizations/new","Qualifier puis exécuter dans les contextes applicables ; variantes et champs à instancier après revue","UI_AUTH_API_DB","NON EXÉCUTÉ","Qualification détaillée et environnement isolé requis","","Lot référentiels (root pilote Clients)"
"REC-FRM-9f2255a5da29","FRM-9f2255a5da29","admin | dgmg | owner","artisan-minier","/artisan-minier/comptoirs/:id | /artisan-minier/comptoirs/:id/modifier | /artisan-minier/comptoirs/nouveau","Qualifier puis exécuter dans les contextes applicables ; variantes et champs à instancier après revue","UI_AUTH_API_DB","NON EXÉCUTÉ","Qualification détaillée et environnement isolé requis","","Lot artisans et affiliations"
"REC-FRM-a15249b257de","FRM-a15249b257de","CONSOMMATEUR_NON_RESOLU","TRANSVERSE_OU_ORPHELIN_A_QUALIFIER","","Qualifier puis exécuter dans les contextes applicables ; variantes et champs à instancier après revue","UI_AUTH_API_DB","NON EXÉCUTÉ","Qualification détaillée et environnement isolé requis","","Lot partagé : propriétaire à affecter par orchestrateur"
"REC-FRM-a46e55c07841","FRM-a46e55c07841","admin | collector | comptoir | dgmg | owner | sonasp","artisan-minier","/artisan-minier/:id/edit | /artisan-minier/liste","Qualifier puis exécuter dans les contextes applicables ; variantes et champs à instancier après revue","UI_AUTH_API_DB","NON EXÉCUTÉ","Qualification détaillée et environnement isolé requis","","Lot artisans et affiliations"
"REC-FRM-a9b8e3138c7b","FRM-a9b8e3138c7b","admin | owner | sonasp","public-et-alias","/admin/refineries/edit/:id | /admin/refineries/new","Qualifier puis exécuter dans les contextes applicables ; variantes et champs à instancier après revue","UI_AUTH_API_DB","NON EXÉCUTÉ","Qualification détaillée et environnement isolé requis","","Lot public-et-alias"
"REC-FRM-a9e635717499","FRM-a9e635717499","admin | owner | sonasp","public-et-alias","/admin/transport-companies/edit/:id | /admin/transport-companies/new","Qualifier puis exécuter dans les contextes applicables ; variantes et champs à instancier après revue","UI_AUTH_API_DB","NON EXÉCUTÉ","Qualification détaillée et environnement isolé requis","","Lot public-et-alias"
"REC-FRM-aac68ed247be","FRM-aac68ed247be","admin | collector | comptoir | dgmg | owner | sonasp","artisan-minier","/artisan-minier/:id | /artisan-minier/cartes/expirations | /artisan-minier/cartes/suivi | /artisan-minier/cartes/validation","Qualifier puis exécuter dans les contextes applicables ; variantes et champs à instancier après revue","UI_AUTH_API_DB","NON EXÉCUTÉ","Qualification détaillée et environnement isolé requis","","Lot artisans et affiliations"
"REC-FRM-ab65fa50a125","FRM-ab65fa50a125","comptoir | owner","portal-comptoir","/portail-comptoir/ventes-sonasp","Qualifier puis exécuter dans les contextes applicables ; variantes et champs à instancier après revue","UI_AUTH_API_DB","NON EXÉCUTÉ","Qualification détaillée et environnement isolé requis","","Lot portal-comptoir"
"REC-FRM-ad2f17a75311","FRM-ad2f17a75311","public","authentification","/login","Qualifier puis exécuter dans les contextes applicables ; variantes et champs à instancier après revue","UI_AUTH_API_DB","NON EXÉCUTÉ","Qualification détaillée et environnement isolé requis","","Lot authentification"
"REC-FRM-b70ba84d6032","FRM-b70ba84d6032","admin | mine | owner | sonasp","international_markets","/sales/simulator","Qualifier puis exécuter dans les contextes applicables ; variantes et champs à instancier après revue","UI_AUTH_API_DB","NON EXÉCUTÉ","Qualification détaillée et environnement isolé requis","","Lot international_markets"
"REC-FRM-b8c3c5e8da6b","FRM-b8c3c5e8da6b","admin | mine | owner | sonasp","stakeholders","/stakeholders/depositors/:id/edit | /stakeholders/depositors/new","Qualifier puis exécuter dans les contextes applicables ; variantes et champs à instancier après revue","UI_AUTH_API_DB","NON EXÉCUTÉ","Qualification détaillée et environnement isolé requis","","Lot référentiels (root pilote Clients)"
"REC-FRM-b9a2d10fe77b","FRM-b9a2d10fe77b","admin | owner | sonasp","gold_purchases","/requisitions/:id/modifier | /requisitions/nouvelle","Qualifier puis exécuter dans les contextes applicables ; variantes et champs à instancier après revue","UI_AUTH_API_DB","NON EXÉCUTÉ","Qualification détaillée et environnement isolé requis","","Lot achats et contrats"
"REC-FRM-bc28169ae8b4","FRM-bc28169ae8b4","admin | dgmg | owner | sonasp","stakeholders","/stakeholders/mining-companies/:id/edit | /stakeholders/mining-companies/new","Qualifier puis exécuter dans les contextes applicables ; variantes et champs à instancier après revue","UI_AUTH_API_DB","NON EXÉCUTÉ","Qualification détaillée et environnement isolé requis","","Lot référentiels (root pilote Clients)"
"REC-FRM-c75b5cfad4fa","FRM-c75b5cfad4fa","admin | dgmg | owner | sonasp","stakeholders","/stakeholders/mining-companies/:id/edit | /stakeholders/mining-companies/new","Qualifier puis exécuter dans les contextes applicables ; variantes et champs à instancier après revue","UI_AUTH_API_DB","NON EXÉCUTÉ","Qualification détaillée et environnement isolé requis","","Lot référentiels (root pilote Clients)"
"REC-FRM-cb7d88bed5f6","FRM-cb7d88bed5f6","admin | dgmg | owner","artisan-minier","/artisan-minier/collecteurs/:id/modifier | /artisan-minier/collecteurs/nouveau","Qualifier puis exécuter dans les contextes applicables ; variantes et champs à instancier après revue","UI_AUTH_API_DB","NON EXÉCUTÉ","Qualification détaillée et environnement isolé requis","","Lot artisans et affiliations"
"REC-FRM-cc2800016b21","FRM-cc2800016b21","admin | airport | factory | mine | owner | sonasp","shipping","/freight/shipments/create","Qualifier puis exécuter dans les contextes applicables ; variantes et champs à instancier après revue","UI_AUTH_API_DB","NON EXÉCUTÉ","Qualification détaillée et environnement isolé requis","","Lot expéditions"
"REC-FRM-cf6b7e8e7ab1","FRM-cf6b7e8e7ab1","admin | collector | comptoir | dgmg | owner | sonasp","artisan-minier","/artisan-minier/:id/edit | /artisan-minier/liste","Qualifier puis exécuter dans les contextes applicables ; variantes et champs à instancier après revue","UI_AUTH_API_DB","NON EXÉCUTÉ","Qualification détaillée et environnement isolé requis","","Lot artisans et affiliations"
"REC-FRM-d0d5c6c7f8be","FRM-d0d5c6c7f8be","admin | mine | owner | sonasp","gold_purchases","/contrats/:id | /requisitions/:id","Qualifier puis exécuter dans les contextes applicables ; variantes et champs à instancier après revue","UI_AUTH_API_DB","NON EXÉCUTÉ","Qualification détaillée et environnement isolé requis","","Lot achats et contrats"
"REC-FRM-d203fedbc345","FRM-d203fedbc345","admin | owner | sonasp","stakeholders","/customers/:id/edit | /customers/new","Qualifier puis exécuter dans les contextes applicables ; variantes et champs à instancier après revue","UI_AUTH_API_DB","NON EXÉCUTÉ","Qualification détaillée et environnement isolé requis","","Lot référentiels (root pilote Clients)"
"REC-FRM-d4c4f7f00675","FRM-d4c4f7f00675","admin | mine | owner | sonasp","gold_purchases","/contrats/:id/modifier | /contrats/nouveau","Qualifier puis exécuter dans les contextes applicables ; variantes et champs à instancier après revue","UI_AUTH_API_DB","NON EXÉCUTÉ","Qualification détaillée et environnement isolé requis","","Lot achats et contrats"
"REC-FRM-d5ec53153def","FRM-d5ec53153def","admin | airport | mine | owner | sonasp","shipping","/freight-customs/create","Qualifier puis exécuter dans les contextes applicables ; variantes et champs à instancier après revue","UI_AUTH_API_DB","NON EXÉCUTÉ","Qualification détaillée et environnement isolé requis","","Lot expéditions"
"REC-FRM-daad01c3e46e","FRM-daad01c3e46e","admin | mine | owner | sonasp","production","/production/licenses/edit/:id | /production/licenses/new","Qualifier puis exécuter dans les contextes applicables ; variantes et champs à instancier après revue","UI_AUTH_API_DB","NON EXÉCUTÉ","Qualification détaillée et environnement isolé requis","","Lot production industrielle"
"REC-FRM-ddf3ef63432c","FRM-ddf3ef63432c","CONSOMMATEUR_NON_RESOLU","TRANSVERSE_OU_ORPHELIN_A_QUALIFIER","","Qualifier puis exécuter dans les contextes applicables ; variantes et champs à instancier après revue","UI_AUTH_API_DB","NON EXÉCUTÉ","Qualification détaillée et environnement isolé requis","","Lot partagé : propriétaire à affecter par orchestrateur"
"REC-FRM-de7504c50b05","FRM-de7504c50b05","admin | dgmg | owner","artisan-minier","/artisan-minier/collecteurs/:id/modifier | /artisan-minier/collecteurs/nouveau","Qualifier puis exécuter dans les contextes applicables ; variantes et champs à instancier après revue","UI_AUTH_API_DB","NON EXÉCUTÉ","Qualification détaillée et environnement isolé requis","","Lot artisans et affiliations"
"REC-FRM-e0453531a1c8","FRM-e0453531a1c8","admin | dgmg | owner","mining_sites","/artisan-sites/:siteId/modifier | /artisan-sites/nouveau","Qualifier puis exécuter dans les contextes applicables ; variantes et champs à instancier après revue","UI_AUTH_API_DB","NON EXÉCUTÉ","Qualification détaillée et environnement isolé requis","","Lot sites artisanaux"
"REC-FRM-e5ffd99d9ab7","FRM-e5ffd99d9ab7","admin | dgi | mine | owner | sonasp","conciliation","/conciliation/:id","Qualifier puis exécuter dans les contextes applicables ; variantes et champs à instancier après revue","UI_AUTH_API_DB","NON EXÉCUTÉ","Qualification détaillée et environnement isolé requis","","Lot conciliation"
"REC-FRM-e8c760612161","FRM-e8c760612161","admin | collector | comptoir | dgmg | owner | sonasp","artisan-minier","/artisan-minier/:id | /artisan-minier/cartes/expirations | /artisan-minier/cartes/suivi | /artisan-minier/cartes/validation","Qualifier puis exécuter dans les contextes applicables ; variantes et champs à instancier après revue","UI_AUTH_API_DB","NON EXÉCUTÉ","Qualification détaillée et environnement isolé requis","","Lot artisans et affiliations"
"REC-FRM-ea853d0afce4","FRM-ea853d0afce4","admin | customer | mine | owner | refinery | sonasp","sales","/sales/:id","Qualifier puis exécuter dans les contextes applicables ; variantes et champs à instancier après revue","UI_AUTH_API_DB","NON EXÉCUTÉ","Qualification détaillée et environnement isolé requis","","Lot ventes internationales et paiements"
"REC-FRM-ee54e0f7befc","FRM-ee54e0f7befc","admin | owner | sonasp","artisan-minier","/artisan-minier/cartes/expirations | /artisan-minier/cartes/suivi | /artisan-minier/cartes/validation","Qualifier puis exécuter dans les contextes applicables ; variantes et champs à instancier après revue","UI_AUTH_API_DB","NON EXÉCUTÉ","Qualification détaillée et environnement isolé requis","","Lot artisans et affiliations"
"REC-FRM-ef7490f3098d","FRM-ef7490f3098d","admin | collector | comptoir | dgmg | owner | sonasp","artisan-minier","/artisan-minier/:id | /artisan-minier/cartes/expirations | /artisan-minier/cartes/suivi | /artisan-minier/cartes/validation","Qualifier puis exécuter dans les contextes applicables ; variantes et champs à instancier après revue","UI_AUTH_API_DB","NON EXÉCUTÉ","Qualification détaillée et environnement isolé requis","","Lot artisans et affiliations"
"REC-FRM-f1e21a07476b","FRM-f1e21a07476b","admin | dgmg | owner | sonasp","stakeholders","/stakeholders/mining-companies/:id/edit | /stakeholders/mining-companies/new","Qualifier puis exécuter dans les contextes applicables ; variantes et champs à instancier après revue","UI_AUTH_API_DB","NON EXÉCUTÉ","Qualification détaillée et environnement isolé requis","","Lot référentiels (root pilote Clients)"
"REC-FRM-f2820cbb2fc9","FRM-f2820cbb2fc9","CONSOMMATEUR_NON_RESOLU","TRANSVERSE_OU_ORPHELIN_A_QUALIFIER","","Qualifier puis exécuter dans les contextes applicables ; variantes et champs à instancier après revue","UI_AUTH_API_DB","NON EXÉCUTÉ","Qualification détaillée et environnement isolé requis","","Lot partagé : propriétaire à affecter par orchestrateur"
"REC-FRM-f3de2bb869b2","FRM-f3de2bb869b2","admin | airport | factory | mine | owner | sonasp","shipping","/shipping/preparation/new","Qualifier puis exécuter dans les contextes applicables ; variantes et champs à instancier après revue","UI_AUTH_API_DB","NON EXÉCUTÉ","Qualification détaillée et environnement isolé requis","","Lot expéditions"
"REC-FRM-f69089db8254","FRM-f69089db8254","admin | airport | collector | comptoir | customer | dgi | dgmg | direction | factory | mine | owner | refinery | sonasp","transverse","/profile","Qualifier puis exécuter dans les contextes applicables ; variantes et champs à instancier après revue","UI_AUTH_API_DB","NON EXÉCUTÉ","Qualification détaillée et environnement isolé requis","","Lot transverse"
"REC-FRM-fc152e09b9fb","FRM-fc152e09b9fb","admin | airport | factory | mine | owner | sonasp","documents","/documents/assay-certificates","Qualifier puis exécuter dans les contextes applicables ; variantes et champs à instancier après revue","UI_AUTH_API_DB","NON EXÉCUTÉ","Qualification détaillée et environnement isolé requis","","Lot documents"
"REC-FRM-fd1a9749d8b6","FRM-fd1a9749d8b6","admin | owner | sonasp","public-et-alias","/sonasp/cessions-comptoirs","Qualifier puis exécuter dans les contextes applicables ; variantes et champs à instancier après revue","UI_AUTH_API_DB","NON EXÉCUTÉ","Qualification détaillée et environnement isolé requis","","Lot public-et-alias"
"REC-FRM-fdcfe3cfbc40","FRM-fdcfe3cfbc40","admin | mine | owner | sonasp","production","/production/licenses/edit/:id | /production/licenses/new","Qualifier puis exécuter dans les contextes applicables ; variantes et champs à instancier après revue","UI_AUTH_API_DB","NON EXÉCUTÉ","Qualification détaillée et environnement isolé requis","","Lot production industrielle"
"REC-MOD-01ed5ecfc3ff","MOD-01ed5ecfc3ff","admin | airport | factory | mine | owner | sonasp","production | shipping","/production/licenses/edit/:id | /production/licenses/new | /shipping/preparation/:id | /shipping/preparation/:id/details | /shipping/preparation/:id/edit","Qualifier puis exécuter dans les contextes applicables ; variantes et champs à instancier après revue","UI_AUTH_API_DB","NON EXÉCUTÉ","Qualification détaillée et environnement isolé requis","","Lot partagé : propriétaire à affecter par orchestrateur"
"REC-MOD-04076c9286ee","MOD-04076c9286ee","admin | collector | comptoir | dgi | owner | sonasp","administration | artisan_gold_market | public-et-alias | settings","/access/portals | /admin/gold-sales-settings | /admin/modules | /admin/users | /artisan-minier/paiements/:venteId/nouveau | /artisan-minier/paiements/historique/:paiementId | /artisan-minier/ventes-or | /artisan-minier/ventes-or/:id | /users","Qualifier puis exécuter dans les contextes applicables ; variantes et champs à instancier après revue","UI_AUTH_API_DB","NON EXÉCUTÉ","Qualification détaillée et environnement isolé requis","","Lot partagé : propriétaire à affecter par orchestrateur"
"REC-MOD-0568f9487bb8","MOD-0568f9487bb8","CONSOMMATEUR_NON_RESOLU","TRANSVERSE_OU_ORPHELIN_A_QUALIFIER","","Qualifier puis exécuter dans les contextes applicables ; variantes et champs à instancier après revue","UI_AUTH_API_DB","NON EXÉCUTÉ","Qualification détaillée et environnement isolé requis","","Lot partagé : propriétaire à affecter par orchestrateur"
"REC-MOD-0655c3bca691","MOD-0655c3bca691","owner | sonasp","public-et-alias","/approvals","Qualifier puis exécuter dans les contextes applicables ; variantes et champs à instancier après revue","UI_AUTH_API_DB","NON EXÉCUTÉ","Qualification détaillée et environnement isolé requis","","Lot public-et-alias"
"REC-MOD-090b0d2f35e5","MOD-090b0d2f35e5","CONSOMMATEUR_NON_RESOLU","TRANSVERSE_OU_ORPHELIN_A_QUALIFIER","","Qualifier puis exécuter dans les contextes applicables ; variantes et champs à instancier après revue","UI_AUTH_API_DB","NON EXÉCUTÉ","Qualification détaillée et environnement isolé requis","","Lot partagé : propriétaire à affecter par orchestrateur"
"REC-MOD-09ae2622c3ce","MOD-09ae2622c3ce","admin | airport | factory | mine | owner | sonasp","shipping","/freight/shipments/create","Qualifier puis exécuter dans les contextes applicables ; variantes et champs à instancier après revue","UI_AUTH_API_DB","NON EXÉCUTÉ","Qualification détaillée et environnement isolé requis","","Lot expéditions"
"REC-MOD-0b0f25d6162c","MOD-0b0f25d6162c","admin | airport | factory | mine | owner | sonasp","documents | shipping","/documents/assay-certificates | /freight | /freight-customs | /freight-customs/:id | /freight-customs/create | /freight/shipments/create | /shipping | /shipping/preparation | /shipping/preparation/new","Qualifier puis exécuter dans les contextes applicables ; variantes et champs à instancier après revue","UI_AUTH_API_DB","NON EXÉCUTÉ","Qualification détaillée et environnement isolé requis","","Lot partagé : propriétaire à affecter par orchestrateur"
"REC-MOD-0b1689a409fe","MOD-0b1689a409fe","admin | collector | comptoir | dgi | owner | sonasp","administration | artisan_gold_market | public-et-alias | settings","/access/portals | /admin/gold-sales-settings | /admin/modules | /admin/users | /artisan-minier/paiements/:venteId/nouveau | /artisan-minier/paiements/historique/:paiementId | /artisan-minier/ventes-or | /artisan-minier/ventes-or/:id | /users","Qualifier puis exécuter dans les contextes applicables ; variantes et champs à instancier après revue","UI_AUTH_API_DB","NON EXÉCUTÉ","Qualification détaillée et environnement isolé requis","","Lot partagé : propriétaire à affecter par orchestrateur"
"REC-MOD-0b1b351d8a48","MOD-0b1b351d8a48","admin | dgi | dgmg | factory | mine | owner | sonasp","production","/production/:id","Qualifier puis exécuter dans les contextes applicables ; variantes et champs à instancier après revue","UI_AUTH_API_DB","NON EXÉCUTÉ","Qualification détaillée et environnement isolé requis","","Lot production industrielle"
"REC-MOD-0bd85c69f120","MOD-0bd85c69f120","admin | owner | sonasp","gold_purchases","/achats/reglements/nouveau","Qualifier puis exécuter dans les contextes applicables ; variantes et champs à instancier après revue","UI_AUTH_API_DB","NON EXÉCUTÉ","Qualification détaillée et environnement isolé requis","","Lot achats et contrats"
"REC-MOD-0be632b59f14","MOD-0be632b59f14","admin | owner | sonasp","production","/production/licenses/requests","Qualifier puis exécuter dans les contextes applicables ; variantes et champs à instancier après revue","UI_AUTH_API_DB","NON EXÉCUTÉ","Qualification détaillée et environnement isolé requis","","Lot production industrielle"
"REC-MOD-0d2a46c05038","MOD-0d2a46c05038","admin | mine | owner | sonasp","administration | production | settings","/admin/settings | /parameters | /production/licenses/edit/:id | /production/licenses/new","Qualifier puis exécuter dans les contextes applicables ; variantes et champs à instancier après revue","UI_AUTH_API_DB","NON EXÉCUTÉ","Qualification détaillée et environnement isolé requis","","Lot partagé : propriétaire à affecter par orchestrateur"
"REC-MOD-0e430121e9c0","MOD-0e430121e9c0","admin | collector | comptoir | dgi | owner | sonasp","artisan_gold_market","/artisan-minier/ventes-or","Qualifier puis exécuter dans les contextes applicables ; variantes et champs à instancier après revue","UI_AUTH_API_DB","NON EXÉCUTÉ","Qualification détaillée et environnement isolé requis","","Lot marché artisanal et paiements"
"REC-MOD-0f6e829ba0d7","MOD-0f6e829ba0d7","owner | sonasp","public-et-alias","/approvals","Qualifier puis exécuter dans les contextes applicables ; variantes et champs à instancier après revue","UI_AUTH_API_DB","NON EXÉCUTÉ","Qualification détaillée et environnement isolé requis","","Lot public-et-alias"
"REC-MOD-1b01ed0cdf61","MOD-1b01ed0cdf61","CONSOMMATEUR_NON_RESOLU","TRANSVERSE_OU_ORPHELIN_A_QUALIFIER","","Qualifier puis exécuter dans les contextes applicables ; variantes et champs à instancier après revue","UI_AUTH_API_DB","NON EXÉCUTÉ","Qualification détaillée et environnement isolé requis","","Lot partagé : propriétaire à affecter par orchestrateur"
"REC-MOD-1e37c1c31c34","MOD-1e37c1c31c34","CONSOMMATEUR_NON_RESOLU","TRANSVERSE_OU_ORPHELIN_A_QUALIFIER","","Qualifier puis exécuter dans les contextes applicables ; variantes et champs à instancier après revue","UI_AUTH_API_DB","NON EXÉCUTÉ","Qualification détaillée et environnement isolé requis","","Lot partagé : propriétaire à affecter par orchestrateur"
"REC-MOD-25164ec4cf94","MOD-25164ec4cf94","admin | airport | mine | owner | sonasp","shipping","/freight-customs/:id","Qualifier puis exécuter dans les contextes applicables ; variantes et champs à instancier après revue","UI_AUTH_API_DB","NON EXÉCUTÉ","Qualification détaillée et environnement isolé requis","","Lot expéditions"
"REC-MOD-2d83ac37b854","MOD-2d83ac37b854","CONSOMMATEUR_NON_RESOLU","TRANSVERSE_OU_ORPHELIN_A_QUALIFIER","","Qualifier puis exécuter dans les contextes applicables ; variantes et champs à instancier après revue","UI_AUTH_API_DB","NON EXÉCUTÉ","Qualification détaillée et environnement isolé requis","","Lot partagé : propriétaire à affecter par orchestrateur"
"REC-MOD-2da900dfb9ef","MOD-2da900dfb9ef","admin | dgi | dgmg | factory | mine | owner | sonasp","production","/production/in-safe","Qualifier puis exécuter dans les contextes applicables ; variantes et champs à instancier après revue","UI_AUTH_API_DB","NON EXÉCUTÉ","Qualification détaillée et environnement isolé requis","","Lot production industrielle"
"REC-MOD-2f874964febf","MOD-2f874964febf","admin | mine | owner | refinery | sonasp","gold_inventory","/inventory","Qualifier puis exécuter dans les contextes applicables ; variantes et champs à instancier après revue","UI_AUTH_API_DB","NON EXÉCUTÉ","Qualification détaillée et environnement isolé requis","","Lot stocks"
"REC-MOD-2fa60a1ca9d0","MOD-2fa60a1ca9d0","admin | airport | factory | mine | owner | sonasp","documents","/documents/assay-certificates","Qualifier puis exécuter dans les contextes applicables ; variantes et champs à instancier après revue","UI_AUTH_API_DB","NON EXÉCUTÉ","Qualification détaillée et environnement isolé requis","","Lot documents"
"REC-MOD-31906b917171","MOD-31906b917171","admin | airport | factory | mine | owner | sonasp","shipping","/shipping/preparation/new","Qualifier puis exécuter dans les contextes applicables ; variantes et champs à instancier après revue","UI_AUTH_API_DB","NON EXÉCUTÉ","Qualification détaillée et environnement isolé requis","","Lot expéditions"
"REC-MOD-33b4e49525f9","MOD-33b4e49525f9","admin | mine | owner | refinery | sonasp","refining","/refining | /refining/:id/process","Qualifier puis exécuter dans les contextes applicables ; variantes et champs à instancier après revue","UI_AUTH_API_DB","NON EXÉCUTÉ","Qualification détaillée et environnement isolé requis","","Lot raffinage"
"REC-MOD-352772bc5ece","MOD-352772bc5ece","admin | owner","administration | public-et-alias","/admin/users | /users","Qualifier puis exécuter dans les contextes applicables ; variantes et champs à instancier après revue","UI_AUTH_API_DB","NON EXÉCUTÉ","Qualification détaillée et environnement isolé requis","","Lot partagé : propriétaire à affecter par orchestrateur"
"REC-MOD-35336f2e26cb","MOD-35336f2e26cb","admin | mine | owner | refinery | sonasp","refining","/refining | /refining/:id/process","Qualifier puis exécuter dans les contextes applicables ; variantes et champs à instancier après revue","UI_AUTH_API_DB","NON EXÉCUTÉ","Qualification détaillée et environnement isolé requis","","Lot raffinage"
"REC-MOD-365bef4fcb20","MOD-365bef4fcb20","admin | owner | sonasp","artisan-minier","/artisan-minier","Qualifier puis exécuter dans les contextes applicables ; variantes et champs à instancier après revue","UI_AUTH_API_DB","NON EXÉCUTÉ","Qualification détaillée et environnement isolé requis","","Lot artisans et affiliations"
"REC-MOD-367a5e2d759d","MOD-367a5e2d759d","owner | sonasp","public-et-alias","/approvals","Qualifier puis exécuter dans les contextes applicables ; variantes et champs à instancier après revue","UI_AUTH_API_DB","NON EXÉCUTÉ","Qualification détaillée et environnement isolé requis","","Lot public-et-alias"
"REC-MOD-3b1190051161","MOD-3b1190051161","admin | owner","administration","/access/portals","Qualifier puis exécuter dans les contextes applicables ; variantes et champs à instancier après revue","UI_AUTH_API_DB","NON EXÉCUTÉ","Qualification détaillée et environnement isolé requis","","Lot administration et IAM"
"REC-MOD-3bb27bfd7eca","MOD-3bb27bfd7eca","admin | owner | sonasp","public-et-alias","/sonasp/cessions-comptoirs","Qualifier puis exécuter dans les contextes applicables ; variantes et champs à instancier après revue","UI_AUTH_API_DB","NON EXÉCUTÉ","Qualification détaillée et environnement isolé requis","","Lot public-et-alias"
"REC-MOD-3d06418e7cb4","MOD-3d06418e7cb4","admin | dgi | dgmg | factory | mine | owner | sonasp","production","/production/:id","Qualifier puis exécuter dans les contextes applicables ; variantes et champs à instancier après revue","UI_AUTH_API_DB","NON EXÉCUTÉ","Qualification détaillée et environnement isolé requis","","Lot production industrielle"
"REC-MOD-415246cc7c10","MOD-415246cc7c10","admin | owner | sonasp","settings","/admin/gold-sales-settings","Qualifier puis exécuter dans les contextes applicables ; variantes et champs à instancier après revue","UI_AUTH_API_DB","NON EXÉCUTÉ","Qualification détaillée et environnement isolé requis","","Lot paramètres"
"REC-MOD-43bfec902aec","MOD-43bfec902aec","admin | mine | owner | sonasp","production","/production/licenses/edit/:id | /production/licenses/new","Qualifier puis exécuter dans les contextes applicables ; variantes et champs à instancier après revue","UI_AUTH_API_DB","NON EXÉCUTÉ","Qualification détaillée et environnement isolé requis","","Lot production industrielle"
"REC-MOD-443c81efcdec","MOD-443c81efcdec","admin | mine | owner | sonasp","administration | production | settings","/admin/settings | /parameters | /production/licenses/edit/:id | /production/licenses/new","Qualifier puis exécuter dans les contextes applicables ; variantes et champs à instancier après revue","UI_AUTH_API_DB","NON EXÉCUTÉ","Qualification détaillée et environnement isolé requis","","Lot partagé : propriétaire à affecter par orchestrateur"
"REC-MOD-4fb433b55af4","MOD-4fb433b55af4","admin | airport | factory | mine | owner | sonasp","shipping","/shipping/preparation/:id | /shipping/preparation/:id/details","Qualifier puis exécuter dans les contextes applicables ; variantes et champs à instancier après revue","UI_AUTH_API_DB","NON EXÉCUTÉ","Qualification détaillée et environnement isolé requis","","Lot expéditions"
"REC-MOD-5013bd8debb2","MOD-5013bd8debb2","comptoir | owner","portal-comptoir","/portail-comptoir/ventes-sonasp","Qualifier puis exécuter dans les contextes applicables ; variantes et champs à instancier après revue","UI_AUTH_API_DB","NON EXÉCUTÉ","Qualification détaillée et environnement isolé requis","","Lot portal-comptoir"
"REC-MOD-5169284290ae","MOD-5169284290ae","admin | mine | owner | refinery | sonasp","refining","/refining | /refining/:id/process","Qualifier puis exécuter dans les contextes applicables ; variantes et champs à instancier après revue","UI_AUTH_API_DB","NON EXÉCUTÉ","Qualification détaillée et environnement isolé requis","","Lot raffinage"
"REC-MOD-546f1a143ab1","MOD-546f1a143ab1","admin | dgi | mine | owner | sonasp","conciliation","/conciliation/regles-fiscales","Qualifier puis exécuter dans les contextes applicables ; variantes et champs à instancier après revue","UI_AUTH_API_DB","NON EXÉCUTÉ","Qualification détaillée et environnement isolé requis","","Lot conciliation"
"REC-MOD-5b4c29f119f6","MOD-5b4c29f119f6","admin | airport | mine | owner | sonasp","shipping","/freight-customs/create","Qualifier puis exécuter dans les contextes applicables ; variantes et champs à instancier après revue","UI_AUTH_API_DB","NON EXÉCUTÉ","Qualification détaillée et environnement isolé requis","","Lot expéditions"
"REC-MOD-5e2d0d7d0afa","MOD-5e2d0d7d0afa","CONSOMMATEUR_NON_RESOLU","TRANSVERSE_OU_ORPHELIN_A_QUALIFIER","","Qualifier puis exécuter dans les contextes applicables ; variantes et champs à instancier après revue","UI_AUTH_API_DB","NON EXÉCUTÉ","Qualification détaillée et environnement isolé requis","","Lot partagé : propriétaire à affecter par orchestrateur"
"REC-MOD-64e1d04ea619","MOD-64e1d04ea619","admin | airport | customer | factory | mine | owner | refinery | sonasp","international_markets","/fx-rates","Qualifier puis exécuter dans les contextes applicables ; variantes et champs à instancier après revue","UI_AUTH_API_DB","NON EXÉCUTÉ","Qualification détaillée et environnement isolé requis","","Lot international_markets"
"REC-MOD-67f5857db88f","MOD-67f5857db88f","admin | mine | owner | sonasp","production","/production/licenses/edit/:id | /production/licenses/new","Qualifier puis exécuter dans les contextes applicables ; variantes et champs à instancier après revue","UI_AUTH_API_DB","NON EXÉCUTÉ","Qualification détaillée et environnement isolé requis","","Lot production industrielle"
"REC-MOD-6aff451efdd0","MOD-6aff451efdd0","admin | mine | owner | sonasp","gold_purchases","/achats/comptes | /achats/comptes-paiements | /achats/demandes | /achats/plans | /achats/plans/:id | /achats/reglements","Qualifier puis exécuter dans les contextes applicables ; variantes et champs à instancier après revue","UI_AUTH_API_DB","NON EXÉCUTÉ","Qualification détaillée et environnement isolé requis","","Lot achats et contrats"
"REC-MOD-6b0ae1f5c068","MOD-6b0ae1f5c068","owner | sonasp","public-et-alias","/approvals","Qualifier puis exécuter dans les contextes applicables ; variantes et champs à instancier après revue","UI_AUTH_API_DB","NON EXÉCUTÉ","Qualification détaillée et environnement isolé requis","","Lot public-et-alias"
"REC-MOD-6e4cdf223d60","MOD-6e4cdf223d60","admin | mine | owner | refinery | sonasp","refining","/refining | /refining/:id/process","Qualifier puis exécuter dans les contextes applicables ; variantes et champs à instancier après revue","UI_AUTH_API_DB","NON EXÉCUTÉ","Qualification détaillée et environnement isolé requis","","Lot raffinage"
"REC-MOD-6e704f836032","MOD-6e704f836032","admin | airport | customer | factory | mine | owner | refinery | sonasp","international_markets","/fx-rates","Qualifier puis exécuter dans les contextes applicables ; variantes et champs à instancier après revue","UI_AUTH_API_DB","NON EXÉCUTÉ","Qualification détaillée et environnement isolé requis","","Lot international_markets"
"REC-MOD-6fbfaf219e6e","MOD-6fbfaf219e6e","admin | mine | owner | sonasp","gold_purchases","/achats/reglements","Qualifier puis exécuter dans les contextes applicables ; variantes et champs à instancier après revue","UI_AUTH_API_DB","NON EXÉCUTÉ","Qualification détaillée et environnement isolé requis","","Lot achats et contrats"
"REC-MOD-6fe8b0076138","MOD-6fe8b0076138","CONSOMMATEUR_NON_RESOLU","TRANSVERSE_OU_ORPHELIN_A_QUALIFIER","","Qualifier puis exécuter dans les contextes applicables ; variantes et champs à instancier après revue","UI_AUTH_API_DB","NON EXÉCUTÉ","Qualification détaillée et environnement isolé requis","","Lot partagé : propriétaire à affecter par orchestrateur"
"REC-MOD-75a616beaa31","MOD-75a616beaa31","admin | mine | owner | refinery | sonasp","gold_inventory","/inventory","Qualifier puis exécuter dans les contextes applicables ; variantes et champs à instancier après revue","UI_AUTH_API_DB","NON EXÉCUTÉ","Qualification détaillée et environnement isolé requis","","Lot stocks"
"REC-MOD-75e37b167ce6","MOD-75e37b167ce6","admin | airport | mine | owner | sonasp","shipping","/freight-customs/:id","Qualifier puis exécuter dans les contextes applicables ; variantes et champs à instancier après revue","UI_AUTH_API_DB","NON EXÉCUTÉ","Qualification détaillée et environnement isolé requis","","Lot expéditions"
"REC-MOD-773b87d0e15a","MOD-773b87d0e15a","admin | dgi | dgmg | factory | mine | owner | sonasp","production","/production/:id","Qualifier puis exécuter dans les contextes applicables ; variantes et champs à instancier après revue","UI_AUTH_API_DB","NON EXÉCUTÉ","Qualification détaillée et environnement isolé requis","","Lot production industrielle"
"REC-MOD-77b2a6f64aa5","MOD-77b2a6f64aa5","admin | dgi | dgmg | factory | mine | owner | sonasp","production","/production/daily","Qualifier puis exécuter dans les contextes applicables ; variantes et champs à instancier après revue","UI_AUTH_API_DB","NON EXÉCUTÉ","Qualification détaillée et environnement isolé requis","","Lot production industrielle"
"REC-MOD-7917e32ec6e1","MOD-7917e32ec6e1","admin | collector | comptoir | dgi | owner | sonasp","artisan_gold_market","/artisan-minier/ventes-or","Qualifier puis exécuter dans les contextes applicables ; variantes et champs à instancier après revue","UI_AUTH_API_DB","NON EXÉCUTÉ","Qualification détaillée et environnement isolé requis","","Lot marché artisanal et paiements"
"REC-MOD-7f7e1c4c1a91","MOD-7f7e1c4c1a91","admin | owner | sonasp","artisan-minier","/artisan-minier/cartes/expirations | /artisan-minier/cartes/suivi | /artisan-minier/cartes/validation","Qualifier puis exécuter dans les contextes applicables ; variantes et champs à instancier après revue","UI_AUTH_API_DB","NON EXÉCUTÉ","Qualification détaillée et environnement isolé requis","","Lot artisans et affiliations"
"REC-MOD-830d0baacc17","MOD-830d0baacc17","admin | airport | factory | mine | owner | sonasp","shipping","/shipping/preparation/new","Qualifier puis exécuter dans les contextes applicables ; variantes et champs à instancier après revue","UI_AUTH_API_DB","NON EXÉCUTÉ","Qualification détaillée et environnement isolé requis","","Lot expéditions"
"REC-MOD-84f416ee9505","MOD-84f416ee9505","admin | mine | owner | refinery | sonasp","refining","/refining | /refining/:id/process","Qualifier puis exécuter dans les contextes applicables ; variantes et champs à instancier après revue","UI_AUTH_API_DB","NON EXÉCUTÉ","Qualification détaillée et environnement isolé requis","","Lot raffinage"
"REC-MOD-94c906a360a3","MOD-94c906a360a3","admin | dgi | dgmg | factory | mine | owner | sonasp","production","/production/:id","Qualifier puis exécuter dans les contextes applicables ; variantes et champs à instancier après revue","UI_AUTH_API_DB","NON EXÉCUTÉ","Qualification détaillée et environnement isolé requis","","Lot production industrielle"
"REC-MOD-9dd5dc78cbf7","MOD-9dd5dc78cbf7","admin | airport | customer | dgi | dgmg | factory | mine | owner | refinery | sonasp","artisan-minier | international_markets | production | public-et-alias | refining | sales","/approvals | /artisan-minier/cartes/expirations | /artisan-minier/cartes/suivi | /artisan-minier/cartes/validation | /fx-rates | /payments/virtual | /production/:id | /production/daily | /refining | /refining/:id/process","Qualifier puis exécuter dans les contextes applicables ; variantes et champs à instancier après revue","UI_AUTH_API_DB","NON EXÉCUTÉ","Qualification détaillée et environnement isolé requis","","Lot partagé : propriétaire à affecter par orchestrateur"
"REC-MOD-9f3c8a3d99ba","MOD-9f3c8a3d99ba","admin | customer | mine | owner | sonasp","sales","/payments/virtual","Qualifier puis exécuter dans les contextes applicables ; variantes et champs à instancier après revue","UI_AUTH_API_DB","NON EXÉCUTÉ","Qualification détaillée et environnement isolé requis","","Lot ventes internationales et paiements"
"REC-MOD-a0564e51040b","MOD-a0564e51040b","CONSOMMATEUR_NON_RESOLU","TRANSVERSE_OU_ORPHELIN_A_QUALIFIER","","Qualifier puis exécuter dans les contextes applicables ; variantes et champs à instancier après revue","UI_AUTH_API_DB","NON EXÉCUTÉ","Qualification détaillée et environnement isolé requis","","Lot partagé : propriétaire à affecter par orchestrateur"
"REC-MOD-a07348ff3766","MOD-a07348ff3766","admin | owner","administration","/access/audit","Qualifier puis exécuter dans les contextes applicables ; variantes et champs à instancier après revue","UI_AUTH_API_DB","NON EXÉCUTÉ","Qualification détaillée et environnement isolé requis","","Lot administration et IAM"
"REC-MOD-a1ed28e0face","MOD-a1ed28e0face","CONSOMMATEUR_NON_RESOLU","TRANSVERSE_OU_ORPHELIN_A_QUALIFIER","","Qualifier puis exécuter dans les contextes applicables ; variantes et champs à instancier après revue","UI_AUTH_API_DB","NON EXÉCUTÉ","Qualification détaillée et environnement isolé requis","","Lot partagé : propriétaire à affecter par orchestrateur"
"REC-MOD-a3777cd22139","MOD-a3777cd22139","admin | airport | customer | dgi | dgmg | factory | mine | owner | refinery | sonasp","artisan-minier | international_markets | production | public-et-alias | refining | sales","/approvals | /artisan-minier/cartes/expirations | /artisan-minier/cartes/suivi | /artisan-minier/cartes/validation | /fx-rates | /payments/virtual | /production/:id | /production/daily | /refining | /refining/:id/process","Qualifier puis exécuter dans les contextes applicables ; variantes et champs à instancier après revue","UI_AUTH_API_DB","NON EXÉCUTÉ","Qualification détaillée et environnement isolé requis","","Lot partagé : propriétaire à affecter par orchestrateur"
"REC-MOD-a3b9d577d28d","MOD-a3b9d577d28d","admin | airport | factory | mine | owner | sonasp","shipping","/shipping/preparation/:id/edit","Qualifier puis exécuter dans les contextes applicables ; variantes et champs à instancier après revue","UI_AUTH_API_DB","NON EXÉCUTÉ","Qualification détaillée et environnement isolé requis","","Lot expéditions"
"REC-MOD-a5b1873c5bf9","MOD-a5b1873c5bf9","CONSOMMATEUR_NON_RESOLU","TRANSVERSE_OU_ORPHELIN_A_QUALIFIER","","Qualifier puis exécuter dans les contextes applicables ; variantes et champs à instancier après revue","UI_AUTH_API_DB","NON EXÉCUTÉ","Qualification détaillée et environnement isolé requis","","Lot partagé : propriétaire à affecter par orchestrateur"
"REC-MOD-b3db5083a32b","MOD-b3db5083a32b","admin | owner","administration","/admin/modules","Qualifier puis exécuter dans les contextes applicables ; variantes et champs à instancier après revue","UI_AUTH_API_DB","NON EXÉCUTÉ","Qualification détaillée et environnement isolé requis","","Lot administration et IAM"
"REC-MOD-b644eaa2f8f7","MOD-b644eaa2f8f7","admin | airport | factory | mine | owner | sonasp","shipping","/freight | /freight-customs | /freight-customs/:id | /freight-customs/create | /freight/shipments/create | /shipping | /shipping/preparation | /shipping/preparation/new","Qualifier puis exécuter dans les contextes applicables ; variantes et champs à instancier après revue","UI_AUTH_API_DB","NON EXÉCUTÉ","Qualification détaillée et environnement isolé requis","","Lot expéditions"
"REC-MOD-b6ae8cf23604","MOD-b6ae8cf23604","admin | airport | mine | owner | sonasp","shipping","/freight-customs/:id","Qualifier puis exécuter dans les contextes applicables ; variantes et champs à instancier après revue","UI_AUTH_API_DB","NON EXÉCUTÉ","Qualification détaillée et environnement isolé requis","","Lot expéditions"
"REC-MOD-b6c90409e695","MOD-b6c90409e695","admin | mine | owner | sonasp","gold_purchases","/achats/reglements","Qualifier puis exécuter dans les contextes applicables ; variantes et champs à instancier après revue","UI_AUTH_API_DB","NON EXÉCUTÉ","Qualification détaillée et environnement isolé requis","","Lot achats et contrats"
"REC-MOD-bb4057c6e6a3","MOD-bb4057c6e6a3","admin | airport | factory | mine | owner | sonasp","production | shipping","/production/licenses/edit/:id | /production/licenses/new | /shipping/preparation/:id | /shipping/preparation/:id/details | /shipping/preparation/:id/edit","Qualifier puis exécuter dans les contextes applicables ; variantes et champs à instancier après revue","UI_AUTH_API_DB","NON EXÉCUTÉ","Qualification détaillée et environnement isolé requis","","Lot partagé : propriétaire à affecter par orchestrateur"
"REC-MOD-c16f41c9a21a","MOD-c16f41c9a21a","admin | airport | factory | mine | owner | sonasp","shipping","/shipping/preparation/:id | /shipping/preparation/:id/details","Qualifier puis exécuter dans les contextes applicables ; variantes et champs à instancier après revue","UI_AUTH_API_DB","NON EXÉCUTÉ","Qualification détaillée et environnement isolé requis","","Lot expéditions"
"REC-MOD-c1e7beff1e4c","MOD-c1e7beff1e4c","admin | mine | owner | refinery | sonasp","refining","/refining | /refining/:id/process","Qualifier puis exécuter dans les contextes applicables ; variantes et champs à instancier après revue","UI_AUTH_API_DB","NON EXÉCUTÉ","Qualification détaillée et environnement isolé requis","","Lot raffinage"
"REC-MOD-c49f81ed2ae6","MOD-c49f81ed2ae6","admin | collector | comptoir | dgi | owner | sonasp","artisan_gold_market","/artisan-minier/ventes-or/:id","Qualifier puis exécuter dans les contextes applicables ; variantes et champs à instancier après revue","UI_AUTH_API_DB","NON EXÉCUTÉ","Qualification détaillée et environnement isolé requis","","Lot marché artisanal et paiements"
"REC-MOD-c5e9ac951887","MOD-c5e9ac951887","admin | airport | mine | owner | sonasp","shipping","/freight-customs/:id","Qualifier puis exécuter dans les contextes applicables ; variantes et champs à instancier après revue","UI_AUTH_API_DB","NON EXÉCUTÉ","Qualification détaillée et environnement isolé requis","","Lot expéditions"
"REC-MOD-c773a16ac042","MOD-c773a16ac042","admin | airport | mine | owner | sonasp","shipping","/freight-customs/:id","Qualifier puis exécuter dans les contextes applicables ; variantes et champs à instancier après revue","UI_AUTH_API_DB","NON EXÉCUTÉ","Qualification détaillée et environnement isolé requis","","Lot expéditions"
"REC-MOD-c7b0761a7327","MOD-c7b0761a7327","admin | airport | mine | owner | sonasp","shipping","/freight-customs/:id","Qualifier puis exécuter dans les contextes applicables ; variantes et champs à instancier après revue","UI_AUTH_API_DB","NON EXÉCUTÉ","Qualification détaillée et environnement isolé requis","","Lot expéditions"
"REC-MOD-c8bd79b8db52","MOD-c8bd79b8db52","admin | owner | sonasp","settings","/admin/gold-sales-settings","Qualifier puis exécuter dans les contextes applicables ; variantes et champs à instancier après revue","UI_AUTH_API_DB","NON EXÉCUTÉ","Qualification détaillée et environnement isolé requis","","Lot paramètres"
"REC-MOD-cf52aa90568e","MOD-cf52aa90568e","admin | airport | factory | mine | owner | sonasp","shipping","/freight | /freight-customs | /freight-customs/:id | /freight-customs/create | /freight/shipments/create | /shipping | /shipping/preparation | /shipping/preparation/new","Qualifier puis exécuter dans les contextes applicables ; variantes et champs à instancier après revue","UI_AUTH_API_DB","NON EXÉCUTÉ","Qualification détaillée et environnement isolé requis","","Lot expéditions"
"REC-MOD-d4f33fa292c4","MOD-d4f33fa292c4","admin | dgi | dgmg | factory | mine | owner | sonasp","production","/production/:id | /production/daily","Qualifier puis exécuter dans les contextes applicables ; variantes et champs à instancier après revue","UI_AUTH_API_DB","NON EXÉCUTÉ","Qualification détaillée et environnement isolé requis","","Lot production industrielle"
"REC-MOD-da90dedcebed","MOD-da90dedcebed","admin | airport | factory | mine | owner | sonasp","shipping","/shipping/preparation/new","Qualifier puis exécuter dans les contextes applicables ; variantes et champs à instancier après revue","UI_AUTH_API_DB","NON EXÉCUTÉ","Qualification détaillée et environnement isolé requis","","Lot expéditions"
"REC-MOD-dc51860d5e7f","MOD-dc51860d5e7f","CONSOMMATEUR_NON_RESOLU","TRANSVERSE_OU_ORPHELIN_A_QUALIFIER","","Qualifier puis exécuter dans les contextes applicables ; variantes et champs à instancier après revue","UI_AUTH_API_DB","NON EXÉCUTÉ","Qualification détaillée et environnement isolé requis","","Lot partagé : propriétaire à affecter par orchestrateur"
"REC-MOD-de9c070321b5","MOD-de9c070321b5","CONSOMMATEUR_NON_RESOLU","TRANSVERSE_OU_ORPHELIN_A_QUALIFIER","","Qualifier puis exécuter dans les contextes applicables ; variantes et champs à instancier après revue","UI_AUTH_API_DB","NON EXÉCUTÉ","Qualification détaillée et environnement isolé requis","","Lot partagé : propriétaire à affecter par orchestrateur"
"REC-MOD-df35ee8d0d08","MOD-df35ee8d0d08","admin | mine | owner | sonasp","gold_purchases","/achats/reglements","Qualifier puis exécuter dans les contextes applicables ; variantes et champs à instancier après revue","UI_AUTH_API_DB","NON EXÉCUTÉ","Qualification détaillée et environnement isolé requis","","Lot achats et contrats"
"REC-MOD-e0fb5e059a9b","MOD-e0fb5e059a9b","admin | owner | sonasp","artisan-minier","/artisan-minier/cartes/expirations | /artisan-minier/cartes/suivi | /artisan-minier/cartes/validation","Qualifier puis exécuter dans les contextes applicables ; variantes et champs à instancier après revue","UI_AUTH_API_DB","NON EXÉCUTÉ","Qualification détaillée et environnement isolé requis","","Lot artisans et affiliations"
"REC-MOD-e1d1d209ba27","MOD-e1d1d209ba27","owner | sonasp","public-et-alias","/approvals","Qualifier puis exécuter dans les contextes applicables ; variantes et champs à instancier après revue","UI_AUTH_API_DB","NON EXÉCUTÉ","Qualification détaillée et environnement isolé requis","","Lot public-et-alias"
"REC-MOD-e2989d934a34","MOD-e2989d934a34","admin | mine | owner | refinery | sonasp","gold_inventory","/inventory","Qualifier puis exécuter dans les contextes applicables ; variantes et champs à instancier après revue","UI_AUTH_API_DB","NON EXÉCUTÉ","Qualification détaillée et environnement isolé requis","","Lot stocks"
"REC-MOD-e8ec0a4d0098","MOD-e8ec0a4d0098","admin | owner | sonasp","administration | settings","/admin/settings | /parameters","Qualifier puis exécuter dans les contextes applicables ; variantes et champs à instancier après revue","UI_AUTH_API_DB","NON EXÉCUTÉ","Qualification détaillée et environnement isolé requis","","Lot partagé : propriétaire à affecter par orchestrateur"
"REC-MOD-e96909adddf3","MOD-e96909adddf3","CONSOMMATEUR_NON_RESOLU","TRANSVERSE_OU_ORPHELIN_A_QUALIFIER","","Qualifier puis exécuter dans les contextes applicables ; variantes et champs à instancier après revue","UI_AUTH_API_DB","NON EXÉCUTÉ","Qualification détaillée et environnement isolé requis","","Lot partagé : propriétaire à affecter par orchestrateur"
"REC-MOD-ed25a13454ec","MOD-ed25a13454ec","admin | airport | dgmg | factory | mine | owner | refinery | sonasp","refining | shipping | stakeholders","/freight-customs/:id | /freight-customs/create | /freight/shipments/:id | /freight/shipments/create | /refining | /refining/:id/process | /refining/freight-shipments | /stakeholders/mining-companies/:id/edit | /stakeholders/mining-companies/new","Qualifier puis exécuter dans les contextes applicables ; variantes et champs à instancier après revue","UI_AUTH_API_DB","NON EXÉCUTÉ","Qualification détaillée et environnement isolé requis","","Lot partagé : propriétaire à affecter par orchestrateur"
"REC-MOD-f0842f44e4b5","MOD-f0842f44e4b5","admin | customer | mine | owner | sonasp","sales","/payments/virtual","Qualifier puis exécuter dans les contextes applicables ; variantes et champs à instancier après revue","UI_AUTH_API_DB","NON EXÉCUTÉ","Qualification détaillée et environnement isolé requis","","Lot ventes internationales et paiements"
"REC-MOD-f0c929da88e8","MOD-f0c929da88e8","admin | mine | owner | sonasp","gold_purchases","/achats/comptes | /achats/comptes-paiements | /achats/demandes | /achats/reglements","Qualifier puis exécuter dans les contextes applicables ; variantes et champs à instancier après revue","UI_AUTH_API_DB","NON EXÉCUTÉ","Qualification détaillée et environnement isolé requis","","Lot achats et contrats"
"REC-MOD-f5d7bd2b8def","MOD-f5d7bd2b8def","admin | collector | comptoir | owner | sonasp","artisan_gold_market","/artisan-minier/paiements/historique/:paiementId","Qualifier puis exécuter dans les contextes applicables ; variantes et champs à instancier après revue","UI_AUTH_API_DB","NON EXÉCUTÉ","Qualification détaillée et environnement isolé requis","","Lot marché artisanal et paiements"
"REC-MOD-f6d94a456fe4","MOD-f6d94a456fe4","admin | dgi | mine | owner | sonasp","conciliation","/conciliation/regles-fiscales","Qualifier puis exécuter dans les contextes applicables ; variantes et champs à instancier après revue","UI_AUTH_API_DB","NON EXÉCUTÉ","Qualification détaillée et environnement isolé requis","","Lot conciliation"
"REC-MOD-fb12f918e529","MOD-fb12f918e529","admin | airport | mine | owner | sonasp","shipping","/freight-customs/:id","Qualifier puis exécuter dans les contextes applicables ; variantes et champs à instancier après revue","UI_AUTH_API_DB","NON EXÉCUTÉ","Qualification détaillée et environnement isolé requis","","Lot expéditions"
"REC-MOD-fd4eed2b56c8","MOD-fd4eed2b56c8","admin | collector | comptoir | owner | sonasp","artisan_gold_market","/artisan-minier/paiements/:venteId/nouveau","Qualifier puis exécuter dans les contextes applicables ; variantes et champs à instancier après revue","UI_AUTH_API_DB","NON EXÉCUTÉ","Qualification détaillée et environnement isolé requis","","Lot marché artisanal et paiements"
"REC-NAV-008ff3a8cc41","NAV-008ff3a8cc41","dgmg | sonasp","mining_sites","/artisan-sites","Qualifier puis exécuter dans les contextes applicables ; variantes et champs à instancier après revue","UI_AUTH_API_DB","NON EXÉCUTÉ","Qualification détaillée et environnement isolé requis","","Lot sites artisanaux"
"REC-NAV-01cafdded7d8","NAV-01cafdded7d8","admin | mine | sonasp","stakeholders","/stakeholders/freight-companies","Qualifier puis exécuter dans les contextes applicables ; variantes et champs à instancier après revue","UI_AUTH_API_DB","NON EXÉCUTÉ","Qualification détaillée et environnement isolé requis","","Lot référentiels (root pilote Clients)"
"REC-NAV-053a6c59b44c","NAV-053a6c59b44c","airport | factory | mine | sonasp","shipping","/shipping/preparation","Qualifier puis exécuter dans les contextes applicables ; variantes et champs à instancier après revue","UI_AUTH_API_DB","NON EXÉCUTÉ","Qualification détaillée et environnement isolé requis","","Lot expéditions"
"REC-NAV-05ca7fb2483e","NAV-05ca7fb2483e","collector | comptoir | dgi | sonasp","artisan_gold_market","/artisan-minier/ventes-or","Qualifier puis exécuter dans les contextes applicables ; variantes et champs à instancier après revue","UI_AUTH_API_DB","NON EXÉCUTÉ","Qualification détaillée et environnement isolé requis","","Lot marché artisanal et paiements"
"REC-NAV-071733309a3b","NAV-071733309a3b","comptoir","portal-comptoir","/portail-comptoir/ventes-sonasp","Qualifier puis exécuter dans les contextes applicables ; variantes et champs à instancier après revue","UI_AUTH_API_DB","NON EXÉCUTÉ","Qualification détaillée et environnement isolé requis","","Lot portal-comptoir"
"REC-NAV-084755ebd4d5","NAV-084755ebd4d5","sonasp","production_analytics","/analytics/production","Qualifier puis exécuter dans les contextes applicables ; variantes et champs à instancier après revue","UI_AUTH_API_DB","NON EXÉCUTÉ","Qualification détaillée et environnement isolé requis","","Lot production_analytics"
"REC-NAV-090fb423b878","NAV-090fb423b878","mine | sonasp","production","/production/licenses","Qualifier puis exécuter dans les contextes applicables ; variantes et champs à instancier après revue","UI_AUTH_API_DB","NON EXÉCUTÉ","Qualification détaillée et environnement isolé requis","","Lot production industrielle"
"REC-NAV-095d6ac7a032","NAV-095d6ac7a032","dgmg | sonasp","mining_sites","/artisan-sites/production","Qualifier puis exécuter dans les contextes applicables ; variantes et champs à instancier après revue","UI_AUTH_API_DB","NON EXÉCUTÉ","Qualification détaillée et environnement isolé requis","","Lot sites artisanaux"
"REC-NAV-09d84eda47ba","NAV-09d84eda47ba","mine | refinery | sonasp","refining","/refining/freight-shipments","Qualifier puis exécuter dans les contextes applicables ; variantes et champs à instancier après revue","UI_AUTH_API_DB","NON EXÉCUTÉ","Qualification détaillée et environnement isolé requis","","Lot raffinage"
"REC-NAV-0befd9a621f0","NAV-0befd9a621f0","sonasp","analytics","/analytics","Qualifier puis exécuter dans les contextes applicables ; variantes et champs à instancier après revue","UI_AUTH_API_DB","NON EXÉCUTÉ","Qualification détaillée et environnement isolé requis","","Lot analytics"
"REC-NAV-0c5c460d85cc","NAV-0c5c460d85cc","collector | comptoir | dgi | sonasp","artisan_gold_market","/artisan-minier/ventes-or","Qualifier puis exécuter dans les contextes applicables ; variantes et champs à instancier après revue","UI_AUTH_API_DB","NON EXÉCUTÉ","Qualification détaillée et environnement isolé requis","","Lot marché artisanal et paiements"
"REC-NAV-0c63e55a977a","NAV-0c63e55a977a","dgi | dgmg | factory | mine | sonasp","production","/production/in-safe","Qualifier puis exécuter dans les contextes applicables ; variantes et champs à instancier après revue","UI_AUTH_API_DB","NON EXÉCUTÉ","Qualification détaillée et environnement isolé requis","","Lot production industrielle"
"REC-NAV-0d82c17da754","NAV-0d82c17da754","admin | dgmg | owner","artisan-minier","/artisan-minier/comptoirs","Qualifier puis exécuter dans les contextes applicables ; variantes et champs à instancier après revue","UI_AUTH_API_DB","NON EXÉCUTÉ","Qualification détaillée et environnement isolé requis","","Lot artisans et affiliations"
"REC-NAV-0d98b9986fab","NAV-0d98b9986fab","sonasp","gold_purchases","/achats/comptes","Qualifier puis exécuter dans les contextes applicables ; variantes et champs à instancier après revue","UI_AUTH_API_DB","NON EXÉCUTÉ","Qualification détaillée et environnement isolé requis","","Lot achats et contrats"
"REC-NAV-0dce0dd8a3d8","NAV-0dce0dd8a3d8","sonasp","artisan-minier","/artisan-minier/cartes/suivi","Qualifier puis exécuter dans les contextes applicables ; variantes et champs à instancier après revue","UI_AUTH_API_DB","NON EXÉCUTÉ","Qualification détaillée et environnement isolé requis","","Lot artisans et affiliations"
"REC-NAV-1007fdf050d8","NAV-1007fdf050d8","sonasp","gold_purchases","/achats/plans","Qualifier puis exécuter dans les contextes applicables ; variantes et champs à instancier après revue","UI_AUTH_API_DB","NON EXÉCUTÉ","Qualification détaillée et environnement isolé requis","","Lot achats et contrats"
"REC-NAV-128e7937d32b","NAV-128e7937d32b","comptoir","portal-comptoir","/portail-comptoir/stock","Qualifier puis exécuter dans les contextes applicables ; variantes et champs à instancier après revue","UI_AUTH_API_DB","NON EXÉCUTÉ","Qualification détaillée et environnement isolé requis","","Lot portal-comptoir"
"REC-NAV-152eebfed4c1","NAV-152eebfed4c1","sonasp","gold_purchases","/achats/comptes-paiements","Qualifier puis exécuter dans les contextes applicables ; variantes et champs à instancier après revue","UI_AUTH_API_DB","NON EXÉCUTÉ","Qualification détaillée et environnement isolé requis","","Lot achats et contrats"
"REC-NAV-1960b7de951b","NAV-1960b7de951b","sonasp","artisan-minier","/artisan-minier/cartes/validation","Qualifier puis exécuter dans les contextes applicables ; variantes et champs à instancier après revue","UI_AUTH_API_DB","NON EXÉCUTÉ","Qualification détaillée et environnement isolé requis","","Lot artisans et affiliations"
"REC-NAV-1a0115492dbd","NAV-1a0115492dbd","collector | comptoir | sonasp","artisan_gold_market","/artisan-minier/paiements/historique","Qualifier puis exécuter dans les contextes applicables ; variantes et champs à instancier après revue","UI_AUTH_API_DB","NON EXÉCUTÉ","Qualification détaillée et environnement isolé requis","","Lot marché artisanal et paiements"
"REC-NAV-1b2ec4461303","NAV-1b2ec4461303","dgi | dgmg | factory | mine | sonasp","production","/production/daily","Qualifier puis exécuter dans les contextes applicables ; variantes et champs à instancier après revue","UI_AUTH_API_DB","NON EXÉCUTÉ","Qualification détaillée et environnement isolé requis","","Lot production industrielle"
"REC-NAV-1b6cc6ba3d41","NAV-1b6cc6ba3d41","dgi | dgmg | factory | mine | sonasp","production","/production/daily","Qualifier puis exécuter dans les contextes applicables ; variantes et champs à instancier après revue","UI_AUTH_API_DB","NON EXÉCUTÉ","Qualification détaillée et environnement isolé requis","","Lot production industrielle"
"REC-NAV-1e2c898abb9c","NAV-1e2c898abb9c","sonasp","gold_purchases","/contrats/pilotage","Qualifier puis exécuter dans les contextes applicables ; variantes et champs à instancier après revue","UI_AUTH_API_DB","NON EXÉCUTÉ","Qualification détaillée et environnement isolé requis","","Lot achats et contrats"
"REC-NAV-220608471bc2","NAV-220608471bc2","sonasp","national_reserve","/national-reserve","Qualifier puis exécuter dans les contextes applicables ; variantes et champs à instancier après revue","UI_AUTH_API_DB","NON EXÉCUTÉ","Qualification détaillée et environnement isolé requis","","Lot réserve nationale"
"REC-NAV-2240d321fb12","NAV-2240d321fb12","collector","portal-collector","/portail-collecteur/documents","Qualifier puis exécuter dans les contextes applicables ; variantes et champs à instancier après revue","UI_AUTH_API_DB","NON EXÉCUTÉ","Qualification détaillée et environnement isolé requis","","Lot portal-collector"
"REC-NAV-237970d3060c","NAV-237970d3060c","comptoir | sonasp","artisan_gold_market","/artisan-minier/ventes-or/nouvelle","Qualifier puis exécuter dans les contextes applicables ; variantes et champs à instancier après revue","UI_AUTH_API_DB","NON EXÉCUTÉ","Qualification détaillée et environnement isolé requis","","Lot marché artisanal et paiements"
"REC-NAV-2536eb882ff9","NAV-2536eb882ff9","dgmg","national_reserve","/portail-dgmg/reserve-validations","Qualifier puis exécuter dans les contextes applicables ; variantes et champs à instancier après revue","UI_AUTH_API_DB","NON EXÉCUTÉ","Qualification détaillée et environnement isolé requis","","Lot réserve nationale"
"REC-NAV-26662e5de902","NAV-26662e5de902","comptoir | sonasp","artisan_gold_market","/artisan-minier/paiements","Qualifier puis exécuter dans les contextes applicables ; variantes et champs à instancier après revue","UI_AUTH_API_DB","NON EXÉCUTÉ","Qualification détaillée et environnement isolé requis","","Lot marché artisanal et paiements"
"REC-NAV-2d83609291de","NAV-2d83609291de","mine | sonasp","stakeholders","/customers","Qualifier puis exécuter dans les contextes applicables ; variantes et champs à instancier après revue","UI_AUTH_API_DB","NON EXÉCUTÉ","Qualification détaillée et environnement isolé requis","","Lot référentiels (root pilote Clients)"
"REC-NAV-2f6fa50a457b","NAV-2f6fa50a457b","airport | customer | factory | mine | refinery | sonasp","international_markets","/gold-prices","Qualifier puis exécuter dans les contextes applicables ; variantes et champs à instancier après revue","UI_AUTH_API_DB","NON EXÉCUTÉ","Qualification détaillée et environnement isolé requis","","Lot international_markets"
"REC-NAV-2f9c4673ca8d","NAV-2f9c4673ca8d","customer | mine | refinery | sonasp","sales","/sales","Qualifier puis exécuter dans les contextes applicables ; variantes et champs à instancier après revue","UI_AUTH_API_DB","NON EXÉCUTÉ","Qualification détaillée et environnement isolé requis","","Lot ventes internationales et paiements"
"REC-NAV-30a7dcb9b9d4","NAV-30a7dcb9b9d4","sonasp","national_reserve","/national-reserve/physical","Qualifier puis exécuter dans les contextes applicables ; variantes et champs à instancier après revue","UI_AUTH_API_DB","NON EXÉCUTÉ","Qualification détaillée et environnement isolé requis","","Lot réserve nationale"
"REC-NAV-33142ced98c2","NAV-33142ced98c2","admin | collector | comptoir | dgmg | owner | sonasp","artisan_gold_market","/collecte/ventes","Qualifier puis exécuter dans les contextes applicables ; variantes et champs à instancier après revue","UI_AUTH_API_DB","NON EXÉCUTÉ","Qualification détaillée et environnement isolé requis","","Lot marché artisanal et paiements"
"REC-NAV-3442aca42899","NAV-3442aca42899","admin | dgmg | sonasp","stakeholders","/stakeholders/mining-companies","Qualifier puis exécuter dans les contextes applicables ; variantes et champs à instancier après revue","UI_AUTH_API_DB","NON EXÉCUTÉ","Qualification détaillée et environnement isolé requis","","Lot référentiels (root pilote Clients)"
"REC-NAV-3b5eea4ce9cd","NAV-3b5eea4ce9cd","collector | comptoir | sonasp","artisan_gold_market","/artisan-minier/paiements/historique","Qualifier puis exécuter dans les contextes applicables ; variantes et champs à instancier après revue","UI_AUTH_API_DB","NON EXÉCUTÉ","Qualification détaillée et environnement isolé requis","","Lot marché artisanal et paiements"
"REC-NAV-3bfafaa2211e","NAV-3bfafaa2211e","mine | refinery | sonasp","gold_inventory","/inventory","Qualifier puis exécuter dans les contextes applicables ; variantes et champs à instancier après revue","UI_AUTH_API_DB","NON EXÉCUTÉ","Qualification détaillée et environnement isolé requis","","Lot stocks"
"REC-NAV-3ef2d70c86e5","NAV-3ef2d70c86e5","comptoir | sonasp","artisan_gold_market","/artisan-minier/rapports/chiffre-affaires","Qualifier puis exécuter dans les contextes applicables ; variantes et champs à instancier après revue","UI_AUTH_API_DB","NON EXÉCUTÉ","Qualification détaillée et environnement isolé requis","","Lot marché artisanal et paiements"
"REC-NAV-41c2da132896","NAV-41c2da132896","refinery | sonasp","gold_inventory","/inventory/add","Qualifier puis exécuter dans les contextes applicables ; variantes et champs à instancier après revue","UI_AUTH_API_DB","NON EXÉCUTÉ","Qualification détaillée et environnement isolé requis","","Lot stocks"
"REC-NAV-43db09628f4e","NAV-43db09628f4e","comptoir | sonasp","artisan_gold_market","/artisan-minier/rapports","Qualifier puis exécuter dans les contextes applicables ; variantes et champs à instancier après revue","UI_AUTH_API_DB","NON EXÉCUTÉ","Qualification détaillée et environnement isolé requis","","Lot marché artisanal et paiements"
"REC-NAV-45f751f12ba2","NAV-45f751f12ba2","admin | dgmg | owner | sonasp","stakeholders","/stakeholders/organizations","Qualifier puis exécuter dans les contextes applicables ; variantes et champs à instancier après revue","UI_AUTH_API_DB","NON EXÉCUTÉ","Qualification détaillée et environnement isolé requis","","Lot référentiels (root pilote Clients)"
"REC-NAV-47d1c2f406e9","NAV-47d1c2f406e9","sonasp","national_reserve","/national-reserve","Qualifier puis exécuter dans les contextes applicables ; variantes et champs à instancier après revue","UI_AUTH_API_DB","NON EXÉCUTÉ","Qualification détaillée et environnement isolé requis","","Lot réserve nationale"
"REC-NAV-48130dee52c7","NAV-48130dee52c7","collector | comptoir | dgi | sonasp","artisan_gold_market","/artisan-minier/rapports/taxes","Qualifier puis exécuter dans les contextes applicables ; variantes et champs à instancier après revue","UI_AUTH_API_DB","NON EXÉCUTÉ","Qualification détaillée et environnement isolé requis","","Lot marché artisanal et paiements"
"REC-NAV-4a7aacb7f419","NAV-4a7aacb7f419","mine | refinery | sonasp","gold_inventory","/inventory","Qualifier puis exécuter dans les contextes applicables ; variantes et champs à instancier après revue","UI_AUTH_API_DB","NON EXÉCUTÉ","Qualification détaillée et environnement isolé requis","","Lot stocks"
"REC-NAV-4ed91fc18f4c","NAV-4ed91fc18f4c","customer | mine | refinery | sonasp","sales","/sales","Qualifier puis exécuter dans les contextes applicables ; variantes et champs à instancier après revue","UI_AUTH_API_DB","NON EXÉCUTÉ","Qualification détaillée et environnement isolé requis","","Lot ventes internationales et paiements"
"REC-NAV-4f008d3c66d7","NAV-4f008d3c66d7","admin | collector | comptoir | dgmg | owner | sonasp","artisan-minier","/artisan-minier/collecteurs","Qualifier puis exécuter dans les contextes applicables ; variantes et champs à instancier après revue","UI_AUTH_API_DB","NON EXÉCUTÉ","Qualification détaillée et environnement isolé requis","","Lot artisans et affiliations"
"REC-NAV-556fd1b547de","NAV-556fd1b547de","dgi | mine | sonasp","conciliation","/conciliation","Qualifier puis exécuter dans les contextes applicables ; variantes et champs à instancier après revue","UI_AUTH_API_DB","NON EXÉCUTÉ","Qualification détaillée et environnement isolé requis","","Lot conciliation"
"REC-NAV-5c58fe1d11cf","NAV-5c58fe1d11cf","collector | comptoir | dgi | sonasp","artisan_gold_market","/artisan-minier/ventes-or","Qualifier puis exécuter dans les contextes applicables ; variantes et champs à instancier après revue","UI_AUTH_API_DB","NON EXÉCUTÉ","Qualification détaillée et environnement isolé requis","","Lot marché artisanal et paiements"
"REC-NAV-5dbaf4b0156f","NAV-5dbaf4b0156f","collector | comptoir | dgmg | sonasp","artisan-minier","/artisan-minier/liste","Qualifier puis exécuter dans les contextes applicables ; variantes et champs à instancier après revue","UI_AUTH_API_DB","NON EXÉCUTÉ","Qualification détaillée et environnement isolé requis","","Lot artisans et affiliations"
"REC-NAV-5e243b2cf585","NAV-5e243b2cf585","collector | comptoir | dgi | sonasp","artisan_gold_market","/artisan-minier/rapports/taxes","Qualifier puis exécuter dans les contextes applicables ; variantes et champs à instancier après revue","UI_AUTH_API_DB","NON EXÉCUTÉ","Qualification détaillée et environnement isolé requis","","Lot marché artisanal et paiements"
"REC-NAV-60bbb2b9020e","NAV-60bbb2b9020e","sonasp","artisan-minier","/artisan-minier","Qualifier puis exécuter dans les contextes applicables ; variantes et champs à instancier après revue","UI_AUTH_API_DB","NON EXÉCUTÉ","Qualification détaillée et environnement isolé requis","","Lot artisans et affiliations"
"REC-NAV-657f7afa664d","NAV-657f7afa664d","admin | mine | sonasp","stakeholders","/stakeholders/depositors","Qualifier puis exécuter dans les contextes applicables ; variantes et champs à instancier après revue","UI_AUTH_API_DB","NON EXÉCUTÉ","Qualification détaillée et environnement isolé requis","","Lot référentiels (root pilote Clients)"
"REC-NAV-65dece7d791f","NAV-65dece7d791f","collector | comptoir | dgi | sonasp","artisan_gold_market","/artisan-minier/ventes-or","Qualifier puis exécuter dans les contextes applicables ; variantes et champs à instancier après revue","UI_AUTH_API_DB","NON EXÉCUTÉ","Qualification détaillée et environnement isolé requis","","Lot marché artisanal et paiements"
"REC-NAV-66de3232dd28","NAV-66de3232dd28","mine | refinery | sonasp","gold_inventory","/inventory/silver","Qualifier puis exécuter dans les contextes applicables ; variantes et champs à instancier après revue","UI_AUTH_API_DB","NON EXÉCUTÉ","Qualification détaillée et environnement isolé requis","","Lot stocks"
"REC-NAV-682cfc842373","NAV-682cfc842373","collector","portal-collector","/portail-collecteur","Qualifier puis exécuter dans les contextes applicables ; variantes et champs à instancier après revue","UI_AUTH_API_DB","NON EXÉCUTÉ","Qualification détaillée et environnement isolé requis","","Lot portal-collector"
"REC-NAV-6acbf074428c","NAV-6acbf074428c","sonasp","gold_purchases","/achats/plans","Qualifier puis exécuter dans les contextes applicables ; variantes et champs à instancier après revue","UI_AUTH_API_DB","NON EXÉCUTÉ","Qualification détaillée et environnement isolé requis","","Lot achats et contrats"
"REC-NAV-6d152054f2db","NAV-6d152054f2db","mine | refinery | sonasp","refining","/refining","Qualifier puis exécuter dans les contextes applicables ; variantes et champs à instancier après revue","UI_AUTH_API_DB","NON EXÉCUTÉ","Qualification détaillée et environnement isolé requis","","Lot raffinage"
"REC-NAV-6dfaf8bd6bc1","NAV-6dfaf8bd6bc1","airport | mine | sonasp","shipping","/freight-customs","Qualifier puis exécuter dans les contextes applicables ; variantes et champs à instancier après revue","UI_AUTH_API_DB","NON EXÉCUTÉ","Qualification détaillée et environnement isolé requis","","Lot expéditions"
"REC-NAV-6f3355216f28","NAV-6f3355216f28","sonasp","national_reserve","/national-reserve/allocations","Qualifier puis exécuter dans les contextes applicables ; variantes et champs à instancier après revue","UI_AUTH_API_DB","NON EXÉCUTÉ","Qualification détaillée et environnement isolé requis","","Lot réserve nationale"
"REC-NAV-7184ee387760","NAV-7184ee387760","dgmg | sonasp","mining_sites","/artisan-sites","Qualifier puis exécuter dans les contextes applicables ; variantes et champs à instancier après revue","UI_AUTH_API_DB","NON EXÉCUTÉ","Qualification détaillée et environnement isolé requis","","Lot sites artisanaux"
"REC-NAV-7922b813546c","NAV-7922b813546c","admin | dgmg | sonasp","stakeholders","/stakeholders/mining-companies","Qualifier puis exécuter dans les contextes applicables ; variantes et champs à instancier après revue","UI_AUTH_API_DB","NON EXÉCUTÉ","Qualification détaillée et environnement isolé requis","","Lot référentiels (root pilote Clients)"
"REC-NAV-7aafd59617eb","NAV-7aafd59617eb","admin | sonasp","settings","/parameters","Qualifier puis exécuter dans les contextes applicables ; variantes et champs à instancier après revue","UI_AUTH_API_DB","NON EXÉCUTÉ","Qualification détaillée et environnement isolé requis","","Lot paramètres"
"REC-NAV-7b3a11850bdf","NAV-7b3a11850bdf","airport | factory | mine | sonasp","shipping","/freight","Qualifier puis exécuter dans les contextes applicables ; variantes et champs à instancier après revue","UI_AUTH_API_DB","NON EXÉCUTÉ","Qualification détaillée et environnement isolé requis","","Lot expéditions"
"REC-NAV-7d7ef40cc79f","NAV-7d7ef40cc79f","sonasp","national_reserve","/national-reserve/audit","Qualifier puis exécuter dans les contextes applicables ; variantes et champs à instancier après revue","UI_AUTH_API_DB","NON EXÉCUTÉ","Qualification détaillée et environnement isolé requis","","Lot réserve nationale"
"REC-NAV-7de2507454c2","NAV-7de2507454c2","collector | comptoir | dgmg | sonasp","artisan-minier","/artisan-minier/liste","Qualifier puis exécuter dans les contextes applicables ; variantes et champs à instancier après revue","UI_AUTH_API_DB","NON EXÉCUTÉ","Qualification détaillée et environnement isolé requis","","Lot artisans et affiliations"
"REC-NAV-7fc6fc9b2b55","NAV-7fc6fc9b2b55","sonasp","production","/production/licenses/requests","Qualifier puis exécuter dans les contextes applicables ; variantes et champs à instancier après revue","UI_AUTH_API_DB","NON EXÉCUTÉ","Qualification détaillée et environnement isolé requis","","Lot production industrielle"
"REC-NAV-8019c1b0e293","NAV-8019c1b0e293","mine | sonasp","international_markets","/sales/trade-space","Qualifier puis exécuter dans les contextes applicables ; variantes et champs à instancier après revue","UI_AUTH_API_DB","NON EXÉCUTÉ","Qualification détaillée et environnement isolé requis","","Lot international_markets"
"REC-NAV-818c1b3a4b06","NAV-818c1b3a4b06","customer | mine | sonasp","sales","/payments","Qualifier puis exécuter dans les contextes applicables ; variantes et champs à instancier après revue","UI_AUTH_API_DB","NON EXÉCUTÉ","Qualification détaillée et environnement isolé requis","","Lot ventes internationales et paiements"
"REC-NAV-83e329c36439","NAV-83e329c36439","dgi | mine | sonasp","conciliation","/conciliation/regles-fiscales","Qualifier puis exécuter dans les contextes applicables ; variantes et champs à instancier après revue","UI_AUTH_API_DB","NON EXÉCUTÉ","Qualification détaillée et environnement isolé requis","","Lot conciliation"
"REC-NAV-8b8aeb2b2954","NAV-8b8aeb2b2954","collector | comptoir | dgmg | sonasp","artisan-minier","/artisan-minier/liste","Qualifier puis exécuter dans les contextes applicables ; variantes et champs à instancier après revue","UI_AUTH_API_DB","NON EXÉCUTÉ","Qualification détaillée et environnement isolé requis","","Lot artisans et affiliations"
"REC-NAV-8e1ff1676fb7","NAV-8e1ff1676fb7","collector | comptoir | dgi | sonasp","artisan_gold_market","/artisan-minier/rapports/taxes","Qualifier puis exécuter dans les contextes applicables ; variantes et champs à instancier après revue","UI_AUTH_API_DB","NON EXÉCUTÉ","Qualification détaillée et environnement isolé requis","","Lot marché artisanal et paiements"
"REC-NAV-908b5d742ee2","NAV-908b5d742ee2","sonasp","national_reserve","/national-reserve/controls","Qualifier puis exécuter dans les contextes applicables ; variantes et champs à instancier après revue","UI_AUTH_API_DB","NON EXÉCUTÉ","Qualification détaillée et environnement isolé requis","","Lot réserve nationale"
"REC-NAV-90b83d60d9e5","NAV-90b83d60d9e5","comptoir | sonasp","artisan_gold_market","/artisan-minier/paiements","Qualifier puis exécuter dans les contextes applicables ; variantes et champs à instancier après revue","UI_AUTH_API_DB","NON EXÉCUTÉ","Qualification détaillée et environnement isolé requis","","Lot marché artisanal et paiements"
"REC-NAV-9209144815f9","NAV-9209144815f9","mine | sonasp","international_markets","/sales/simulator","Qualifier puis exécuter dans les contextes applicables ; variantes et champs à instancier après revue","UI_AUTH_API_DB","NON EXÉCUTÉ","Qualification détaillée et environnement isolé requis","","Lot international_markets"
"REC-NAV-938c8af1029e","NAV-938c8af1029e","sonasp","production","/production/licenses/requests","Qualifier puis exécuter dans les contextes applicables ; variantes et champs à instancier après revue","UI_AUTH_API_DB","NON EXÉCUTÉ","Qualification détaillée et environnement isolé requis","","Lot production industrielle"
"REC-NAV-946498e12565","NAV-946498e12565","sonasp","settings","/admin/workflow","Qualifier puis exécuter dans les contextes applicables ; variantes et champs à instancier après revue","UI_AUTH_API_DB","NON EXÉCUTÉ","Qualification détaillée et environnement isolé requis","","Lot paramètres"
"REC-NAV-9c1289af3eed","NAV-9c1289af3eed","admin | collector | comptoir | dgmg | owner | sonasp","artisan_gold_market","/collecte/ventes","Qualifier puis exécuter dans les contextes applicables ; variantes et champs à instancier après revue","UI_AUTH_API_DB","NON EXÉCUTÉ","Qualification détaillée et environnement isolé requis","","Lot marché artisanal et paiements"
"REC-NAV-a3313b6e621e","NAV-a3313b6e621e","airport | factory | mine | sonasp","documents","/documents/assay-certificates","Qualifier puis exécuter dans les contextes applicables ; variantes et champs à instancier après revue","UI_AUTH_API_DB","NON EXÉCUTÉ","Qualification détaillée et environnement isolé requis","","Lot documents"
"REC-NAV-a4f78183d154","NAV-a4f78183d154","collector | comptoir | sonasp","artisan_gold_market","/artisan-minier/paiements/historique","Qualifier puis exécuter dans les contextes applicables ; variantes et champs à instancier après revue","UI_AUTH_API_DB","NON EXÉCUTÉ","Qualification détaillée et environnement isolé requis","","Lot marché artisanal et paiements"
"REC-NAV-a614e37336c0","NAV-a614e37336c0","admin | sonasp","settings","/admin/gold-sales-settings","Qualifier puis exécuter dans les contextes applicables ; variantes et champs à instancier après revue","UI_AUTH_API_DB","NON EXÉCUTÉ","Qualification détaillée et environnement isolé requis","","Lot paramètres"
"REC-NAV-a6ff6366ab78","NAV-a6ff6366ab78","dgmg | sonasp","mining_sites","/artisan-sites","Qualifier puis exécuter dans les contextes applicables ; variantes et champs à instancier après revue","UI_AUTH_API_DB","NON EXÉCUTÉ","Qualification détaillée et environnement isolé requis","","Lot sites artisanaux"
"REC-NAV-a7d050c16d1a","NAV-a7d050c16d1a","airport | factory | mine | sonasp","shipping","/shipping/preparation","Qualifier puis exécuter dans les contextes applicables ; variantes et champs à instancier après revue","UI_AUTH_API_DB","NON EXÉCUTÉ","Qualification détaillée et environnement isolé requis","","Lot expéditions"
"REC-NAV-ac2a0cea1e0e","NAV-ac2a0cea1e0e","dgi | dgmg | factory | mine | sonasp","production","/production/daily","Qualifier puis exécuter dans les contextes applicables ; variantes et champs à instancier après revue","UI_AUTH_API_DB","NON EXÉCUTÉ","Qualification détaillée et environnement isolé requis","","Lot production industrielle"
"REC-NAV-ac5dba82cfc5","NAV-ac5dba82cfc5","sonasp","sales_analytics","/analytics/ventes","Qualifier puis exécuter dans les contextes applicables ; variantes et champs à instancier après revue","UI_AUTH_API_DB","NON EXÉCUTÉ","Qualification détaillée et environnement isolé requis","","Lot sales_analytics"
"REC-NAV-b057b37256a5","NAV-b057b37256a5","dgi","artisan_gold_market","/portail-dgi/paiements","Qualifier puis exécuter dans les contextes applicables ; variantes et champs à instancier après revue","UI_AUTH_API_DB","NON EXÉCUTÉ","Qualification détaillée et environnement isolé requis","","Lot marché artisanal et paiements"
"REC-NAV-b2d768c064b7","NAV-b2d768c064b7","comptoir | sonasp","artisan_gold_market","/artisan-minier/rapports/quantites","Qualifier puis exécuter dans les contextes applicables ; variantes et champs à instancier après revue","UI_AUTH_API_DB","NON EXÉCUTÉ","Qualification détaillée et environnement isolé requis","","Lot marché artisanal et paiements"
"REC-NAV-b3455dd4eb6c","NAV-b3455dd4eb6c","comptoir | sonasp","artisan_gold_market","/artisan-minier/paiements","Qualifier puis exécuter dans les contextes applicables ; variantes et champs à instancier après revue","UI_AUTH_API_DB","NON EXÉCUTÉ","Qualification détaillée et environnement isolé requis","","Lot marché artisanal et paiements"
"REC-NAV-b6af16bd753d","NAV-b6af16bd753d","mine | sonasp","gold_purchases","/achats/demandes","Qualifier puis exécuter dans les contextes applicables ; variantes et champs à instancier après revue","UI_AUTH_API_DB","NON EXÉCUTÉ","Qualification détaillée et environnement isolé requis","","Lot achats et contrats"
"REC-NAV-b78ee47a479a","NAV-b78ee47a479a","dgi | mine | sonasp","conciliation","/conciliation","Qualifier puis exécuter dans les contextes applicables ; variantes et champs à instancier après revue","UI_AUTH_API_DB","NON EXÉCUTÉ","Qualification détaillée et environnement isolé requis","","Lot conciliation"
"REC-NAV-ba1bbff9101e","NAV-ba1bbff9101e","mine | sonasp","gold_purchases","/requisitions","Qualifier puis exécuter dans les contextes applicables ; variantes et champs à instancier après revue","UI_AUTH_API_DB","NON EXÉCUTÉ","Qualification détaillée et environnement isolé requis","","Lot achats et contrats"
"REC-NAV-bb7bd0494421","NAV-bb7bd0494421","mine | sonasp","gold_purchases","/contrats","Qualifier puis exécuter dans les contextes applicables ; variantes et champs à instancier après revue","UI_AUTH_API_DB","NON EXÉCUTÉ","Qualification détaillée et environnement isolé requis","","Lot achats et contrats"
"REC-NAV-bbbaedef7f1f","NAV-bbbaedef7f1f","sonasp","artisan-minier","/artisan-minier/cartes/expirations","Qualifier puis exécuter dans les contextes applicables ; variantes et champs à instancier après revue","UI_AUTH_API_DB","NON EXÉCUTÉ","Qualification détaillée et environnement isolé requis","","Lot artisans et affiliations"
"REC-NAV-bca861946f35","NAV-bca861946f35","airport | factory | mine | sonasp","documents","/documents/assay-certificates","Qualifier puis exécuter dans les contextes applicables ; variantes et champs à instancier après revue","UI_AUTH_API_DB","NON EXÉCUTÉ","Qualification détaillée et environnement isolé requis","","Lot documents"
"REC-NAV-bdcd483c02d6","NAV-bdcd483c02d6","dgmg","portal-dgmg","/portail-dgmg","Qualifier puis exécuter dans les contextes applicables ; variantes et champs à instancier après revue","UI_AUTH_API_DB","NON EXÉCUTÉ","Qualification détaillée et environnement isolé requis","","Lot portal-dgmg"
"REC-NAV-bf1f929bce93","NAV-bf1f929bce93","admin | owner","administration","/admin/modules","Qualifier puis exécuter dans les contextes applicables ; variantes et champs à instancier après revue","UI_AUTH_API_DB","NON EXÉCUTÉ","Qualification détaillée et environnement isolé requis","","Lot administration et IAM"
"REC-NAV-bf6b55cca84c","NAV-bf6b55cca84c","admin | mine | sonasp","stakeholders","/stakeholders/refinery-plants","Qualifier puis exécuter dans les contextes applicables ; variantes et champs à instancier après revue","UI_AUTH_API_DB","NON EXÉCUTÉ","Qualification détaillée et environnement isolé requis","","Lot référentiels (root pilote Clients)"
"REC-NAV-c203c268189a","NAV-c203c268189a","comptoir | sonasp","artisan_gold_market","/artisan-minier/rapports","Qualifier puis exécuter dans les contextes applicables ; variantes et champs à instancier après revue","UI_AUTH_API_DB","NON EXÉCUTÉ","Qualification détaillée et environnement isolé requis","","Lot marché artisanal et paiements"
"REC-NAV-c4e5e6752bd9","NAV-c4e5e6752bd9","admin | owner","administration","/access/portals","Qualifier puis exécuter dans les contextes applicables ; variantes et champs à instancier après revue","UI_AUTH_API_DB","NON EXÉCUTÉ","Qualification détaillée et environnement isolé requis","","Lot administration et IAM"
"REC-NAV-c63156f791dc","NAV-c63156f791dc","collector | comptoir | dgmg | sonasp","artisan-minier","/artisan-minier/liste","Qualifier puis exécuter dans les contextes applicables ; variantes et champs à instancier après revue","UI_AUTH_API_DB","NON EXÉCUTÉ","Qualification détaillée et environnement isolé requis","","Lot artisans et affiliations"
"REC-NAV-c71eaeda0b28","NAV-c71eaeda0b28","airport | customer | factory | mine | refinery | sonasp","international_markets","/fx-rates","Qualifier puis exécuter dans les contextes applicables ; variantes et champs à instancier après revue","UI_AUTH_API_DB","NON EXÉCUTÉ","Qualification détaillée et environnement isolé requis","","Lot international_markets"
"REC-NAV-c8907fd8e611","NAV-c8907fd8e611","dgi","portal-dgi","/portail-dgi","Qualifier puis exécuter dans les contextes applicables ; variantes et champs à instancier après revue","UI_AUTH_API_DB","NON EXÉCUTÉ","Qualification détaillée et environnement isolé requis","","Lot portal-dgi"
"REC-NAV-ca725ea3d03e","NAV-ca725ea3d03e","admin | collector | comptoir | dgmg | owner | sonasp","artisan-minier","/artisan-minier/collecteurs","Qualifier puis exécuter dans les contextes applicables ; variantes et champs à instancier après revue","UI_AUTH_API_DB","NON EXÉCUTÉ","Qualification détaillée et environnement isolé requis","","Lot artisans et affiliations"
"REC-NAV-d238478de6fe","NAV-d238478de6fe","admin | sonasp","public-et-alias","/sonasp/cessions-comptoirs","Qualifier puis exécuter dans les contextes applicables ; variantes et champs à instancier après revue","UI_AUTH_API_DB","NON EXÉCUTÉ","Qualification détaillée et environnement isolé requis","","Lot public-et-alias"
"REC-NAV-d332e910a70b","NAV-d332e910a70b","mine | sonasp","gold_purchases","/achats/reglements","Qualifier puis exécuter dans les contextes applicables ; variantes et champs à instancier après revue","UI_AUTH_API_DB","NON EXÉCUTÉ","Qualification détaillée et environnement isolé requis","","Lot achats et contrats"
"REC-NAV-d37bdf26e8eb","NAV-d37bdf26e8eb","admin | sonasp","settings","/parameters","Qualifier puis exécuter dans les contextes applicables ; variantes et champs à instancier après revue","UI_AUTH_API_DB","NON EXÉCUTÉ","Qualification détaillée et environnement isolé requis","","Lot paramètres"
"REC-NAV-d5856fa5f189","NAV-d5856fa5f189","collector | comptoir | dgmg | sonasp","artisan-minier","/artisan-minier/liste","Qualifier puis exécuter dans les contextes applicables ; variantes et champs à instancier après revue","UI_AUTH_API_DB","NON EXÉCUTÉ","Qualification détaillée et environnement isolé requis","","Lot artisans et affiliations"
"REC-NAV-dbe38643d647","NAV-dbe38643d647","mine | sonasp","production","/performance/budgets","Qualifier puis exécuter dans les contextes applicables ; variantes et champs à instancier après revue","UI_AUTH_API_DB","NON EXÉCUTÉ","Qualification détaillée et environnement isolé requis","","Lot production industrielle"
"REC-NAV-e331c7980e26","NAV-e331c7980e26","admin | owner","settings","/admin/status-manager","Qualifier puis exécuter dans les contextes applicables ; variantes et champs à instancier après revue","UI_AUTH_API_DB","NON EXÉCUTÉ","Qualification détaillée et environnement isolé requis","","Lot paramètres"
"REC-NAV-e4362a618480","NAV-e4362a618480","airport | factory | mine | sonasp","shipping","/shipping/preparation/new","Qualifier puis exécuter dans les contextes applicables ; variantes et champs à instancier après revue","UI_AUTH_API_DB","NON EXÉCUTÉ","Qualification détaillée et environnement isolé requis","","Lot expéditions"
"REC-NAV-e7f91a1b6b62","NAV-e7f91a1b6b62","sonasp","production","/production/achats-mines","Qualifier puis exécuter dans les contextes applicables ; variantes et champs à instancier après revue","UI_AUTH_API_DB","NON EXÉCUTÉ","Qualification détaillée et environnement isolé requis","","Lot production industrielle"
"REC-NAV-ea454f19f918","NAV-ea454f19f918","mine | refinery | sonasp","refining","/refining","Qualifier puis exécuter dans les contextes applicables ; variantes et champs à instancier après revue","UI_AUTH_API_DB","NON EXÉCUTÉ","Qualification détaillée et environnement isolé requis","","Lot raffinage"
"REC-NAV-f008791a3f98","NAV-f008791a3f98","collector","portal-collector","/portail-collecteur/stock","Qualifier puis exécuter dans les contextes applicables ; variantes et champs à instancier après revue","UI_AUTH_API_DB","NON EXÉCUTÉ","Qualification détaillée et environnement isolé requis","","Lot portal-collector"
"REC-NAV-f08cd17dd7fc","NAV-f08cd17dd7fc","admin | dgmg | owner | sonasp","stakeholders","/stakeholders/organizations","Qualifier puis exécuter dans les contextes applicables ; variantes et champs à instancier après revue","UI_AUTH_API_DB","NON EXÉCUTÉ","Qualification détaillée et environnement isolé requis","","Lot référentiels (root pilote Clients)"
"REC-NAV-f3b96238a5b0","NAV-f3b96238a5b0","comptoir | sonasp","artisan_gold_market","/artisan-minier/paiements","Qualifier puis exécuter dans les contextes applicables ; variantes et champs à instancier après revue","UI_AUTH_API_DB","NON EXÉCUTÉ","Qualification détaillée et environnement isolé requis","","Lot marché artisanal et paiements"
"REC-NAV-f5535f104b11","NAV-f5535f104b11","mine | sonasp","international_markets","/sales/simulator","Qualifier puis exécuter dans les contextes applicables ; variantes et champs à instancier après revue","UI_AUTH_API_DB","NON EXÉCUTÉ","Qualification détaillée et environnement isolé requis","","Lot international_markets"
"REC-NAV-f6d4abdafb9a","NAV-f6d4abdafb9a","admin | dgmg | owner | sonasp","stakeholders","/stakeholders/organizations","Qualifier puis exécuter dans les contextes applicables ; variantes et champs à instancier après revue","UI_AUTH_API_DB","NON EXÉCUTÉ","Qualification détaillée et environnement isolé requis","","Lot référentiels (root pilote Clients)"
"REC-NAV-f9fd867ce076","NAV-f9fd867ce076","admin | collector | comptoir | dgmg | owner | sonasp","artisan-minier","/artisan-minier/collecteurs","Qualifier puis exécuter dans les contextes applicables ; variantes et champs à instancier après revue","UI_AUTH_API_DB","NON EXÉCUTÉ","Qualification détaillée et environnement isolé requis","","Lot artisans et affiliations"
"REC-NAV-fb9f8fe1b386","NAV-fb9f8fe1b386","sonasp","national_reserve","/national-reserve/valuation","Qualifier puis exécuter dans les contextes applicables ; variantes et champs à instancier après revue","UI_AUTH_API_DB","NON EXÉCUTÉ","Qualification détaillée et environnement isolé requis","","Lot réserve nationale"
"REC-NAV-fbb0c5936eb4","NAV-fbb0c5936eb4","airport | customer | factory | mine | refinery | sonasp","reports","/reports","Qualifier puis exécuter dans les contextes applicables ; variantes et champs à instancier après revue","UI_AUTH_API_DB","NON EXÉCUTÉ","Qualification détaillée et environnement isolé requis","","Lot reports"
"REC-NAV-fd43444eeb8e","NAV-fd43444eeb8e","dgi | dgmg | factory | mine | sonasp","production","/production/daily","Qualifier puis exécuter dans les contextes applicables ; variantes et champs à instancier après revue","UI_AUTH_API_DB","NON EXÉCUTÉ","Qualification détaillée et environnement isolé requis","","Lot production industrielle"
"REC-NAV-fdca7bab1ddc","NAV-fdca7bab1ddc","dgi | mine | sonasp","conciliation","/conciliation/regles-fiscales","Qualifier puis exécuter dans les contextes applicables ; variantes et champs à instancier après revue","UI_AUTH_API_DB","NON EXÉCUTÉ","Qualification détaillée et environnement isolé requis","","Lot conciliation"
"REC-REG-7466e3b8aab2","REG-7466e3b8aab2","dgi | owner","portal-dgi","/portail-dgi/*","Qualifier puis exécuter dans les contextes applicables ; variantes et champs à instancier après revue","UI_AUTH_API_DB","NON EXÉCUTÉ","Qualification détaillée et environnement isolé requis","","Lot portal-dgi"
"REC-REG-fabdc4f0e94c","REG-fabdc4f0e94c","dgmg | owner","portal-dgmg","/portail-dgmg/*","Qualifier puis exécuter dans les contextes applicables ; variantes et champs à instancier après revue","UI_AUTH_API_DB","NON EXÉCUTÉ","Qualification détaillée et environnement isolé requis","","Lot portal-dgmg"
"CLI-UI-001","FRM-d203fedbc345","Contextes autorisés matrice04","customers","/customers","Création complète et dix étapes du protocole","UI_AUTH_API_DB","BLOQUÉ","Auth/MFA/API/DB isolés non disponibles","qa-clients-plan.md | 05_CORRESPONDANCE_IDS_PILOTE.csv","QA indépendante puis audit"
"CLI-UI-002","FRM-d203fedbc345","Contextes autorisés matrice04","customers","/customers","Modification de chaque champ et conservation","UI_AUTH_API_DB","BLOQUÉ","Auth/MFA/API/DB isolés non disponibles","qa-clients-plan.md | 05_CORRESPONDANCE_IDS_PILOTE.csv","QA indépendante puis audit"
"CLI-UI-003","FRM-d203fedbc345","Contextes autorisés matrice04","customers","/customers","Validations client existantes","UI_AUTH_API_DB","BLOQUÉ","Auth/MFA/API/DB isolés non disponibles","qa-clients-plan.md | 05_CORRESPONDANCE_IDS_PILOTE.csv","QA indépendante puis audit"
"CLI-UI-004","FRM-d203fedbc345","Contextes autorisés matrice04","customers","/customers","Validations bancaires et retrait avant enregistrement","UI_AUTH_API_DB","BLOQUÉ","Auth/MFA/API/DB isolés non disponibles","qa-clients-plan.md | 05_CORRESPONDANCE_IDS_PILOTE.csv","QA indépendante puis audit"
"CLI-UI-005","FRM-d203fedbc345","Contextes autorisés matrice04","customers","/customers","Banque libre, pays dépendant et saisie au clavier","UI_AUTH_API_DB","BLOQUÉ","Auth/MFA/API/DB isolés non disponibles","qa-clients-plan.md | 05_CORRESPONDANCE_IDS_PILOTE.csv","QA indépendante puis audit"
"CLI-UI-006","FRM-d203fedbc345","Contextes autorisés matrice04","customers","/customers","Liste, recherche, filtres, navigation et totaux","UI_AUTH_API_DB","BLOQUÉ","Auth/MFA/API/DB isolés non disponibles","qa-clients-plan.md | 05_CORRESPONDANCE_IDS_PILOTE.csv","QA indépendante puis audit"
"CLI-UI-007","FRM-d203fedbc345","Contextes autorisés matrice04","customers","/customers","Banques référencées et atomicité","UI_AUTH_API_DB","BLOQUÉ","Auth/MFA/API/DB isolés non disponibles","qa-clients-plan.md | 05_CORRESPONDANCE_IDS_PILOTE.csv","QA indépendante puis audit"
"CLI-UI-008","FRM-d203fedbc345","Contextes autorisés matrice04","customers","/customers","Erreurs, latence, relecture et double soumission","UI_AUTH_API_DB","BLOQUÉ","Auth/MFA/API/DB isolés non disponibles","qa-clients-plan.md | 05_CORRESPONDANCE_IDS_PILOTE.csv","QA indépendante puis audit"
"CLI-UI-009","FRM-d203fedbc345","Contextes autorisés matrice04","customers","/customers","Détail et ventes réelles","UI_AUTH_API_DB","BLOQUÉ","Auth/MFA/API/DB isolés non disponibles","qa-clients-plan.md | 05_CORRESPONDANCE_IDS_PILOTE.csv","QA indépendante puis audit"
"CLI-UI-010","FRM-d203fedbc345","Contextes autorisés matrice04","customers","/customers","Droits et relations interdites","UI_AUTH_API_DB","BLOQUÉ","Auth/MFA/API/DB isolés non disponibles","qa-clients-plan.md | 05_CORRESPONDANCE_IDS_PILOTE.csv","QA indépendante puis audit"
"CLI-UI-011","FRM-d203fedbc345","Contextes autorisés matrice04","customers","/customers","Design du parcours exécuté","UI_AUTH_API_DB","BLOQUÉ","Auth/MFA/API/DB isolés non disponibles","qa-clients-plan.md | 05_CORRESPONDANCE_IDS_PILOTE.csv","QA indépendante puis audit"
"CLI-UI-012","FRM-d203fedbc345","Contextes autorisés matrice04","customers","/customers","Nettoyage limité et preuve conservée","UI_AUTH_API_DB","BLOQUÉ","Auth/MFA/API/DB isolés non disponibles","qa-clients-plan.md | 05_CORRESPONDANCE_IDS_PILOTE.csv","QA indépendante puis audit"
